Title,Artist,Year,Album,Genre,Length,Rock Band Release Date,Guitar Difficulty,Pro Guitar Difficulty,Drums Difficulty,Vocals Difficulty,Bass Difficulty,Pro Bass Difficulty,Keys Difficulty,Pro Keys Difficulty,Band Difficulty
"Thank You","Dido","1999","No Angel","Alternative","3:40","01/25/2024","2","No Part","1","3","0","No Part","No Part","No Part","2"
"Wherever You Will Go","The Calling","2001","Camino Palmero","Alternative","3:31","01/25/2024","3","No Part","2","2","1","No Part","No Part","No Part","2"
"Send Me on My Way","Rusted Root","1994","When I Woke","Rock","4:24","01/25/2024","5","No Part","5","6","4","No Part","No Part","No Part","5"
"Goodbye Yellow Brick Road","Elton John","1973","Goodbye Yellow Brick Road","Classic Rock","3:18","01/18/2024","3","No Part","1","5","2","No Part","No Part","No Part","2"
"Our Love Will Still Be There","The Troggs","1966","From Nowhere","Classic Rock","3:08","01/18/2024","2","No Part","0","2","2","No Part","No Part","No Part","1"
"Baker Street","Gerry Rafferty","1978","City to City","Classic Rock","6:06","12/21/2023","3","No Part","1","2","3","No Part","No Part","No Part","2"
"Shapeshifter","The Brevet","2020","Paris","Rock","3:15","12/21/2023","2","No Part","2","4","2","No Part","No Part","No Part","2"
"Poison Pill","Silverstein","2022","Misery Made Me","Emo","3:19","12/14/2023","3","No Part","3","3","3","No Part","No Part","No Part","3"
"Future Blind","The Lighthouse and the Whaler","2018","Future Blind","Indie Rock","3:55","12/07/2023","1","No Part","1","3","1","No Part","No Part","No Part","1"
"Sometimes","Dreamgirl","2021","Sometimes","Pop-Rock","2:23","12/07/2023","1","No Part","1","2","1","No Part","No Part","No Part","1"
"Bath County","Wednesday","2023","Rat Saw God","Indie Rock","3:15","11/30/2023","1","No Part","1","4","1","No Part","No Part","No Part","1"
"It's Alright","Cecilia Castleman","2022","It's Alright","Pop-Rock","4:11","11/30/2023","3","No Part","1","3","1","No Part","No Part","No Part","1"
"Brassic","Grade 2","2023","Grade 2","Punk","2:16","11/23/2023","3","No Part","2","2","3","No Part","No Part","No Part","3"
"Riptide","Beartooth","2022","Riptide","Punk","3:35","11/16/2023","2","No Part","3","3","3","No Part","No Part","No Part","3"
"Six Feet Under","Charlotte Sands","2023","Six Feet Under","Pop-Rock","3:14","11/16/2023","3","No Part","3","5","2","No Part","No Part","No Part","3"
"Addison Rae","Magnolia Park","2022","Baku's Revenge","Punk","3:13","11/09/2023","2","No Part","2","2","1","No Part","No Part","No Part","2"
"Sickness","Grey Daze","2020","Amends","Rock","2:55","11/02/2023","1","No Part","2","2","2","No Part","No Part","No Part","2"
"Welcome Home","Heaven's Basement","2013","Filthy Empire","Rock","3:20","11/02/2023","4","No Part","4","3","4","No Part","No Part","No Part","4"
"Miles and Miles","The Heavy Heavy","2020","Life and Life Only","Indie Rock","3:13","10/26/2023","3","No Part","2","2","2","No Part","No Part","No Part","2"
"All I Really Wanna Do","Devon Gilfillian","2023","Love You Anyway","R&B/Soul/Funk","3:46","10/26/2023","1","No Part","3","5","2","No Part","No Part","No Part","2"
"A Little Wild","Anna Graceman & Ryan Corn","2023","A Little Wild","Indie Rock","2:47","10/19/2023","1","No Part","2","4","2","No Part","No Part","No Part","2"
"Love Is Not a Weapon","Welshly Arms","2023","Wasted Words & Bad Decisions","Indie Rock","3:34","10/19/2023","1","No Part","3","3","2","No Part","No Part","No Part","2"
"Season 5 (Break My Fall)","TOWNS","2022","things you might feel sometimes","Pop-Rock","3:18","10/12/2023","3","No Part","2","3","2","No Part","No Part","No Part","3"
"Call Me Crazy","ARXX ft. Pillow Queens","2023","Ride or Die","Indie Rock","3:26","10/12/2023","2","No Part","1","3","1","No Part","No Part","No Part","1"
"She's Got Sorcery","I Fight Dragons","2021","Side Quests: B-Sides and Rarities","Rock","2:50","10/06/2023","4","No Part","3","3","3","No Part","No Part","No Part","3"
"Black Earth, WI","Ratboys","2023","The Window","Indie Rock","8:33","10/06/2023","3","No Part","3","3","2","No Part","No Part","No Part","3"
"Pack of Smokes","Blame It On Whitman","2023","bait.","Punk","4:06","10/06/2023","4","No Part","4","1","3","No Part","No Part","No Part","3"
"Love U Madly","Violet Saturn","2023","All the Cool Kids","Pop-Rock","2:24","10/05/2023","1","No Part","2","3","1","No Part","No Part","No Part","2"
"You're the Best","Joe 'Bean' Esposito","1984","The Karate Kid: The Original Motion Picture Soundtrack","Pop-Rock","3:01","10/05/2023","3","No Part","2","5","2","No Part","No Part","No Part","2"
"Masters of Morbidity","200 Stab Wounds","2022","Masters of Morbidity","Metal","4:26","09/28/2023","5","No Part","6","0","5","No Part","No Part","No Part","5"
"The Summoning","Sleep Token","2023","Take Me Back To Eden","Prog","6:35","09/21/2023","3","No Part","4","4","3","No Part","No Part","No Part","4"
"IDWBS","Friday Pilots Club","2022","I LOVE YOU, ROBOT SUPERSTAR!","Rock","3:07","09/21/2023","3","No Part","4","5","3","No Part","No Part","No Part","3"
"The Fall","flipturn","2022","Shadowglow","Indie Rock","3:55","09/07/2023","4","No Part","5","4","1","No Part","No Part","No Part","4"
"Heartbreak of the Century","Neck Deep","2023","Heartbreak of the Century","Punk","3:50","09/07/2023","4","No Part","5","3","4","No Part","No Part","No Part","4"
"Burn","Alexis Munroe","2023","Burn","Rock","3:37","08/31/2023","4","No Part","3","4","2","No Part","No Part","No Part","3"
"Rain Down","Solence","2023","Hope is a Cult","Metal","4:09","08/31/2023","4","No Part","3","4","3","No Part","No Part","No Part","4"
"Medicine","Tiny Moving Parts","2019","Breathe","Emo","3:18","08/24/2023","4","No Part","3","3","2","No Part","No Part","No Part","3"
"Makeshift Vehicles","Body Thief","2022","Every Ending","Indie Rock","3:50","08/24/2023","5","No Part","4","3","2","No Part","No Part","No Part","4"
"Delete Myself","Fake Names","2023","Expendables","Punk","2:37","08/17/2023","2","No Part","2","3","2","No Part","No Part","No Part","2"
"Believe","The Bravery","2007","The Sun and the Moon","Alternative","3:49","08/17/2023","3","No Part","3","4","4","No Part","No Part","No Part","3"
"Locked & Loaded","The Brevet","2018","Legs","Rock","3:38","08/10/2023","2","No Part","1","5","1","No Part","No Part","No Part","2"
"Homesick","HUNNY","2022","Homesick","Indie Rock","3:19","08/10/2023","1","No Part","3","2","2","No Part","No Part","No Part","2"
"Bad Things","I Prevail","2022","True Power","Metal","3:52","08/03/2023","3","No Part","2","4","2","No Part","No Part","No Part","3"
"Heartbreaker 2.0","Dirty Honey","2023","Heartbreaker 2.0","Rock","3:46","08/03/2023","3","No Part","3","5","3","No Part","No Part","No Part","3"
"Big Rig","Pigs Pigs Pigs Pigs Pigs Pigs Pigs","2023","Land of Sleeper","Metal","6:32","07/27/2023","4","No Part","4","0","4","No Part","No Part","No Part","4"
"Through the Noise","Nita Strauss ft. Lzzy Hale","2023","The Call of the Void","Metal","3:25","07/20/2023","5","No Part","4","5","3","No Part","No Part","No Part","4"
"Mind Rider","Hail the Sun","2023","Mind Rider","Prog","3:23","07/20/2023","5","No Part","5","4","3","No Part","No Part","No Part","4"
"Born in the Heat","CIVIC","2023","Taken By Force","Punk","2:59","07/13/2023","3","No Part","5","0","3","No Part","No Part","No Part","3"
"Let Me Be Normal","Militarie Gun","2022","All Roads Lead to the Gun","Punk","2:27","07/13/2023","3","No Part","2","2","3","No Part","No Part","No Part","3"
"All That She Wants","Ace of Base","1993","The Sign","Pop/Dance/Electronic","3:33","07/06/2023","0","No Part","3","3","1","No Part","No Part","No Part","1"
"White Trash Millionaire","Mom Jeans.","2022","Sweet Tooth","Emo","2:41","07/06/2023","2","No Part","4","3","2","No Part","No Part","No Part","3"
"Crossfire","Stevie Ray Vaughan and Double Trouble","1989","In Step","Blues","4:12","06/29/2023","5","No Part","2","2","2","No Part","No Part","No Part","2"
"Girls Make Me Wanna Die","The Aces","2023","I've Loved You For So Long","Pop-Rock","2:14","06/22/2023","3","No Part","3","3","3","No Part","No Part","No Part","3"
"Settling","Ripe","2023","Bright Blues","Pop-Rock","3:10","06/22/2023","3","No Part","3","5","2","No Part","No Part","No Part","3"
"Cannonball","AWOLNATION","2018","Here Come the Runts","Alternative","3:09","06/15/2023","5","No Part","2","2","2","No Part","No Part","No Part","2"
"Rescued","Foo Fighters","2023","But Here We Are","Alternative","4:23","06/08/2023","3","No Part","4","2","3","No Part","No Part","No Part","3"
"Goo Goo Muck","The Cramps","1981","Psychedelic Jungle","Rock","3:07","06/08/2023","1","No Part","1","1","1","No Part","No Part","No Part","1"
"Nobody","Avenged Sevenfold","2023","Life Is But a Dream…","Metal","5:57","06/01/2023","6","No Part","5","3","2","No Part","No Part","No Part","5"
"Voices In My Head","Falling In Reverse","2022","Voices In My Head","Rock","3:14","06/01/2023","2","No Part","3","4","1","No Part","No Part","No Part","3"
"lovespell","covet","2023","catharsis","Prog","4:14","05/25/2023","5","No Part","5","No Part","3","No Part","No Part","No Part","4"
"Oh!","The Linda Lindas","2022","Growing Up","Punk","2:36","05/25/2023","2","No Part","1","0","2","No Part","No Part","No Part","1"
"Back to Better","The Bouncing Souls","2023","Ten Stories High","Punk","2:13","05/18/2023","3","No Part","4","2","3","No Part","No Part","No Part","3"
"Mary on a Cross","Ghost","2019","Seven Inches of Satanic Panic","Metal","4:07","05/11/2023","2","No Part","3","4","2","No Part","No Part","No Part","2"
"Ultraviolet","Spell","2022","Tragic Magic","Metal","3:45","05/11/2023","4","No Part","4","2","2","No Part","No Part","No Part","3"
"Peace That Starts the War","Wolves At The Gate","2022","Eulogies","Metal","2:59","05/04/2023","5","No Part","4","2","4","No Part","No Part","No Part","4"
"Dial Tone","Catch Your Breath","2022","Dial Tone","Metal","3:24","05/04/2023","1","No Part","3","4","2","No Part","No Part","No Part","2"
"PANIC","YONAKA","2023","PANIC","Alternative","2:55","04/27/2023","1","No Part","1","2","1","No Part","No Part","No Part","1"
"Mountain Sound","Of Monsters and Men","2011","My Head is an Animal","Indie Rock","3:36","04/27/2023","3","No Part","2","4","1","No Part","No Part","No Part","2"
"Until I Found You","Stephen Sanchez","2021","Until I Found You","Pop-Rock","2:57","04/20/2023","2","No Part","0","2","0","No Part","No Part","No Part","1"
"Down to the Devil","Naked Gypsy Queens","2022","Georgiana","Southern Rock","3:27","04/13/2023","4","No Part","2","3","4","No Part","No Part","No Part","3"
"More the Victim","Linkin Park","2023","Meteora20","Nu-Metal","2:45","04/13/2023","2","No Part","2","2","2","No Part","No Part","No Part","2"
"L.E.S.","The Revel","2023","L.E.S.","Indie Rock","3:24","04/06/2023","3","No Part","5","3","2","No Part","No Part","No Part","3"
"The Gang's All Here","Skid Row","2022","The Gang's All Here","Glam","3:40","04/06/2023","5","No Part","2","5","5","No Part","No Part","No Part","4"
"This Is Why","Paramore","2023","This Is Why","Pop-Rock","3:28","03/30/2023","4","No Part","5","4","4","No Part","No Part","No Part","4"
"Let Me Out","The Blue Stones","2022","Pretty Monster","Rock","3:13","03/23/2023","2","No Part","2","4","0","No Part","No Part","No Part","2"
"Love From the Other Side","Fall Out Boy","2023","So Much (For) Stardust","Pop-Rock","4:06","03/23/2023","3","No Part","3","5","2","No Part","No Part","No Part","3"
"Take on Me","Reel Big Fish","1998","Favorite Noise","Reggae/Ska","2:57","03/16/2023","5","No Part","5","5","5","No Part","No Part","No Part","5"
"High Society","My Kid Brother","2022","Happy.Mad.Weird.Sad","Alternative","2:50","03/16/2023","2","No Part","4","3","3","No Part","No Part","No Part","3"
"I'll Be There for You (Theme from 'Friends')","The Rembrandts","1995","L.P.","Pop-Rock","3:07","03/09/2023","3","No Part","3","4","4","No Part","No Part","No Part","4"
"Here & Now","Letters to Cleo","1993","Aurora Gory Alice","Alternative","3:42","03/09/2023","3","No Part","2","5","3","No Part","No Part","No Part","3"
"Bad Idea","GUNNAR","2023","Best Mistake","Rock","3:57","03/02/2023","3","No Part","2","4","1","No Part","No Part","No Part","2"
"A Little Bit Better","Ni/Co","2023","A Little Bit Better","Pop-Rock","2:31","03/02/2023","2","No Part","1","1","3","No Part","No Part","No Part","2"
"Goodbye, Good Luck","BEGINNERS","2022","If the World is Ending","Indie Rock","2:31","02/23/2023","2","No Part","2","2","2","No Part","No Part","No Part","2"
"Worst Day","ILLENIUM & Max","2022","Worst Day","Pop/Dance/Electronic","2:51","02/23/2023","3","No Part","1","5","0","No Part","No Part","No Part","2"
"Better Together","Jack Johnson","2005","In Between Dreams","Rock","3:32","02/16/2023","3","No Part","1","4","0","No Part","No Part","No Part","2"
"Super Freaky Girl","Nicki Minaj","2022","Super Freaky Girl","Pop/Dance/Electronic","2:55","02/16/2023","0","No Part","3","1","0","No Part","No Part","No Part","1"
"Sacrifice","The Devil Wears Prada","2022","Color Decay","Metal","4:09","02/09/2023","3","No Part","4","2","4","No Part","No Part","No Part","3"
"Crosses","Sleeping With Sirens ft. Spencer Chamberlain of Underoath","2022","Complete Collapse","Emo","3:33","02/09/2023","3","No Part","3","3","2","No Part","No Part","No Part","3"
"Smile","Wolf Alice","2021","Blue Weekend","Indie Rock","3:16","02/02/2023","3","No Part","3","3","3","No Part","No Part","No Part","3"
"Dangerous","Set It Off","2022","Elsewhere","Pop-Rock","2:10","02/02/2023","2","No Part","2","3","2","No Part","No Part","No Part","2"
"Given Up","Linkin Park","2007","Minutes to Midnight","Nu-Metal","3:13","01/26/2023","3","No Part","2","3","2","No Part","No Part","No Part","2"
"Circles","Varials","2022","Scars for You to Remember","Metal","3:20","01/26/2023","4","No Part","4","3","4","No Part","No Part","No Part","4"
"Going Home to a Party","JW Francis","2023","Dream House","Indie Rock","3:12","01/19/2023","4","No Part","3","4","1","No Part","No Part","No Part","3"
"Reelin' In the Years","Steely Dan","1972","Can't Buy a Thrill","Classic Rock","4:27","01/19/2023","5","No Part","4","3","4","No Part","No Part","No Part","4"
"No Apologies","Papa Roach","2022","Ego Trip","Nu-Metal","3:12","01/12/2023","2","No Part","2","2","2","No Part","No Part","No Part","2"
"Loved You a Little","The Maine, Taking Back Sunday, and Charlotte Sands","2022","Loved You a Little","Pop-Rock","3:28","01/12/2023","3","No Part","4","6","3","No Part","No Part","No Part","3"
"Day of Mourning","Despised Icon","2009","Day of Mourning","Metal","3:06","01/05/2023","5","No Part","5","0","5","No Part","No Part","No Part","6"
"Still Alive","Jonathan Coulton ft. Sara Quin","2011","Artificial Heart","Rock","4:15","01/05/2023","2","No Part","2","1","1","No Part","No Part","No Part","2"
"Crazy","Nonpoint","2010","Miracle","Rock","3:38","01/05/2023","3","No Part","4","3","3","No Part","No Part","No Part","3"
"Half Crazy","Jukebox the Ghost","2010","Everything Under the Sun","Pop-Rock","3:03","01/05/2023","3","No Part","3","5","3","No Part","No Part","No Part","4"
"Thank You, Pain.","The Agonist","2009","Lullabies for the Dormant Mind","Metal","3:51","01/05/2023","5","No Part","5","2","4","No Part","No Part","No Part","6"
"You Ain't No Family","iwrestledabearonce","2009","It's All Happening","Metal","3:53","01/05/2023","5","No Part","5","2","4","No Part","No Part","No Part","6"
"Second Sight Blackout","Children of Nova","2009","The Complexity of Light","Prog","4:58","01/05/2023","4","No Part","5","3","4","No Part","No Part","No Part","6"
"We Collide","Children of Nova","2009","The Complexity of Light","Prog","7:16","01/05/2023","4","No Part","5","4","4","No Part","No Part","No Part","6"
"The Fall of Aphonia","Children of Nova","2009","The Complexity of Light","Prog","4:05","01/05/2023","3","No Part","5","3","3","No Part","No Part","No Part","5"
"Shizuku","Esprit D'Air","2012","Shizuku","J-Rock","4:02","01/05/2023","5","No Part","4","2","5","No Part","No Part","No Part","4"
"Numb","Marshmello and Khalid","2022","Numb","Pop/Dance/Electronic","2:38","12/29/2022","0","No Part","1","3","0","No Part","No Part","No Part","1"
"Groove Is in the Heart","Deee-Lite","1990","World Clique","Pop/Dance/Electronic","3:53","12/29/2022","1","No Part","4","4","1","No Part","No Part","No Part","2"
"Classless Act","Classless Act ft. Vince Neil of Mötley Crüe","2022","Welcome to the Show","Rock","3:17","12/22/2022","6","No Part","3","5","4","No Part","No Part","No Part","4"
"Radio Reject","Magnolia Park","2022","Baku's Revenge","Punk","2:24","12/15/2022","3","No Part","3","3","2","No Part","No Part","No Part","3"
"Pass the Nirvana","Pierce the Veil","2022","Pass the Nirvana","Emo","3:20","12/15/2022","3","No Part","2","1","2","No Part","No Part","No Part","2"
"Bonnie","Cuffed Up","2021","Asymmetry","Indie Rock","3:32","12/08/2022","2","No Part","2","3","2","No Part","No Part","No Part","2"
"Crash Into Me","Dave Matthews Band","1996","Crash","Rock","5:11","12/08/2022","3","No Part","5","5","2","No Part","No Part","No Part","4"
"Don't Fence Me In","Amyl and the Sniffers","2021","Comfort To Me","Punk","2:44","12/01/2022","3","No Part","3","0","3","No Part","No Part","No Part","3"
"Kiss Me Deadly","Lita Ford","1988","Lita","Glam","3:58","12/01/2022","5","No Part","1","3","2","No Part","No Part","No Part","3"
"I Can't Wait","Ceramic Animal","2022","Sweet Unknown","Alternative","2:55","11/22/2022","2","No Part","3","2","2","No Part","No Part","No Part","2"
"I Ain't Worried","OneRepublic","2022","I Ain't Worried","Pop-Rock","2:30","11/22/2022","1","No Part","2","4","1","No Part","No Part","No Part","2"
"The Pallbearer Walks Alone","The Dark Element","2019","Songs the Night Sings","Metal","5:41","11/10/2022","6","No Part","4","4","4","No Part","No Part","No Part","5"
"Rollercoaster","Bleachers","2014","Strange Desire","Alternative","3:11","11/03/2022","2","No Part","3","3","2","No Part","No Part","No Part","2"
"Soak Up the Sun","Sheryl Crow","2002","C'mon, C'mon","Pop-Rock","4:51","11/03/2022","1","No Part","2","2","1","No Part","No Part","No Part","2"
"Hard Times","Paramore","2017","After Laughter","Pop-Rock","3:05","10/27/2022","3","No Part","4","5","3","No Part","No Part","No Part","3"
"Canned Heat","Jamiroquai","1999","Synkronized","R&B/Soul/Funk","3:37","10/27/2022","4","No Part","2","6","5","No Part","No Part","No Part","5"
"F.C.P.R.E.M.I.X.","The Fall of Troy","2005","Doppelgänger","Rock","4:01","10/20/2022","6","No Part","5","4","5","No Part","No Part","No Part","5"
"Life Was Easier When I Only Cared About Me","Bad Suns","2022","Apocalypse Whenever","Indie Rock","3:52","10/20/2022","3","No Part","2","4","2","No Part","No Part","No Part","3"
"DIE OUT HERE","DE'WAYNE ft. POORSTACY","2022","DIE OUT HERE","Alternative","2:16","10/13/2022","1","No Part","3","3","1","No Part","No Part","No Part","2"
"Bombs Away","Blastergun","2022","Bombs Away","Rock","3:05","10/13/2022","2","No Part","3","3","3","No Part","No Part","No Part","3"
"End of the World","Gulfer","2021","End of the World","Emo","3:44","10/06/2022","3","No Part","4","4","2","No Part","No Part","No Part","3"
"Where the Heart Is","Sweet Pill","2022","Where the Heart Is","Emo","2:37","10/06/2022","5","No Part","5","4","2","No Part","No Part","No Part","4"
"Blood for the Blood God","Ben Quad","2022","I'm Scared That's All There Is","Emo","3:33","10/06/2022","6","No Part","5","3","2","No Part","No Part","No Part","4"
"Headsweat","The Foxies","2022","Who Are You, Who Were You Then?","Pop-Rock","3:02","09/29/2022","1","No Part","2","4","0","No Part","No Part","No Part","2"
"Oldest Daughter","The Wonder Years","2022","The Hum Goes On Forever","Punk","3:21","09/29/2022","4","No Part","5","3","3","No Part","No Part","No Part","4"
"Mercy Me","Alkaline Trio","2005","Crimson","Punk","2:52","09/22/2022","3","No Part","3","3","3","No Part","No Part","No Part","3"
"Runaway","Starcrawler","2022","She Said","Punk","3:02","09/22/2022","4","No Part","4","4","4","No Part","No Part","No Part","4"
"The Man Who Sold the World (Live)","Nirvana","1994","MTV Unplugged in New York","Grunge","3:51","09/15/2022","2","No Part","2","3","2","No Part","No Part","No Part","2"
"Iris","New Found Glory","2007","From the Screen to Your Stereo Part II","Punk","3:17","09/15/2022","3","No Part","3","2","2","No Part","No Part","No Part","3"
"What You Know","Two Door Cinema Club","2010","Tourist History","Indie Rock","3:15","09/08/2022","2","No Part","2","2","3","No Part","No Part","No Part","2"
"The Mother We Share","CHVRCHES","2013","The Bones of What You Believe","Alternative","3:15","09/08/2022","1","No Part","2","3","1","No Part","No Part","No Part","1"
"Won't Stand Down","Muse","2022","Will of the People","Alternative","3:32","09/01/2022","3","No Part","4","4","3","No Part","No Part","No Part","3"
"Knights of Cydonia","Muse","2006","Black Holes and Revelations","Alternative","5:50","09/01/2022","6","No Part","5","4","4","No Part","No Part","No Part","5"
"Starlight","Muse","2006","Black Holes and Revelations","Alternative","4:05","09/01/2022","3","No Part","1","3","2","No Part","No Part","No Part","2"
"City of the Dead","Hollywood Undead","2022","Hotel Kalifornia","Nu-Metal","2:56","08/25/2022","2","No Part","4","3","1","No Part","No Part","No Part","2"
"The Foundations of Decay","My Chemical Romance","2022","The Foundations of Decay","Emo","6:00","08/25/2022","3","No Part","4","5","2","No Part","No Part","No Part","3"
"Take Me Away","Fefe Dobson","2003","Fefe Dobson","Pop-Rock","3:32","08/18/2022","3","No Part","2","5","2","No Part","No Part","No Part","3"
"I Like You","Bloods & Laura Jane Grace","2022","Together, Baby!","Punk","2:23","08/18/2022","1","No Part","2","3","3","No Part","No Part","No Part","2"
"The Hills","The Faim","2022","Talk Talk","Indie Rock","3:40","08/11/2022","3","No Part","2","4","2","No Part","No Part","No Part","2"
"Love Brand New","Bob Moses","2022","The Silence in Between","Pop/Dance/Electronic","3:22","08/11/2022","1","No Part","3","2","2","No Part","No Part","No Part","2"
"Let Go","Potty Mouth","2021","Sunday, Someday","Pop-Rock","3:18","08/04/2022","1","No Part","2","2","1","No Part","No Part","No Part","1"
"Anything Was Better","The Interrupters","2022","In The Wild","Punk","3:01","08/04/2022","3","No Part","3","3","3","No Part","No Part","No Part","3"
"when we were young","Architects","2022","when we were young","Metal","3:14","07/28/2022","4","No Part","4","2","3","No Part","No Part","No Part","3"
"Just Pretend","Bad Omens","2022","THE DEATH OF PEACE OF MIND","Metal","3:25","07/28/2022","1","No Part","3","4","1","No Part","No Part","No Part","2"
"Black Summer","Red Hot Chili Peppers","2022","Unlimited Love","Alternative","3:57","07/21/2022","3","No Part","2","3","3","No Part","No Part","No Part","3"
"Wild Child","The Black Keys","2022","Dropout Boogie","Rock","2:48","07/21/2022","2","No Part","2","3","1","No Part","No Part","No Part","2"
"she's all i wanna be","Tate McRae","2022","i used to think i could fly","Pop-Rock","3:29","07/14/2022","2","No Part","3","4","2","No Part","No Part","No Part","2"
"I Really Like You","Carly Rae Jepsen","2015","Emotion","Pop/Dance/Electronic","3:28","07/14/2022","2","No Part","4","5","1","No Part","No Part","No Part","3"
"The Funeral","YUNGBLUD","2022","YUNGBLUD","Alternative","3:34","07/07/2022","1","No Part","4","3","2","No Part","No Part","No Part","2"
"I Think I'm OKAY","Machine Gun Kelly, YUNGBLUD & Travis Barker","2019","Hotel Diablo","Alternative","2:53","07/07/2022","2","No Part","2","4","1","No Part","No Part","No Part","2"
"Fight for Your Right","Beastie Boys","1986","Licensed to Ill","Hip-Hop/Rap","3:31","06/30/2022","2","No Part","1","1","1","No Part","No Part","No Part","1"
"Bring tha Noize","Public Enemy ft. Anthrax","1991","Apocalypse 91... The Enemy Strikes Black","Hip-Hop/Rap","3:52","06/30/2022","3","No Part","5","1","3","No Part","No Part","No Part","4"
"The Liars Club","Coheed and Cambria","2022","Vaxis II: A Window of the Waking Mind","Prog","3:49","06/23/2022","3","No Part","3","4","3","No Part","No Part","No Part","3"
"Cat's in the Cradle","Harry Chapin","1974","Verities & Balderdash","Classic Rock","3:53","06/16/2022","3","No Part","2","3","2","No Part","No Part","No Part","2"
"Distance","Mammoth WVH","2021","Mammoth WVH","Rock","4:16","06/16/2022","4","No Part","3","3","3","No Part","No Part","No Part","3"
"California Dreamin'","Dirty Honey","2021","Dirty Honey","Rock","4:21","06/09/2022","5","No Part","3","4","4","No Part","No Part","No Part","4"
"Seether","Veruca Salt","1994","American Thighs","Alternative","3:20","06/09/2022","2","No Part","2","3","3","No Part","No Part","No Part","2"
"Saw Lightning","Beck","2019","Hyperspace","Alternative","4:04","06/02/2022","3","No Part","1","4","1","No Part","No Part","No Part","2"
"Sexx Laws","Beck","1999","Midnite Vultures","Alternative","3:27","06/02/2022","5","No Part","5","5","5","No Part","No Part","No Part","5"
"Devils Haircut","Beck","1996","Odelay","Alternative","3:18","06/02/2022","1","No Part","3","2","0","No Part","No Part","No Part","1"
"Making a Fire","Foo Fighters","2021","Medicine at Midnight","Alternative","4:20","05/26/2022","3","No Part","3","4","3","No Part","No Part","No Part","3"
"You Should Be Dancing","Dee Gees","2021","Hail Satin","Alternative","3:55","05/26/2022","4","No Part","4","3","3","No Part","No Part","No Part","3"
"Ready for Combat","Icon for Hire","2022","Ready for Combat","Alternative","3:14","05/19/2022","4","No Part","4","2","3","No Part","No Part","No Part","4"
"Down","St. Vincent","2021","Daddy's Home","Indie Rock","3:30","05/19/2022","3","No Part","3","6","3","No Part","No Part","No Part","3"
"Pretty Mouth","girlfriends","2022","Pretty Mouth","Punk","2:58","05/12/2022","2","No Part","4","2","2","No Part","No Part","No Part","2"
"I Won't Give It Up","Beartooth","2021","Below","Punk","3:45","05/12/2022","5","No Part","5","3","4","No Part","No Part","No Part","4"
"Broken","Alfie Templeman","2022","Mellow Moon","Pop/Dance/Electronic","3:17","05/05/2022","3","No Part","2","3","2","No Part","No Part","No Part","3"
"It's Been a Little Heavy Lately","Joesef","2022","It's Been a Little Heavy Lately","Pop/Dance/Electronic","3:37","05/05/2022","3","No Part","1","4","1","No Part","No Part","No Part","2"
"Mouth Shut","Lit","2022","Tastes Like Gold","Alternative","2:45","04/28/2022","3","No Part","2","3","2","No Part","No Part","No Part","2"
"Bury Me (Tonight!)","Save Face","2021","Another Kill for the Highlight Reel","Emo","2:59","04/28/2022","3","No Part","3","6","1","No Part","No Part","No Part","3"
"Gepetto","Belly","1993","Star","Alternative","3:26","04/21/2022","3","No Part","3","2","3","No Part","No Part","No Part","3"
"Connection","Elastica","1995","Elastica","Alternative","2:22","04/21/2022","1","No Part","1","1","1","No Part","No Part","No Part","1"
"Matilda","PUP","2022","The Unraveling of PUPTheBand","Alternative","3:53","04/14/2022","3","No Part","4","4","3","No Part","No Part","No Part","3"
"Tonight","Magnolia Park ft. Lil Lotus","2021","Halloween Mixtape","Punk","3:20","04/14/2022","2","No Part","4","2","2","No Part","No Part","No Part","2"
"Devil's Radio","The Velveteers","2021","Nightmare Daydream","Rock","2:52","04/07/2022","3","No Part","3","3","0","No Part","No Part","No Part","3"
"Chaise Longue","Wet Leg","2022","Wet Leg","Indie Rock","3:19","04/07/2022","0","No Part","3","0","2","No Part","No Part","No Part","1"
"Dead Inside","Nita Strauss ft. David Draiman of Disturbed","2021","Dead Inside","Metal","3:59","03/31/2022","6","No Part","4","3","3","No Part","No Part","No Part","4"
"Love It When You Hate Me","Avril Lavigne ft. blackbear","2022","Love Sux","Pop-Rock","2:30","03/31/2022","2","No Part","3","3","2","No Part","No Part","No Part","3"
"Man! I Feel Like a Woman!","Shania Twain","1997","Come On Over","Country","3:58","03/24/2022","3","No Part","3","5","2","No Part","No Part","No Part","3"
"Waking Up In Vegas","Katy Perry","2008","One of the Boys","Pop/Dance/Electronic","2:56","03/24/2022","2","No Part","3","4","2","No Part","No Part","No Part","2"
"Jolene","Dolly Parton","1974","Jolene","Country","2:38","03/17/2022","5","No Part","2","4","1","No Part","No Part","No Part","3"
"Respect","Aretha Franklin","1967","I Never Loved a Man the Way I Love You","R&B/Soul/Funk","2:24","03/17/2022","2","No Part","2","4","2","No Part","No Part","No Part","2"
"Stay High","Brittany Howard","2019","Jaime","Rock","3:16","03/10/2022","1","No Part","0","6","0","No Part","No Part","No Part","2"
"Take It Off","The Donnas","2002","Spend the Night","Rock","2:42","03/10/2022","4","No Part","2","2","2","No Part","No Part","No Part","2"
"abcdefu","GAYLE","2021","abcdefu","Pop-Rock","2:58","03/03/2022","1","No Part","1","4","0","No Part","No Part","No Part","1"
"Dreaming","Blondie","1979","Eat to the Beat","New Wave","3:29","03/03/2022","3","No Part","4","3","3","No Part","No Part","No Part","3"
"Stellar","Incubus","1999","Make Yourself","Alternative","3:24","02/24/2022","2","No Part","2","4","1","No Part","No Part","No Part","2"
"Show Me the Way (Live)","Peter Frampton","1976","Frampton Comes Alive!","Rock","4:35","02/24/2022","2","No Part","3","4","2","No Part","No Part","No Part","3"
"Earth Is A Black Hole","Teenage Wrist","2021","Earth Is A Black Hole","Alternative","3:00","02/17/2022","3","No Part","5","3","3","No Part","No Part","No Part","3"
"A Clockwork Expectation","Fractal Universe","2021","The Impassable Horizon","Metal","5:15","02/17/2022","5","No Part","6","4","5","No Part","No Part","No Part","5"
"Stay (I Missed You)","Lisa Loeb","1994","Stay (I Missed You)","Pop-Rock","3:06","02/10/2022","3","No Part","1","4","2","No Part","No Part","No Part","3"
"Light My Love","Greta Van Fleet","2021","The Battle at Garden's Gate","Rock","4:30","02/10/2022","3","No Part","1","5","1","No Part","No Part","No Part","2"
"Ain't No King","The Almost","2019","Fear Caller","Rock","3:46","02/03/2022","2","No Part","2","3","2","No Part","No Part","No Part","2"
"Secret Garden","Spiritbox","2021","Eternal Blue","Metal","3:44","02/03/2022","5","No Part","5","4","3","No Part","No Part","No Part","4"
"Memory","Sugarcult","2004","Palm Trees and Power Lines","Punk","3:48","01/27/2022","2","No Part","2","2","2","No Part","No Part","No Part","2"
"Sk8er Boi","Avril Lavigne","2002","Let Go","Pop-Rock","3:27","01/27/2022","1","No Part","2","3","2","No Part","No Part","No Part","2"
"DiE4u","Bring Me The Horizon","2021","DiE4u","Nu-Metal","3:25","01/20/2022","3","No Part","3","4","2","No Part","No Part","No Part","3"
"Only Love Can Save Me Now","The Pretty Reckless ft. Matt Cameron & Kim Thayil","2021","Death by Rock and Roll","Rock","5:06","01/20/2022","5","No Part","4","3","4","No Part","No Part","No Part","4"
"¡Olé!","The Bouncing Souls","1999","Hopeless Romantic","Punk","3:03","01/12/2022","2","No Part","3","2","1","No Part","No Part","No Part","2"
"Let Me Fall Apart","Light the Torch","2021","You Will Be the Death of Me","Metal","3:29","01/12/2022","3","No Part","4","3","2","No Part","No Part","No Part","3"
"Face Down","The Red Jumpsuit Apparatus","2006","Don't You Fake It","Emo","3:13","01/06/2022","3","No Part","3","5","3","No Part","No Part","No Part","3"
"A Decade Under the Influence","Taking Back Sunday","2004","Where You Want to Be","Emo","4:10","01/06/2022","2","No Part","4","5","2","No Part","No Part","No Part","3"
"brutal","Olivia Rodrigo","2021","Sour","Pop-Rock","2:26","12/30/2021","2","No Part","2","1","1","No Part","No Part","No Part","1"
"Cold Heart (PNAU Remix)","Elton John - Dua Lipa","2021","The Lockdown Sessions","Pop/Dance/Electronic","3:25","12/30/2021","2","No Part","1","4","2","No Part","No Part","No Part","2"
"Missing Piece","Vance Joy","2021","Missing Piece","Indie Rock","3:45","12/23/2021","3","No Part","2","4","1","No Part","No Part","No Part","2"
"Hazy Shade of Winter","The Bangles","1987","Greatest Hits","Rock","2:49","12/23/2021","2","No Part","2","4","2","No Part","No Part","No Part","2"
"Rock You Like a Hurricane","Scorpions","2011","Comeblack","Metal","4:19","12/16/2021","4","No Part","2","2","1","No Part","No Part","No Part","2"
"I Can't Drive 55","Sammy Hagar","1984","VOA","Rock","4:03","12/16/2021","3","No Part","5","3","2","No Part","No Part","No Part","3"
"The Call","Ego Kill Talent","2021","The Dance Between Extremes","Rock","3:34","12/09/2021","2","No Part","4","2","3","No Part","No Part","No Part","3"
"Chelsea Dagger","The Fratellis","2006","Costello Music","Alternative","3:38","12/09/2021","2","No Part","2","4","3","No Part","No Part","No Part","3"
"Grand Canyon","The Wind and The Wave","2016","Happiness is Not a Place","Indie Rock","3:10","12/02/2021","1","No Part","3","3","2","No Part","No Part","No Part","2"
"Peg","Steely Dan","1977","Aja","Classic Rock","3:46","12/02/2021","3","No Part","4","4","5","No Part","No Part","No Part","4"
"Paralyzed","Sueco","2021","Paralyzed","Hip-Hop/Rap","2:46","11/23/2021","2","No Part","3","3","2","No Part","No Part","No Part","2"
"Physical","Olivia Newton-John","1981","Physical","Pop/Dance/Electronic","3:45","11/23/2021","3","No Part","2","4","2","No Part","No Part","No Part","3"
"Shimmer","Fuel","1998","Sunburn","Rock","3:27","11/18/2021","3","No Part","2","3","2","No Part","No Part","No Part","2"
"Pathkeeper","Interloper","2021","Search Party","Metal","5:22","11/18/2021","6","No Part","6","4","6","No Part","No Part","No Part","6"
"MONTERO (Call Me by Your Name)","Lil Nas X","2021","MONTERO","Hip-Hop/Rap","2:22","11/11/2021","1","No Part","2","4","0","No Part","No Part","No Part","2"
"A-O-K","Tai Verdes","2021","TV","Pop-Rock","2:53","11/11/2021","3","No Part","1","4","0","No Part","No Part","No Part","2"
"Flavor of the Weak","American Hi-Fi","2001","American Hi-Fi","Punk","3:11","11/04/2021","3","No Part","3","2","3","No Part","No Part","No Part","3"
"Euphoria","Angels & Airwaves","2021","Lifeforms","Alternative","4:26","11/04/2021","3","No Part","4","3","4","No Part","No Part","No Part","3"
"Time Warp","Little Nell, Patricia Quinn & Richard O'Brien","1975","The Rocky Horror Picture Show (Soundtrack from the Motion Picture)","Glam","3:20","10/28/2021","3","No Part","3","4","4","No Part","No Part","No Part","4"
"Creepy Doll","Jonathan Coulton","2006","Thing a Week Four","Pop-Rock","4:04","10/28/2021","1","No Part","3","1","1","No Part","No Part","No Part","1"
"Back Through Time","Alestorm","2011","Back Through Time","Metal","4:50","10/21/2021","5","No Part","6","2","4","No Part","No Part","No Part","5"
"I Wanna Dance With Somebody (Who Loves Me)","Fall Out Boy","2018","Spotify Singles","Pop-Rock","4:26","10/14/2021","2","No Part","4","5","1","No Part","No Part","No Part","3"
"Blue Monday","Orgy","1998","Candyass","Nu-Metal","4:55","10/14/2021","3","No Part","3","1","2","No Part","No Part","No Part","3"
"Africa","Weezer","2019","Weezer (The Teal Album)","Alternative","3:59","10/14/2021","3","No Part","3","5","2","No Part","No Part","No Part","3"
"The Title Track","Origami Angel","2019","Somewhere City","Emo","2:37","10/06/2021","5","No Part","5","6","3","No Part","No Part","No Part","5"
"Cosmic Thrill Seeking Forever","Prince Daddy & The Hyena","2019","Cosmic Thrill Seekers","Alternative","4:54","10/06/2021","4","No Part","3","3","3","No Part","No Part","No Part","3"
"Girl Scout Cookies","Mom Jeans.","2016","Best Buds","Emo","3:49","10/06/2021","5","No Part","5","2","3","No Part","No Part","No Part","4"
"Like No Surprise","Oldsoul","2020","You Were Overwhelmed","Alternative","3:28","10/06/2021","2","No Part","2","4","2","No Part","No Part","No Part","2"
"Heat Above","Greta Van Fleet","2021","The Battle at Garden's Gate","Rock","5:42","09/30/2021","3","No Part","3","6","3","No Part","No Part","No Part","3"
"Animals","Architects","2021","For Those That Wish to Exist","Metal","4:03","09/30/2021","2","No Part","2","2","2","No Part","No Part","No Part","2"
"Freaks","Surf Curse","2013","Buds","Indie Rock","2:30","09/23/2021","1","No Part","2","0","2","No Part","No Part","No Part","1"
"good 4 u","Olivia Rodrigo","2021","Sour","Pop-Rock","3:02","09/23/2021","2","No Part","2","5","2","No Part","No Part","No Part","2"
"Native Tongue","My Kid Brother","2020","My Kid Brother","Alternative","4:16","09/16/2021","1","No Part","3","4","2","No Part","No Part","No Part","2"
"Drunk (And I Don't Wanna Go Home)","Elle King & Miranda Lambert","2021","Drunk (And I Don't Wanna Go Home)","Alternative","4:05","09/16/2021","4","No Part","4","5","1","No Part","No Part","No Part","4"
"Here's to the Night","Eve 6","2000","Horrorscope","Alternative","3:55","09/09/2021","1","No Part","1","1","1","No Part","No Part","No Part","1"
"estella//","KennyHoopla ft. Travis Barker","2021","Survivors Guilt: The Mixtape","Alternative","2:01","09/09/2021","2","No Part","5","4","2","No Part","No Part","No Part","3"
"Hurricane","I Prevail","2019","Trauma","Metal","3:46","09/02/2021","3","No Part","4","4","2","No Part","No Part","No Part","3"
"Nowhere Generation","Rise Against","2021","Nowhere Generation","Punk","3:56","09/02/2021","3","No Part","4","2","3","No Part","No Part","No Part","3"
"Let the Bad Times Roll","The Offspring","2021","Let the Bad Times Roll","Punk","3:21","08/26/2021","2","No Part","3","3","2","No Part","No Part","No Part","2"
"You're Gonna Go Far, Kid","The Offspring","2008","Rise and Fall, Rage and Grace","Punk","2:59","08/26/2021","2","No Part","3","2","3","No Part","No Part","No Part","2"
"take my breath away // noose","Capstan","2021","SEPARATE","Rock","3:49","08/19/2021","4","No Part","4","4","2","No Part","No Part","No Part","4"
"We Are Between","Modest Mouse","2021","The Golden Casket","Indie Rock","3:58","08/19/2021","2","No Part","2","2","1","No Part","No Part","No Part","2"
"The Bird and the Worm","The Used","2007","Lies for the Liars","Emo","3:46","08/12/2021","4","No Part","3","4","3","No Part","No Part","No Part","3"
"Tailspin","Calling All Captains","2021","Tailspin","Rock","2:58","08/12/2021","4","No Part","5","3","2","No Part","No Part","No Part","4"
"Kids Of Summer","Mayday Parade","2021","Kids Of Summer","Rock","3:42","08/05/2021","2","No Part","3","3","1","No Part","No Part","No Part","2"
"Far Too Near","AFI","2021","Bodies","Rock","2:52","08/05/2021","3","No Part","4","2","3","No Part","No Part","No Part","3"
"Devil On My Shoulder","Kelsy Karter","2020","Missing Person","Rock","2:55","08/05/2021","2","No Part","1","3","2","No Part","No Part","No Part","2"
"Shake Me Up","HOUNDS","2017","Cattle In The Sky","Rock","3:38","08/05/2021","4","No Part","4","5","2","No Part","No Part","No Part","4"
"The Great Salt Lake","Band of Horses","2006","Everything All the Time","Indie Rock","4:48","07/29/2021","2","No Part","1","2","1","No Part","No Part","No Part","2"
"I'm Amazed","My Morning Jacket","2008","Evil Urges","Alternative","4:38","07/29/2021","3","No Part","1","3","1","No Part","No Part","No Part","2"
"Energy","The Apples in Stereo","2007","New Magnetic Wonder","Pop-Rock","3:42","07/22/2021","2","No Part","3","2","0","No Part","No Part","No Part","2"
"Sell Out","Reel Big Fish","1996","Turn the Radio Off","Reggae/Ska","3:51","07/22/2021","5","No Part","5","4","4","No Part","No Part","No Part","5"
"Rats","Ghost","2018","Prequelle","Metal","4:25","07/15/2021","4","No Part","3","2","3","No Part","No Part","No Part","3"
"Roll the Dice","Damone","2008","Roll the Dice","Rock","4:17","07/15/2021","3","No Part","3","2","3","No Part","No Part","No Part","3"
"Too Little Too Late","A Skylit Drive","2011","Identity On Fire","Alternative","3:18","07/08/2021","3","No Part","4","4","2","No Part","No Part","No Part","3"
"Comfort Eagle","Cake","2001","Comfort Eagle","Alternative","3:33","07/08/2021","1","No Part","2","0","1","No Part","No Part","No Part","1"
"Rich Girl","Hall & Oates","1976","Bigger Than Both of Us","Pop-Rock","2:24","07/01/2021","3","No Part","1","5","3","No Part","No Part","No Part","3"
"All My Favorite Songs","Weezer","2021","OK Human","Alternative","3:04","07/01/2021","2","No Part","2","4","1","No Part","No Part","No Part","2"
"Astronaut In The Ocean","Our Last Night","2021","Astronaut In The Ocean","Metal","2:14","06/24/2021","5","No Part","5","4","2","No Part","No Part","No Part","4"
"Astronaut In The Ocean","Masked Wolf","2019","Astronaut In The Ocean","Hip-Hop/Rap","2:14","06/24/2021","0","No Part","2","5","0","No Part","No Part","No Part","1"
"The Complexity of Light","Children of Nova","2009","The Complexity of Light","Prog","6:40","06/17/2021","4","No Part","6","4","4","No Part","No Part","No Part","6"
"Follow You","Imagine Dragons","2021","Follow You / Cutthroat","Alternative","2:55","06/17/2021","1","No Part","2","5","0","No Part","No Part","No Part","2"
"And So It Went","The Pretty Reckless ft. Tom Morello","2021","Death by Rock and Roll","Rock","4:28","06/10/2021","4","No Part","4","4","4","No Part","No Part","No Part","4"
"What's Left Of Me","Blessthefall","2009","Witness","Alternative","3:33","06/10/2021","4","No Part","5","3","3","No Part","No Part","No Part","4"
"Heat Waves","Glass Animals","2020","Dreamland","Alternative","4:02","06/03/2021","4","No Part","2","2","0","No Part","No Part","No Part","2"
"Shipwrecked","Alestorm","2011","Back Through Time","Metal","3:33","06/03/2021","5","No Part","4","2","3","No Part","No Part","No Part","4"
"Wild Thing","The Troggs","1966","From Nowhere ","Rock","2:37","05/27/2021","0","No Part","1","2","0","No Part","No Part","No Part","1"
"Who Do You Love?","George Thorogood and The Destroyers","1978","Move It On Over","Classic Rock","4:22","05/27/2021","3","No Part","3","4","1","No Part","No Part","No Part","3"
"All Bodies","Between the Buried and Me","2005","Alaska","Metal","6:18","05/20/2021","6","No Part","6","0","5","No Part","No Part","No Part","5"
"Cheyne Stokes","Chelsea Grin","2010","Desolation of Eden","Metal","2:53","05/20/2021","5","No Part","5","0","4","No Part","No Part","No Part","6"
"Miracle","Nonpoint","2010","Miracle","Rock","3:49","05/13/2021","4","No Part","4","2","4","No Part","No Part","No Part","4"
"Someone To You","BANNERS","2019","Where The Shadow Ends","Alternative","3:40","05/13/2021","1","No Part","3","4","1","No Part","No Part","No Part","2"
"Kokko - Eagle of Fire","Amberian Dawn","2009","The Clouds of Northland Thunder","Metal","3:21","05/06/2021","5","No Part","5","3","3","No Part","No Part","No Part","4"
"Self Destructor","Chevelle","2021","Niratias","Rock","5:43","05/06/2021","5","No Part","4","5","4","No Part","No Part","No Part","4"
"Tree Village","Dance Gavin Dance","2009","Happiness","Indie Rock","3:26","04/29/2021","5","No Part","6","4","4","No Part","No Part","No Part","5"
"Running With The Wild Things","Against The Current","2016","In Our Bones","Pop-Rock","3:45","04/29/2021","3","No Part","3","3","2","No Part","No Part","No Part","2"
"Therefore I Am","Billie Eilish","2020","Therefore I Am","Pop/Dance/Electronic","2:56","04/22/2021","1","No Part","0","3","1","No Part","No Part","No Part","1"
"Heimdalsgate Like a Promethean Curse","of Montreal","2007","Hissing Fauna, Are You the Destroyer?","Indie Rock","4:05","04/22/2021","2","No Part","3","4","1","No Part","No Part","No Part","2"
"Mindreader","A Day to Remember","2021","You’re Welcome","Punk","2:57","04/15/2021","2","No Part","3","3","2","No Part","No Part","No Part","3"
"Paranoia","A Day to Remember","2016","Bad Vibrations","Punk","3:25","04/15/2021","4","No Part","5","3","3","No Part","No Part","No Part","4"
"Resentment","A Day to Remember","2021","You’re Welcome","Punk","3:47","04/15/2021","3","No Part","4","2","2","No Part","No Part","No Part","3"
"The One You Want","The Get Up Kids","2004","Guilt Show","Rock","3:15","04/08/2021","2","No Part","3","2","3","No Part","No Part","No Part","2"
"Dear Maria, Count Me In","All Time Low","2007","So Wrong, It's Right","Emo","3:08","04/08/2021","3","No Part","3","4","3","No Part","No Part","No Part","3"
"My Ex's Best Friend","Machine Gun Kelly & blackbear","2020","Tickets to My Downfall","Alternative","2:23","04/01/2021","0","No Part","2","4","0","No Part","No Part","No Part","1"
"Leaderless and Self Enlisted","Norma Jean","2010","Meridional","Metal","3:25","04/01/2021","5","No Part","4","1","3","No Part","No Part","No Part","3"
"Aspiration","After the Burial","2009","Rareform","Metal","4:30","03/25/2021","5","No Part","4","0","4","No Part","No Part","No Part","6"
"Way Less Sad","AJR","2021","OK Orchestra","Pop-Rock","3:31","03/25/2021","1","No Part","1","4","1","No Part","No Part","No Part","1"
"The Order","Children of Nova","2009","The Complexity of Light","Prog","6:10","03/18/2021","4","No Part","4","4","4","No Part","No Part","No Part","6"
"Alaska","Between the Buried and Me","2005","Alaska","Metal","3:58","03/18/2021","6","No Part","6","0","5","No Part","No Part","No Part","5"
"Good Morning Tucson","Jonathan Coulton","2011","Artificial Heart","Rock","2:31","03/11/2021","3","No Part","2","3","2","No Part","No Part","No Part","3"
"Demon Woman","Flight of the Conchords","2009","I Told You I Was Freaky","Novelty","2:00","03/11/2021","2","No Part","3","4","2","No Part","No Part","No Part","3"
"Superman","Goldfinger","1997","Hang-Ups","Reggae/Ska","3:09","03/04/2021","5","No Part","5","4","4","No Part","No Part","No Part","4"
"Younger Lungs","Less Than Jake","2012","Seasons Greetings from Less Than Jake","Reggae/Ska","3:16","03/04/2021","3","No Part","2","2","3","No Part","No Part","No Part","2"
"Dreamchaser","Amberian Dawn","2008","River of Tuoni","Metal","4:06","02/25/2021","6","No Part","6","No Part","6","No Part","No Part","No Part","6"
"Help I'm Alive","Metric","2009","Fantasies","Alternative","4:48","02/25/2021","0","No Part","1","3","1","No Part","No Part","No Part","2"
"Fatal Illusion","Megadeth","2016","Dystopia","Metal","4:14","02/18/2021","6","No Part","6","4","0","No Part","No Part","No Part","6"
"Smash the Control Machine","Otep","2009","Smash the Control Machine","Metal","3:46","02/18/2021","4","No Part","4","6","5","No Part","No Part","No Part","5"
"The Bad Touch","Bloodhound Gang","1999","Hooray for Boobies","Pop/Dance/Electronic","4:08","02/11/2021","4","No Part","1","1","1","No Part","No Part","No Part","2"
"Let My Love Open The Door","Pete Townshend","1980","Empty Glass","New Wave","2:47","02/11/2021","3","No Part","3","4","0","No Part","No Part","No Part","2"
"ily (i love you baby)","Surf Mesa ft. Emilee","2019","ily (i love you baby)","Pop/Dance/Electronic","3:00","02/04/2021","1","No Part","0","1","0","No Part","No Part","No Part","0"
"Take Me Home, Country Roads","John Denver","1971","Poems, Prayers & Promises","Country","3:16","02/04/2021","3","No Part","0","2","1","No Part","No Part","No Part","1"
"Sick, Sick, Sick","Bayside","2011","Killing Time","Alternative","3:34","02/04/2021","3","No Part","4","5","3","No Part","No Part","No Part","3"
"Visitor","Of Monsters and Men","2020","Visitor","Alternative","3:30","01/28/2021","3","No Part","2","3","1","No Part","No Part","No Part","2"
"To The Stage","Asking Alexandria","2011","Reckless and Relentless","Metal","3:38","01/28/2021","4","No Part","5","1","3","No Part","No Part","No Part","3"
"My Friends Over You","New Found Glory","2002","Sticks and Stones","Punk","3:44","01/21/2021","3","No Part","4","3","2","No Part","No Part","No Part","3"
"Greatest Of All Time","New Found Glory","2020","Forever + Ever x Infinity","Punk","3:02","01/21/2021","4","No Part","5","2","4","No Part","No Part","No Part","4"
"All Downhill From Here","New Found Glory","2004","Catalyst","Punk","3:14","01/21/2021","3","No Part","5","2","2","No Part","No Part","No Part","3"
"Let The Games Begin","Anarbor","2010","The Words You Don't Swallow","Alternative","3:22","01/14/2021","2","No Part","4","3","1","No Part","No Part","No Part","2"
"bloody valentine","Machine Gun Kelly","2020","Tickets to My Downfall","Alternative","3:26","01/14/2021","1","No Part","5","2","1","No Part","No Part","No Part","2"
"Hanging By A Moment","Lifehouse","2000","No Name Face","Rock","3:37","01/07/2021","2","No Part","2","3","3","No Part","No Part","No Part","2"
"Anthem Part Two","Blink-182","2001","Take Off Your Pants and Jacket","Punk","3:52","01/07/2021","3","No Part","5","2","2","No Part","No Part","No Part","3"
"Higher","Shawn Mendes","2020","Wonder","Pop/Dance/Electronic","2:43","12/29/2020","1","No Part","1","5","1","No Part","No Part","No Part","1"
"Golden","Harry Styles","2019","Fine Line","Pop-Rock","3:30","12/29/2020","1","No Part","1","5","2","No Part","No Part","No Part","2"
"Come and Get Your Love","Redbone","1974","Wovoka","R&B/Soul/Funk","3:25","12/22/2020","1","No Part","3","2","3","No Part","No Part","No Part","2"
"Stacy's Mom","Fountains of Wayne","2003","Welcome Interstate Managers","Pop-Rock","3:21","12/17/2020","1","No Part","2","4","2","No Part","No Part","No Part","2"
"Prisoner","Dance Gavin Dance","2020","Afterburner","Indie Rock","3:49","12/17/2020","5","No Part","5","3","4","No Part","No Part","No Part","4"
"My Way, Soon","Greta Van Fleet","2020","My Way, Soon","Rock","4:11","12/10/2020","5","No Part","4","5","3","No Part","No Part","No Part","4"
"Rebel Rebel","David Bowie","1974","Diamond Dogs","Rock","4:32","12/10/2020","1","No Part","0","4","2","No Part","No Part","No Part","1"
"Rollin' (Air Raid Vehicle)","Limp Bizkit","2000","Chocolate Starfish and the Hot Dog Flavored Water","Alternative","3:37","12/03/2020","2","No Part","3","1","2","No Part","No Part","No Part","2"
"Come & Go","Juice WRLD & Marshmello","2020","Legends Never Die","Hip-Hop/Rap","3:25","12/03/2020","1","No Part","2","2","0","No Part","No Part","No Part","1"
"Shot In The Dark","AC/DC","2020","POWER UP","Rock","3:09","11/24/2020","3","No Part","1","3","1","No Part","No Part","No Part","2"
"Death By Rock And Roll","The Pretty Reckless","2020","","Rock","3:54","11/24/2020","5","No Part","5","5","3","No Part","No Part","No Part","5"
"Cute Without The 'E' (Cut From the Team)","Taking Back Sunday","2002","Tell All Your Friends","Emo","3:36","11/19/2020","4","No Part","4","5","3","No Part","No Part","No Part","4"
"Alive With The Glory Of Love","Say Anything","2004","...Is a Real Boy","Emo","4:18","11/19/2020","4","No Part","5","4","3","No Part","No Part","No Part","4"
"White Knuckles","OK Go","2010","Of The Blue Colour Of The Sky","Alternative","3:22","11/12/2020","3","No Part","2","3","1","No Part","No Part","No Part","2"
"Caution","The Killers","2020","Run For Cover (Workout Mix)","Alternative","3:46","11/12/2020","3","No Part","5","4","2","No Part","No Part","No Part","3"
"CITY OF ANGELS","24kGoldn","2019","DROPPED OUTTA COLLEGE","Hip-Hop/Rap","1:57","11/05/2020","0","No Part","1","4","0","No Part","No Part","No Part","1"
"Spin","We the Kings","2009","Smile Kid","Alternative","4:02","11/05/2020","1","No Part","2","1","0","No Part","No Part","No Part","1"
"A Little Bit Off","Five Finger Death Punch","2020","F8","Metal","3:13","10/29/2020","1","No Part","3","3","0","No Part","No Part","No Part","2"
"The Devil Went Down To Georgia","Nickelback","2020","The Devil Went Down To Georgia","Rock","3:40","10/29/2020","6","No Part","5","0","4","No Part","No Part","No Part","5"
"Selkies: The Endless Obsession","Between the Buried and Me","2005","Alaska","Metal","7:24","10/22/2020","5","No Part","6","2","4","No Part","No Part","No Part","4"
"Fate of the Maiden","Amberian Dawn","2008","River of Tuoni","Metal","2:51","10/22/2020","5","No Part","4","2","4","No Part","No Part","No Part","6"
"Teenage Dirtbag (2020)","Wheatus","2020","Teenage Dirtbag (2020)","Pop-Rock","4:29","10/15/2020","2","No Part","3","3","2","No Part","No Part","No Part","2"
"Any Other Heart","Go Radio","2011","Lucky Street","Pop-Rock","3:53","10/15/2020","3","No Part","3","3","2","No Part","No Part","No Part","3"
"Some1Else","Blame It On Whitman","2020","Everything Is Fine..","Punk","2:56","10/08/2020","4","No Part","4","2","2","No Part","No Part","No Part","3"
"Stevie Sees","Toad and the Stooligans","2020","Jesus Juice","Hip-Hop/Rap","3:54","10/08/2020","3","No Part","3","5","3","No Part","No Part","No Part","3"
"Run With You","Radio Compass","2020","Run With You","Indie Rock","3:55","10/08/2020","3","No Part","2","3","3","No Part","No Part","No Part","3"
"Masquerader","Ravi Shavi","2020","Special Hazards","Indie Rock","3:00","10/08/2020","1","No Part","5","3","2","No Part","No Part","No Part","3"
"Angels & Demons","jxdn","2020","Angels & Demons","Alternative","2:44","10/01/2020","1","No Part","3","4","1","No Part","No Part","No Part","2"
"Stand for Something","Skindred","2009","Shark Bites and Dog Fights","Metal","4:05","10/01/2020","2","No Part","3","4","1","No Part","No Part","No Part","2"
"I Hope","Gabby Barrett","2020","Goldmine","Country","3:31","09/24/2020","3","No Part","0","3","1","No Part","No Part","No Part","2"
"I Know What I Am","Band of Skulls","2009","Baby Darling Doll Face Honey","Indie Rock","3:20","09/24/2020","1","No Part","1","3","0","No Part","No Part","No Part","1"
"Monsters","All Time Low ft. blackbear","2020","Wake Up, Sunshine","Emo","2:59","09/17/2020","2","No Part","3","4","2","No Part","No Part","No Part","3"
"Flightless Bird, American Mouth","Iron & Wine","2007","The Shepherd's Dog","Indie Rock","3:57","09/17/2020","1","No Part","0","1","0","No Part","No Part","No Part","1"
"Antisocialist","Asking Alexandria","2020","Like a House on Fire","Metal","3:32","09/10/2020","2","No Part","3","5","1","No Part","No Part","No Part","2"
"Deathbed Atheist","Norma Jean","2010","Meridional","Metal","5:05","09/10/2020","2","No Part","4","2","1","No Part","No Part","No Part","2"
"History of Violence","Theory of a Deadman","2019","Say Nothing","Rock","3:58","09/03/2020","1","No Part","3","2","0","No Part","No Part","No Part","1"
"We Are the One","Anti-Flag","2009","The People or the Gun","Punk","3:02","09/03/2020","4","No Part","5","1","4","No Part","No Part","No Part","4"
"Cradles","Sub Urban","2019","Cradles","Pop/Dance/Electronic","3:34","08/27/2020","1","No Part","4","4","0","No Part","No Part","No Part","2"
"Blinding Lights","The Weeknd","2019","After Hours","Pop/Dance/Electronic","3:24","08/27/2020","3","No Part","1","4","0","No Part","No Part","No Part","2"
"Buttersnips","Periphery","2010","Periphery","Metal","5:22","08/20/2020","6","No Part","6","6","6","No Part","No Part","No Part","6"
"Burning Hearts","Silverstein","2011","Rescue","Rock","3:04","08/20/2020","4","No Part","6","3","2","No Part","No Part","No Part","4"
"Speed of Sound","Coldplay","2005","X&Y","Alternative","4:44","08/06/2020","2","No Part","2","4","1","No Part","No Part","No Part","2"
"Something Just Like This","The Chainsmokers & Coldplay","2017","Memories..Do Not Open","Pop/Dance/Electronic","4:04","08/06/2020","2","No Part","1","3","1","No Part","No Part","No Part","2"
"Champion of the World","Coldplay","2019","Everyday Life: Sunset","Alternative","4:19","08/06/2020","1","No Part","1","3","1","No Part","No Part","No Part","1"
"Shiver","Coldplay","2000","Parachutes","Alternative","5:05","08/06/2020","3","No Part","3","6","1","No Part","No Part","No Part","3"
"This is Not a Song, It's a Sandwich!","Psychostick","2009","Sandwich","Metal","3:53","07/30/2020","5","No Part","4","1","4","No Part","No Part","No Part","4"
"Ikea","Jonathan Coulton","2003","Smoking Monkey","Rock","3:06","07/30/2020","2","No Part","2","2","2","No Part","No Part","No Part","2"
"Learn To Live","Architects","2011","The Here and Now","Metal","4:07","07/23/2020","4","No Part","4","2","2","No Part","No Part","No Part","5"
"Killing Me Slowly","Bad Wolves","2019","N.A.T.I.O.N.","Rock","3:51","07/23/2020","1","No Part","2","3","1","No Part","No Part","No Part","2"
"Adore You","Harry Styles","2019","Fine Line","Pop/Dance/Electronic","3:32","07/16/2020","3","No Part","2","5","2","No Part","No Part","No Part","3"
"Wars","Of Monsters and Men","2019","FEVER DREAM","Indie Rock","3:34","07/16/2020","3","No Part","1","2","1","No Part","No Part","No Part","2"
"Bang!","AJR","2020","Bang!","Pop-Rock","2:53","07/09/2020","2","No Part","4","4","1","No Part","No Part","No Part","3"
"Incubus","Amberian Dawn","2009","The Clouds of Northland Thunder","Metal","5:00","07/09/2020","5","No Part","6","4","5","No Part","No Part","No Part","5"
"10,000 Hours","Dan + Shay & Justin Bieber","2019","10,000 Hours","Country","2:51","07/02/2020","1","No Part","2","4","0","No Part","No Part","No Part","2"
"Used To Like","Neon Trees","2019","I Can Feel You Forgetting Me","Alternative","3:21","07/02/2020","1","No Part","1","4","1","No Part","No Part","No Part","1"
"Dark Horse","Converge","2009","Axe to Fall","Metal","3:10","06/25/2020","5","No Part","6","0","4","No Part","No Part","No Part","5"
"Popular Monster","Falling In Reverse","2019","Popular Monster","Rock","3:43","06/25/2020","3","No Part","4","3","3","No Part","No Part","No Part","3"
"Van Horn","Saint Motel","2019","The Original Motion Picture Soundtrack: Pt. 1","Indie Rock","2:44","06/18/2020","2","No Part","4","4","1","No Part","No Part","No Part","2"
"I Think We're Alone Now","Billie Joe Armstrong","2020","I Think We're Alone Now","Alternative","2:17","06/18/2020","1","No Part","1","2","2","No Part","No Part","No Part","1"
"Where Were You?","Every Avenue","2008","Shh. Just Go With It","Alternative","2:45","06/11/2020","3","No Part","2","3","2","No Part","No Part","No Part","3"
"Falling","Trevor Daniel","2020","Falling","Pop/Dance/Electronic","2:38","06/11/2020","2","No Part","1","3","0","No Part","No Part","No Part","1"
"Far Away","Breaking Benjamin ft. Scooter Ward of COLD","2020","Aurora","Rock","4:54","06/04/2020","1","No Part","3","2","0","No Part","No Part","No Part","1"
"Level of Concern","Twenty One Pilots","2020","Level of Concern","Alternative","3:46","06/04/2020","2","No Part","2","4","1","No Part","No Part","No Part","2"
"Be Careful What You Wish For","Memphis May Fire","2010","Between the Lies","Metal","3:40","05/28/2020","6","No Part","5","1","4","No Part","No Part","No Part","5"
"Hook, Line and Sinner","Texas in July","2009","I Am","Metal","3:28","05/28/2020","6","No Part","6","0","6","No Part","No Part","No Part","6"
"With Arms Wide Open","Creed","1999","Human Clay","Rock","4:23","05/21/2020","3","No Part","3","2","2","No Part","No Part","No Part","3"
"Glycerine","Bush","1994","Sixteen Stone","Grunge","4:18","05/21/2020","1","No Part","No Part","3","0","No Part","No Part","No Part","1"
"Arcaedion","Children of Nova","2009","The Complexity of Light","Prog","4:18","05/14/2020","4","No Part","6","4","4","No Part","No Part","No Part","4"
"Reckless & Relentless","Asking Alexandria","2011","Reckless and Relentless","Metal","4:14","05/14/2020","4","No Part","4","1","4","No Part","No Part","No Part","4"
"Rolling 7s","Dirty Honey","2019","Dirty Honey","Rock","4:18","05/07/2020","4","No Part","5","5","3","No Part","No Part","No Part","5"
"Special Effects","Freezepop","2010","Imaginary Friends","Pop/Dance/Electronic","4:06","05/07/2020","4","No Part","3","1","2","No Part","No Part","No Part","4"
"Born to Be Wild","Steppenwolf","1968","Steppenwolf","Classic Rock","3:30","04/30/2020","3","No Part","4","4","3","No Part","No Part","No Part","3"
"Alive and Kicking","Nonpoint","2005","To the Pain","Rock","4:02","04/30/2020","3","No Part","3","4","4","No Part","No Part","No Part","5"
"Juice","Lizzo","2019","Cuz I Love You","Pop/Dance/Electronic","3:19","04/23/2020","2","No Part","1","4","2","No Part","No Part","No Part","2"
"Bad Decisions","The Strokes","2020","The New Abnormal","Rock","4:47","04/23/2020","3","No Part","2","4","1","No Part","No Part","No Part","2"
"One Man Band","Old Dominion","2019","Old Dominion","Country","3:05","04/16/2020","3","No Part","0","3","0","No Part","No Part","No Part","1"
"Boy","Ra Ra Riot","2010","The Orchard","Indie Rock","3:12","04/16/2020","2","No Part","3","3","4","No Part","No Part","No Part","3"
"Simmer","Hayley Williams","2020","Petals For Armor","Alternative","4:28","04/09/2020","2","No Part","5","4","2","No Part","No Part","No Part","3"
"Don't Start Now","Dua Lipa","2019","Don't Start Now","Pop/Dance/Electronic","3:03","04/09/2020","3","No Part","1","3","1","No Part","No Part","No Part","2"
"Approach the Podium","Winds of Plague","2009","The Great Stone War","Metal","3:41","04/02/2020","4","No Part","5","0","5","No Part","No Part","No Part","5"
"Abigail","Motionless In White","2010","Creatures","Metal","2:53","04/02/2020","5","No Part","5","2","4","No Part","No Part","No Part","6"
"Some Kind of Disaster","All Time Low","2020","Wake Up, Sunshine","Emo","3:47","03/26/2020","2","No Part","4","4","2","No Part","No Part","No Part","3"
"Better Off This Way","A Day to Remember","2010","What Separates Me From You","Punk","3:25","03/26/2020","2","No Part","3","1","1","No Part","No Part","No Part","2"
"Colors","Black Pumas","2019","Colors","Alternative","4:12","03/19/2020","5","No Part","2","5","2","No Part","No Part","No Part","3"
"The Best","AWOLNATION","2019","The Best","Alternative","3:45","03/19/2020","3","No Part","3","2","0","No Part","No Part","No Part","2"
"Icarus Lives","Periphery","2010","Periphery","Metal","3:17","03/12/2020","5","No Part","4","2","4","No Part","No Part","No Part","6"
"Mordecai","Between the Buried and Me","2003","The Silent Circus","Prog","5:53","03/12/2020","6","No Part","6","3","6","No Part","No Part","No Part","6"
"5678","Fake Problems","2010","Real Ghosts Caught On Tape","Alternative","3:40","03/05/2020","2","No Part","4","2","0","No Part","No Part","No Part","4"
"Sticks & Bricks","A Day to Remember","2010","What Separates Me From You","Punk","3:22","03/05/2020","3","No Part","4","3","3","No Part","No Part","No Part","3"
"Inside Out","Five Finger Death Punch","2020","F8","Metal","4:14","02/27/2020","6","No Part","4","3","3","No Part","No Part","No Part","4"
"Novocaine","The Unlikely Candidates","2019","Novocaine","Alternative","4:09","02/27/2020","2","No Part","4","4","1","No Part","No Part","No Part","3"
"50,000 Unstoppable Watts","Clutch","2009","Strange Cousins From The West","Rock","3:51","02/20/2020","1","No Part","4","4","1","No Part","No Part","No Part","2"
"Hanuman","Rodrigo y Gabriela","2009","11:11","Rock","3:43","02/20/2020","5","No Part","No Part","No Part","6","No Part","No Part","No Part","6"
"Mechanical Love","In This Moment","2008","The Dream","Metal","3:40","02/13/2020","2","No Part","3","2","3","No Part","No Part","No Part","3"
"No More Mr. Nice Guy","Alice Cooper","1973","Billion Dollar Babies","Rock","3:10","02/13/2020","4","No Part","4","4","2","No Part","No Part","No Part","4"
"Where I Belong feat. We The Kings","Simple Plan & State Champs","2019","Where I Belong","Alternative","3:10","02/06/2020","4","No Part","4","2","2","No Part","No Part","No Part","3"
"Addicted","Simple Plan","2002","No Pads, No Helmets...Just Balls","Alternative","3:59","02/06/2020","2","No Part","3","1","2","No Part","No Part","No Part","2"
"Welcome To My Life","Simple Plan","2004","Still Not Getting Any...","Alternative","3:27","02/06/2020","2","No Part","2","2","2","No Part","No Part","No Part","2"
"Circles","Post Malone","2019","Holywood's Bleeding","Pop-Rock","3:35","01/30/2020","1","No Part","0","1","0","No Part","No Part","No Part","1"
"Can You Tell","Ra Ra Riot","2008","The Rhumb Line","Indie Rock","2:45","01/30/2020","2","No Part","2","2","1","No Part","No Part","No Part","2"
"Chelsea","The Summer Set","2009","Love Like This","Pop-Rock","2:45","01/23/2020","4","No Part","4","4","3","No Part","No Part","No Part","4"
"All The Way (Stay)","Jimmy Eat World","2019","Surviving","Alternative","4:04","01/23/2020","3","No Part","3","3","2","No Part","No Part","No Part","3"
"Young Bloods","The Bronx","2008","The Bronx III","Punk","2:52","01/16/2020","4","No Part","5","4","4","No Part","No Part","No Part","4"
"I Just Wanna Shine","Fitz and the Tantrums","2019","All The Feels","Pop-Rock","3:28","01/16/2020","3","No Part","4","3","3","No Part","No Part","No Part","3"
"Father of All...","Green Day","2020","Father of All...","Alternative","2:36","01/09/2020","2","No Part","4","2","3","No Part","No Part","No Part","3"
"The End of the Game","Weezer","2020","Van Weezer","Alternative","3:05","01/09/2020","5","No Part","2","3","2","No Part","No Part","No Part","3"
"Orphans","Coldplay","2019","Everyday Life","Alternative","3:22","12/19/2019","3","No Part","1","3","1","No Part","No Part","No Part","2"
"bad guy","Billie Eilish","2019","When We All Fall Asleep, Where Do We Go?","Pop/Dance/Electronic","3:16","12/19/2019","0","No Part","1","2","1","No Part","No Part","No Part","1"
"Take What You Want","Post Malone ft. Ozzy Osbourne & Travis Scott","2019","Hollywood's Bleeding","Pop-Rock","3:48","12/19/2019","5","No Part","2","4","1","No Part","No Part","No Part","3"
"Blind Leading the Blind","Mumford & Sons","2019","Blind Leading the Blind","Rock","3:45","12/12/2019","5","No Part","4","4","3","No Part","No Part","No Part","4"
"Crush","Dave Matthews Band","1998","Before These Crowded Streets","Rock","4:34","12/12/2019","3","No Part","4","4","4","No Part","No Part","No Part","4"
"One Kind of Solomon","The New Pornographers","2019","In the Morse Code of Break Lights","Alternative","3:44","12/12/2019","1","No Part","4","4","1","No Part","No Part","No Part","2"
"16","Highly Suspect","2019","MCID","Alternative","3:41","12/05/2019","0","No Part","3","3","0","No Part","No Part","No Part","1"
"Panic Attack","The Glorious Sons","2019","Panic Attack","Rock","3:12","12/05/2019","1","No Part","3","2","2","No Part","No Part","No Part","2"
"Prom Queen","Beach Bunny","2018","Prom Queen","Alternative","2:19","12/05/2019","1","No Part","2","2","2","No Part","No Part","No Part","2"
"Back Foot","Dinosaur Pile-Up","2019","Celebrity Mansions","Rock","3:11","11/28/2019","3","No Part","3","4","3","No Part","No Part","No Part","3"
"Taste Of Regret","Of Mice & Men","2019","EARTHANDSKY","Metal","3:30","11/28/2019","5","No Part","5","1","4","No Part","No Part","No Part","5"
"Welcome Home","HELLYEAH","2019","Welcome Home","Rock","4:36","11/28/2019","3","No Part","3","2","3","No Part","No Part","No Part","3"
"Morte et Dabo","Asking Alexandria","2011","Reckless and Relentless","Metal","4:24","11/21/2019","4","No Part","5","2","4","No Part","No Part","No Part","4"
"Dear Insanity","Asking Alexandria","2011","Reckless and Relentless","Metal","3:18","11/21/2019","5","No Part","4","3","4","No Part","No Part","No Part","4"
"You're A Wolf","Sea Wolf","2007","Leaves In The River","Indie Rock","3:37","11/14/2019","0","No Part","0","2","0","No Part","No Part","No Part","0"
"Sequestered in Memphis","The Hold Steady","2008","Stay Positive","Indie Rock","3:36","11/14/2019","2","No Part","2","2","2","No Part","No Part","No Part","2"
"CHAMPION","Bishop Briggs","2019","CHAMPION","Alternative","2:53","11/07/2019","0","No Part","0","5","0","No Part","No Part","No Part","1"
"Good Things Fall Apart","ILLENIUM & Jon Bellion","2019","Ascend","Pop/Dance/Electronic","3:43","11/07/2019","3","No Part","1","4","0","No Part","No Part","No Part","2"
"Feed My Frankenstein","Alice Cooper","1991","Hey Stoopid","Rock","4:36","10/31/2019","5","No Part","4","2","2","No Part","No Part","No Part","4"
"Unsainted","Slipknot","2019","We Are Not Your Kind","Nu-Metal","4:25","10/31/2019","5","No Part","6","4","5","No Part","No Part","No Part","5"
"You're Gonna Say Yeah!","Hushpuppies","2005","The Trap","Rock","3:20","10/24/2019","3","No Part","4","1","1","No Part","No Part","No Part","3"
"Might Be Right","White Reaper","2019","You Deserve Love","Alternative","4:01","10/24/2019","3","No Part","2","3","1","No Part","No Part","No Part","3"
"Trouble","Five Finger Death Punch","2017","A Decade of Destruction","Metal","3:15","10/17/2019","5","No Part","4","3","3","No Part","No Part","No Part","4"
"Blue on Black","Five Finger Death Punch","2018","And Justice for None","Metal","4:36","10/17/2019","4","No Part","3","4","3","No Part","No Part","No Part","4"
"Fall Apart","Shocked Laura","2019","Fall Apart","Pop/Dance/Electronic","2:37","10/10/2019","2","No Part","4","4","1","No Part","No Part","No Part","2"
"Don't Let Her Go","Newfane","2019","The End of Times","Alternative","5:54","10/10/2019","4","No Part","4","2","4","No Part","No Part","No Part","4"
"Two Shots","Duck & Cover","2019","Two Shots","Punk","3:04","10/10/2019","3","No Part","3","4","3","No Part","No Part","No Part","3"
"Time For Crime","ORION","2019","Time For Crime","Pop/Dance/Electronic","3:19","10/10/2019","0","No Part","0","1","1","No Part","No Part","No Part","0"
"The Mob Goes Wild","Clutch","2004","Blast Tyrant","Rock","3:40","10/03/2019","2","No Part","3","3","2","No Part","No Part","No Part","2"
"This City Made Us","The Protomen","2015","This City Made Us","Rock","5:56","10/03/2019","4","No Part","5","5","3","No Part","No Part","No Part","4"
"For the Love of God (Live)","Steve Vai","2009","Where The Wild Things Are","Rock","5:44","09/26/2019","6","No Part","3","No Part","2","No Part","No Part","No Part","4"
"Highway To Oblivion","DragonForce","2019","Extreme Power Metal","Metal","6:47","09/26/2019","6","No Part","6","5","4","No Part","No Part","No Part","6"
"sugar honey ice & tea","Bring Me The Horizon","2019","amo","Nu-Metal","4:26","09/19/2019","3","No Part","2","4","2","No Part","No Part","No Part","3"
"When I'm Gone","Dirty Honey","2019","Dirty Honey","Rock","3:28","09/19/2019","4","No Part","4","5","3","No Part","No Part","No Part","4"
"Buster Voodoo","Rodrigo y Gabriela","2009","11:11","Rock","4:27","09/12/2019","6","No Part","No Part","No Part","6","No Part","No Part","No Part","6"
"21","H.E.R.","2019","21","R&B/Soul/Funk","3:14","09/12/2019","2","No Part","4","3","1","No Part","No Part","No Part","2"
"Old Town Road (Remix)","Lil Nas X ft. Billy Ray Cyrus","2019","7","Country","2:41","09/05/2019","1","No Part","3","2","0","No Part","No Part","No Part","1"
"Robots May Break Your Heart","Riverboat Gamblers","2008","Underneath the Owl","Punk","3:40","08/29/2019","3","No Part","3","3","3","No Part","No Part","No Part","4"
"Entertain","Sleater-Kinney","2005","The Woods","Indie Rock","4:57","08/29/2019","2","No Part","3","4","1","No Part","No Part","No Part","3"
"Battles and Brotherhood","3 Inches of Blood","2009","Here Waits Thy Doom","Metal","4:52","08/22/2019","4","No Part","6","4","3","No Part","No Part","No Part","4"
"Missed Connection","The Head and the Heart","2019","Living Mirage","Alternative","3:20","08/22/2019","1","No Part","2","4","2","No Part","No Part","No Part","2"
"The Hounds of Anubis","The Word Alive","2010","Deceiver","Metal","4:22","08/22/2019","5","No Part","5","2","3","No Part","No Part","No Part","6"
"Hurt","Oliver Tree","2018","Hurt (Single)","Alternative","2:30","08/15/2019","0","No Part","0","2","0","No Part","No Part","No Part","0"
"Have Faith In Me","A Day to Remember","2009","Homesick","Punk","3:12","08/15/2019","2","No Part","3","1","0","No Part","No Part","No Part","2"
"Jumpers","Sleater-Kinney","2005","The Woods","Indie Rock","4:26","08/15/2019","2","No Part","3","4","2","No Part","No Part","No Part","2"
"Very Busy People","The Limousines","2010","Get Sharp","Alternative","4:09","08/08/2019","2","No Part","3","4","2","No Part","No Part","No Part","3"
"Undone","All That Remains","2008","Overcome","Metal","3:15","08/08/2019","5","No Part","6","3","3","No Part","No Part","No Part","4"
"Gloria","The Lumineers","2019","III","Indie Rock","3:37","08/08/2019","4","No Part","1","2","2","No Part","No Part","No Part","3"
"The Plot to Bomb the Panhandle","A Day to Remember","2007","For Those Who Have Heart","Punk","4:08","08/01/2019","3","No Part","3","3","2","No Part","No Part","No Part","3"
"Blame It On My Youth","Blink-182","2019","Blame It On My Youth","Punk","3:11","08/01/2019","2","No Part","5","3","2","No Part","No Part","No Part","2"
"Final Episode (Let's Change the Channel)","Asking Alexandria","2009","Stand Up and Scream","Metal","4:09","08/01/2019","4","No Part","5","2","3","No Part","No Part","No Part","4"
"Obfuscation","Between the Buried and Me","2009","The Great Misdirect","Prog","9:12","07/25/2019","6","No Part","6","0","5","No Part","No Part","No Part","6"
"Alligator","Of Monsters And Men","2019","FEVER DREAM","Indie Rock","3:07","07/25/2019","3","No Part","2","2","1","No Part","No Part","No Part","2"
"For We Are Many","All That Remains","2010","For We Are Many","Metal","3:02","07/25/2019","6","No Part","6","1","5","No Part","No Part","No Part","6"
"Caves","Chiodos","2010","Illuminaudio","Emo","3:45","07/18/2019","4","No Part","5","4","4","No Part","No Part","No Part","5"
"Requiem for a Dying Song","Flogging Molly","2008","Float","Punk","3:36","07/18/2019","3","No Part","1","3","2","No Part","No Part","No Part","2"
"100 Bad Days","AJR","2019","Neotheater","Pop-Rock","3:33","07/18/2019","2","No Part","3","4","0","No Part","No Part","No Part","2"
"Change","The Revivalists","2018","Take Good Care","Alternative","3:54","07/12/2019","3","No Part","2","4","1","No Part","No Part","No Part","3"
"Days Without","All That Remains","2008","Overcome","Metal","3:11","07/11/2019","5","No Part","6","2","3","No Part","No Part","No Part","4"
"Kick Some Ass '09","Stroke 9","2010","Greatest Hits","Rock","4:02","07/11/2019","1","No Part","2","1","1","No Part","No Part","No Part","1"
"High Hopes","Panic at the Disco","2018","Pray for the Wicked","Emo","3:14","07/04/2019","2","No Part","3","5","2","No Part","No Part","No Part","2"
"Sucker","Jonas Brothers","2019","Happiness Begins","Pop-Rock","3:05","07/04/2019","1","No Part","3","4","1","No Part","No Part","No Part","1"
"Shallow Waters","Amberian Dawn","2009","The Clouds of Northland Thunder","Metal","3:36","06/27/2019","6","No Part","6","3","6","No Part","No Part","No Part","6"
"Lexington (Joey Pea-Pot with a Monkey Face)","Chiodos","2007","Bone Palace Ballet","Emo","5:03","06/27/2019","5","No Part","4","2","2","No Part","No Part","No Part","5"
"Berzerker","After the Burial","2009","Rareform","Metal","5:40","06/20/2019","5","No Part","5","0","5","No Part","No Part","No Part","6"
"We Are Not Anonymous","Unearth","2008","The March","Metal","3:08","06/20/2019","6","No Part","4","0","3","No Part","No Part","No Part","4"
"If I'm James Dean, You're Audrey Hepburn","Sleeping With Sirens","2010","With Ears to See and Eyes to Hear","Emo","3:41","06/13/2019","3","No Part","4","4","2","No Part","No Part","No Part","5"
"The Difference Between Medicine and Poison is in the Dose","Circa Survive","2007","On Letting Go","Alternative","4:20","06/13/2019","3","No Part","5","3","2","No Part","No Part","No Part","3"
"Wake Up","Suicide Silence","2009","No Time To Bleed","Metal","3:53","06/06/2019","5","No Part","6","0","5","No Part","No Part","No Part","5"
"The Waiting One","All That Remains","2010","For We Are Many","Metal","4:50","06/06/2019","5","No Part","3","3","2","No Part","No Part","No Part","4"
"When Am I Gonna Lose You","Local Natives","2019","Violet Street","Alternative","4:27","06/06/2019","1","No Part","2","5","2","No Part","No Part","No Part","3"
"You Only Live Once","Suicide Silence","2012","The Black Crown","Metal","3:16","05/30/2019","4","No Part","5","0","4","No Part","No Part","No Part","4"
"Tourniquet","Breaking Benjamin","2018","Ember","Rock","4:12","05/30/2019","4","No Part","3","3","3","No Part","No Part","No Part","4"
"Salvation","The Strumbellas","2019","Rattlesnake","Alternative","3:24","05/23/2019","2","No Part","1","4","2","No Part","No Part","No Part","2"
"The Serpentine Offering","Dimmu Borgir","2007","In Sorte Diaboli","Metal","5:16","05/23/2019","4","No Part","5","3","4","No Part","No Part","No Part","6"
"Night on Bald Mountain (Mussorgsky)","Paul Henry Smith & The Fauxharmonic Orchestra","2010","Classical Frenzies","Classical","3:02","05/16/2019","4","No Part","2","No Part","2","No Part","No Part","No Part","2"
"Nemesis","Arch Enemy","2005","Doomsday Machine","Metal","4:04","05/16/2019","6","No Part","6","0","5","No Part","No Part","No Part","6"
"Over My Head","Judah & the Lion","2019","Pep Talks","Alternative","3:13","05/16/2019","3","No Part","3","2","0","No Part","No Part","No Part","2"
"Longshot","Catfish And The Bottlemen","2019","The Balance","Indie Rock","3:56","05/09/2019","3","No Part","3","5","2","No Part","No Part","No Part","3"
"It's Complicated","A Day to Remember","2010","What Separates Me From You","Punk","3:00","05/09/2019","1","No Part","3","2","1","No Part","No Part","No Part","2"
"Harmony Hall","Vampire Weekend","2019","Father of the Bride","Indie Rock","5:01","05/02/2019","4","No Part","4","4","2","No Part","No Part","No Part","4"
"The Gun Show","In This Moment","2010","A Star-Crossed Wasteland","Metal","4:43","05/02/2019","4","No Part","5","0","3","No Part","No Part","No Part","3"
"Hold On","All That Remains","2010","For We Are Many","Metal","3:00","05/02/2019","5","No Part","4","2","3","No Part","No Part","No Part","6"
"Do Not Disturb","Halestorm","2018","Vicious","Rock","3:26","04/25/2019","4","No Part","4","3","2","No Part","No Part","No Part","3"
"Disengage","Suicide Silence","2009","No Time To Bleed","Metal","4:05","04/25/2019","4","No Part","6","3","3","No Part","No Part","No Part","4"
"Flag in the Ground","Sonata Arctica","2009","The Days of Grays","Metal","4:12","04/25/2019","5","No Part","4","2","3","No Part","No Part","No Part","4"
"I'm Gonna Be (500 Miles)","The Proclaimers","1988","Sunshine On Leith","Rock","3:39","04/18/2019","2","No Part","0","5","1","No Part","No Part","No Part","2"
"La Bamba","Los Lobos","1987","La Bamba (Original Motion Picture Soundtrack)","Pop-Rock","3:39","04/18/2019","5","No Part","3","3","3","No Part","No Part","No Part","4"
"Seven","Sunny Day Real Estate","1994","Diary","Alternative","4:50","04/11/2019","3","No Part","5","2","5","No Part","No Part","No Part","5"
"The Attitude Song","Steve Vai","1984","Flex-Able","Rock","3:42","04/11/2019","6","No Part","6","No Part","4","No Part","No Part","No Part","5"
"If You Can't Hang","Sleeping With Sirens","2011","Let's Cheers to This","Emo","4:14","04/11/2019","4","No Part","4","5","4","No Part","No Part","No Part","4"
"Do Your Worst","Rival Sons","2019","Feral Roots","Rock","4:09","04/04/2019","4","No Part","3","4","2","No Part","No Part","No Part","4"
"S.O.S.","The Glorious Sons","2017","Young Beauties and Fools","Rock","3:19","04/04/2019","3","No Part","1","2","3","No Part","No Part","No Part","3"
"Caraphernelia","Pierce the Veil","2010","Selfish Machines","Emo","4:37","03/28/2019","4","No Part","6","3","2","No Part","No Part","No Part","4"
"Lemon Meringue Tie","Dance Gavin Dance","2007","Downtown Battle Mountain","Indie Rock","3:54","03/28/2019","5","No Part","4","2","2","No Part","No Part","No Part","4"
"Battle Royale","The Word Alive","2009","Empire","Metal","3:58","03/28/2019","6","No Part","6","4","6","No Part","No Part","No Part","6"
"When The Seasons Change","Five Finger Death Punch","2018","And Justice for None","Metal","3:50","03/21/2019","4","No Part","1","3","1","No Part","No Part","No Part","3"
"Superposition","Young The Giant","2018","Mirror Master","Alternative","3:54","03/21/2019","1","No Part","3","2","0","No Part","No Part","No Part","2"
"Paradise","Coldplay","2011","Mylo Xyloto","Alternative","4:42","03/14/2019","4","No Part","0","2","0","No Part","No Part","No Part","3"
"Uma Thurman","Fall Out Boy","2014","American Beauty/American Psycho","Pop-Rock","3:35","03/14/2019","3","No Part","2","4","1","No Part","No Part","No Part","3"
"Pray For Plagues","Bring Me The Horizon","2006","Count Your Blessings","Nu-Metal","4:22","03/07/2019","5","No Part","6","0","4","No Part","No Part","No Part","5"
"MANTRA","Bring Me The Horizon","2019","amo","Nu-Metal","3:55","03/07/2019","3","No Part","4","2","3","No Part","No Part","No Part","3"
"Drown","Bring Me The Horizon","2015","That's The Spirit","Nu-Metal","3:44","03/07/2019","2","No Part","4","4","1","No Part","No Part","No Part","3"
"Bleed","Meshuggah","2008","ObZen","Metal","7:26","02/28/2019","6","No Part","6","0","6","No Part","No Part","No Part","6"
"Farewell, Mona Lisa","The Dillinger Escape Plan","2010","Option Paralysis","Metal","5:32","02/28/2019","6","No Part","6","1","5","No Part","No Part","No Part","5"
"[&] Delinquents","Woe, Is Me","2010","Number[s]","Rock","3:09","02/28/2019","4","No Part","4","3","4","No Part","No Part","No Part","5"
"Bitch","Meredith Brooks","1997","Blurring The Edges","Alternative","4:02","02/21/2019","3","No Part","3","3","4","No Part","No Part","No Part","3"
"Wagon Wheel","Darius Rucker","2013","True Believers","Country","4:47","02/21/2019","4","No Part","1","2","1","No Part","No Part","No Part","3"
"Push","Matchbox Twenty","1996","Yourself or Someone Like You","Alternative","4:02","02/14/2019","2","No Part","1","4","1","No Part","No Part","No Part","2"
"The Reason","Hoobastank","2004","The Reason","Alternative","3:56","02/14/2019","4","No Part","0","2","0","No Part","No Part","No Part","2"
"The Triumph","Jeff Williams ft. Casey Lee Williams","2018","RWBY: Volume 5 Soundtrack","Rock","4:14","02/07/2019","6","No Part","5","5","4","No Part","No Part","No Part","5"
"Gasoline","The Bouncing Souls","2009","Ghosts on the Boardwalk","Alternative","4:07","02/07/2019","3","No Part","4","3","3","No Part","No Part","No Part","3"
"Lady in a Blue Dress","Senses Fail","2004","Let It Enfold You","Alternative","3:19","02/07/2019","1","No Part","3","2","1","No Part","No Part","No Part","1"
"Body Talks","The Struts","2018","YOUNG&DANGEROUS","Rock","3:01","01/31/2019","3","No Part","3","6","2","No Part","No Part","No Part","4"
"Shame","Elle King","2018","Shake the Spirit","Alternative","2:41","01/31/2019","1","No Part","1","4","1","No Part","No Part","No Part","1"
"Forever In Your Hands","All That Remains","2008","Overcome","Metal","3:22","01/17/2019","5","No Part","5","3","3","No Part","No Part","No Part","4"
"Remedy","Seether","2005","Karma and Effect","Metal","3:32","01/17/2019","2","No Part","3","2","1","No Part","No Part","No Part","2"
"Hey There Mr. Brooks","Asking Alexandria","2009","Stand Up and Scream","Metal","4:13","01/17/2019","6","No Part","6","1","5","No Part","No Part","No Part","5"
"Starlight","BABYMETAL","2018","Starlight","Metal","3:39","01/10/2019","5","No Part","6","4","6","No Part","No Part","No Part","5"
"When Legends Rise","Godsmack","2018","When Legends Rise","Nu-Metal","2:55","01/10/2019","4","No Part","3","2","2","No Part","No Part","No Part","3"
"Angel of Death","Slayer","1986","Reign in Blood","Metal","4:54","01/03/2019","6","No Part","6","0","6","No Part","No Part","No Part","6"
"Semi-Charmed Life '09","Third Eye Blind","2009","Re-Record 2009","Alternative","4:34","12/20/2018","1","No Part","2","4","3","No Part","No Part","No Part","2"
"Never Let You Go '09","Third Eye Blind","2009","Re-Record 2009","Alternative","4:07","12/20/2018","1","No Part","2","1","1","No Part","No Part","No Part","1"
"99","Barns Courtney","2018","99","Alternative","3:22","12/20/2018","3","No Part","2","4","2","No Part","No Part","No Part","2"
"Music Is Worth Living For","Andrew W.K.","2018","You're Not Alone","Rock","4:26","12/20/2018","1","No Part","4","3","2","No Part","No Part","No Part","2"
"Lose It","Kane Brown","2018","Experiment","Country","3:03","12/13/2018","4","No Part","3","5","1","No Part","No Part","No Part","3"
"Hotel Key","Old Dominion","2018","Happy Endings","Country","2:51","12/13/2018","3","No Part","1","4","1","No Part","No Part","No Part","2"
"Magic Man","Heart","1976","Dreamboat Annie","Classic Rock","5:32","12/06/2018","4","No Part","4","5","3","No Part","No Part","No Part","4"
"Crazy On You","Heart","1976","Dreamboat Annie","Classic Rock","4:54","12/06/2018","5","No Part","5","6","2","No Part","No Part","No Part","5"
"Girls Like You","Maroon 5","2017","Red Pill Blues (Deluxe)","Pop-Rock","3:38","11/29/2018","3","No Part","2","3","0","No Part","No Part","No Part","2"
"Natural","Imagine Dragons","2018","Origins","Alternative","3:11","11/29/2018","1","No Part","3","4","0","No Part","No Part","No Part","2"
"No One's Gonna Love You","Band of Horses","2007","Cease to Begin","Indie Rock","3:39","11/15/2018","2","No Part","2","2","2","No Part","No Part","No Part","2"
"The Funeral","Band of Horses","2006","Everything All the Time","Indie Rock","5:25","11/15/2018","1","No Part","1","2","1","No Part","No Part","No Part","1"
"Is There a Ghost","Band of Horses","2007","Cease to Begin","Indie Rock","3:01","11/15/2018","2","No Part","2","1","0","No Part","No Part","No Part","1"
"Love That Hurts","PREACHERVAN","2018","Love That Hurts ","Alternative","3:28","11/08/2018","2","No Part","3","2","1","No Part","No Part","No Part","2"
"Save Yourself","tiLLie","2017","Save Yourself ","Alternative","3:13","11/08/2018","1","No Part","3","2","1","No Part","No Part","No Part","1"
"Thinking Emoji","Barely March","2018","Marely Barch","Punk","3:14","11/08/2018","4","No Part","5","2","4","No Part","No Part","No Part","4"
"Let's Just Dance","Ships Have Sailed","2018","Let’s Just Dance ","Alternative","3:53","11/08/2018","3","No Part","3","2","1","No Part","No Part","No Part","2"
"Time to Say Goodbye","Jeff Williams ft. Casey Lee Williams","2014","RWBY: Volume 2 Soundtrack","Rock","3:22","11/01/2018","5","No Part","5","4","5","No Part","No Part","No Part","5"
"Little Black Backpack '09","Stroke 9","2010","Little Black Backpack ‘09","Rock","3:47","11/01/2018","2","No Part","3","2","2","No Part","No Part","No Part","2"
"Australia","The Shins","2007","Wincing The Night Away","Indie Rock","3:53","11/01/2018","3","No Part","2","4","2","No Part","No Part","No Part","2"
"Paralyzer","Finger Eleven","2007","Them vs. You vs. Me","Alternative","3:32","11/01/2018","2","No Part","2","1","1","No Part","No Part","No Part","1"
"My Demons","Starset","2014","Transmissions","Rock","4:02","10/25/2018","2","No Part","4","2","1","No Part","No Part","No Part","2"
"Three Lives","Octavision","2016","","Prog","9:41","10/25/2018","6","No Part","6","No Part","6","No Part","No Part","No Part","6"
"Back To Me","Of Mice & Men","2018","Defy","Metal","3:20","10/18/2018","3","No Part","4","2","3","No Part","No Part","No Part","3"
"Those In Glass Houses","Of Mice & Men","2010","Of Mice & Men","Metal","2:49","10/18/2018","5","No Part","5","2","4","No Part","No Part","No Part","5"
"Second & Sebring","Of Mice & Men","2010","Of Mice & Men","Metal","3:53","10/18/2018","3","No Part","5","2","1","No Part","No Part","No Part","3"
"Uncomfortable","Halestorm","2018","Vicious","Rock","3:43","10/11/2018","5","No Part","5","6","5","No Part","No Part","No Part","5"
"Graffiti","CHVRCHES","2018","Love Is Dead","Alternative","3:40","10/11/2018","3","No Part","2","1","2","No Part","No Part","No Part","2"
"Business Time","Flight of the Conchords","2008","Flight of the Conchords","Novelty","4:09","10/04/2018","4","No Part","2","2","2","No Part","No Part","No Part","2"
"The Most Beautiful Girl (In the Room)","Flight of the Conchords","2008","Flight of the Conchords","Novelty","4:06","10/04/2018","3","No Part","2","5","1","No Part","No Part","No Part","2"
"When The Curtain Falls","Greta Van Fleet","2018","","Rock","3:45","09/27/2018","5","No Part","4","3","5","No Part","No Part","No Part","4"
"Unheavenly Creatures","Coheed and Cambria","2018","Vaxis - Act I: The Unheavenly Creatures","Prog","4:07","09/27/2018","4","No Part","4","4","3","No Part","No Part","No Part","4"
"Jamie All Over","Mayday Parade","2009","A Lesson In Romantics","Rock","3:39","09/20/2018","1","No Part","4","2","1","No Part","No Part","No Part","2"
"HTML Rulez D00d","The Devil Wears Prada","2007","Plagues","Metal","3:43","09/20/2018","2","No Part","4","3","2","No Part","No Part","No Part","3"
"Dogs Can Grow Beards All Over","The Devil Wears Prada","2006","Dear Love: A Beautiful Discord","Metal","3:31","09/20/2018","5","No Part","4","0","4","No Part","No Part","No Part","4"
"When I Get Home You're So Dead","Mayday Parade","2009","A Lesson In Romantics","Rock","3:16","09/20/2018","3","No Part","3","5","2","No Part","No Part","No Part","3"
"Simplify","Young The Giant","2018","Simplify","Alternative","3:34","09/13/2018","3","No Part","3","2","1","No Part","No Part","No Part","2"
"Pictures of Girls","Wallows","2018","Spring EP","Alternative","3:23","09/13/2018","3","No Part","1","1","1","No Part","No Part","No Part","2"
"Escape (The Piña Colada Song)","Rupert Holmes","1979","Partners in Crime","Pop-Rock","4:17","09/06/2018","2","No Part","2","2","0","No Part","No Part","No Part","2"
"Red Red Wine","UB40","1983","Labour of Love","Reggae/Ska","5:08","09/06/2018","0","No Part","1","3","2","No Part","No Part","No Part","1"
"River of Tuoni","Amberian Dawn","2008","River of Tuoni","Metal","3:04","08/30/2018","5","No Part","6","1","2","No Part","No Part","No Part","4"
"American Dream","Silverstein","2009","A Shipwreck in the Sand","Rock","3:14","08/30/2018","4","No Part","4","2","2","No Part","No Part","No Part","4"
"Knifeman","The Bronx","2008","The Bronx III","Punk","3:57","08/30/2018","2","No Part","5","4","1","No Part","No Part","No Part","4"
"Sober Up","AJR ft. Rivers Cuomo","2017","The Click","Pop-Rock","3:42","08/23/2018","2","No Part","1","2","3","No Part","No Part","No Part","2"
"broken","lovelytheband","2017","finding it hard to smile","Alternative","3:24","08/23/2018","2","No Part","3","1","0","No Part","No Part","No Part","2"
"Tastes Like Kevin Bacon","iwrestledabearonce","2009","It's All Happening","Metal","3:25","08/16/2018","6","No Part","6","1","5","No Part","No Part","No Part","6"
"Pac-Man Fever","Buckner & Garcia","1999","Pac-Man Fever","Novelty","4:00","08/16/2018","1","No Part","1","2","1","No Part","No Part","No Part","1"
"Beer!","Psychostick","2003","We Couldn't Think of a Title","Metal","2:06","08/16/2018","2","No Part","1","0","1","No Part","No Part","No Part","1"
"This Will Be The Day","Jeff Williams ft. Casey Lee Williams","2013","RWBY: Volume 1 Soundtrack","Rock","3:08","08/09/2018","6","No Part","5","4","3","No Part","No Part","No Part","5"
"The Touch","Stan Bush","2007","In This Life","Rock","4:11","08/09/2018","2","No Part","3","2","1","No Part","No Part","No Part","2"
"Give Yourself A Try","The 1975","2018","","Alternative","3:20","08/02/2018","1","No Part","4","2","0","No Part","No Part","No Part","2"
"Youngblood","5 Seconds of Summer","2018","Youngblood","Pop-Rock","3:25","08/02/2018","3","No Part","3","3","2","No Part","No Part","No Part","3"
"Rescue Me","30 Seconds to Mars","2018","America","Rock","3:39","07/26/2018","1","No Part","3","2","0","No Part","No Part","No Part","2"
"Kamikaze","Walk The Moon","2017","What If Nothing","Pop-Rock","3:18","07/26/2018","2","No Part","2","2","2","No Part","No Part","No Part","2"
"Fake It","Seether","2007","Finding Beauty In Negative Spaces","Rock","3:17","07/19/2018","1","No Part","1","1","1","No Part","No Part","No Part","0"
"I'm Made of Wax, Larry, What Are You Made Of?","A Day to Remember","2009","Homesick","Punk","3:00","07/19/2018","3","No Part","4","3","3","No Part","No Part","No Part","4"
"All I Want","A Day to Remember","2010","What Separates Me From You","Punk","3:26","07/19/2018","4","No Part","3","3","2","No Part","No Part","No Part","4"
"Rise Above This","Seether","2007","Finding Beauty in Negative Spaces","Rock","3:30","07/19/2018","2","No Part","1","2","1","No Part","No Part","No Part","0"
"Burn It Down","Five Finger Death Punch","2009","War is the Answer","Metal","3:38","07/12/2018","6","No Part","5","0","5","No Part","No Part","No Part","5"
"Hard to See","Five Finger Death Punch","2009","War is the Answer","Metal","3:27","07/12/2018","5","No Part","4","2","4","No Part","No Part","No Part","5"
"Baby Come Back","Player","1977","Player","Classic Rock","4:12","07/03/2018","3","No Part","2","5","2","No Part","No Part","No Part","3"
"Reminiscing","Little River Band","1978","Sleeper Catcher","Classic Rock","4:03","07/03/2018","3","No Part","4","6","2","No Part","No Part","No Part","4"
"Brandy (You're A Fine Girl)","Looking Glass","1972","Looking Glass","Classic Rock","2:55","07/03/2018","3","No Part","2","4","3","No Part","No Part","No Part","3"
"Bullet With A Name","Nonpoint","2005","To the Pain","Rock","3:19","06/28/2018","3","No Part","3","3","3","No Part","No Part","No Part","4"
"Drunken Lullabies (Live)","Flogging Molly","2010","Live at the Greek Theatre","Alternative","3:48","06/28/2018","4","No Part","5","2","4","No Part","No Part","No Part","5"
"Relentless Chaos","Miss May I","2010","Monument","Metal","3:25","06/21/2018","5","No Part","5","1","2","No Part","No Part","No Part","4"
"Hey Baby, Here's That Song You Wanted","Blessthefall","2009","Witness","Rock","3:18","06/21/2018","5","No Part","5","3","2","No Part","No Part","No Part","5"
"Airbrushed","Anamanaguchi","2010","Airbrushed","Pop/Dance/Electronic","4:00","06/14/2018","3","No Part","6","No Part","2","No Part","No Part","No Part","4"
"Code Monkey","Jonathan Coulton","2006","Thing a Week Three","Pop-Rock","3:09","06/14/2018","1","No Part","1","2","1","No Part","No Part","No Part","2"
"Country Song","Seether","2011","Holding Onto Strings Better Left to Fray","Rock","3:52","06/07/2018","3","No Part","2","3","2","No Part","No Part","No Part","2"
"A Prophecy","Asking Alexandria","2009","Stand Up and Scream","Metal","3:38","06/07/2018","4","No Part","5","3","2","No Part","No Part","No Part","4"
"If It Means a Lot to You","A Day to Remember","2009","Homesick","Rock","4:04","05/31/2018","2","No Part","2","4","0","No Part","No Part","No Part","2"
"Going Under","Evanescence","2003","Fallen","Nu-Metal","3:39","05/31/2018","2","No Part","2","3","1","No Part","No Part","No Part","2"
"Bodies","Drowning Pool","2001","Sinner","Rock","3:26","05/24/2018","2","No Part","3","3","2","No Part","No Part","No Part","2"
"Higher","Creed","1999","Human Clay","Rock","5:22","05/24/2018","2","No Part","3","3","3","No Part","No Part","No Part","3"
"Survive","The Warning","2017","XXI Century Blood","Rock","5:11","05/17/2018","4","No Part","5","2","2","No Part","No Part","No Part","3"
"I Hear the Dead","Dolly Spartans","2017","Time Sides With No One","Alternative","4:10","05/03/2018","4","No Part","4","1","3","No Part","No Part","No Part","3"
"Forget About Tomorrow","The Bergamot","2016","Tones","Alternative","4:00","05/03/2018","3","No Part","2","2","4","No Part","No Part","No Part","3"
"Shame","Jocelyn & Chris Arndt","2016","Edges","Rock","3:08","05/03/2018","2","No Part","0","3","2","No Part","No Part","No Part","2"
"Vinyl","Fly By Midnight","2018","New York Nostalgia","Pop/Dance/Electronic","3:27","05/03/2018","4","No Part","1","3","4","No Part","No Part","No Part","3"
"Body Like That","The Eiffels","2018","Body Like That - Single","Alternative","3:06","05/03/2018","2","No Part","2","1","2","No Part","No Part","No Part","2"
"We Are Family","Sister Sledge","1979","We Are Family","R&B/Soul/Funk","4:39","04/26/2018","3","No Part","1","6","4","No Part","No Part","No Part","3"
"Right Here, Right Now","Jesus Jones","1990","Doubt","Alternative","3:11","04/26/2018","3","No Part","5","2","2","No Part","No Part","No Part","4"
"Karma Chameleon","Culture Club","1983","Colour by Numbers","New Wave","3:45","04/19/2018","1","No Part","4","3","1","No Part","No Part","No Part","2"
"Pictures of Matchstick Men","Status Quo","1968","Picturesque Matchstickable Messages from the Status Quo","Classic Rock","3:13","04/19/2018","1","No Part","3","1","2","No Part","No Part","No Part","2"
"Torn In Two","Breaking Benjamin","2018","Ember","Rock","4:12","04/12/2018","4","No Part","4","2","3","No Part","No Part","No Part","3"
"The Heart From Your Hate","Trivium","2017","The Sin and the Sentence","Metal","4:08","04/12/2018","6","No Part","5","1","3","No Part","No Part","No Part","4"
"Steal My Sunshine","LEN","1999","You Can't Stop the Bum Rush","Alternative","3:32","04/05/2018","1","No Part","1","1","0","No Part","No Part","No Part","0"
"Run-Around","Blues Traveler","1994","Four","Rock","4:24","04/05/2018","5","No Part","3","6","3","No Part","No Part","No Part","4"
"Stolen Dance","Milky Chance","2013","Sadnecessary","Alternative","5:05","03/29/2018","3","No Part","0","2","0","No Part","No Part","No Part","1"
"I Want You","Savage Garden","1997","Savage Garden","Pop-Rock","3:53","03/29/2018","3","No Part","3","4","3","No Part","No Part","No Part","3"
"Cumbersome","Seven Mary Three","1995","American Standard","Alternative","4:02","03/22/2018","1","No Part","2","2","2","No Part","No Part","No Part","2"
"Is She Really Going Out With Him?","Joe Jackson","1978","Look Sharp!","Classic Rock","3:37","03/22/2018","1","No Part","3","2","1","No Part","No Part","No Part","2"
"Roll To Me","Del Amitri","1995","Twisted","Alternative","2:15","03/15/2018","3","No Part","3","2","0","No Part","No Part","No Part","2"
"Bad Company","Bad Company","1974","Bad Company","Classic Rock","4:58","03/15/2018","3","No Part","2","3","2","No Part","No Part","No Part","2"
"Unwritten","Natasha Bedingfield","2004","Unwritten","Pop-Rock","4:01","03/08/2018","3","No Part","3","4","1","No Part","No Part","No Part","2"
"All You Wanted","Michelle Branch","2001","The Spirit Room","Alternative","3:39","03/08/2018","2","No Part","4","4","2","No Part","No Part","No Part","3"
"Believer","Imagine Dragons","2017","Evolve","Alternative","3:26","03/01/2018","1","No Part","2","4","0","No Part","No Part","No Part","1"
"Broken","Seether ft. Amy Lee","2004","Disclaimer II","Alternative","4:21","02/22/2018","2","No Part","2","4","1","No Part","No Part","No Part","2"
"I Don't Want to Be","Gavin DeGraw","2003","Chariot","Pop-Rock","3:34","02/22/2018","2","No Part","3","5","3","No Part","No Part","No Part","3"
"Slide","Goo Goo Dolls","1998","Dizzy Up the Girl","Alternative","3:36","02/15/2018","3","No Part","3","3","3","No Part","No Part","No Part","3"
"Unwell","Matchbox Twenty","2002","More Than You Think You Are","Alternative","3:48","02/15/2018","3","No Part","1","4","0","No Part","No Part","No Part","1"
"Absolutely (Story Of A Girl)","Nine Days","2000","The Madding Crowd","Alternative","3:13","02/08/2018","4","No Part","4","3","4","No Part","No Part","No Part","4"
"Brick House","Commodores","1977","Commodores","R&B/Soul/Funk","3:50","02/08/2018","3","No Part","3","5","3","No Part","No Part","No Part","3"
"Live In The Moment","Portugal. The Man","2017","Woodstock","Alternative","4:07","02/01/2018","2","No Part","4","2","1","No Part","No Part","No Part","2"
"A Sky Full Of Stars","Coldplay","2014","Ghost Stories","Alternative","4:30","02/01/2018","2","No Part","3","2","1","No Part","No Part","No Part","2"
"Lonely Is The Night","Billy Squier","1981","Don't Say No","Classic Rock","4:40","01/25/2018","4","No Part","3","4","4","No Part","No Part","No Part","4"
"Takin' Care Of Business","Bachman-Turner Overdrive","1974","Bachman-Turner Overdrive II","Classic Rock","4:40","01/25/2018","4","No Part","2","2","2","No Part","No Part","No Part","2"
"That Don't Impress Me Much","Shania Twain","1997","Come On Over","Country","3:43","01/18/2018","2","No Part","0","3","1","No Part","No Part","No Part","2"
"Body Like A Back Road","Sam Hunt","2017","Body Like A Back Road","Country","2:46","01/18/2018","1","No Part","0","2","0","No Part","No Part","No Part","0"
"Burnin' It Down","Jason Aldean","2014","Old Boots, New Dirt","Country","3:43","01/18/2018","1","No Part","2","2","2","No Part","No Part","No Part","2"
"I Remember You","Skid Row","1989","Skid Row","Glam","5:18","01/11/2018","4","No Part","3","5","3","No Part","No Part","No Part","3"
"Who's Your Lover","Nightmare Air","2017","Who's Your Lover","Indie Rock","4:24","01/09/2018","2","No Part","3","3","2","No Part","No Part","No Part","3"
"Open Water","Assuming We Survive","2016","All Roads Lead Home","Rock","3:41","01/09/2018","3","No Part","5","2","4","No Part","No Part","No Part","4"
"Radio","No Small Children","2017","Radio","Rock","3:27","01/09/2018","2","No Part","5","4","2","No Part","No Part","No Part","3"
"Shy","HUNNY","2017","Windows I","Indie Rock","2:44","01/09/2018","3","No Part","5","3","3","No Part","No Part","No Part","3"
"Bloodhands (Oh My Fever)","In The Valley Below","2017","Elephant EP","Indie Rock","3:51","01/09/2018","4","No Part","3","3","1","No Part","No Part","No Part","3"
"Torn","Natalie Imbruglia","1997","Left of the Middle","Pop-Rock","4:18","01/04/2018","2","No Part","4","4","3","No Part","No Part","No Part","3"
"Enjoy the Silence","Depeche Mode","1990","Violator","Pop/Dance/Electronic","4:08","01/04/2018","1","No Part","2","2","3","No Part","No Part","No Part","2"
"Hooked On A Feeling","Blue Swede","1974","Hooked On A Feeling","Classic Rock","2:47","12/28/2017","2","No Part","1","2","1","No Part","No Part","No Part","1"
"Come On Eileen","Dexys Midnight Runners","1982","Too-Rye-Ay","New Wave","4:06","12/28/2017","3","No Part","2","5","3","No Part","No Part","No Part","3"
"18 and Life","Skid Row","1989","Skid Row","Glam","3:55","12/21/2017","3","No Part","2","4","3","No Part","No Part","No Part","3"
"Sorry Not Sorry","Demi Lovato","2017","Tell Me You Love Me","Pop/Dance/Electronic","3:24","12/14/2017","1","No Part","1","6","0","No Part","No Part","No Part","2"
"Attention","Charlie Puth","2018","Voicenotes","Pop-Rock","3:32","12/14/2017","3","No Part","1","5","3","No Part","No Part","No Part","3"
"Feel It Still","Portugal. The Man","2017","Woodstock","Alternative","2:45","12/14/2017","2","No Part","2","3","1","No Part","No Part","No Part","2"
"Thunder","Imagine Dragons","2017","Evolve","Alternative","3:07","12/14/2017","1","No Part","1","3","1","No Part","No Part","No Part","1"
"Run","Foo Fighters","2017","Concrete and Gold","Alternative","5:27","12/07/2017","3","No Part","4","3","4","No Part","No Part","No Part","3"
"Song #3","Stone Sour","2017","Hydrograd","Metal","4:08","12/07/2017","4","No Part","4","2","3","No Part","No Part","No Part","3"
"The Way You Used to Do","Queens of the Stone Age","2017","Villains","Alternative","4:22","12/07/2017","4","No Part","4","5","5","No Part","No Part","No Part","4"
"Twilight Of The Thunder God","Amon Amarth","2008","Twilight of the Thunder God","Metal","4:08","11/30/2017","6","No Part","6","0","6","No Part","No Part","No Part","6"
"Save A Horse (Ride A Cowboy)","Big & Rich","2004","Horse of a Different Color","Country","3:24","11/23/2017","4","No Part","3","3","1","No Part","No Part","No Part","3"
"Thug Love","Dance for the Dying","2011","EP 2011","Pop-Rock","2:54","11/20/2017","2","No Part","4","2","3","No Part","No Part","No Part","2"
"Hair Trigger","The Acro-brats","2010","Hair Trigger","Rock","2:16","11/20/2017","3","No Part","4","2","4","No Part","No Part","No Part","3"
"Soy Bomb","Honest Bob and the Factory-to-Dealer Incentives","2008","Third Time's the Charm","Indie Rock","2:38","11/20/2017","2","No Part","3","No Part","3","No Part","No Part","No Part","3"
"Doppelgänger","Freezepop","2010","Imaginary Friends","Pop/Dance/Electronic","3:49","11/20/2017","3","No Part","3","2","3","No Part","No Part","No Part","3"
"Collide","Anarchy Club","2007","A Single Drop of Red","Metal","3:24","11/20/2017","4","No Part","2","1","2","No Part","No Part","No Part","2"
"Cheat on the Church","Graveyard BBQ","2005","Greatest Hits Volume I","Metal","4:11","11/20/2017","5","No Part","2","3","2","No Part","No Part","No Part","5"
"Exploited & Exposed","Symbion Project","2009","Misery in Soliloquy","Pop/Dance/Electronic","3:33","11/20/2017","1","No Part","0","1","0","No Part","No Part","No Part","0"
"ShadowBang (Head)","Bang on a Can All-Stars","2003","ShadowBang","Other","3:01","11/20/2017","3","No Part","4","No Part","1","No Part","No Part","No Part","4"
"Blood Red Rock","Bang Camaro","2008","Bang Camaro II","Rock","3:00","11/20/2017","5","No Part","4","2","4","No Part","No Part","No Part","5"
"How We'd Look on Paper","The Main Drag","2007","Yours As Fast As Mine","Indie Rock","4:32","11/20/2017","4","No Part","5","3","4","No Part","No Part","No Part","5"
"The Sign","Ace of Base","1993","The Sign","Pop/Dance/Electronic","3:14","11/16/2017","2","No Part","3","4","1","No Part","No Part","No Part","2"
"Karma Police","Radiohead","1997","OK Computer","Alternative","4:26","11/16/2017","1","No Part","0","4","2","No Part","No Part","No Part","1"
"Super Beat Sports Big Baoz Battle","Steve Pardo","2017","Super Beat Sports - Original Soundtrack","Novelty","3:59","11/09/2017","4","No Part","5","No Part","5","No Part","No Part","No Part","5"
"Blister In The Sun","Violent Femmes","1983","Violent Femmes","Punk","2:28","11/09/2017","4","No Part","3","3","4","No Part","No Part","No Part","4"
"Slow Ride","Foghat","1975","Fool for the City","Classic Rock","3:47","11/02/2017","2","No Part","2","2","3","No Part","No Part","No Part","2"
"Play That Funky Music","Wild Cherry","1976","Wild Cherry","R&B/Soul/Funk","5:04","11/02/2017","4","No Part","2","6","3","No Part","No Part","No Part","3"
"Johnny B. Goode","Chuck Berry","1959","Chuck Berry Is on Top","Classic Rock","2:42","10/26/2017","4","No Part","2","4","3","No Part","No Part","No Part","3"
"Down In a Hole","Alice In Chains","1992","Dirt","Grunge","5:42","10/12/2017","2","No Part","2","4","2","No Part","No Part","No Part","2"
"Them Bones","Alice In Chains","1992","Dirt","Grunge","2:33","10/12/2017","4","No Part","3","3","3","No Part","No Part","No Part","3"
"Heat of the Moment","Asia","1982","Asia","Classic Rock","3:35","10/05/2017","3","No Part","3","3","3","No Part","No Part","No Part","3"
"There's Nothing Holdin' Me Back","Shawn Mendes","2016","Illuminate","Pop-Rock","3:23","09/28/2017","2","No Part","4","4","0","No Part","No Part","No Part","1"
"Burnin' for You","Blue Öyster Cult","1981","Fire of Unknown Origin","Classic Rock","4:35","09/28/2017","4","No Part","3","2","3","No Part","No Part","No Part","3"
"Super Freak","Rick James","1981","Street Songs","R&B/Soul/Funk","3:18","09/21/2017","1","No Part","1","5","2","No Part","No Part","No Part","1"
"God Damn","Avenged Sevenfold","2016","The Stage","Metal","3:43","09/14/2017","6","No Part","6","4","6","No Part","No Part","No Part","6"
"Ice Ice Baby","Vanilla Ice","1990","To the Extreme","Hip-Hop/Rap","4:27","09/07/2017","0","No Part","0","0","0","No Part","No Part","No Part","0"
"I Wanna Dance With Somebody (Who Loves Me)","Whitney Houston","1987","Whitney","Pop/Dance/Electronic","4:42","09/07/2017","2","No Part","4","5","3","No Part","No Part","No Part","3"
"Stranglehold","Ted Nugent","1975","Ted Nugent","Classic Rock","8:25","08/31/2017","5","No Part","3","3","4","No Part","No Part","No Part","4"
"Every Morning","Sugar Ray","1999","14:59","Alternative","3:29","08/24/2017","1","No Part","1","3","1","No Part","No Part","No Part","1"
"Stupid Girl","Garbage","1995","Garbage","Alternative","4:22","08/24/2017","1","No Part","2","2","2","No Part","No Part","No Part","2"
"Hold On","Wilson Phillips","1990","Wilson Phillips","Pop-Rock","4:08","07/20/2017","2","No Part","4","4","3","No Part","No Part","No Part","3"
"She","Legitimate Front","2012","Off the Hook","R&B/Soul/Funk","5:08","07/18/2017","4","No Part","3","2","5","No Part","No Part","No Part","4"
"In-A-Gadda-Da-Vida","Iron Butterfly","1968","In-A-Gadda-Da-Vida","Classic Rock","17:07","07/13/2017","5","No Part","6","3","5","No Part","No Part","No Part","5"
"Girls Just Want To Have Fun","Cyndi Lauper","1983","She's So Unusual","Pop-Rock","3:48","06/22/2017","3","No Part","0","4","2","No Part","No Part","No Part","2"
"Killing Is Just A Means","Permaband","2014","Killing Is Just A Means","Rock","4:48","06/15/2017","5","No Part","1","3","1","No Part","No Part","No Part","2"
"Wrecking Machine","Permaband","2016","Wrecking Machine","Rock","3:52","06/15/2017","5","No Part","2","2","3","No Part","No Part","No Part","3"
"Shout","The Isley Brothers","1959","Shout!","R&B/Soul/Funk","4:22","05/18/2017","2","No Part","3","6","2","No Part","No Part","No Part","4"
"Kids","MGMT","2007","Oracular Spectacular","Pop/Dance/Electronic","5:02","05/11/2017","4","No Part","3","2","2","No Part","No Part","No Part","3"
"This Is How We Do It","Montell Jordan","1995","This Is How We Do It","Hip-Hop/Rap","3:35","05/04/2017","1","No Part","1","4","0","No Part","No Part","No Part","1"
"Bizarre Love Triangle","New Order","1986","Brotherhood","New Wave","4:23","04/13/2017","4","No Part","5","3","5","No Part","No Part","No Part","4"
"You Make My Dreams","Hall & Oates","1980","Voices","Pop-Rock","2:46","04/06/2017","1","No Part","0","4","2","No Part","No Part","No Part","1"
"Shape of You","Ed Sheeran","2017","Divide","Pop-Rock","3:57","03/30/2017","2","No Part","3","4","0","No Part","No Part","No Part","3"
"Bored To Death","Blink-182","2016","California","Punk","3:53","03/23/2017","1","No Part","6","2","3","No Part","No Part","No Part","3"
"Use Somebody","Kings Of Leon","2008","Only by the Night","Rock","3:49","03/23/2017","1","No Part","3","1","1","No Part","No Part","No Part","1"
"Alive","The Temper Trap","2016","Thick as Thieves","Indie Rock","3:30","03/23/2017","2","No Part","5","3","2","No Part","No Part","No Part","3"
"You & Me","The Hunna","2016","100","Indie Rock","3:04","03/23/2017","2","No Part","2","1","1","No Part","No Part","No Part","2"
"True Confessions","Blondfire","2016","True Confessions - EP","Indie Rock","3:37","03/23/2017","1","No Part","5","2","3","No Part","No Part","No Part","2"
"Postpone","Catfish And The Bottlemen","2016","The Ride","Indie Rock","4:06","03/23/2017","3","No Part","3","4","3","No Part","No Part","No Part","3"
"To My Romeo","Spirit Kid","2016","Single","Pop-Rock","2:59","03/23/2017","3","No Part","1","4","4","No Part","No Part","No Part","3"
"Pull Me Under","Dream Theater","1992","Images and Words","Prog","8:18","03/23/2017","6","No Part","6","2","5","No Part","No Part","No Part","5"
"I Will Wait","Mumford & Sons","2012","Babel","Rock","4:38","03/23/2017","6","No Part","1","4","0","No Part","No Part","No Part","3"
"Promise Everything","Basement","2016","Promise Everything","Alternative","2:34","03/23/2017","1","No Part","3","1","2","No Part","No Part","No Part","2"
"Counting Stars","OneRepublic","2013","Native","Pop-Rock","4:19","03/23/2017","3","No Part","5","4","1","No Part","No Part","No Part","4"
"(You're) Breakin' Up","The Black Cheers","2015","Sick Gun","Punk","2:48","03/23/2017","4","No Part","4","1","3","No Part","No Part","No Part","4"
"Cirice","Ghost","2015","Meliora","Metal","6:03","03/23/2017","3","No Part","1","2","2","No Part","No Part","No Part","2"
"Rebel Heart","The Shelters","2016","The Shelters","Rock","4:01","03/23/2017","3","No Part","3","1","2","No Part","No Part","No Part","3"
"Float","Switchfoot","2016","Where the Light Shines Through","Alternative","3:52","03/23/2017","2","No Part","3","2","4","No Part","No Part","No Part","3"
"Heaven Knows","The Pretty Reckless","2014","Going to Hell","Rock","3:29","03/23/2017","2","No Part","2","3","3","No Part","No Part","No Part","2"
"Champagne Supernova","Oasis","1995","(What's the Story) Morning Glory?","Rock","7:06","03/23/2017","3","No Part","2","2","1","No Part","No Part","No Part","2"
"Freewill (Vault Edition)","Rush","1980","Permanent Waves","Prog","5:23","03/23/2017","6","No Part","6","5","5","No Part","No Part","No Part","6"
"Mother Mother","Tracy Bonham","1996","The Burdens of Being Upright","Alternative","3:06","03/23/2017","2","No Part","3","3","3","No Part","No Part","No Part","3"
"Gold On The Ceiling","The Black Keys","2011","El Camino","Rock","3:38","03/23/2017","3","No Part","3","1","0","No Part","No Part","No Part","2"
"Ain't It Fun","Paramore","2013","Paramore","Pop-Rock","5:03","03/23/2017","3","No Part","3","5","4","No Part","No Part","No Part","4"
"Circles","Pierce the Veil","2016","Misadventures","Emo","3:46","03/23/2017","3","No Part","4","4","3","No Part","No Part","No Part","4"
"Black Seas","Arctic Horror","2016","Goatist","Metal","3:43","03/23/2017","4","No Part","5","0","3","No Part","No Part","No Part","4"
"Sweater Weather","Parks","2012","Single","Pop-Rock","3:31","03/23/2017","3","No Part","2","4","4","No Part","No Part","No Part","3"
"Glass House","Kaleo","2013","Kaleo","Rock","4:18","03/23/2017","5","No Part","4","5","3","No Part","No Part","No Part","5"
"Cross That Line","Michael Christmas","2016","Boston Sessions, Vol. 1: Beast","Hip-Hop/Rap","2:57","03/17/2017","0","No Part","0","1","1","No Part","No Part","No Part","0"
"Good","STL GLD","2016","Boston Sessions, Vol. 1: Beast","Hip-Hop/Rap","3:10","03/17/2017","0","No Part","2","1","1","No Part","No Part","No Part","1"
"RudeBoys","Dutch ReBelle","2016","Boston Sessions, Vol. 1: Beast","Hip-Hop/Rap","3:39","03/17/2017","1","No Part","2","2","0","No Part","No Part","No Part","1"
"History Repeats","Creaturos","2016","Boston Sessions, Vol. 1: Beast","Rock","3:50","03/17/2017","1","No Part","2","0","1","No Part","No Part","No Part","1"
"Casablanca","Littlefoot","2016","Boston Sessions, Vol. 1: Beast","Indie Rock","3:23","03/17/2017","1","No Part","1","2","1","No Part","No Part","No Part","1"
"Hurry Up (& Wait For You)","Julie Rhodes","2016","Boston Sessions, Vol. 1: Beast","Indie Rock","3:07","03/17/2017","2","No Part","2","3","1","No Part","No Part","No Part","2"
"Sink","Animal Flag","2016","Boston Sessions, Vol. 1: Beast","Indie Rock","3:20","03/17/2017","3","No Part","4","1","3","No Part","No Part","No Part","3"
"No Place For Me","Black Beach","2016","Boston Sessions, Vol. 1: Beast","Rock","1:57","03/17/2017","2","No Part","3","1","3","No Part","No Part","No Part","2"
"These Hands","Bent Knee","2016","Boston Sessions, Vol. 1: Beast","Indie Rock","5:37","03/17/2017","2","No Part","3","4","2","No Part","No Part","No Part","3"
"Skydiver","Ruby Rose Fox","2016","Boston Sessions, Vol. 1: Beast","Indie Rock","3:46","03/17/2017","4","No Part","4","4","3","No Part","No Part","No Part","4"
"Alone Time","Tigerman WOAH","2016","Boston Sessions, Vol. 1: Beast","Rock","3:42","03/17/2017","3","No Part","3","5","3","No Part","No Part","No Part","3"
"Danger Zone","Kenny Loggins","1986","The Essential Kenny Loggins","Pop-Rock","3:20","03/16/2017","4","No Part","3","4","4","No Part","No Part","No Part","4"
"Can't Hold Us","Macklemore & Ryan Lewis ft. Ray Dalton","2012","The Heist","Hip-Hop/Rap","4:22","03/09/2017","1","No Part","5","3","0","No Part","No Part","No Part","3"
"Outside","Staind","2001","Break the Cycle","Nu-Metal","4:53","03/02/2017","1","No Part","1","2","1","No Part","No Part","No Part","1"
"Black Betty","Ram Jam","1977","Ram Jam","Classic Rock","4:00","02/23/2017","5","No Part","5","2","6","No Part","No Part","No Part","5"
"Don't You (Forget About Me)","Simple Minds","1985","Celebrate: The Greatest Hits","New Wave","4:18","02/09/2017","4","No Part","5","4","3","No Part","No Part","No Part","4"
"Want To Want Me","Jason Derulo","2015","Everything Is 4","Pop/Dance/Electronic","3:30","02/09/2017","2","No Part","4","4","4","No Part","No Part","No Part","4"
"I Will Survive","Cake","1996","Fashion Nugget","Alternative","5:15","02/09/2017","3","No Part","3","2","4","No Part","No Part","No Part","3"
"I Wanna Rock","Twisted Sister","1984","Stay Hungry","Glam","3:16","02/02/2017","4","No Part","3","1","2","No Part","No Part","No Part","3"
"The Edge of Glory","Lady Gaga","2011","Born This Way","Pop/Dance/Electronic","5:22","01/26/2017","5","No Part","3","3","4","No Part","No Part","No Part","3"
"A-YO","Lady Gaga","2016","Joanne","Pop/Dance/Electronic","3:29","01/26/2017","2","No Part","1","3","1","No Part","No Part","No Part","2"
"Applause","Lady Gaga","2013","Artpop","Pop/Dance/Electronic","3:33","01/26/2017","1","No Part","1","4","0","No Part","No Part","No Part","1"
"S.O.M.P.","Skratch'N Snyf","1990","Arkade of Dreams","Glam","4:38","01/25/2017","6","No Part","4","3","3","No Part","No Part","No Part","4"
"Hold the Line","Toto","1978","Toto","Pop-Rock","4:00","01/19/2017","4","No Part","3","3","1","No Part","No Part","No Part","3"
"Cheerleader (Felix Jaehn Remix)","OMI","2015","Me 4 U","Pop/Dance/Electronic","3:04","01/12/2017","2","No Part","1","2","0","No Part","No Part","No Part","1"
"Some Nights","Fun.","2012","Some Nights","Pop-Rock","4:38","01/12/2017","4","No Part","3","5","1","No Part","No Part","No Part","4"
"The Stage","Avenged Sevenfold","2016","The Stage","Metal","8:33","01/05/2017","6","No Part","6","3","4","No Part","No Part","No Part","6"
"Dead Memories","Slipknot","2008","All Hope Is Gone","Nu-Metal","4:31","01/05/2017","4","No Part","5","2","3","No Part","No Part","No Part","4"
"Trust","Megadeth","1997","Cryptic Writings","Metal","5:15","01/05/2017","4","No Part","2","2","2","No Part","No Part","No Part","2"
"Wake Me Up","Avicii","2013","True","Pop/Dance/Electronic","4:07","12/29/2016","2","No Part","1","4","0","No Part","No Part","No Part","2"
"Party Rock Anthem","LMFAO ft. Lauren Bennett & GoonRock","2011","Sorry for Party Rocking","Pop/Dance/Electronic","4:25","12/29/2016","1","No Part","3","1","1","No Part","No Part","No Part","1"
"Celebration","Kool & the Gang","1980","Celebrate!","R&B/Soul/Funk","4:49","12/29/2016","3","No Part","0","3","1","No Part","No Part","No Part","2"
"Rag Doll","Aerosmith","1987","Permanent Vacation","Rock","4:18","12/22/2016","3","No Part","4","5","2","No Part","No Part","No Part","3"
"Crazy","Aerosmith","1993","Get a Grip","Rock","5:19","12/22/2016","3","No Part","2","5","1","No Part","No Part","No Part","3"
"Livin' On The Edge","Aerosmith","1993","Get a Grip","Rock","6:06","12/22/2016","4","No Part","1","4","2","No Part","No Part","No Part","3"
"Janie's Got A Gun","Aerosmith","1989","Pump","Rock","5:13","12/22/2016","4","No Part","3","4","2","No Part","No Part","No Part","3"
"Angel","Aerosmith","1987","Permanent Vacation","Rock","4:59","12/22/2016","4","No Part","0","4","0","No Part","No Part","No Part","2"
"I Don't Want to Miss a Thing","Aerosmith","1998","The Essential Aerosmith","Rock","4:36","12/22/2016","2","No Part","0","3","1","No Part","No Part","No Part","1"
"The Greatest","Sia ft. Kendrick Lamar","2016","This Is Acting (Deluxe Edition)","Pop/Dance/Electronic","3:09","12/15/2016","2","No Part","4","4","3","No Part","No Part","No Part","3"
"All About That Bass","Meghan Trainor","2015","Title","Pop/Dance/Electronic","3:13","12/15/2016","0","No Part","1","5","2","No Part","No Part","No Part","1"
"Royals","Lorde","2013","Pure Heroine","Pop/Dance/Electronic","3:14","12/15/2016","0","No Part","2","3","0","No Part","No Part","No Part","0"
"I Recognize","Newfane","2016","Wellness Center","Alternative","5:38","12/14/2016","5","No Part","2","1","3","No Part","No Part","No Part","3"
"Mean Girls","Petty Morals","2016","Single","Pop-Rock","2:27","12/14/2016","2","No Part","3","2","3","No Part","No Part","No Part","2"
"Pain Killer","Ruby Rose Fox","2016","Domestic","Indie Rock","3:33","12/14/2016","2","No Part","1","5","1","No Part","No Part","No Part","2"
"Never Let 'Em Hold Ya Back!","Parlour Bells","2016","Waylaid in the Melée","Glam","4:53","12/14/2016","3","No Part","4","3","2","No Part","No Part","No Part","3"
"Bethany","Goddamn Draculas","2015","Bethany","Rock","4:11","12/14/2016","3","No Part","3","3","2","No Part","No Part","No Part","3"
"True Confessional","Party Bois","2016","True Confessional","Pop/Dance/Electronic","3:18","12/14/2016","2","No Part","5","2","3","No Part","No Part","No Part","3"
"Closer, Closer","The Warning Shots","2016","Tonight!","Punk","3:02","12/14/2016","5","No Part","3","2","3","No Part","No Part","No Part","3"
"Black Corridor","Worshipper","2016","Shadow Hymns","Metal","4:01","12/14/2016","5","No Part","4","3","5","No Part","No Part","No Part","4"
"Shadow","Bearstronaut","2016","Telecoast","Pop-Rock","3:31","12/14/2016","3","No Part","5","4","3","No Part","No Part","No Part","4"
"Constant Disaster","When Particles Collide","2014","Photoelectric","Alternative","4:28","12/14/2016","2","No Part","3","4","2","No Part","No Part","No Part","3"
"Hour of Rats","The Red Chord","2009","Fed Through the Teeth Machine","Metal","2:46","12/14/2016","6","No Part","6","0","5","No Part","No Part","No Part","6"
"Black Streak","Nemes","2014","I Carry Your Heart","Indie Rock","2:26","12/14/2016","4","No Part","2","3","4","No Part","No Part","No Part","3"
"Heathens","Twenty One Pilots","2016","Suicide Squad: The Album","Alternative","3:14","12/08/2016","1","No Part","0","3","0","No Part","No Part","No Part","1"
"Ride","Twenty One Pilots","2015","Blurryface","Alternative","3:37","12/08/2016","0","No Part","1","4","0","No Part","No Part","No Part","1"
"Waste A Moment","Kings Of Leon","2016","Walls","Rock","3:05","12/01/2016","1","No Part","3","2","1","No Part","No Part","No Part","2"
"Starboy","The Weeknd ft. Daft Punk","2016","Starboy","Pop/Dance/Electronic","3:47","12/01/2016","0","No Part","4","2","1","No Part","No Part","No Part","1"
"Hymn For The Weekend","Coldplay","2015","A Head Full of Dreams","Alternative","4:11","11/22/2016","3","No Part","4","3","1","No Part","No Part","No Part","3"
"24K Magic","Bruno Mars","2016","24K Magic","Pop-Rock","3:50","11/22/2016","2","No Part","2","4","3","No Part","No Part","No Part","2"
"Still Breathing","Green Day","2016","Revolution Radio","Rock","3:47","11/22/2016","1","No Part","1","2","2","No Part","No Part","No Part","1"
"Complicated","Avril Lavigne","2002","Let Go","Pop-Rock","4:06","11/17/2016","2","No Part","2","3","2","No Part","No Part","No Part","2"
"What The Hell","Avril Lavigne","2011","Goodbye Lullaby","Pop-Rock","3:43","11/17/2016","1","No Part","2","4","2","No Part","No Part","No Part","2"
"My Happy Ending","Avril Lavigne","2004","Under My Skin","Pop-Rock","4:06","11/17/2016","3","No Part","3","2","3","No Part","No Part","No Part","3"
"She Drives Me Crazy","Fine Young Cannibals","1989","The Raw & the Cooked","New Wave","3:43","11/10/2016","2","No Part","4","1","0","No Part","No Part","No Part","2"
"Time After Time","Cyndi Lauper","1983","She's So Unusual","Pop-Rock","3:48","11/10/2016","2","No Part","0","1","1","No Part","No Part","No Part","1"
"Lovesong","The Cure","1989","Disintegration","New Wave","3:29","11/10/2016","2","No Part","2","3","3","No Part","No Part","No Part","3"
"Born Again Tomorrow","Bon Jovi","2016","This House Is Not For Sale","Rock","3:35","11/03/2016","3","No Part","1","2","0","No Part","No Part","No Part","1"
"Hold My Hand","Hootie & The Blowfish","1994","Cracked Rear View","Alternative","4:19","11/01/2016","2","No Part","1","4","3","No Part","No Part","No Part","3"
"Only Wanna Be With You","Hootie & The Blowfish","1994","Cracked Rear View","Alternative","3:49","11/01/2016","3","No Part","4","1","3","No Part","No Part","No Part","3"
"Let Her Cry","Hootie & The Blowfish","1994","Cracked Rear View","Alternative","5:09","11/01/2016","2","No Part","0","2","2","No Part","No Part","No Part","2"
"Cheap Thrills","Sia ft. Sean Paul","2016","This Is Acting","Pop/Dance/Electronic","3:39","10/27/2016","0","No Part","3","4","1","No Part","No Part","No Part","2"
"Closer","The Chainsmokers ft. Halsey","2016","Closer","Pop/Dance/Electronic","4:08","10/27/2016","1","No Part","1","2","1","No Part","No Part","No Part","1"
"Closing Time","Semisonic","1998","Feeling Strangely Fine","Alternative","4:38","10/18/2016","2","No Part","2","2","1","No Part","No Part","No Part","2"
"One More Night","Maroon 5","2012","Overexposed","Pop-Rock","3:45","10/18/2016","1","No Part","4","4","2","No Part","No Part","No Part","3"
"3AM","Matchbox Twenty","1996","Yourself or Someone Like You","Alternative","3:49","10/18/2016","3","No Part","1","4","3","No Part","No Part","No Part","3"
"Sweater Weather","The Neighbourhood","2013","I Love You","Indie Rock","3:59","10/18/2016","1","No Part","1","4","0","No Part","No Part","No Part","1"
"Happy Song","Bring Me The Horizon","2015","That's The Spirit","Nu-Metal","4:03","10/18/2016","2","No Part","3","1","2","No Part","No Part","No Part","2"
"Save Tonight","Eagle-Eye Cherry","1997","Desireless","Alternative","3:36","10/18/2016","4","No Part","2","1","2","No Part","No Part","No Part","3"
"Feel Invincible","Skillet","2016","Unleashed","Rock","3:50","10/18/2016","3","No Part","4","4","0","No Part","No Part","No Part","4"
"Safe and Sound","Capital Cities","2013","In a Tidal Wave of Mystery","Pop/Dance/Electronic","3:16","10/18/2016","3","No Part","4","1","3","No Part","No Part","No Part","3"
"Little Talks","Of Monsters And Men","2011","My Head Is an Animal","Indie Rock","4:17","10/18/2016","1","No Part","1","2","0","No Part","No Part","No Part","1"
"King of the World","Weezer","2016","Weezer (The White Album)","Alternative","3:26","10/18/2016","1","No Part","2","4","2","No Part","No Part","No Part","2"
"Chandelier","Sia","2014","1000 Forms of Fear","Pop/Dance/Electronic","3:37","10/18/2016","0","No Part","3","6","0","No Part","No Part","No Part","2"
"Happy","Pharrell Williams","2014","Girl","Pop/Dance/Electronic","3:54","10/18/2016","1","No Part","1","3","2","No Part","No Part","No Part","1"
"Treat You Better","Shawn Mendes","2016","Illuminate","Pop-Rock","3:10","10/11/2016","2","No Part","4","2","0","No Part","No Part","No Part","2"
"Honey, I'm Good.","Andy Grammer","2014","Magazines or Novels","Pop-Rock","3:14","10/11/2016","2","No Part","3","4","1","No Part","No Part","No Part","3"
"Stop","Jane's Addiction","1990","Ritual de lo Habitual","Alternative","4:15","10/04/2016","5","No Part","4","4","4","No Part","No Part","No Part","4"
"Flagpole Sitta","Harvey Danger","1997","Where Have All the Merrymakers Gone?","Alternative","3:41","10/04/2016","0","No Part","2","2","1","No Part","No Part","No Part","1"
"HandClap","Fitz and the Tantrums","2016","Fitz and the Tantrums","Pop-Rock","3:15","09/27/2016","1","No Part","2","1","2","No Part","No Part","No Part","1"
"The Sound Of Silence","Disturbed","2015","Immortalized","Nu-Metal","4:11","09/27/2016","1","No Part","0","3","0","No Part","No Part","No Part","1"
"The Devil In I","Slipknot","2014",".5: The Gray Chapter","Nu-Metal","6:00","09/20/2016","4","No Part","6","2","5","No Part","No Part","No Part","5"
"Dystopia","Megadeth","2016","Dystopia","Metal","4:57","09/20/2016","6","No Part","6","1","4","No Part","No Part","No Part","5"
"Road To Nowhere","Ozzy Osbourne","1991","No More Tears","Metal","5:07","09/20/2016","5","No Part","2","3","3","No Part","No Part","No Part","4"
"All For You","Sister Hazel","1997","...Somewhere More Familiar","Alternative","3:45","09/13/2016","3","No Part","2","2","3","No Part","No Part","No Part","3"
"Dirt Road Anthem","Jason Aldean","2010","My Kinda Party","Country","3:54","09/13/2016","2","No Part","2","2","2","No Part","No Part","No Part","2"
"Wrong Side Of Heaven","Five Finger Death Punch","2013","The Wrong Side of Heaven and the Righteous Side of Hell, Volume 1","Metal","4:27","09/06/2016","4","No Part","3","2","2","No Part","No Part","No Part","3"
"Lifestyles Of The Rich & Famous","Good Charlotte","2002","The Young and the Hopeless","Punk","3:14","09/06/2016","1","No Part","2","2","2","No Part","No Part","No Part","2"
"Seventeen","Winger","1988","Winger","Glam","4:52","08/30/2016","6","No Part","4","2","3","No Part","No Part","No Part","5"
"What About Love?","Heart","1985","Heart","Classic Rock","3:38","08/30/2016","1","No Part","3","3","0","No Part","No Part","No Part","2"
"I'm Yours","Jason Mraz","2008","We Sing. We Dance. We Steal Things.","Pop-Rock","3:45","08/23/2016","1","No Part","1","5","1","No Part","No Part","No Part","2"
"Starships","Nicki Minaj","2012","Pink Friday: Roman Reloaded","Pop/Dance/Electronic","3:33","08/23/2016","0","No Part","1","3","1","No Part","No Part","No Part","1"
"Everything You Want","Vertical Horizon","1999","Everything You Want ","Alternative","4:22","08/16/2016","3","No Part","2","1","2","No Part","No Part","No Part","2"
"If You Could Only See","Tonic","1996","Lemon Parade","Alternative","4:27","08/16/2016","3","No Part","1","3","4","No Part","No Part","No Part","3"
"Heaven Is A Place On Earth","Belinda Carlisle","1987","Heaven on Earth ","Pop-Rock","4:07","08/09/2016","5","No Part","4","3","3","No Part","No Part","No Part","3"
"Blurred Lines","Robin Thicke ft. Pharrell","2013","Blurred Lines","R&B/Soul/Funk","3:42","08/02/2016","1","No Part","3","5","1","No Part","No Part","No Part","2"
"Mr. Jones","Counting Crows","1993","August and Everything After","Alternative","4:33","08/02/2016","2","No Part","3","5","3","No Part","No Part","No Part","3"
"Pompeii","Bastille","2013","Bad Blood","Indie Rock","3:37","07/26/2016","1","No Part","5","3","2","No Part","No Part","No Part","3"
"I Gotta Feeling","The Black Eyed Peas","2009","The E.N.D","Pop/Dance/Electronic","4:54","07/26/2016","1","No Part","4","3","0","No Part","No Part","No Part","2"
"Hemorrhage (In My Hands)","Fuel","2000","Something Like Human","Rock","3:59","07/19/2016","2","No Part","2","2","2","No Part","No Part","No Part","2"
"Uptown Girl","Billy Joel","1983","An Innocent Man","Classic Rock","3:23","07/19/2016","1","No Part","1","4","2","No Part","No Part","No Part","2"
"Rock This Town","Brian Setzer","2007","The Hits","Rock","3:35","07/12/2016","5","No Part","3","5","5","No Part","No Part","No Part","5"
"Jumper","Third Eye Blind","1997","Third Eye Blind","Alternative","4:35","07/12/2016","2","No Part","3","3","3","No Part","No Part","No Part","2"
"Lips Of An Angel","Hinder","2005","Extreme Behavior","Rock","4:30","07/05/2016","2","No Part","0","1","1","No Part","No Part","No Part","1"
"Where Is My Mind?","Pixies","1988","Surfer Rosa","Alternative","3:50","07/05/2016","2","No Part","0","3","1","No Part","No Part","No Part","1"
"Africa","Toto","1982","Toto IV","Pop-Rock","4:50","06/28/2016","3","No Part","4","5","3","No Part","No Part","No Part","3"
"All These Things That I've Done","The Killers","2004","Hot Fuss","Alternative","5:05","06/28/2016","0","No Part","4","2","3","No Part","No Part","No Part","2"
"Never Too Late","Three Days Grace","2006","One-X","Rock","3:32","06/21/2016","2","No Part","1","2","1","No Part","No Part","No Part","1"
"Radioactive","Imagine Dragons","2012","Night Visions","Alternative","3:09","06/21/2016","1","No Part","0","1","4","No Part","No Part","No Part","1"
"Iris","Goo Goo Dolls","1998","Dizzy Up The Girl","Alternative","4:51","06/14/2016","2","No Part","3","2","2","No Part","No Part","No Part","2"
"Rude","MAGIC!","2014","Don't Kill the Magic","Pop-Rock","3:45","06/14/2016","2","No Part","4","4","3","No Part","No Part","No Part","3"
"Hook","Blues Traveler","1994","Four","Rock","4:55","06/07/2016","6","No Part","4","6","5","No Part","No Part","No Part","5"
"Famous Last Words","My Chemical Romance","2006","The Black Parade","Emo","5:02","06/07/2016","4","No Part","3","4","1","No Part","No Part","No Part","3"
"Cherry Pie","Warrant","1990","Cherry Pie","Glam","3:22","05/31/2016","4","No Part","4","4","3","No Part","No Part","No Part","4"
"We're Not Gonna Take It","Twisted Sister","1984","Stay Hungry","Glam","3:45","05/31/2016","2","No Part","4","2","3","No Part","No Part","No Part","3"
"Hey Jealousy","Gin Blossoms","1993","New Miserable Experience","Alternative","3:50","05/24/2016","3","No Part","3","3","2","No Part","No Part","No Part","3"
"Found Out About You","Gin Blossoms","1993","New Miserable Experience","Alternative","3:55","05/24/2016","3","No Part","3","2","2","No Part","No Part","No Part","2"
"Take Me To Church","Hozier","2014","Hozier","Indie Rock","4:02","05/17/2016","0","No Part","0","6","0","No Part","No Part","No Part","1"
"Breakfast At Tiffany's","Deep Blue Something","1994","Home","Alternative","4:20","05/17/2016","3","No Part","5","2","1","No Part","No Part","No Part","3"
"Learning To Fly","Tom Petty & The Heartbreakers","1991","Into the Great Wide Open","Rock","4:00","05/10/2016","1","No Part","1","2","0","No Part","No Part","No Part","1"
"Don't Do Me Like That","Tom Petty & The Heartbreakers","1979","Damn the Torpedoes","Rock","2:54","05/10/2016","2","No Part","2","3","1","No Part","No Part","No Part","2"
"Redneck","Lamb of God","2006","Sacrament","Metal","3:42","04/26/2016","6","No Part","6","0","6","No Part","No Part","No Part","6"
"Dope Nose","Weezer","2002","Maladroit","Alternative","2:21","04/26/2016","4","No Part","4","4","4","No Part","No Part","No Part","4"
"What I Like About You","The Romantics","1980","The Romantics","Pop-Rock","2:59","04/26/2016","4","No Part","2","1","3","No Part","No Part","No Part","3"
"Boyfriend","Justin Bieber","2012","Believe","Pop/Dance/Electronic","2:59","04/19/2016","0","No Part","2","3","0","No Part","No Part","No Part","1"
"Sorry","Justin Bieber","2015","Purpose","Pop/Dance/Electronic","3:23","04/19/2016","0","No Part","4","3","1","No Part","No Part","No Part","2"
"Love Yourself","Justin Bieber","2015","Purpose","Pop/Dance/Electronic","3:55","04/19/2016","1","No Part","No Part","2","No Part","No Part","No Part","No Part","1"
"Cake By The Ocean","DNCE","2015","Swaay","Pop-Rock","3:41","04/12/2016","2","No Part","4","3","2","No Part","No Part","No Part","2"
"The Hills","The Weeknd","2015","Beauty Behind the Madness","Pop/Dance/Electronic","3:59","04/12/2016","0","No Part","4","4","1","No Part","No Part","No Part","2"
"Stressed Out","Twenty One Pilots","2015","Blurryface","Alternative","3:26","04/12/2016","1","No Part","3","2","1","No Part","No Part","No Part","2"
"Trash Candy","Tijuana Sweetheart","2009","Trash Candy","Punk","2:28","04/05/2016","2","No Part","4","3","2","No Part","No Part","No Part","2"
"Don't Let Me Down (Slowly)","The Main Drag","2009","You Are Underwater","Indie Rock","3:28","04/05/2016","4","No Part","5","4","4","No Part","No Part","No Part","4"
"No Mercy","Tijuana Sweetheart","2009","Trash Candy","Punk","2:45","04/05/2016","4","No Part","4","3","4","No Part","No Part","No Part","5"
"Blink","Father Octopus","2010","","Rock","4:37","04/05/2016","4","No Part","4","3","3","No Part","No Part","No Part","5"
"Signs","Giant Target","2009","","Punk","2:08","04/05/2016","4","No Part","5","3","3","No Part","No Part","No Part","5"
"Synthesized","Symbion Project","2003","","Pop/Dance/Electronic","3:11","04/05/2016","2","No Part","5","2","2","No Part","No Part","No Part","5"
"What's Your Favorite Dinosaur?","The Main Drag","2007","Yours As Fast As Mine","Indie Rock","3:27","04/05/2016","3","No Part","5","2","3","No Part","No Part","No Part","5"
"Push Push (Lady Lightning)","Bang Camaro","2007","Bang Camaro","Rock","4:41","04/05/2016","5","No Part","5","0","3","No Part","No Part","No Part","5"
"Lodger","Blanks.","2009","Infinite Lives","Indie Rock","4:34","04/05/2016","3","No Part","5","4","4","No Part","No Part","No Part","6"
"The Heist","DnA's Evolution","2009","DnA's Evolution","Rock","4:10","04/05/2016","3","No Part","4","0","3","No Part","No Part","No Part","4"
"Megasus","Megasus","2008","7 Inches of Sorcery","Metal","3:49","04/05/2016","3","No Part","5","1","2","No Part","No Part","No Part","5"
"That's My Kind Of Night","Luke Bryan","2013","Crash My Party","Country","3:14","03/29/2016","6","No Part","2","2","3","No Part","No Part","No Part","4"
"Blown Away","Carrie Underwood","2012","Blown Away","Country","3:56","03/29/2016","2","No Part","2","3","1","No Part","No Part","No Part","2"
"House Party","Sam Hunt","2014","Montevallo","Country","3:14","03/29/2016","3","No Part","5","3","0","No Part","No Part","No Part","3"
"Everybody Talks","Neon Trees","2012","Picture Show","Pop-Rock","3:01","03/22/2016","3","No Part","3","3","3","No Part","No Part","No Part","3"
"My Songs Know What You Did in the Dark (Light Em Up)","Fall Out Boy","2013","Save Rock and Roll","Pop-Rock","3:11","03/22/2016","2","No Part","3","4","0","No Part","No Part","No Part","2"
"She Looks So Perfect","5 Seconds of Summer","2014","5 Seconds of Summer","Pop-Rock","3:29","03/22/2016","2","No Part","3","3","2","No Part","No Part","No Part","2"
"Dreams","The Cranberries","1993","Everybody Else Is Doing It, So Why Can't We? ","Alternative","4:21","03/15/2016","2","No Part","3","4","0","No Part","No Part","No Part","3"
"Zombie","The Cranberries","1994","No Need to Argue","Alternative","5:13","03/15/2016","2","No Part","4","3","1","No Part","No Part","No Part","3"
"Ode To My Family","The Cranberries","1994","No Need to Argue","Alternative","4:35","03/15/2016","2","No Part","4","3","2","No Part","No Part","No Part","3"
"Best Song Ever","One Direction","2013","Midnight Memories","Pop/Dance/Electronic","3:13","03/08/2016","5","No Part","4","6","2","No Part","No Part","No Part","5"
"Story of My Life","One Direction","2013","Midnight Memories","Pop/Dance/Electronic","4:05","03/08/2016","3","No Part","3","3","1","No Part","No Part","No Part","3"
"What Makes You Beautiful","One Direction","2011","Up All Night","Pop/Dance/Electronic","3:21","03/08/2016","1","No Part","3","2","1","No Part","No Part","No Part","2"
"Never Enough","One Direction","2015","Made in the A.M.","Pop/Dance/Electronic","3:35","03/08/2016","3","No Part","3","5","0","No Part","No Part","No Part","2"
"The Wind","Zac Brown Band","2012","Uncaged","Country","2:58","02/23/2016","6","No Part","4","3","1","No Part","No Part","No Part","5"
"Chicken Fried","Zac Brown Band","2008","The Foundation","Country","4:04","02/23/2016","4","No Part","2","4","2","No Part","No Part","No Part","3"
"Homegrown","Zac Brown Band","2015","Jekyll + Hyde","Country","3:27","02/23/2016","2","No Part","1","3","2","No Part","No Part","No Part","2"
"Thunder & Lightning","Motörhead","2015","Bad Magic","Metal","3:11","02/16/2016","4","No Part","5","1","3","No Part","No Part","No Part","4"
"Figure It Out","Royal Blood","2014","Royal Blood","Rock","3:08","02/16/2016","4","No Part","4","4","5","No Part","No Part","No Part","4"
"Got Your Six","Five Finger Death Punch","2015","Got Your Six","Metal","3:02","02/16/2016","4","No Part","3","0","4","No Part","No Part","No Part","4"
"Treasure","Bruno Mars","2012","Unorthodox Jukebox","Pop-Rock","3:05","02/09/2016","2","No Part","0","4","2","No Part","No Part","No Part","2"
"I Hate Myself For Loving You ","Joan Jett and the Blackhearts","1988","Up Your Alley","Punk","4:12","02/09/2016","3","No Part","3","1","2","No Part","No Part","No Part","2"
"Still The One","Orleans","1976","Waking and Dreaming","Rock","3:53","02/09/2016","5","No Part","3","6","3","No Part","No Part","No Part","4"
"Dancing With Myself","Generation X","1981","Kiss Me Deadly","Punk","4:13","02/09/2016","5","No Part","4","2","3","No Part","No Part","No Part","4"
"Locked Out of Heaven","Bruno Mars","2012","Unorthodox Jukebox","Pop-Rock","3:55","02/09/2016","2","No Part","3","4","3","No Part","No Part","No Part","3"
"speed fighter","masaya matsuura","2014","Beyooond!!!","Pop/Dance/Electronic","3:43","02/09/2016","5","No Part","5","No Part","6","No Part","No Part","No Part","5"
"Love Stinks","The J. Geils Band","1980","Love Stinks","Rock","3:53","02/09/2016","0","No Part","1","3","0","No Part","No Part","No Part","1"
"Heartbeat Song","Kelly Clarkson","2015","Piece by Piece","Pop/Dance/Electronic","3:22","02/02/2016","1","No Part","2","3","0","No Part","No Part","No Part","2"
"Get Lucky ","Daft Punk ft. Pharrell Williams","2013","Random Access Memories","Pop/Dance/Electronic","4:12","02/02/2016","4","No Part","5","4","4","No Part","No Part","No Part","4"
"Hey Ya!","Outkast","2003","Speakerboxxx/The Love Below ","Hip-Hop/Rap","3:54","02/02/2016","1","No Part","0","5","2","No Part","No Part","No Part","2"
"Wicked Garden","Stone Temple Pilots","1992","Core","Alternative","4:12","01/19/2016","2","No Part","2","2","3","No Part","No Part","No Part","2"
"My Wave","Soundgarden","1994","Superunknown","Grunge","5:15","01/19/2016","1","No Part","4","6","4","No Part","No Part","No Part","4"
"Hunger Strike","Temple of the Dog","1991","Temple of the Dog","Grunge","4:08","01/19/2016","3","No Part","2","5","1","No Part","No Part","No Part","3"
"Warrior","Disturbed","2010","Asylum","Nu-Metal","3:29","01/12/2016","5","No Part","6","3","5","No Part","No Part","No Part","5"
"The Vengeful One","Disturbed","2015","Immortalized","Nu-Metal","4:16","01/12/2016","4","No Part","5","4","4","No Part","No Part","No Part","4"
"Immortalized","Disturbed","2015","Immortalized","Nu-Metal","4:20","01/12/2016","4","No Part","6","5","5","No Part","No Part","No Part","5"
"Adventure of a Lifetime","Coldplay","2015","A Head Full of Dreams","Alternative","4:29","12/29/2015","4","No Part","5","4","3","No Part","No Part","No Part","4"
"Drag Me Down","One Direction","2015","Made in the A.M.","Pop/Dance/Electronic","3:07","12/29/2015","1","No Part","2","5","1","No Part","No Part","No Part","1"
"Leave The Night On","Sam Hunt","2014","Montevallo","Country","3:12","12/29/2015","3","No Part","3","4","3","No Part","No Part","No Part","3"
"On My Mind","Ellie Goulding","2015","Delirium","Pop/Dance/Electronic","3:32","12/29/2015","2","No Part","5","2","2","No Part","No Part","No Part","3"
"Thank God For Girls","Weezer","2015","Single","Alternative","3:30","12/29/2015","1","No Part","4","3","3","No Part","No Part","No Part","3"
"What Do You Mean?","Justin Bieber","2015","Purpose","Pop/Dance/Electronic","3:28","12/29/2015","2","No Part","0","5","1","No Part","No Part","No Part","2"
"Sunday Bloody Sunday","U2","1983","War","Rock","4:42","12/22/2015","2","No Part","5","3","3","No Part","No Part","No Part","3"
"Desire","U2","1988","Rattle and Hum","Rock","3:04","12/22/2015","3","No Part","3","3","2","No Part","No Part","No Part","3"
"California (There Is No End To Love)","U2","2014","Songs of Innocence","Rock","3:50","12/22/2015","3","No Part","3","5","2","No Part","No Part","No Part","3"
"Pride (In The Name Of Love)","U2","1984","The Unforgettable Fire ","Rock","3:47","12/22/2015","3","No Part","5","3","3","No Part","No Part","No Part","3"
"Vertigo","U2","2004","How to Dismantle an Atomic Bomb","Rock","3:12","12/22/2015","2","No Part","2","2","2","No Part","No Part","No Part","2"
"The Miracle (Of Joey Ramone)","U2","2014","Songs of Innocence","Rock","4:19","12/22/2015","3","No Part","5","4","3","No Part","No Part","No Part","3"
"Where the Streets Have No Name","U2","1987","The Joshua Tree","Rock","5:31","12/22/2015","4","No Part","5","2","3","No Part","No Part","No Part","3"
"One","U2","1991","Achtung Baby","Rock","4:38","12/22/2015","3","No Part","1","3","1","No Part","No Part","No Part","2"
"Ex's & Oh's","Elle King","2015","Love Stuff","Alternative","3:22","12/15/2015","2","No Part","3","2","2","No Part","No Part","No Part","2"
"Different Colors","Walk The Moon","2014","Talking Is Hard","Pop-Rock","3:44","12/15/2015","1","No Part","4","2","4","No Part","No Part","No Part","3"
"Stitches","Shawn Mendes","2015","Handwritten ","Pop-Rock","3:29","12/15/2015","2","No Part","0","5","1","No Part","No Part","No Part","2"
"Can't Feel My Face","The Weeknd","2015","Beauty Behind the Madness","Pop/Dance/Electronic","3:35","12/15/2015","0","No Part","0","4","4","No Part","No Part","No Part","3"
"Irresistible","Fall Out Boy","2015","American Beauty/American Psycho","Pop-Rock","3:30","12/15/2015","1","No Part","5","4","0","No Part","No Part","No Part","4"
"The Coma Machine","Between the Buried and Me","2015","Coma Ecliptic","Prog","7:43","12/08/2015","6","No Part","6","4","5","No Part","No Part","No Part","6"
"Heir Apparent","Opeth","2008","Watershed","Prog","8:53","12/08/2015","6","No Part","6","0","6","No Part","No Part","No Part","6"
"Nevermore","Symphony X","2015","Underworld","Prog","5:33","12/08/2015","6","No Part","6","4","6","No Part","No Part","No Part","6"
"Dreams","Beck","2015","Single","Alternative","5:16","12/01/2015","3","No Part","1","4","4","No Part","No Part","No Part","3"
"Renegades","X Ambassadors","2015","VHS","Alternative","3:19","12/01/2015","5","No Part","2","2","0","No Part","No Part","No Part","3"
"First","Cold War Kids","2014","Hold My Home","Indie Rock","3:20","12/01/2015","0","No Part","1","2","0","No Part","No Part","No Part","1"
"Cocoon","Catfish And The Bottlemen","2014","The Balcony","Indie Rock","3:31","12/01/2015","2","No Part","4","3","4","No Part","No Part","No Part","3"
"Electric Love","BØRNS","2015","Dopamine","Pop/Dance/Electronic","3:37","12/01/2015","5","No Part","4","4","3","No Part","No Part","No Part","4"
"Unchained","Van Halen","1981","Fair Warning","Rock","3:30","11/24/2015","4","No Part","4","5","1","No Part","No Part","No Part","4"
"Runnin' With The Devil","Van Halen","1978","Van Halen","Rock","3:36","11/24/2015","3","No Part","2","6","1","No Part","No Part","No Part","3"
"And The Cradle Will Rock...","Van Halen","1980","Women and Children First","Rock","3:35","11/24/2015","4","No Part","1","5","3","No Part","No Part","No Part","4"
"Ain't Talkin' 'Bout Love","Van Halen","1978","Van Halen","Rock","3:51","11/24/2015","3","No Part","4","2","1","No Part","No Part","No Part","2"
"Hot For Teacher","Van Halen","1984","1984","Rock","4:44","11/24/2015","6","No Part","6","4","5","No Part","No Part","No Part","6"
"Dance The Night Away","Van Halen","1979","Van Halen II","Rock","3:06","11/24/2015","2","No Part","3","5","2","No Part","No Part","No Part","3"
"Riptide","Vance Joy","2013","God Loves You When You're Dancing","Indie Rock","3:25","11/17/2015","3","No Part","2","2","0","No Part","No Part","No Part","2"
"Shut Up and Dance","Walk The Moon","2014","Talking Is Hard","Pop-Rock","3:22","11/17/2015","4","No Part","4","3","1","No Part","No Part","No Part","3"
"Sing","Ed Sheeran","2014","x","Pop-Rock","3:59","11/17/2015","3","No Part","0","6","1","No Part","No Part","No Part","4"
"Young Blood","Saint Raymond","2015","Young Blood","Pop-Rock","3:42","11/17/2015","2","No Part","4","3","3","No Part","No Part","No Part","3"
"Bad Catholics","The Barbazons","2015","Avec Plaisir","Indie Rock","3:03","11/11/2015","3","No Part","0","6","3","No Part","No Part","No Part","2"
"Like A Stone","Audioslave","2002","Audioslave","Rock","4:55","11/09/2015","1","No Part","1","3","0","No Part","No Part","No Part","2"
"Lying From You","Linkin Park","2003","Meteora","Nu-Metal","2:56","11/09/2015","2","No Part","3","1","1","No Part","No Part","No Part","2"
"Awake","Godsmack","2000","Awake","Nu-Metal","5:05","11/09/2015","3","No Part","4","3","1","No Part","No Part","No Part","3"
"Lust For Life","Iggy Pop","1977","Lust For Life","Rock","5:20","11/04/2015","4","No Part","4","2","4","No Part","No Part","No Part","4"
"Long Cool Woman (In A Black Dress)","The Hollies","1971","Distant Light","Classic Rock","3:23","11/04/2015","2","No Part","0","3","0","No Part","No Part","No Part","2"
"Bad Case of Loving You (Doctor, Doctor)","Robert Palmer","1979","Secrets","Pop-Rock","3:15","11/04/2015","2","No Part","2","3","3","No Part","No Part","No Part","2"
"What You Need","INXS","1985","Listen Like Thieves","Pop-Rock","3:41","10/27/2015","1","No Part","2","5","0","No Part","No Part","No Part","2"
"Always Something There to Remind Me","Naked Eyes","1983","Burning Bridges","New Wave","3:46","10/27/2015","0","No Part","4","3","1","No Part","No Part","No Part","2"
"People Are People","Depeche Mode","1984","Some Great Reward","Pop/Dance/Electronic","3:57","10/27/2015","0","No Part","3","3","1","No Part","No Part","No Part","2"
"Dude (Looks Like a Lady)","Aerosmith","1987","Permanent Vacation","Rock","4:12","10/19/2015","3","No Part","2","3","1","No Part","No Part","No Part","3"
"Eat the Rich","Aerosmith","1993","Get a Grip","Rock","4:15","10/19/2015","5","No Part","2","4","4","No Part","No Part","No Part","4"
"Seasons of Wither","Aerosmith","1974","Get Your Wings","Rock","5:02","10/19/2015","1","No Part","0","2","0","No Part","No Part","No Part","1"
"Love in an Elevator","Aerosmith","1989","Pump","Rock","5:27","10/19/2015","4","No Part","4","4","3","No Part","No Part","No Part","4"
"Rats in the Cellar","Aerosmith","1976","Rocks","Rock","4:09","10/19/2015","5","No Part","5","3","6","No Part","No Part","No Part","5"
"Cryin'","Aerosmith","1993","Get a Grip","Rock","5:24","10/19/2015","3","No Part","3","4","1","No Part","No Part","No Part","3"
"Trainwreck 1979","Death From Above 1979","2014","The Physical World","Rock","3:52","10/13/2015","3","No Part","3","2","2","No Part","No Part","No Part","3"
"Follow Me Down","The Pretty Reckless","2014","Going to Hell","Rock","4:16","10/13/2015","2","No Part","4","3","2","No Part","No Part","No Part","3"
"Don't Wanna Fight","Alabama Shakes","2015","Sound & Color","Southern Rock","3:54","10/13/2015","2","No Part","1","6","1","No Part","No Part","No Part","2"
"Failure","Breaking Benjamin","2015","Dark Before Dawn","Rock","3:39","10/13/2015","3","No Part","3","2","3","No Part","No Part","No Part","3"
"Pistol Whipped","Tijuana Sweetheart","2012","Under the Gun","Punk","2:31","10/06/2015","5","No Part","5","1","2","No Part","No Part","No Part","5"
"All Over You","Live","1994","Throwing Copper","Alternative","4:02","10/06/2015","2","No Part","4","3","3","No Part","No Part","No Part","3"
"Mainstream Kid","Brandi Carlile","2015","The Firewatcher's Daughter","Blues","4:22","10/06/2015","5","No Part","2","3","3","No Part","No Part","No Part","2"
"Violent Shiver","Benjamin Booker","2014","Benjamin Booker","Rock","2:51","10/06/2015","3","No Part","5","5","4","No Part","No Part","No Part","5"
"Turn It Around","Lucius","2013","Wildewoman","Indie Rock","3:35","10/06/2015","0","No Part","2","4","4","No Part","No Part","No Part","1"
"Superunknown","Soundgarden","1994","Superunknown","Grunge","5:12","10/06/2015","6","No Part","3","4","3","No Part","No Part","No Part","4"
"I Miss The Misery","Halestorm","2012","The Strange Case Of...","Rock","3:08","10/06/2015","2","No Part","3","4","3","No Part","No Part","No Part","4"
"The Wolf","Mumford & Sons","2015","Wilder Mind","Rock","3:41","10/06/2015","0","No Part","4","1","2","No Part","No Part","No Part","1"
"Light the Fuse","Slydigs","2015","Light the Fuse","Rock","4:06","10/06/2015","3","No Part","4","1","1","No Part","No Part","No Part","2"
"Knock Em Down","Duck & Cover","2014","Duck & Cover","Punk","2:35","10/06/2015","4","No Part","6","4","4","No Part","No Part","No Part","6"
"V-Bomb","Dark Wheels","2015","Mighty Sky","Rock","4:37","10/06/2015","1","No Part","3","0","3","No Part","No Part","No Part","1"
"Albert","Eddie Japan","2015","Modern Desperation, Pt. II","Indie Rock","4:12","10/06/2015","2","No Part","5","1","4","No Part","No Part","No Part","3"
"Brown Eyed Girl","Van Morrison","1967","Blowin' Your Mind!","R&B/Soul/Funk","3:08","10/06/2015","3","No Part","1","5","3","No Part","No Part","No Part","2"
"I Am Electric","Heaven's Basement","2013","Filthy Empire","Rock","3:04","10/06/2015","1","No Part","6","1","2","No Part","No Part","No Part","3"
"Free Falling","The Warning","2015","Escape the Mind","Rock","3:57","10/06/2015","0","No Part","0","0","0","No Part","No Part","No Part","0"
"Birth In Reverse","St. Vincent","2014","St. Vincent","Indie Rock","3:21","10/06/2015","4","No Part","6","2","3","No Part","No Part","No Part","4"
"Light Up The Night","The Protomen","2009","Act II: The Father of Death","Rock","4:14","10/06/2015","2","No Part","3","6","1","No Part","No Part","No Part","2"
"Spiders","System of a Down","1998","System of a Down","Nu-Metal","3:42","10/06/2015","1","No Part","2","4","1","No Part","No Part","No Part","1"
"Dream Genie","Lightning Bolt","2015","Fantasy Empire","Rock","6:26","10/06/2015","6","No Part","6","6","6","No Part","No Part","No Part","6"
"The Reflex","Duran Duran","1983","Seven and the Ragged Tiger","New Wave","5:33","10/06/2015","3","No Part","5","4","3","No Part","No Part","No Part","4"
"Cowboys From Hell (Live From Monsters In Moscow)","Pantera","1991","(original studio recording from) Cowboys From Hell","Metal","4:27","10/06/2015","6","No Part","4","2","6","No Part","No Part","No Part","5"
"High Road","Mastodon","2014","Once More 'Round the Sun","Metal","4:18","10/06/2015","4","No Part","6","1","4","No Part","No Part","No Part","5"
"My God Is The Sun","Queens of the Stone Age","2013","...Like Clockwork","Alternative","3:44","10/06/2015","3","No Part","5","4","4","No Part","No Part","No Part","4"
"Somebody Told Me","The Killers","2004","Hot Fuss","Alternative","3:21","10/06/2015","3","No Part","6","2","5","No Part","No Part","No Part","5"
"Suspicious Minds","Elvis Presley","1969","The Memphis 1969 Anthology: Suspicious Minds","Rock","4:30","10/06/2015","4","No Part","0","2","5","No Part","No Part","No Part","3"
"Little White Church","Little Big Town","2010","The Reason Why","Country","3:10","10/06/2015","1","No Part","0","3","1","No Part","No Part","No Part","0"
"That Smell","Lynyrd Skynyrd","1977","Street Survivors","Southern Rock","5:47","10/06/2015","6","No Part","4","6","5","No Part","No Part","No Part","6"
"You Make Loving Fun","Fleetwood Mac","1977","Rumours","Classic Rock","3:41","10/06/2015","2","No Part","1","5","2","No Part","No Part","No Part","1"
"Lazaretto","Jack White","2014","Lazaretto","Rock","3:42","10/06/2015","4","No Part","4","2","5","No Part","No Part","No Part","5"
"I Will Follow","U2","1980","Boy","Rock","3:38","10/06/2015","0","No Part","2","0","0","No Part","No Part","No Part","0"
"At Night In Dreams","White Denim","2013","Corsicana Lemonade","Indie Rock","4:07","10/06/2015","5","No Part","6","3","6","No Part","No Part","No Part","5"
"Ain't Messin 'Round","Gary Clark Jr.","2012","Blak and Blu","Rock","4:07","10/06/2015","4","No Part","5","5","1","No Part","No Part","No Part","5"
"Cedarwood Road","U2","2014","Songs of Innocence","Rock","4:30","10/06/2015","0","No Part","0","1","0","No Part","No Part","No Part","0"
"I Bet My Life","Imagine Dragons","2015","Smoke + Mirrors","Alternative","3:16","10/06/2015","3","No Part","1","5","0","No Part","No Part","No Part","2"
"Recession","Jeff Allen ft. Noelle LeBlanc and Naoko Takamoto","2015","As featured in Amplitude","Pop/Dance/Electronic","3:48","10/06/2015","5","No Part","6","4","6","No Part","No Part","No Part","6"
"Fever","The Black Keys","2014","Turn Blue","Rock","4:10","10/06/2015","0","No Part","0","0","2","No Part","No Part","No Part","0"
"Your Love","The Outfield","1985","Play Deep","Pop-Rock","3:35","10/06/2015","3","No Part","1","4","0","No Part","No Part","No Part","1"
"Halls of Valhalla","Judas Priest","2014","Redeemer of Souls","Metal","6:01","10/06/2015","6","No Part","4","6","5","No Part","No Part","No Part","6"
"Cold Clear Light","Johnny Blazes and The Pretty Boys","2015","Soul Vernacular","R&B/Soul/Funk","4:37","10/06/2015","4","No Part","2","6","2","No Part","No Part","No Part","4"
"The Mephistopheles of Los Angeles","Marilyn Manson","2015","The Pale Emperor","Metal","5:00","10/06/2015","2","No Part","3","4","2","No Part","No Part","No Part","3"
"Mona Lisa","Dead Sara","2015","Pleasure to Meet You","Alternative","3:16","10/06/2015","2","No Part","4","4","2","No Part","No Part","No Part","3"
"Divide","All That Remains","2015","The Order of Things","Metal","3:21","10/06/2015","4","No Part","4","3","3","No Part","No Part","No Part","4"
"My Own Eyes","'Weird Al' Yankovic","2014","Mandatory Fun","Novelty","3:45","10/06/2015","2","No Part","4","3","2","No Part","No Part","No Part","3"
"What If I Was Nothing","All That Remains","2012","A War You Cannot Win","Metal","4:29","10/06/2015","3","No Part","1","1","1","No Part","No Part","No Part","1"
"Prayer","Disturbed","2002","Believe","Nu-Metal","3:45","10/06/2015","3","No Part","5","2","2","No Part","No Part","No Part","4"
"All the Rage Back Home","Interpol","2014","El Pintor","Indie Rock","4:27","10/06/2015","1","No Part","4","3","2","No Part","No Part","No Part","2"
"Sugar, You","Oh Honey","2015","Wish You Were Here","Indie Rock","3:32","10/06/2015","2","No Part","3","3","2","No Part","No Part","No Part","3"
"Gimme Chocolate!!","BABYMETAL","2014","BABYMETAL","Metal","3:51","10/06/2015","6","No Part","6","3","5","No Part","No Part","No Part","5"
"Throne","Bring Me The Horizon","2015","That's The Spirit","Nu-Metal","3:16","10/06/2015","3","No Part","5","2","1","No Part","No Part","No Part","3"
"Would You Still Be There","Of Mice & Men","2014","Restoring Force","Nu-Metal","3:17","10/06/2015","2","No Part","5","2","2","No Part","No Part","No Part","3"
"Move Over","Janis Joplin","1971","Pearl","Classic Rock","3:43","10/06/2015","5","No Part","3","5","3","No Part","No Part","No Part","4"
"King For A Day (ft. Kellin Quinn)","Pierce the Veil","2012","Collide with the Sky","Emo","3:59","10/06/2015","3","No Part","6","3","4","No Part","No Part","No Part","4"
"One Big Holiday","My Morning Jacket","2003","It Still Moves","Southern Rock","5:27","10/06/2015","4","No Part","6","1","1","No Part","No Part","No Part","4"
"Backwoods Company","The Wild Feathers","2013","The Wild Feathers","Southern Rock","3:07","10/06/2015","2","No Part","3","4","3","No Part","No Part","No Part","3"
"Run For Cover","Blitz Kids","2014","The Good Youth","Pop-Rock","3:18","10/06/2015","4","No Part","4","3","2","No Part","No Part","No Part","3"
"Start A Band","Brad Paisley ft. Keith Urban","2008","Play","Country","5:04","10/06/2015","6","No Part","3","5","2","No Part","No Part","No Part","5"
"The Impression That I Get","The Mighty Mighty Bosstones","1997","Let's Face It","Reggae/Ska","3:16","10/06/2015","4","No Part","5","2","6","No Part","No Part","No Part","5"
"Still Into You","Paramore","2013","Paramore","Pop-Rock","3:32","10/06/2015","1","No Part","3","6","5","No Part","No Part","No Part","4"
"Follow You Down","Gin Blossoms","1996","Congratulations I'm Sorry","Alternative","4:30","10/06/2015","2","No Part","4","1","5","No Part","No Part","No Part","2"
"Kick It Out","Heart","1977","Little Queen","Classic Rock","2:45","10/06/2015","3","No Part","4","5","4","No Part","No Part","No Part","5"
"Centuries","Fall Out Boy","2015","American Beauty/American Psycho","Pop-Rock","3:51","10/06/2015","0","No Part","0","4","1","No Part","No Part","No Part","0"
"Friday I'm In Love","The Cure","1992","Wish","New Wave","3:35","10/06/2015","2","No Part","1","3","0","No Part","No Part","No Part","1"
"The Warrior","Scandal","1984","Warrior","Rock","4:08","10/06/2015","1","No Part","2","3","1","No Part","No Part","No Part","1"
"Short Skirt/Long Jacket","Cake","2001","Comfort Eagle","Alternative","3:24","10/06/2015","2","No Part","1","0","4","No Part","No Part","No Part","1"
"Uptown Funk","Mark Ronson ft. Bruno Mars","2015","Uptown Special","R&B/Soul/Funk","4:35","10/06/2015","1","No Part","2","6","3","No Part","No Part","No Part","3"
"The Feast and the Famine","Foo Fighters","2014","Sonic Highways","Alternative","3:53","10/06/2015","2","No Part","4","3","3","No Part","No Part","No Part","3"
"What's Up?","4 Non Blondes","1992","Bigger, Better, Faster, More!","Alternative","4:57","10/06/2015","0","No Part","0","6","0","No Part","No Part","No Part","0"
"The Seeker","The Who","1970","Meaty Beaty Big and Bouncy","Classic Rock","3:21","10/06/2015","4","No Part","3","2","4","No Part","No Part","No Part","4"
"A Passage To Bangkok","Rush","1976","2112","Prog","3:35","10/06/2015","4","No Part","3","5","6","No Part","No Part","No Part","5"
"Caught Up In You",".38 Special","1982","Special Forces","Southern Rock","4:54","10/06/2015","6","No Part","1","3","1","No Part","No Part","No Part","3"
"September","Earth, Wind & Fire","1978","The Best of Earth, Wind & Fire, Vol. 1","R&B/Soul/Funk","3:42","10/06/2015","3","No Part","1","4","3","No Part","No Part","No Part","3"
"Rock and Roll, Hoochie Koo","Rick Derringer","1973","All American Boy","Classic Rock","3:47","10/06/2015","6","No Part","5","6","6","No Part","No Part","No Part","6"
"Tongue Tied","Grouplove","2011","Never Trust a Happy Song","Indie Rock","3:40","10/06/2015","1","No Part","5","1","2","No Part","No Part","No Part","3"
"Milwaukee","The Both","2014","The Both","Pop-Rock","4:23","10/06/2015","5","No Part","3","2","4","No Part","No Part","No Part","2"
"Miracle Man","Ozzy Osbourne","1988","No Rest for the Wicked","Metal","3:48","10/06/2015","5","No Part","6","1","5","No Part","No Part","No Part","6"
"Dead Black (Heart of Ice)","Soul Remnants","2013","Black & Blood","Metal","8:01","10/06/2015","6","No Part","6","0","6","No Part","No Part","No Part","6"
"Toys in the Attic","Aerosmith","1975","Toys in the Attic","Rock","3:11","10/06/2015","5","No Part","5","5","6","No Part","No Part","No Part","6"
"Arabella","Arctic Monkeys","2013","AM","Rock","3:31","10/06/2015","1","No Part","2","3","5","No Part","No Part","No Part","2"
"The One I Love","R.E.M.","1987","Document","Alternative","3:20","10/06/2015","0","No Part","1","0","0","No Part","No Part","No Part","0"
"No One Like You","Scorpions","1982","Comeblack","Metal","4:10","10/06/2015","5","No Part","1","0","1","No Part","No Part","No Part","2"
"Panama","Van Halen","1984","1984","Rock","3:34","10/06/2015","5","No Part","2","2","5","No Part","No Part","No Part","3"
"Hail to the King","Avenged Sevenfold","2013","Hail to the King","Metal","5:07","10/06/2015","6","No Part","0","0","0","No Part","No Part","No Part","4"
"Summertime Boy","Seasick Steve","2015","Sonic Soul Surfer","Blues","3:54","10/06/2015","2","No Part","1","5","2","No Part","No Part","No Part","2"
"Rebellion (ft. Daron Malakian)","Linkin Park","2014","The Hunting Party","Nu-Metal","3:50","10/06/2015","5","No Part","6","2","6","No Part","No Part","No Part","5"
"Metropolis - Part 1 'The Miracle And The Sleeper'","Dream Theater","1992","Images and Words","Prog","9:33","10/06/2015","6","No Part","6","6","6","No Part","No Part","No Part","6"
"Little Miss Can't Be Wrong","Spin Doctors","1991","Pocket Full of Kryptonite","Alternative","3:56","10/06/2015","5","No Part","0","5","6","No Part","No Part","No Part","6"
"Jane","Jefferson Starship","1979","Freedom at Point Zero","Classic Rock","4:16","10/06/2015","3","No Part","4","6","1","No Part","No Part","No Part","4"
"I Still Believe","Frank Turner","2011","England Keep My Bones","Rock","3:50","03/05/2015","4","No Part","4","2","1","No Part","No Part","No Part","4"
"Rize Of The Fenix","Tenacious D","2012","Rize Of The Fenix","Rock","5:58","02/17/2015","4","No Part","6","5","4","No Part","No Part","No Part","5"
"Back To The Shack","Weezer","2014","Everything Will Be Alright in the End","Alternative","3:09","02/17/2015","3","No Part","3","1","3","No Part","No Part","No Part","3"
"Shepherd of Fire","Avenged Sevenfold","2013","Hail to the King","Metal","5:01","01/13/2015","6","No Part","4","3","2","No Part","No Part","No Part","5"
"Something From Nothing","Foo Fighters","2014","Sonic Highways","Alternative","4:53","01/13/2015","4","No Part","5","3","3","No Part","No Part","No Part","4"
"R U Mine?","Arctic Monkeys","2013","AM","Rock","3:25","01/13/2015","3","No Part","3","5","3","No Part","No Part","No Part","3"
"American Pie","Don McLean","1971","American Pie","Classic Rock","8:37","04/02/2013","4","No Part","3","4","4","No Part","5","6","5"
"Face to the Floor","Chevelle","2011","Hats Off to the Bull","Rock","3:43","03/26/2013","3","No Part","2","2","3","No Part","No Part","No Part","2"
"The Red","Chevelle","2002","Wonder What's Next","Rock","4:00","03/26/2013","2","1","2","1","2","1","No Part","No Part","1"
"Send the Pain Below","Chevelle","2002","Wonder What's Next","Rock","4:16","03/26/2013","3","No Part","3","3","2","No Part","No Part","No Part","3"
"Weird Science","Oingo Boingo","1985","Dead Man's Party","New Wave","6:17","03/12/2013","4","4","2","6","4","4","6","6","5"
"Rosanna","Toto","1982","Toto IV","Pop-Rock","5:49","03/12/2013","5","No Part","5","5","3","No Part","4","4","6"
"Got You (Where I Want You)","The Flys","1998","Holiday Man","Alternative","4:07","02/26/2013","2","2","2","3","2","1","1","1","1"
"Silent Lucidity","Queensrÿche","1990","Empire","Prog","5:53","02/26/2013","3","No Part","3","3","2","No Part","3","4","2"
"It's Been Awhile","Staind","2001","Break the Cycle","Nu-Metal","4:27","02/26/2013","1","No Part","2","1","1","No Part","No Part","No Part","0"
"So Far Away","Staind","2003","14 Shades of Grey","Nu-Metal","4:07","02/26/2013","2","No Part","2","2","1","No Part","No Part","No Part","1"
"Tainted Love","Soft Cell","1981","Non-Stop Erotic Cabaret","Pop/Dance/Electronic","2:41","02/12/2013","0","No Part","0","2","1","No Part","1","2","0"
"Love Hurts","Nazareth","1975","The Anthology","Classic Rock","4:00","02/12/2013","0","No Part","0","2","0","No Part","No Part","No Part","0"
"More Than Words","Extreme","1990","Extreme II. Pornograffitti (A Funked Up Fairy Tale)","Rock","5:42","02/12/2013","5","5","No Part","4","No Part","No Part","No Part","No Part","5"
"Keep On Loving You","REO Speedwagon","1980","The Hits","Classic Rock","3:26","02/12/2013","3","No Part","2","3","3","No Part","3","3","2"
"Glory of Love","Peter Cetera","1986","Solitude/Solitaire","Classic Rock","4:33","02/12/2013","2","No Part","1","3","1","No Part","4","5","1"
"Sweet Emotion","Aerosmith","1975","Aerosmith's Greatest Hits","Rock","4:46","01/29/2013","3","6","3","2","4","2","No Part","No Part","3"
"Back in the Saddle","Aerosmith","1976","Aerosmith's Greatest Hits","Rock","4:46","01/29/2013","4","No Part","2","4","4","No Part","No Part","No Part","4"
"Dream On (Live)","Aerosmith","1973","Live from the Vault","Rock","4:57","01/29/2013","2","4","1","4","1","2","1","1","1"
"Legendary Child","Aerosmith","2012","Music from Another Dimension!","Rock","4:16","01/29/2013","3","No Part","3","3","4","No Part","No Part","No Part","3"
"Lover Alot","Aerosmith","2012","Music from Another Dimension!","Rock","3:40","01/29/2013","3","No Part","3","3","1","No Part","No Part","No Part","2"
"Walk This Way","Aerosmith","1975","Aerosmith's Greatest Hits","Rock","3:50","01/29/2013","4","No Part","3","5","4","No Part","No Part","No Part","5"
"I've Done Everything for You","Rick Springfield","1981","Working Class Dog","Classic Rock","3:22","01/15/2013","3","4","3","2","2","2","No Part","No Part","1"
"Don't Talk to Strangers","Rick Springfield","1982","Success Hasn't Spoiled Me Yet","Classic Rock","3:05","01/15/2013","2","No Part","3","3","1","No Part","3","3","2"
"Tonight Tonight","Hot Chelle Rae","2011","Whatever","Pop/Dance/Electronic","3:27","12/30/2012","2","No Part","2","3","1","No Part","2","2","1"
"Party Hard","Andrew W.K.","2001","I Get Wet","Rock","3:08","12/30/2012","3","No Part","3","1","3","No Part","2","2","2"
"Helena","My Chemical Romance","2004","Three Cheers for Sweet Revenge","Emo","3:28","12/25/2012","3","No Part","4","3","2","No Part","2","2","2"
"Teenagers","My Chemical Romance","2006","The Black Parade","Emo","2:41","12/25/2012","3","3","3","2","2","2","3","3","2"
"The Bitch Is Back","Elton John","1974","Caribou","Classic Rock","3:28","12/18/2012","4","No Part","3","4","3","No Part","3","4","4"
"Don't Let the Sun Go Down on Me","Elton John","1974","Caribou","Classic Rock","5:37","12/18/2012","2","No Part","1","4","2","No Part","3","3","3"
"Tyler","Toadies","1994","Rubberneck","Grunge","4:18","12/11/2012","3","No Part","3","3","1","No Part","No Part","No Part","1"
"Away","Toadies","1994","Rubberneck","Grunge","4:38","12/11/2012","3","No Part","3","2","1","No Part","No Part","No Part","1"
"Possum Kingdom","Toadies","1994","Rubberneck","Grunge","5:04","12/11/2012","3","3","3","4","1","1","No Part","No Part","2"
"Remedy","The Black Crowes","1992","The Southern Harmony and Musical Companion","Southern Rock","5:21","12/04/2012","4","No Part","3","5","2","No Part","3","3","4"
"Sometimes Salvation","The Black Crowes","1992","The Southern Harmony and Musical Companion","Southern Rock","4:45","12/04/2012","3","No Part","2","6","1","No Part","No Part","No Part","3"
"She Talks to Angels","The Black Crowes","1990","Shake Your Money Maker","Southern Rock","5:33","12/04/2012","3","2","1","4","2","1","3","4","3"
"Sex and Candy","Marcy Playground","1997","Marcy Playground","Alternative","2:57","11/27/2012","1","0","2","2","1","1","No Part","No Part","1"
"Call Me Maybe","Carly Rae Jepsen","2012","Curiosity","Pop/Dance/Electronic","3:18","11/27/2012","3","No Part","2","3","1","No Part","2","2","1"
"I Melt with You","Modern English","1982","After the Snow","New Wave","4:17","11/20/2012","2","No Part","3","1","3","No Part","1","2","1"
"Jessica","The Allman Brothers Band","1973","Brothers and Sisters","Southern Rock","7:08","11/20/2012","5","5","5","No Part","5","5","5","5","6"
"The Weight (Live)","The Band","1972","Rock of Ages","Classic Rock","5:10","11/20/2012","3","3","2","5","3","4","3","4","3"
"Cry Thunder","DragonForce","2012","The Power Within","Metal","5:18","11/20/2012","6","No Part","5","4","3","No Part","4","4","6"
"Cold","Crossfade","2004","Crossfade","Rock","3:16","11/20/2012","3","No Part","2","4","1","No Part","No Part","No Part","1"
"Closer","Nine Inch Nails","1994","The Downward Spiral","Rock","6:22","11/20/2012","2","No Part","3","3","2","No Part","1","1","1"
"Footloose","Kenny Loggins","1984","The Essential Kenny Loggins","Pop-Rock","3:41","11/13/2012","4","4","3","5","5","5","2","2","4"
"I'm Alright","Kenny Loggins","1980","The Essential Kenny Loggins","Pop-Rock","3:59","11/13/2012","3","No Part","3","6","3","No Part","No Part","No Part","3"
"So Much to Say","Dave Matthews Band","1996","Crash","Rock","4:07","11/06/2012","4","No Part","4","5","4","No Part","2","4","5"
"Mercy","Dave Matthews Band","2012","Away from the World","Rock","5:07","11/06/2012","4","No Part","3","4","1","No Part","2","2","2"
"Ants Marching","Dave Matthews Band","1994","Under the Table and Dreaming","Rock","4:32","11/06/2012","3","3","4","6","3","3","3","4","5"
"Santeria","Sublime","1996","Sublime","Reggae/Ska","3:10","10/30/2012","3","4","3","3","4","4","No Part","No Part","3"
"What I Got","Sublime","1996","Sublime","Reggae/Ska","2:54","10/30/2012","3","No Part","2","3","1","No Part","1","1","1"
"Wrong Way","Sublime","1996","Sublime","Reggae/Ska","2:21","10/30/2012","3","No Part","2","4","3","No Part","2","2","2"
"Feelin' Stronger Every Day","Chicago","1973","Chicago VI","Classic Rock","4:36","10/23/2012","3","No Part","5","5","3","No Part","3","3","5"
"If You Leave Me Now","Chicago","1976","Chicago X","Classic Rock","4:39","10/23/2012","3","No Part","1","4","3","No Part","2","2","2"
"Make Me Smile","Chicago","1970","Chicago II","Classic Rock","4:30","10/23/2012","5","6","4","4","5","5","3","4","6"
"Come On Eileen","Save Ferris","1997","It Means Everything","Reggae/Ska","3:44","10/16/2012","5","3","3","3","3","3","3","3","4"
"Animal I Have Become","Three Days Grace","2006","One-X","Rock","3:54","10/16/2012","1","No Part","1","3","1","No Part","0","1","1"
"All I Wanna Do","Sheryl Crow","1993","Tuesday Night Music Club","Pop-Rock","4:37","10/16/2012","3","No Part","2","6","3","No Part","2","3","4"
"I Ran (So Far Away)","A Flock of Seagulls","1982","A Flock of Seagulls","New Wave","5:09","10/09/2012","2","No Part","2","1","2","No Part","0","0","1"
"Everybody Wants You","Billy Squier","1982","Emotions in Motion","Classic Rock","3:58","10/09/2012","3","No Part","2","3","3","No Part","2","2","2"
"The Stroke","Billy Squier","1981","Don't Say No","Classic Rock","3:46","10/09/2012","2","1","1","5","2","1","1","1","1"
"Beautiful Disaster","311","1997","Transistor","Alternative","4:02","10/02/2012","3","No Part","4","1","3","No Part","0","0","1"
"Down","311","1995","311","Alternative","2:59","10/02/2012","3","3","4","1","2","2","No Part","No Part","2"
"Amber","311","2001","From Chaos","Alternative","3:32","10/02/2012","2","No Part","3","2","2","No Part","3","3","2"
"Oh Love","Green Day","2012","¡Uno!","Rock","5:08","09/25/2012","1","No Part","2","2","1","No Part","0","1","1"
"Why Can't We Be Friends","Smash Mouth","1997","Fush Yu Mang","Pop-Rock","3:40","09/18/2012","4","No Part","5","2","3","No Part","4","4","5"
"Days Go By","The Offspring","2012","Days Go By","Punk","4:09","09/18/2012","2","2","3","2","2","2","1","1","2"
"Can't Get Enough of You Baby","Smash Mouth","1999","Astro Lounge","Pop-Rock","2:37","09/18/2012","2","No Part","2","2","1","No Part","3","3","1"
"Bent","Matchbox Twenty","2000","Mad Season","Alternative","4:31","09/11/2012","2","No Part","3","5","3","No Part","1","1","3"
"How Far We've Come","Matchbox Twenty","2007","Exile on Mainstream","Alternative","3:31","09/11/2012","2","2","5","3","2","1","1","1","2"
"She's So Mean","Matchbox Twenty","2012","North","Alternative","3:55","09/11/2012","2","No Part","3","5","2","No Part","1","1","2"
"Shadow of the Day","Linkin Park","2007","Minutes to Midnight","Nu-Metal","4:23","09/04/2012","2","No Part","2","1","1","No Part","1","1","1"
"Breaking the Habit","Linkin Park","2003","Meteora","Nu-Metal","3:19","09/04/2012","3","No Part","5","2","0","No Part","1","2","2"
"New Divide","Linkin Park","2009","Transformers: Revenge of the Fallen - The Album","Nu-Metal","4:31","09/04/2012","1","1","2","2","1","0","2","2","0"
"Burn It Down","Linkin Park","2012","Living Things","Nu-Metal","3:55","09/04/2012","0","No Part","2","2","0","No Part","0","0","0"
"Diamond Eyes (Boom-Lay Boom-Lay Boom)","Shinedown","2010","The Sound of Madness Deluxe","Nu-Metal","5:41","08/28/2012","4","No Part","3","4","3","No Part","3","3","4"
"Shine","Collective Soul","1994","Collective Soul Rock Band Re-Record","Alternative","5:23","08/28/2012","4","No Part","2","2","1","No Part","No Part","No Part","2"
"One Week","Barenaked Ladies","1998","Stunt","Rock","2:52","08/28/2012","3","No Part","2","5","3","No Part","3","3","4"
"A Little Less Sixteen Candles, a Little More 'Touch Me'","Fall Out Boy","2005","From Under the Cork Tree","Pop-Rock","2:51","08/28/2012","3","No Part","3","3","2","No Part","No Part","No Part","2"
"So Far Away","Avenged Sevenfold","2010","Nightmare","Metal","5:32","08/28/2012","2","No Part","3","3","2","No Part","2","3","2"
"Sing","My Chemical Romance","2010","Danger Days: The True Lives of the Fabulous Killjoys","Emo","4:34","08/28/2012","2","No Part","4","5","3","No Part","3","3","4"
"Raise Your Glass","P!nk","2010","Greatest Hits... So Far!!!","Pop-Rock","3:26","08/28/2012","3","No Part","1","6","2","No Part","1","1","2"
"I'm Still Standing","Elton John","1983","Too Low for Zero","Classic Rock","3:17","08/28/2012","3","No Part","2","5","3","No Part","5","5","4"
"These Days","Foo Fighters","2011","Wasting Light","Alternative","5:03","08/28/2012","3","No Part","3","3","3","No Part","No Part","No Part","2"
"The Wicker Man","Iron Maiden","2000","Brave New World","Metal","4:41","08/28/2012","5","No Part","5","4","4","No Part","1","1","6"
"We Are Young","Fun. ft. Janelle Monáe","2012","Some Nights","Pop-Rock","4:14","08/28/2012","2","No Part","3","5","2","No Part","2","3","2"
"Stronger (What Doesn't Kill You)","Kelly Clarkson","2011","Stronger","Pop/Dance/Electronic","3:45","08/28/2012","2","No Part","2","6","2","No Part","4","5","4"
"Death on Two Legs (Dedicated to...)","Queen","1975","A Night at the Opera","Classic Rock","3:50","08/28/2012","3","No Part","3","6","3","No Part","5","5","5"
"Jungle Boogie","Kool & the Gang","1973","Wild and Peaceful","R&B/Soul/Funk","3:09","08/28/2012","3","No Part","2","3","3","No Part","4","4","1"
"Pumped Up Kicks","Foster the People","2011","Torches","Pop-Rock","3:57","08/28/2012","2","No Part","3","4","2","No Part","2","2","2"
"Shout","Tears for Fears","1985","Songs from the Big Chair","New Wave","6:16","08/28/2012","2","No Part","4","4","1","No Part","3","3","3"
"Moves Like Jagger","Maroon 5 ft. Christina Aguilera","2011","Hands All Over","Pop-Rock","3:27","08/28/2012","3","No Part","3","6","3","No Part","2","2","4"
"Kids in the Street","All-American Rejects","2012","Kids in the Street","Emo","4:44","08/28/2012","2","No Part","5","3","4","No Part","2","1","4"
"Jessie's Girl","Rick Springfield","1981","Working Class Dog","Classic Rock","3:15","08/28/2012","3","No Part","3","3","1","No Part","2","2","2"
"Bang Your Head (Metal Health)","Quiet Riot","1983","Metal Health","Metal","5:21","08/28/2012","4","No Part","2","5","2","No Part","No Part","No Part","3"
"Once Bitten Twice Shy","Great White","1989","...Twice Shy","Glam","5:30","08/28/2012","4","No Part","2","4","1","No Part","4","3","4"
"Always","Blink-182","2003","Blink-182","Punk","4:11","08/28/2012","3","No Part","4","3","3","No Part","2","2","4"
"Cult of Personality","Living Colour","1988","Vivid","Rock","4:54","08/28/2012","6","No Part","3","3","4","No Part","No Part","No Part","5"
"Lonely Boy","The Black Keys","2011","El Camino","Rock","3:13","08/21/2012","2","No Part","3","2","1","No Part","0","0","1"
"Howlin' for You","The Black Keys","2010","Brothers","Rock","3:16","08/21/2012","2","No Part","3","5","1","No Part","2","2","1"
"Tighten Up","The Black Keys","2010","Brothers","Rock","3:36","08/21/2012","1","1","3","4","1","1","1","1","1"
"I Want to Know What Love Is","Foreigner","1984","Agent Provocateur","Classic Rock","5:16","08/14/2012","1","No Part","2","5","1","No Part","1","1","2"
"Waiting for a Girl Like You","Foreigner","1981","4","Classic Rock","4:59","08/14/2012","2","No Part","1","4","2","No Part","3","3","2"
"Amaranth","Nightwish","2007","Dark Passion Play","Metal","3:56","08/14/2012","2","2","2","5","2","1","3","3","2"
"Crawling in the Dark","Hoobastank","2001","Hoobastank","Alternative","3:03","08/07/2012","5","No Part","3","3","3","No Part","No Part","No Part","4"
"(I Just) Died in Your Arms","Cutting Crew","1986","Broadcast","New Wave","4:45","08/07/2012","2","3","2","4","1","1","3","3","3"
"Still of the Night","Whitesnake","1987","Whitesnake","Glam","6:44","08/07/2012","5","No Part","2","5","5","No Part","5","5","6"
"The Arms of Sorrow","Killswitch Engage","2006","As Daylight Dies","Metal","4:00","07/31/2012","4","No Part","4","3","3","No Part","No Part","No Part","3"
"Starting Over","Killswitch Engage","2009","Killswitch Engage","Metal","3:54","07/31/2012","5","No Part","3","2","3","No Part","0","1","2"
"The End of Heartache","Killswitch Engage","2004","The End of Heartache","Metal","5:03","07/31/2012","4","4","3","2","3","2","No Part","No Part","3"
"Helena Beat","Foster the People","2011","Torches","Pop-Rock","4:33","07/24/2012","2","No Part","4","2","3","No Part","4","4","2"
"Don't Stop (Color on the Walls)","Foster the People","2011","Torches","Pop-Rock","2:58","07/24/2012","2","No Part","2","3","2","No Part","3","3","2"
"Under Cover of Darkness","The Strokes","2011","Angles","Rock","4:02","07/24/2012","3","4","3","3","3","2","No Part","No Part","2"
"My Body","Young the Giant","2010","Young the Giant","Indie Rock","4:10","07/17/2012","3","No Part","3","4","3","No Part","1","1","2"
"Not Again","Staind","2011","Staind","Nu-Metal","4:36","07/17/2012","5","No Part","3","2","1","No Part","No Part","No Part","3"
"Love Shack","The B-52's","1989","Cosmic Thing","New Wave","5:23","07/17/2012","3","2","2","4","2","2","1","1","1"
"No Surprise","Daughtry","2009","Leave This Town","Rock","4:37","07/10/2012","1","1","2","3","1","1","3","3","1"
"It's Not Over","Daughtry","2006","Daughtry","Rock","3:41","07/10/2012","2","No Part","2","3","2","No Part","No Part","No Part","1"
"Crawling Back to You","Daughtry","2011","Break the Spell","Rock","3:51","07/10/2012","2","No Part","2","3","2","No Part","2","2","1"
"Satellite","Rise Against","2011","Endgame","Punk","4:03","07/03/2012","3","No Part","4","4","4","No Part","No Part","No Part","4"
"Happy?","Mudvayne","2005","Lost and Found","Metal","3:41","07/03/2012","4","4","5","2","5","6","0","0","4"
"Gonzo","All-American Rejects","2012","Kids in the Street","Emo","5:05","07/03/2012","1","No Part","3","3","3","No Part","2","2","2"
"Good Girl","Carrie Underwood","2012","Blown Away","Country","3:31","06/26/2012","3","3","3","6","1","1","No Part","No Part","3"
"Cowboy Casanova","Carrie Underwood","2009","Play On","Country","4:00","06/26/2012","2","No Part","3","5","2","No Part","5","5","4"
"Before He Cheats","Carrie Underwood","2005","Some Hearts","Country","3:23","06/26/2012","3","No Part","2","4","3","No Part","3","3","3"
"Fireflies","Owl City","2009","Ocean Eyes","Pop/Dance/Electronic","3:52","06/19/2012","0","No Part","4","4","1","No Part","4","4","3"
"The Adventure","Angels & Airwaves","2006","We Don't Need to Whisper","Alternative","4:58","06/19/2012","3","No Part","4","3","2","No Part","1","1","3"
"In My Head","Queens of the Stone Age","2005","Lullabies to Paralyze","Alternative","4:04","06/19/2012","2","2","2","3","2","2","2","2","1"
"Drive","Incubus","1999","Make Yourself","Alternative","3:58","06/12/2012","3","No Part","1","3","2","No Part","No Part","No Part","1"
"Dog Days Are Over","Florence + the Machine","2009","Lungs","Indie Rock","4:15","06/05/2012","3","No Part","2","4","0","No Part","0","0","1"
"Teen Angst (What the World Needs Now)","Cracker","1992","Cracker","Alternative","4:15","06/05/2012","2","1","2","3","2","2","No Part","No Part","1"
"Power and the Passion","Midnight Oil","1982","10, 9, 8, 7, 6, 5, 4, 3, 2, 1","New Wave","5:47","06/05/2012","2","No Part","4","3","2","No Part","2","2","3"
"Your Betrayal","Bullet For My Valentine","2010","Fever","Metal","4:56","05/29/2012","5","5","3","3","4","3","No Part","No Part","5"
"Tears Don't Fall","Bullet For My Valentine","2006","The Poison","Metal","5:56","05/29/2012","5","No Part","6","2","3","No Part","No Part","No Part","5"
"Scream Aim Fire","Bullet For My Valentine","2008","Scream Aim Fire","Metal","4:30","05/29/2012","6","No Part","5","2","3","No Part","No Part","No Part","5"
"Seventh Son of a Seventh Son","Iron Maiden","1988","Seventh Son of a Seventh Son","Metal","9:59","05/22/2012","6","No Part","6","5","5","No Part","1","1","6"
"The Prisoner","Iron Maiden","1982","The Number of the Beast","Metal","6:01","05/22/2012","6","No Part","5","4","5","No Part","No Part","No Part","6"
"Flight of Icarus","Iron Maiden","1983","Piece of Mind","Metal","3:58","05/22/2012","6","5","5","6","4","4","No Part","No Part","6"
"Phantom of the Opera","Iron Maiden","1980","Iron Maiden","Metal","7:12","05/22/2012","6","No Part","6","6","6","No Part","No Part","No Part","6"
"Infinite Dreams","Iron Maiden","1988","Seventh Son of a Seventh Son","Metal","6:16","05/22/2012","4","No Part","5","4","5","No Part","1","1","5"
"Rime of the Ancient Mariner","Iron Maiden","1984","Powerslave","Metal","13:35","05/22/2012","6","6","6","4","6","6","No Part","No Part","6"
"Ignorance","Paramore","2009","Brand New Eyes","Pop-Rock","3:43","05/15/2012","3","No Part","4","6","2","No Part","1","1","4"
"The Only Exception","Paramore","2009","Brand New Eyes","Pop-Rock","4:30","05/15/2012","1","1","1","4","1","1","2","2","2"
"Brick by Boring Brick","Paramore","2009","Brand New Eyes","Pop-Rock","4:18","05/15/2012","2","No Part","4","4","2","No Part","2","2","4"
"Sleep Now in the Fire","Rage Against the Machine","1999","The Battle of Los Angeles","Alternative","3:27","05/08/2012","3","No Part","3","0","5","No Part","No Part","No Part","2"
"Killing in the Name","Rage Against the Machine","1992","Rage Against the Machine","Alternative","5:19","05/08/2012","3","No Part","5","0","3","No Part","No Part","No Part","4"
"Bombtrack","Rage Against the Machine","1992","Rage Against the Machine","Alternative","4:10","05/08/2012","3","2","3","1","2","2","No Part","No Part","1"
"Drops of Jupiter","Train","2001","Drops of Jupiter","Pop-Rock","4:25","05/01/2012","2","2","3","4","1","2","3","3","3"
"Two Tickets to Paradise","Eddie Money","1977","Eddie Money","Classic Rock","4:03","05/01/2012","4","3","3","2","3","3","4","4","3"
"Only One","Yellowcard","2003","Ocean Avenue","Emo","4:23","05/01/2012","3","No Part","3","3","2","No Part","3","5","4"
"Shelter Me","Cinderella","1990","Heartbreak Station","Glam","4:49","04/24/2012","3","No Part","2","5","2","No Part","4","5","3"
"Don't Know What You Got (Till It's Gone)","Cinderella","1988","Long Cold Winter","Glam","6:00","04/24/2012","2","3","1","2","2","1","3","2","2"
"Nobody's Fool","Cinderella","1986","Night Songs","Glam","4:38","04/24/2012","3","No Part","2","4","1","No Part","2","2","2"
"Please Don't Leave Me","P!nk","2008","Funhouse","Pop-Rock","3:55","04/17/2012","2","No Part","1","3","1","No Part","2","2","1"
"Funhouse","P!nk","2008","Funhouse","Pop-Rock","3:31","04/17/2012","2","No Part","3","3","2","No Part","2","2","2"
"Sober","P!nk","2008","Funhouse","Pop-Rock","4:15","04/17/2012","2","No Part","3","4","0","No Part","4","5","2"
"Get the Party Started","P!nk","2001","M!ssundaztood","Pop-Rock","3:09","04/17/2012","2","0","4","3","0","0","2","2","2"
"Raining Blood","Slayer","1986","Reign in Blood","Metal","3:39","04/10/2012","6","6","6","0","4","3","No Part","No Part","6"
"Seasons in the Abyss","Slayer","1990","Seasons in the Abyss","Metal","6:26","04/10/2012","6","No Part","4","2","4","No Part","No Part","No Part","5"
"South of Heaven","Slayer","1988","South of Heaven","Metal","4:43","04/10/2012","5","No Part","5","1","4","No Part","No Part","No Part","5"
"What You Want","Evanescence","2011","Evanescence","Nu-Metal","3:42","04/03/2012","2","No Part","4","5","3","No Part","4","4","4"
"Everybody's Fool","Evanescence","2003","Fallen","Nu-Metal","3:18","04/03/2012","3","2","2","4","2","2","2","2","2"
"Lithium","Evanescence","2006","The Open Door","Nu-Metal","3:51","04/03/2012","2","No Part","1","3","0","No Part","4","4","1"
"Second Chance","Shinedown","2008","The Sound of Madness","Nu-Metal","3:44","03/27/2012","2","1","2","4","2","1","3","3","2"
"The Crow & the Butterfly","Shinedown","2008","The Sound of Madness","Nu-Metal","4:15","03/27/2012","3","No Part","1","3","1","No Part","3","3","2"
"Bully","Shinedown","2012","Amaryllis","Nu-Metal","4:07","03/27/2012","4","No Part","2","3","4","No Part","4","5","4"
"Down Under","Men at Work","1982","Business as Usual","New Wave","3:52","03/20/2012","2","No Part","3","4","1","No Part","4","4","2"
"Overkill","Men at Work","1983","Cargo","New Wave","3:48","03/20/2012","3","No Part","2","4","2","No Part","2","2","2"
"Smooth","Santana (ft. Rob Thomas)","1999","Supernatural","Rock","4:58","03/20/2012","4","5","4","5","3","4","3","3","4"
"I Hate Everything About You","Three Days Grace","2003","Three Days Grace","Rock","3:53","03/13/2012","2","No Part","3","2","2","No Part","No Part","No Part","1"
"The Good Life","Three Days Grace","2009","Life Starts Now","Rock","2:55","03/13/2012","3","No Part","3","2","4","No Part","No Part","No Part","2"
"Pain","Three Days Grace","2006","One-X","Rock","3:27","03/13/2012","2","1","1","2","2","1","1","1","1"
"Curl of the Burl","Mastodon","2011","The Hunter","Metal","3:31","03/06/2012","3","No Part","4","2","3","No Part","No Part","No Part","4"
"The Anthem","Good Charlotte","2002","The Young and the Hopeless","Punk","2:59","03/06/2012","2","No Part","3","3","3","No Part","No Part","No Part","2"
"Santa Monica","Everclear","1995","Sparkle and Fade","Alternative","3:19","03/06/2012","3","2","3","3","1","1","No Part","No Part","1"
"Do You Believe in Love","Huey Lewis and the News","1982","Picture This","Rock","4:06","02/28/2012","3","No Part","2","4","1","No Part","3","4","3"
"The Heart of Rock & Roll","Huey Lewis and the News","1983","Sports","Rock","4:29","02/28/2012","2","No Part","2","4","2","No Part","4","4","3"
"I Want a New Drug","Huey Lewis and the News","1983","Sports","Rock","5:14","02/28/2012","4","5","1","4","1","1","5","5","4"
"A Tout le Monde","Megadeth","1994","Youthanasia","Metal","4:29","02/21/2012","3","No Part","2","2","1","No Part","No Part","No Part","1"
"Public Enemy No. 1","Megadeth","2011","TH1RT3EN","Metal","4:20","02/21/2012","6","No Part","4","2","3","No Part","No Part","No Part","5"
"Symphony of Destruction","Megadeth","1992","Countdown to Extinction","Metal","4:05","02/21/2012","4","4","2","2","3","2","No Part","No Part","2"
"To Be With You","Mr. Big","1991","Lean Into It","Rock","3:27","02/14/2012","2","1","0","5","1","0","No Part","No Part","1"
"Every Rose Has Its Thorn","Poison","1988","Open Up and Say... Ahh!","Glam","4:20","02/14/2012","3","2","1","2","1","1","1","1","1"
"Alone","Heart","1987","Bad Animals","Classic Rock","3:43","02/14/2012","2","No Part","1","4","1","No Part","3","3","2"
"Never Gonna Give You Up","Rick Astley","1987","Whenever You Need Somebody","Pop/Dance/Electronic","3:58","02/14/2012","2","No Part","3","4","2","No Part","3","4","3"
"Everything Zen","Bush","1994","Sixteen Stone","Grunge","4:44","02/07/2012","3","No Part","3","2","2","No Part","No Part","No Part","1"
"Comedown","Bush","1994","Sixteen Stone","Grunge","5:34","02/07/2012","2","No Part","2","2","3","No Part","1","1","1"
"Machinehead","Bush","1994","Sixteen Stone","Grunge","4:24","02/07/2012","2","1","3","2","3","2","0","0","1"
"Head Over Heels","Tears for Fears","1985","Songs from the Big Chair","New Wave","4:22","01/31/2012","2","No Part","2","5","2","No Part","2","3","2"
"Fat Lip","Sum 41","2001","All Killer, No Filler","Punk","3:06","01/31/2012","3","2","4","4","3","2","No Part","No Part","3"
"Still Waiting","Sum 41","2002","Does This Look Infected?","Punk","2:44","01/31/2012","4","No Part","4","3","3","No Part","No Part","No Part","4"
"Have You Ever Seen the Rain?","Creedence Clearwater Revival","1970","Pendulum","Southern Rock","2:43","01/24/2012","0","0","0","2","1","0","1","1","0"
"Lodi","Creedence Clearwater Revival","1969","Green River","Southern Rock","3:34","01/24/2012","2","No Part","1","3","0","No Part","No Part","No Part","1"
"Susie Q","Creedence Clearwater Revival","1968","Chronicle, Vol. 1","Southern Rock","4:44","01/24/2012","2","No Part","0","3","1","No Part","No Part","No Part","1"
"Free Ride","The Edgar Winter Group","1972","They Only Come Out at Night","Classic Rock","3:26","01/17/2012","4","No Part","4","4","4","No Part","5","5","5"
"Freak on a Leash","KoRn","1998","Follow the Leader","Nu-Metal","4:30","01/17/2012","1","No Part","3","3","2","No Part","0","0","1"
"Frankenstein","The Edgar Winter Group","1972","They Only Come Out at Night","Classic Rock","4:48","01/17/2012","3","4","5","No Part","4","3","6","6","6"
"Falling Away from Me","KoRn","1999","Issues","Nu-Metal","4:35","01/17/2012","2","No Part","3","4","2","No Part","No Part","No Part","2"
"Private Eyes","Hall & Oates","1981","Private Eyes","Pop-Rock","3:28","01/10/2012","1","1","0","4","1","1","4","4","2"
"I Can't Go For That (No Can Do)","Hall & Oates","1981","Private Eyes","Pop-Rock","5:01","01/10/2012","0","No Part","2","6","2","No Part","4","4","3"
"Maneater","Hall & Oates","1982","H2O","Pop-Rock","4:40","01/10/2012","0","No Part","1","4","1","No Part","2","2","1"
"2112: Discovery, Presentation","Rush","1976","2112","Prog","7:13","12/31/2011","5","4","4","4","3","4","No Part","No Part","5"
"2112: Overture, The Temples of Syrinx","Rush","1976","2112","Prog","6:12","12/31/2011","4","5","5","4","4","5","No Part","No Part","5"
"2112","Rush","1976","2112","Prog","20:27","12/31/2011","5","No Part","6","5","5","No Part","No Part","No Part","6"
"2112: Oracle: The Dream, Soliloquy, Grand Finale","Rush","1976","2112","Prog","6:33","12/31/2011","5","5","6","5","5","3","No Part","No Part","6"
"I Write Sins Not Tragedies","Panic at the Disco","2005","A Fever You Can't Sweat Out","Emo","3:10","12/27/2011","2","2","4","4","2","1","3","4","2"
"Panic","Sublime with Rome","2011","Yours Truly","Reggae/Ska","2:24","12/27/2011","4","3","5","4","3","4","3","4","5"
"Stereo Hearts","Gym Class Heroes (ft. Adam Levine)","2011","The Papercut Chronicles II","Hip-Hop/Rap","3:37","12/27/2011","3","No Part","2","3","1","No Part","4","4","2"
"Billionaire","Travie McCoy (ft. Bruno Mars)","2010","Lazarus","Hip-Hop/Rap","3:37","12/27/2011","1","No Part","4","3","3","No Part","2","2","2"
"You Make Me Feel...","Cobra Starship (ft. Sabi)","2011","Night Shades","Pop/Dance/Electronic","3:35","12/27/2011","3","No Part","2","4","0","No Part","1","1","1"
"Pressure","Paramore","2005","All We Know Is Falling","Pop-Rock","3:07","12/27/2011","3","No Part","3","3","2","No Part","No Part","No Part","2"
"Angel","Jimi Hendrix","1971","The Cry of Love","Classic Rock","4:30","12/20/2011","3","No Part","3","3","2","No Part","No Part","No Part","2"
"All Along the Watchtower","The Jimi Hendrix Experience","1968","Electric Ladyland","Classic Rock","4:10","12/20/2011","4","6","5","4","5","6","No Part","No Part","6"
"Long Hot Summer Night","The Jimi Hendrix Experience","1968","Electric Ladyland","Classic Rock","3:30","12/20/2011","5","No Part","4","6","4","No Part","4","5","6"
"Gypsy Eyes","The Jimi Hendrix Experience","1968","Electric Ladyland","Classic Rock","3:47","12/20/2011","5","No Part","3","5","4","No Part","No Part","No Part","5"
"Voodoo Child (Slight Return) (Live)","Jimi Hendrix","1969","Live at Woodstock","Classic Rock","6:43","12/20/2011","6","No Part","5","6","4","No Part","No Part","No Part","6"
"Freedom","Jimi Hendrix","1971","The Cry of Love","Classic Rock","3:30","12/20/2011","4","5","4","5","4","4","1","1","5"
"Dolly Dagger","Jimi Hendrix","1971","Rainbow Bridge","Classic Rock","4:46","12/20/2011","5","No Part","4","6","3","No Part","No Part","No Part","6"
"The Spirit of Radio (Live)","Rush","1980","Unreleased","Prog","5:05","12/13/2011","6","5","5","4","4","5","1","1","5"
"Rebel Love Song","Black Veil Brides","2011","Set the World on Fire","Rock","4:00","12/13/2011","5","No Part","4","2","3","No Part","No Part","No Part","4"
"Fly by Night","Rush","1975","Fly by Night","Prog","3:21","12/13/2011","3","4","4","5","4","4","No Part","No Part","5"
"Caravan","Rush","2010","Caravan","Prog","5:38","12/13/2011","4","No Part","4","3","4","No Part","3","3","5"
"A Warrior's Call","Volbeat","2010","Beyond Hell/Above Heaven","Metal","4:19","12/13/2011","3","No Part","5","2","3","No Part","No Part","No Part","4"
"Stone Cold Crazy","Queen","1974","Sheer Heart Attack","Classic Rock","2:19","12/06/2011","4","4","4","5","3","3","No Part","No Part","5"
"Long Away","Queen","1976","A Day at the Races","Classic Rock","3:35","12/06/2011","2","No Part","3","4","2","No Part","No Part","No Part","2"
"The Show Must Go On","Queen","1991","Innuendo","Classic Rock","4:20","12/06/2011","3","No Part","3","4","2","No Part","3","3","2"
"Don't Stop Me Now","Queen","1978","Jazz","Classic Rock","3:32","12/06/2011","3","No Part","4","6","3","No Part","5","5","5"
"I'm in Love with My Car","Queen","1975","A Night at the Opera","Classic Rock","3:09","12/06/2011","4","No Part","4","4","2","No Part","3","3","4"
"Radio Ga Ga","Queen","1984","The Works","Classic Rock","5:28","12/06/2011","3","No Part","4","3","3","No Part","4","3","4"
"Bicycle Race","Queen","1978","Jazz","Classic Rock","3:06","12/06/2011","2","3","3","6","3","4","5","6","5"
"Seven Seas of Rhye","Queen","1974","Queen II","Classic Rock","2:38","12/06/2011","4","No Part","4","5","2","No Part","6","6","5"
"You're My Best Friend","Queen","1975","A Night at the Opera","Classic Rock","2:53","12/06/2011","2","No Part","3","6","3","No Part","3","4","5"
"Ghost of Perdition","Opeth","2005","Ghost Reveries","Prog","10:33","11/29/2011","5","No Part","5","2","5","No Part","4","5","6"
"On the Backs of Angels","Dream Theater","2011","A Dramatic Turn of Events","Prog","8:28","11/29/2011","6","6","6","2","6","6","6","6","6"
"In Waves","Trivium","2011","In Waves","Metal","5:03","11/29/2011","4","No Part","5","2","3","No Part","2","2","4"
"We Built This City","Starship","1985","Knee Deep in the Hoopla","Pop-Rock","5:04","11/29/2011","6","No Part","3","4","2","No Part","3","3","5"
"How You Remind Me","Nickelback","2001","Silver Side Up","Rock","3:46","11/22/2011","2","1","2","3","1","0","No Part","No Part","1"
"Someday","Nickelback","2003","The Long Road","Rock","3:28","11/22/2011","2","No Part","2","3","1","No Part","No Part","No Part","1"
"This Means War","Nickelback","2011","Here and Now","Rock","3:24","11/22/2011","4","No Part","3","2","3","No Part","No Part","No Part","2"
"Animals","Nickelback","2005","All the Right Reasons","Rock","3:07","11/22/2011","3","No Part","4","3","3","No Part","No Part","No Part","3"
"If Today Was Your Last Day","Nickelback","2008","Dark Horse","Rock","4:01","11/22/2011","1","No Part","3","4","1","No Part","2","2","1"
"Superstition","Stevie Wonder","1972","Talking Book","R&B/Soul/Funk","5:01","11/15/2011","3","No Part","4","6","6","No Part","5","5","6"
"I Wish","Stevie Wonder","1976","Songs in the Key of Life","R&B/Soul/Funk","4:14","11/15/2011","6","6","5","5","4","4","6","6","6"
"Higher Ground","Stevie Wonder","1973","Innervisions","R&B/Soul/Funk","3:53","11/15/2011","4","No Part","4","4","5","No Part","6","6","6"
"Sir Duke","Stevie Wonder","1976","Songs in the Key of Life","R&B/Soul/Funk","4:01","11/15/2011","4","4","4","6","5","5","5","5","6"
"Living for the City","Stevie Wonder","1973","Innervisions","R&B/Soul/Funk","4:20","11/15/2011","3","No Part","3","6","3","No Part","3","3","5"
"Sooner or Later","Breaking Benjamin","2004","We Are Not Alone","Rock","3:43","11/01/2011","3","No Part","3","2","3","No Part","No Part","No Part","2"
"Breath","Breaking Benjamin","2006","Phobia","Rock","3:38","11/01/2011","2","2","3","3","2","2","No Part","No Part","2"
"Until the End","Breaking Benjamin","2006","Phobia","Rock","4:09","11/01/2011","3","No Part","4","3","2","No Part","No Part","No Part","4"
"Forever","Papa Roach","2006","The Paramour Sessions","Nu-Metal","4:09","11/01/2011","1","No Part","3","3","1","No Part","1","1","1"
"Thunder Kiss '65","White Zombie","1992","La Sexorcisto: Devil Music, Vol. 1","Metal","3:58","10/25/2011","4","No Part","4","3","3","No Part","No Part","No Part","4"
"Super-Charger Heaven","White Zombie","1995","Astro-Creep:2000","Metal","3:33","10/25/2011","5","4","5","1","4","4","No Part","No Part","5"
"Living Dead Girl","Rob Zombie","1998","Hellbilly Deluxe","Nu-Metal","3:19","10/25/2011","1","No Part","3","3","0","No Part","4","4","2"
"I Believe in a Thing Called Love","The Darkness","2003","Permission to Land","Glam","3:41","10/25/2011","4","4","3","5","2","2","0","0","3"
"Viva la Vida","Coldplay","2008","Viva la Vida or Death and All His Friends","Alternative","4:10","10/18/2011","2","No Part","0","3","0","No Part","3","3","1"
"The Scientist","Coldplay","2002","A Rush of Blood to the Head","Alternative","5:11","10/18/2011","0","No Part","0","2","1","No Part","2","3","0"
"Clocks","Coldplay","2002","A Rush of Blood to the Head","Alternative","5:15","10/18/2011","2","1","2","3","1","0","3","3","1"
"Fix You","Coldplay","2005","X&Y","Alternative","5:00","10/18/2011","2","No Part","2","3","1","No Part","2","2","1"
"Every Teardrop Is a Waterfall","Coldplay","2011","Mylo Xyloto","Alternative","4:20","10/18/2011","4","No Part","4","3","1","No Part","2","2","3"
"Yellow","Coldplay","2000","Parachutes","Alternative","4:34","10/18/2011","1","1","0","3","1","0","1","1","1"
"Rock the Casbah","The Clash","1982","Combat Rock","Punk","3:51","10/11/2011","2","1","4","3","3","4","3","5","3"
"Stay Together for the Kids","Blink-182","2001","Take Off Your Pants and Jacket","Punk","4:09","10/11/2011","2","No Part","3","2","1","No Part","2","2","1"
"The Party Song","Blink-182","1999","Enema of the State","Punk","2:17","10/11/2011","3","No Part","6","4","3","No Part","No Part","No Part","5"
"Up All Night","Blink-182","2011","Neighborhoods","Punk","3:26","10/11/2011","3","3","5","3","3","2","3","3","4"
"Re-Arranged","Limp Bizkit","1999","Significant Other","Nu-Metal","5:09","10/04/2011","5","No Part","5","1","3","No Part","0","0","4"
"Gold Cobra","Limp Bizkit","2011","Gold Cobra","Nu-Metal","3:58","10/04/2011","2","No Part","3","2","3","No Part","1","1","1"
"My Way","Limp Bizkit","2000","Chocolate Starfish and the Hot Dog Flavored Water","Nu-Metal","4:29","10/04/2011","3","No Part","4","2","2","No Part","1","1","2"
"Nookie","Limp Bizkit","1999","Significant Other","Nu-Metal","4:06","10/04/2011","3","2","4","2","3","2","0","0","2"
"Pulse of the Maggots","Slipknot","2004","Vol. 3: (The Subliminal Verses)","Nu-Metal","3:42","09/27/2011","6","No Part","5","2","4","No Part","1","1","5"
"Left Behind","Slipknot","2001","Iowa","Nu-Metal","4:07","09/27/2011","4","No Part","5","2","3","No Part","No Part","No Part","4"
"Wait and Bleed","Slipknot","1999","Slipknot","Nu-Metal","2:34","09/27/2011","6","3","5","2","4","4","No Part","No Part","5"
"Snuff","Slipknot","2008","All Hope Is Gone","Nu-Metal","4:32","09/27/2011","1","2","2","3","1","2","1","1","1"
"Heart-Shaped Box","Nirvana","1993","In Utero","Grunge","4:45","09/20/2011","2","2","3","3","3","2","No Part","No Part","2"
"All Apologies","Nirvana","1993","In Utero","Grunge","3:53","09/20/2011","2","No Part","2","2","2","No Part","1","1","1"
"Rape Me","Nirvana","1993","In Utero","Grunge","2:52","09/20/2011","2","No Part","3","2","2","No Part","No Part","No Part","1"
"You Know You're Right","Nirvana","2002","Nirvana","Grunge","3:42","09/20/2011","3","No Part","3","2","3","No Part","No Part","No Part","2"
"Hash Pipe","Weezer","2001","Weezer (The Green Album)","Alternative","2:55","09/13/2011","3","2","3","2","3","1","No Part","No Part","2"
"Island in the Sun","Weezer","2001","Weezer (The Green Album)","Alternative","3:22","09/13/2011","2","No Part","1","2","1","No Part","No Part","No Part","1"
"Me and Bobby McGee","Janis Joplin & the Full Tilt Boogie Band","1971","Pearl","Classic Rock","4:33","09/13/2011","4","No Part","4","4","3","No Part","5","5","5"
"Perfect Situation","Weezer","2005","Make Believe","Alternative","4:21","09/13/2011","3","No Part","2","3","1","No Part","1","1","1"
"Dream Police","Cheap Trick","1979","Dream Police","Pop-Rock","4:04","09/06/2011","2","No Part","4","3","4","No Part","3","3","4"
"Unbelievable","EMF","1991","EMF Rock Band Re-Record","Pop/Dance/Electronic","3:58","09/06/2011","3","2","4","3","1","1","4","4","3"
"Surrender (Live)","Cheap Trick","1979","Cheap Trick at Budokan","Pop-Rock","4:28","09/06/2011","2","1","4","2","1","3","1","1","1"
"I Want You to Want Me (Live)","Cheap Trick","1979","Cheap Trick at Budokan","Pop-Rock","3:44","09/06/2011","4","No Part","2","2","1","No Part","No Part","No Part","1"
"Monarchy of Roses","Red Hot Chili Peppers","2011","I'm With You","Alternative","4:17","08/30/2011","4","No Part","4","4","4","No Part","2","2","4"
"The Adventures of Rain Dance Maggie","Red Hot Chili Peppers","2011","I'm With You","Alternative","4:46","08/30/2011","3","2","4","3","3","3","1","1","3"
"By the Way","Red Hot Chili Peppers","2002","By the Way","Alternative","3:39","08/30/2011","3","2","4","3","4","5","No Part","No Part","4"
"Otherside","Red Hot Chili Peppers","1999","Californication","Alternative","4:17","08/30/2011","2","2","4","3","2","1","No Part","No Part","2"
"Scar Tissue","Red Hot Chili Peppers","1999","Californication","Alternative","3:41","08/30/2011","2","No Part","3","3","2","No Part","No Part","No Part","2"
"Californication","Red Hot Chili Peppers","1999","Californication","Alternative","5:24","08/30/2011","2","1","3","2","2","2","0","0","1"
"Parallel Universe","Red Hot Chili Peppers","1999","Californication","Alternative","4:34","08/30/2011","3","No Part","4","3","3","No Part","No Part","No Part","5"
"Look Around","Red Hot Chili Peppers","2011","I'm With You","Alternative","3:40","08/30/2011","5","No Part","4","3","4","No Part","3","3","5"
"Adolescents","Incubus","2011","If Not Now, When?","Alternative","4:51","08/23/2011","4","No Part","3","3","1","No Part","4","4","3"
"Wish You Were Here","Incubus","2001","Morning View","Alternative","3:37","08/23/2011","2","No Part","4","3","1","No Part","No Part","No Part","2"
"Pardon Me","Incubus","1999","Make Yourself","Alternative","3:52","08/23/2011","2","2","4","3","1","1","No Part","No Part","2"
"Dance, Dance","Fall Out Boy","2005","From Under the Cork Tree","Pop-Rock","3:05","08/16/2011","4","No Part","4","4","3","No Part","0","0","3"
"Thnks fr th Mmrs","Fall Out Boy","2007","Infinity on High","Pop-Rock","3:19","08/16/2011","3","No Part","4","4","2","No Part","3","3","4"
"Sugar, We're Goin Down","Fall Out Boy","2005","From Under the Cork Tree","Pop-Rock","3:50","08/16/2011","3","1","4","4","2","1","No Part","No Part","3"
"Child in Time","Deep Purple","1970","Deep Purple in Rock","Prog","10:07","08/16/2011","6","No Part","6","3","4","No Part","6","6","6"
"Animal (Live)","Def Leppard","2011","Mirror Ball: Live & More","Rock","4:00","08/09/2011","2","2","4","3","2","1","No Part","No Part","2"
"Undefeated","Def Leppard","2011","Mirror Ball: Live & More","Rock","4:45","08/09/2011","3","3","2","2","1","1","2","2","1"
"Rock of Ages","Def Leppard","1983","Pyromania","Rock","4:02","08/09/2011","3","2","3","4","2","0","1","1","2"
"Photograph","Def Leppard","1983","Pyromania","Rock","4:26","08/09/2011","3","3","3","4","2","1","3","3","3"
"Pour Some Sugar on Me (Live)","Def Leppard","2011","Mirror Ball: Live & More","Rock","5:04","08/09/2011","4","3","3","3","0","0","No Part","No Part","2"
"Bringin' On the Heartbreak","Def Leppard","1981","High 'n' Dry","Rock","4:33","08/09/2011","2","3","3","3","1","1","2","2","1"
"No Sleep till Brooklyn","Beastie Boys","1986","Licensed to Ill","Hip-Hop/Rap","4:20","08/02/2011","4","No Part","2","1","0","No Part","No Part","No Part","1"
"Barracuda","Heart","1977","Little Queen","Classic Rock","4:26","08/02/2011","3","4","4","4","3","4","No Part","No Part","5"
"Make Some Noise","Beastie Boys","2011","Hot Sauce Committee Part Two","Hip-Hop/Rap","3:37","08/02/2011","3","No Part","1","2","2","No Part","3","3","1"
"Tell Me Something Good","Rufus (featuring Chaka Khan)","1974","Rags To Rufus","R&B/Soul/Funk","4:55","08/02/2011","3","No Part","2","5","2","No Part","2","3","2"
"Super Bad, Pts. 1 & 2","James Brown","1970","20 All-Time Greatest Hits","R&B/Soul/Funk","5:10","08/02/2011","4","3","4","5","4","4","6","3","6"
"Starship Trooper","Yes","1971","The Yes Album","Prog","9:56","07/26/2011","6","No Part","4","4","3","No Part","6","6","5"
"Heart of the Sunrise","Yes","1971","Fragile","Prog","10:43","07/26/2011","5","No Part","5","3","5","No Part","6","6","6"
"Owner of a Lonely Heart","Yes","1983","90125","Prog","4:39","07/26/2011","3","2","3","4","2","2","3","3","2"
"South Side of the Sky","Yes","1971","Fragile","Prog","7:41","07/26/2011","5","No Part","5","4","4","No Part","5","5","6"
"I've Seen All Good People","Yes","1971","The Yes Album","Prog","7:10","07/26/2011","4","5","4","4","5","5","6","6","6"
"Fell on Black Days","Soundgarden","1994","Superunknown","Grunge","4:43","07/19/2011","4","No Part","3","2","2","No Part","No Part","No Part","2"
"The Day I Tried to Live","Soundgarden","1994","Superunknown","Grunge","5:25","07/19/2011","3","2","3","3","3","1","No Part","No Part","2"
"Burden in My Hand","Soundgarden","1996","Down on the Upside","Grunge","4:54","07/19/2011","3","2","3","3","4","5","No Part","No Part","3"
"Rusty Cage","Soundgarden","1991","Badmotorfinger","Grunge","4:27","07/19/2011","4","No Part","3","3","4","No Part","No Part","No Part","4"
"Blow Up the Outside World","Soundgarden","1996","Down on the Upside","Grunge","5:55","07/19/2011","2","No Part","3","3","2","No Part","No Part","No Part","1"
"Outshined","Soundgarden","1991","Badmotorfinger","Grunge","5:16","07/19/2011","3","2","3","3","2","3","No Part","No Part","2"
"Boom","P.O.D.","2001","Satellite","Nu-Metal","3:13","07/12/2011","2","1","4","2","2","1","No Part","No Part","1"
"Relax (Come Fighting)","Frankie Goes to Hollywood","1984","Welcome to the Pleasuredome","Pop/Dance/Electronic","3:58","07/12/2011","2","No Part","4","3","0","No Part","3","4","2"
"Youth of the Nation","P.O.D.","2001","Satellite","Nu-Metal","4:06","07/12/2011","2","No Part","3","2","1","No Part","1","1","1"
"A Little Respect","Erasure","1988","The Innocents","New Wave","3:45","07/12/2011","2","No Part","3","4","1","No Part","3","3","2"
"Man on the Moon","R.E.M.","1992","Automatic for the People","Alternative","4:45","07/05/2011","1","No Part","3","3","1","No Part","1","2","1"
"Turning Japanese","The Vapors","1980","New Clear Days","Punk","3:46","07/05/2011","4","3","4","4","4","3","1","1","4"
"For What It's Worth","Buffalo Springfield","1967","Buffalo Springfield","Classic Rock","2:57","07/05/2011","2","1","1","3","1","4","No Part","No Part","1"
"Hypnotize","System of a Down","2005","Hypnotize","Nu-Metal","3:18","07/05/2011","3","No Part","4","3","3","No Part","No Part","No Part","4"
"Aerials","System of a Down","2001","Toxicity","Nu-Metal","3:52","07/05/2011","3","2","4","2","1","0","1","0","1"
"Unskinny Bop","Poison","1990","Flesh & Blood","Glam","4:05","06/28/2011","5","No Part","4","3","1","No Part","1","1","3"
"Here Without You","3 Doors Down","2002","Away from the Sun","Rock","3:59","06/28/2011","3","No Part","2","3","0","No Part","2","2","1"
"When You're Young","3 Doors Down","2011","Time of My Life","Rock","4:14","06/28/2011","2","No Part","2","3","1","No Part","1","2","1"
"Talk Dirty to Me","Poison","1986","Look What the Cat Dragged In","Glam","3:50","06/28/2011","3","No Part","4","2","1","No Part","No Part","No Part","2"
"Nothin' but a Good Time","Poison","1988","Open Up and Say... Ahh!","Glam","3:47","06/28/2011","5","4","4","3","1","1","1","1","2"
"When I'm Gone","3 Doors Down","2002","Away from the Sun","Rock","4:26","06/28/2011","3","2","2","2","2","2","No Part","No Part","1"
"She Hates Me","Puddle of Mudd","2001","Come Clean","Alternative","3:18","06/21/2011","3","1","3","2","1","0","No Part","No Part","1"
"Misery","Maroon 5","2010","Hands All Over","Pop-Rock","3:42","06/21/2011","4","No Part","2","5","3","No Part","3","3","4"
"Control","Puddle of Mudd","2001","Come Clean","Alternative","3:55","06/21/2011","2","No Part","3","2","2","No Part","No Part","No Part","1"
"Won't Go Home Without You","Maroon 5","2007","It Won't Be Soon Before Long","Pop-Rock","3:49","06/21/2011","2","No Part","2","2","1","No Part","1","1","1"
"Blurry","Puddle of Mudd","2001","Come Clean","Alternative","5:09","06/21/2011","4","No Part","3","2","1","No Part","2","2","2"
"This Love","Maroon 5","2002","Songs About Jane","Pop-Rock","3:31","06/21/2011","4","1","3","4","2","1","2","2","3"
"Welcome to the Family","Avenged Sevenfold","2010","Nightmare","Metal","4:08","06/14/2011","5","No Part","4","3","5","No Part","No Part","No Part","5"
"Take on Me","a-ha","1985","Hunting High and Low","New Wave","3:56","06/14/2011","2","0","4","4","2","1","3","3","3"
"Lightning Crashes","Live","1994","Throwing Copper","Alternative","5:28","06/14/2011","3","No Part","4","3","3","No Part","No Part","No Part","4"
"Unholy Confessions","Avenged Sevenfold","2003","Waking the Fallen","Metal","4:50","06/14/2011","4","4","5","2","4","4","No Part","No Part","5"
"Tubthumping","Chumbawamba","1997","Tubthumper","Pop-Rock","3:41","06/14/2011","1","No Part","4","2","0","No Part","1","1","1"
"I Alone","Live","1994","Throwing Copper","Alternative","3:59","06/14/2011","2","2","3","3","3","2","No Part","No Part","2"
"Grenade","Bruno Mars","2010","Doo-Wops & Hooligans","Pop-Rock","3:44","06/07/2011","0","No Part","3","3","1","No Part","3","3","1"
"Help Is on the Way","Rise Against","2011","Endgame","Punk","4:01","06/07/2011","4","No Part","4","3","3","No Part","No Part","No Part","4"
"Just the Way You Are","Bruno Mars","2010","Doo-Wops & Hooligans","Pop-Rock","3:40","06/07/2011","0","No Part","3","3","0","No Part","2","2","1"
"Audience of One","Rise Against","2008","Appeal to Reason","Punk","4:01","06/07/2011","3","3","4","3","3","2","No Part","No Part","3"
"The Good Left Undone","Rise Against","2006","The Sufferer & the Witness","Punk","3:07","06/07/2011","4","2","4","3","3","2","No Part","No Part","4"
"Marry You","Bruno Mars","2010","Doo-Wops & Hooligans","Pop-Rock","3:52","06/07/2011","0","No Part","2","3","1","No Part","1","1","1"
"Steal Away (The Night)","Ozzy Osbourne","1980","Blizzard of Ozz","Metal","3:32","05/31/2011","4","No Part","4","2","4","No Part","No Part","No Part","4"
"I Don't Know","Ozzy Osbourne","1980","Blizzard of Ozz","Metal","5:09","05/31/2011","5","No Part","4","1","4","No Part","No Part","No Part","5"
"Mr. Crowley","Ozzy Osbourne","1980","Blizzard of Ozz","Metal","5:28","05/31/2011","6","6","4","2","3","4","2","2","4"
"Diary of a Madman","Ozzy Osbourne","1981","Diary of a Madman","Metal","6:19","05/31/2011","3","No Part","3","4","2","No Part","3","4","3"
"Flying High Again","Ozzy Osbourne","1981","Diary of a Madman","Metal","4:42","05/31/2011","6","No Part","4","2","3","No Part","No Part","No Part","4"
"Bark at the Moon","Ozzy Osbourne","1983","Bark at the Moon","Metal","4:21","05/31/2011","6","6","4","2","4","5","No Part","No Part","5"
"Mama, I'm Coming Home","Ozzy Osbourne","1991","No More Tears","Metal","4:14","05/31/2011","2","2","2","2","3","3","No Part","No Part","1"
"Over the Mountain","Ozzy Osbourne","1981","Diary of a Madman","Metal","4:35","05/31/2011","5","No Part","4","2","2","No Part","No Part","No Part","4"
"Hot Blooded","Foreigner","1978","Double Vision","Classic Rock","4:45","05/23/2011","4","3","3","5","1","2","1","2","3"
"Born This Way","Lady Gaga","2011","Born This Way","Pop/Dance/Electronic","4:26","05/23/2011","3","No Part","4","4","3","No Part","4","4","5"
"Paparazzi","Lady Gaga","2008","The Fame","Pop/Dance/Electronic","3:33","05/23/2011","0","No Part","2","2","2","No Part","2","2","1"
"Urgent","Foreigner","1981","4","Classic Rock","4:35","05/23/2011","1","1","0","4","2","1","2","2","1"
"LoveGame","Lady Gaga","2008","The Fame","Pop/Dance/Electronic","3:43","05/23/2011","3","No Part","3","3","2","No Part","3","3","2"
"Do You Feel Like We Do (Live)","Peter Frampton","1976","Frampton Comes Alive!","Rock","13:46","05/19/2011","5","No Part","4","2","3","No Part","6","6","5"
"Walk","Pantera","1992","Vulgar Display of Power","Metal","5:24","05/19/2011","5","4","4","3","5","4","No Part","No Part","6"
"Mouth for War","Pantera","1992","Vulgar Display of Power","Metal","4:02","05/19/2011","5","No Part","5","3","5","No Part","No Part","No Part","6"
"I'm Broken","Pantera","1994","Far Beyond Driven","Metal","4:39","05/19/2011","4","No Part","4","3","4","No Part","No Part","No Part","5"
"5 Minutes Alone","Pantera","1994","Far Beyond Driven","Metal","5:58","05/19/2011","5","5","4","3","6","6","No Part","No Part","5"
"Rope","Foo Fighters","2011","Wasting Light","Alternative","4:24","05/10/2011","4","2","4","3","3","3","0","0","3"
"Stacked Actors","Foo Fighters","1999","There Is Nothing Left to Lose","Alternative","4:21","05/10/2011","4","No Part","4","3","2","No Part","No Part","No Part","4"
"Long Road to Ruin","Foo Fighters","2007","Echoes, Silence, Patience & Grace","Alternative","3:40","05/10/2011","3","No Part","3","2","1","No Part","1","1","2"
"Walk","Foo Fighters","2011","Wasting Light","Alternative","4:21","05/10/2011","2","No Part","4","3","1","No Part","1","1","1"
"King of Rock","Run-DMC","1985","King of Rock","Hip-Hop/Rap","5:19","05/10/2011","5","No Part","3","1","0","No Part","No Part","No Part","2"
"Hard Rock Hallelujah","Lordi","2006","The Arockalypse","Metal","4:12","05/10/2011","3","No Part","3","3","2","No Part","3","3","2"
"Big Bang Baby","Stone Temple Pilots","1996","Tiny Music... Songs from the Vatican Gift Shop","Alternative","3:26","05/03/2011","4","3","3","2","3","3","0","1","2"
"From Out of Nowhere","Faith No More","1989","The Real Thing","Rock","3:25","05/03/2011","3","No Part","4","2","4","No Part","2","2","3"
"Stash","Phish","1992","A Picture of Nectar","Rock","7:17","05/03/2011","5","6","5","3","5","6","5","6","6"
"Tweezer","Phish","1992","A Picture of Nectar","Rock","8:50","05/03/2011","4","No Part","5","4","5","No Part","6","6","6"
"Do You Really Want to Hurt Me","Culture Club","1982","Kissing to Be Clever","New Wave","4:30","05/03/2011","1","No Part","3","2","2","No Part","2","3","1"
"Working for the Weekend","Loverboy","1981","Get Lucky","Pop-Rock","3:42","05/03/2011","2","2","4","3","3","3","3","3","3"
"Rock and Roll All Nite (Live)","KISS","1975","Dressed To Kill Tour","Classic Rock","3:47","04/26/2011","4","4","4","2","4","3","No Part","No Part","4"
"Strutter (Live)","KISS","1975","Dressed To Kill Tour","Classic Rock","3:21","04/26/2011","4","No Part","4","3","4","No Part","No Part","No Part","4"
"Dream Baby (How Long Must I Dream)","Roy Orbison","1962","In Dreams: The Greatest Hits","Classic Rock","3:02","04/26/2011","4","No Part","3","3","1","No Part","2","2","2"
"Only the Lonely (Know the Way I Feel)","Roy Orbison","1960","In Dreams: The Greatest Hits","Classic Rock","2:31","04/26/2011","0","1","1","4","1","0","1","1","1"
"Blue Bayou","Roy Orbison","1963","In Dreams: The Greatest Hits","Classic Rock","2:47","04/26/2011","1","No Part","0","4","1","No Part","2","3","1"
"Breaking","Anberlin","2008","New Surrender","Alternative","3:31","04/19/2011","2","No Part","3","3","1","No Part","1","1","2"
"Love Rollercoaster","Ohio Players","1975","Honey","R&B/Soul/Funk","4:40","04/19/2011","4","2","4","6","3","3","6","6","5"
"Must Have Done Something Right","Relient K","2007","Five Score and Seven Years Ago","Pop-Rock","3:24","04/19/2011","1","No Part","1","4","2","No Part","2","2","2"
"Blood and Thunder","Mastodon","2004","Leviathan","Metal","3:57","04/19/2011","5","3","5","1","4","4","No Part","No Part","5"
"Fire","Ohio Players","1974","Fire","R&B/Soul/Funk","4:29","04/19/2011","5","No Part","4","6","2","No Part","4","5","5"
"867-5309/Jenny","Tommy Tutone","1981","Tutone-Ality","Rock","3:48","04/19/2011","3","2","2","2","2","1","0","0","2"
"Rhiannon","Fleetwood Mac","1975","Fleetwood Mac","Classic Rock","4:21","04/12/2011","4","No Part","4","3","3","No Part","3","4","4"
"Gold Dust Woman","Fleetwood Mac","1977","Rumours","Classic Rock","5:07","04/12/2011","3","No Part","0","3","3","No Part","3","3","2"
"Edge of Seventeen (Just Like the White Winged Dove)","Stevie Nicks","1981","Bella Donna","Classic Rock","5:40","04/12/2011","3","0","4","5","2","1","5","5","4"
"Stand Back","Stevie Nicks","1983","The Wild Heart","Classic Rock","5:03","04/12/2011","3","No Part","4","4","3","No Part","3","3","4"
"Dreams","Fleetwood Mac","1977","Rumours","Classic Rock","4:18","04/12/2011","2","1","2","4","2","0","1","2","1"
"Landslide","Fleetwood Mac","1975","Fleetwood Mac","Classic Rock","3:25","04/12/2011","4","No Part","No Part","3","No Part","No Part","No Part","No Part","5"
"We're an American Band","Grand Funk Railroad","1973","We're An American Band","Classic Rock","3:31","04/05/2011","4","3","4","3","2","6","4","4","4"
"Freeze-Frame","The J. Geils Band","1981","Freeze-Frame","Rock","3:55","04/05/2011","1","1","3","4","1","3","1","1","1"
"Love Will Tear Us Apart","Joy Division","1980","Love Will Tear Us Apart","New Wave","3:53","04/05/2011","1","1","5","1","3","2","0","0","2"
"The Loco-Motion","Grand Funk Railroad","1974","Shinin' On","Classic Rock","2:50","04/05/2011","2","No Part","3","4","1","No Part","1","2","1"
"Through the Fire and Flames","DragonForce","2006","Inhuman Rampage","Metal","7:25","03/29/2011","6","6","6","4","5","6","6","6","6"
"Somebody to Love","Jefferson Airplane","1967","Surrealistic Pillow","Classic Rock","2:58","03/29/2011","3","No Part","3","3","3","No Part","No Part","No Part","2"
"Spinning Wheel","Blood, Sweat & Tears","1968","Blood, Sweat & Tears","Classic Rock","4:10","03/29/2011","3","No Part","4","3","3","No Part","2","3","4"
"Operation Ground and Pound","DragonForce","2006","Inhuman Rampage","Metal","7:48","03/29/2011","6","No Part","6","5","5","No Part","4","4","6"
"Black Magic Woman","Santana","1970","Abraxas","Classic Rock","3:44","03/29/2011","4","3","4","2","1","3","4","4","3"
"I Go to Extremes","Billy Joel","1989","Storm Front","Classic Rock","4:53","03/22/2011","2","No Part","3","3","2","No Part","6","6","4"
"Miami 2017 (Seen the Lights Go Out on Broadway)","Billy Joel","1976","Turnstiles","Classic Rock","5:00","03/22/2011","1","No Part","3","2","1","No Part","4","4","2"
"Prelude/Angry Young Man","Billy Joel","1976","Turnstiles","Classic Rock","5:20","03/22/2011","3","2","5","3","3","2","6","6","5"
"Scenes from an Italian Restaurant ","Billy Joel","1977","The Stranger","Classic Rock","7:36","03/22/2011","4","No Part","4","3","4","No Part","6","6","5"
"She's Always a Woman","Billy Joel","1977","The Stranger","Classic Rock","3:24","03/22/2011","5","No Part","No Part","3","0","No Part","5","6","4"
"My Life","Billy Joel","1978","52nd Street","Classic Rock","4:47","03/22/2011","2","No Part","3","3","3","No Part","3","3","2"
"Spill the Wine","WAR","1970","Eric Burdon Declares 'War'","R&B/Soul/Funk","4:51","03/15/2011","1","No Part","3","1","1","No Part","3","4","1"
"So Lonely","The Police","1978","Outlandos d'Amour","Rock","4:59","03/15/2011","4","No Part","4","4","2","No Part","No Part","No Part","4"
"Shooting the Moon","OK Go","2010","Of the Blue Colour of the Sky","Pop-Rock","3:23","03/15/2011","3","No Part","3","3","0","No Part","3","3","2"
"Every Breath You Take","The Police","1983","Synchronicity","Rock","4:16","03/15/2011","3","1","1","2","1","0","2","2","1"
"Personal Jesus","Depeche Mode","1990","Violator","Pop/Dance/Electronic","4:59","03/08/2011","2","0","3","2","2","1","4","4","2"
"I Will Possess Your Heart","Death Cab For Cutie","2008","Narrow Stairs","Indie Rock","5:27","03/08/2011","3","No Part","3","2","1","No Part","2","2","2"
"Never Let Me Down Again","Depeche Mode","1987","Music For the Masses","Pop/Dance/Electronic","4:45","03/08/2011","1","No Part","3","2","0","No Part","1","2","1"
"Policy of Truth","Depeche Mode","1990","Violator","Pop/Dance/Electronic","5:05","03/08/2011","2","No Part","2","1","1","No Part","2","2","1"
"Head Like a Hole","Nine Inch Nails","1989","Pretty Hate Machine","Rock","5:04","03/01/2011","2","1","5","3","5","4","6","6","6"
"Terrible Lie","Nine Inch Nails","1989","Pretty Hate Machine","Rock","5:08","03/01/2011","0","No Part","3","3","0","No Part","3","4","1"
"The Only Time","Nine Inch Nails","1989","Pretty Hate Machine","Rock","4:56","03/01/2011","4","No Part","2","2","0","No Part","3","1","1"
"Sanctified","Nine Inch Nails","1989","Pretty Hate Machine","Rock","5:56","03/01/2011","2","No Part","4","2","0","No Part","1","2","1"
"Love Is a Battlefield","Pat Benatar","1983","Live from Earth","Classic Rock","5:20","02/22/2011","4","No Part","4","3","3","No Part","1","1","5"
"Promises in the Dark","Pat Benatar","1981","Precious Time","Classic Rock","4:16","02/22/2011","3","No Part","3","2","2","No Part","3","4","3"
"Fire and Ice","Pat Benatar","1981","Precious Time","Classic Rock","3:20","02/22/2011","3","No Part","2","2","2","No Part","No Part","No Part","1"
"Invincible","Pat Benatar","1985","Seven the Hard Way","Classic Rock","4:28","02/22/2011","3","No Part","4","2","3","No Part","2","2","3"
"Shadows of the Night","Pat Benatar","1982","Get Nervous","Classic Rock","4:30","02/22/2011","3","No Part","3","3","2","No Part","4","4","3"
"We Belong","Pat Benatar","1984","Tropico","Classic Rock","3:44","02/22/2011","2","0","0","3","2","0","3","3","1"
"Need You Now","Lady Antebellum","2010","Need You Now","Country","4:39","02/11/2011","1","No Part","1","3","2","No Part","1","1","1"
"Obsession","Animotion","1984","Obsession","New Wave","4:19","02/11/2011","2","No Part","5","1","5","No Part","2","1","3"
"Airplanes","B.o.B (featuring Hayley Williams)","2010","B.o.B Presents: The Adventures of Bobby Ray","Hip-Hop/Rap","3:05","02/11/2011","0","No Part","3","2","0","No Part","0","1","1"
"Paradise by the Dashboard Light","Meat Loaf","1977","Bat Out of Hell","Classic Rock","8:33","02/11/2011","5","No Part","5","5","5","No Part","6","6","6"
"Total Eclipse of the Heart","Bonnie Tyler","1983","Faster Than the Speed of Night","Pop-Rock","6:33","02/11/2011","4","No Part","4","4","1","No Part","3","4","3"
"Stop Draggin' My Heart Around","Stevie Nicks","1981","Bella Donna","Classic Rock","4:16","02/11/2011","3","2","4","4","1","1","3","3","3"
"Don't You Want Me","The Human League","1981","Dare","Pop/Dance/Electronic","3:44","02/11/2011","2","No Part","4","2","3","No Part","3","3","2"
"No More Trouble","Bob Marley and the Wailers","1973","Catch a Fire","Reggae/Ska","4:00","02/08/2011","2","No Part","3","3","2","No Part","1","1","1"
"Lively Up Yourself","Bob Marley and the Wailers","1974","Natty Dread","Reggae/Ska","5:06","02/08/2011","4","No Part","3","3","2","No Part","3","3","3"
"Bend Down Low","Bob Marley and the Wailers","1974","Natty Dread","Reggae/Ska","2:49","02/08/2011","1","No Part","3","4","2","No Part","1","1","1"
"Kaya","Bob Marley and the Wailers","1978","Kaya","Reggae/Ska","3:34","02/08/2011","1","No Part","3","2","2","No Part","2","2","1"
"Coming in from the Cold","Bob Marley and the Wailers","1980","Uprising","Reggae/Ska","6:15","02/08/2011","1","No Part","3","4","2","No Part","1","1","1"
"Them Belly Full (But We Hungry)","Bob Marley and the Wailers","1974","Natty Dread","Reggae/Ska","3:34","02/08/2011","4","2","3","3","2","1","3","3","3"
"Small Axe","Bob Marley and the Wailers","1973","Burnin'","Reggae/Ska","4:07","02/08/2011","3","No Part","3","3","2","No Part","4","4","2"
"Burnin' and Lootin'","Bob Marley and the Wailers","1973","Burnin'","Reggae/Ska","4:28","02/08/2011","1","No Part","3","3","2","No Part","4","3","2"
"Giddy On Up","Laura Bell Bundy","2010","Achin' and Shakin'","Country","3:34","02/01/2011","5","No Part","3","3","3","No Part","1","0","4"
"Rain Is a Good Thing","Luke Bryan","2009","Doin' My Thing","Country","2:59","02/01/2011","4","No Part","4","3","1","No Part","4","3","4"
"Backwoods","Justin Moore","2009","Justin Moore","Country","2:44","02/01/2011","2","No Part","2","3","3","No Part","4","3","1"
"TWANG","George Strait","2009","TWANG","Country","2:55","02/01/2011","4","No Part","2","3","2","No Part","5","6","2"
"Crazy Town","Jason Aldean","2009","Wide Open","Country","3:07","02/01/2011","4","No Part","3","3","2","No Part","4","4","2"
"Intentional Heartache","Dwight Yoakam","2005","Blame the Vain","Country","4:27","02/01/2011","4","No Part","3","2","1","No Part","5","4","3"
"Man of Me","Gary Allan","2001","Alright Guy","Country","3:39","02/01/2011","3","No Part","2","3","1","No Part","4","5","2"
"I'm Not Down","The Clash","1979","London Calling","Punk","3:12","02/01/2011","3","No Part","4","3","4","No Part","3","4","5"
"The Right Profile","The Clash","1979","London Calling","Punk","3:59","02/01/2011","3","No Part","4","2","2","No Part","3","3","3"
"Four Horsemen","The Clash","1979","London Calling","Punk","2:57","02/01/2011","2","No Part","4","2","3","No Part","2","2","3"
"Lover's Rock","The Clash","1979","London Calling","Punk","4:08","02/01/2011","4","No Part","4","2","3","No Part","3","3","5"
"Death or Glory","The Clash","1979","London Calling","Punk","3:59","02/01/2011","3","No Part","4","3","3","No Part","No Part","No Part","3"
"Settlin'","Sugarland","2006","Enjoy the Ride","Country","3:22","02/01/2011","2","No Part","2","3","2","No Part","4","4","1"
"Ring of Fire","Johnny Cash","1963","Ring of Fire: The Best of Johnny Cash","Country","2:46","02/01/2011","1","No Part","4","2","1","No Part","6","4","4"
"Spanish Bombs","The Clash","1979","London Calling","Punk","3:23","02/01/2011","3","3","3","2","3","3","4","5","2"
"Rudie Can't Fail","The Clash","1979","London Calling","Punk","3:49","02/01/2011","3","3","4","4","3","4","2","2","4"
"Jimmy Jazz","The Clash","1979","London Calling","Punk","3:59","02/01/2011","3","No Part","4","2","2","No Part","3","3","4"
"Lost in the Supermarket","The Clash","1979","London Calling","Punk","3:53","02/01/2011","2","No Part","4","2","4","No Part","No Part","No Part","3"
"Hateful","The Clash","1979","London Calling","Punk","2:49","02/01/2011","3","No Part","3","3","3","No Part","0","0","2"
"Wrong 'Em Boyo","The Clash","1979","London Calling","Punk","3:19","02/01/2011","2","No Part","4","4","2","No Part","4","4","3"
"Koka Kola","The Clash","1979","London Calling","Punk","1:50","02/01/2011","2","No Part","4","4","2","No Part","No Part","No Part","2"
"Single White Female","Chely Wright","1999","Single White Female","Country","3:24","02/01/2011","2","No Part","2","2","2","No Part","4","4","1"
"Awful Beautiful Life","Darryl Worley","2004","Darryl Worley","Country","4:03","02/01/2011","4","No Part","4","3","1","No Part","4","6","5"
"Alright","Darius Rucker","2008","Learn to Live","Country","3:56","02/01/2011","1","No Part","4","2","2","No Part","4","4","1"
"That's How Country Boys Roll","Billy Currington","2008","Little Bit of Everything","Country","3:47","02/01/2011","4","No Part","3","3","2","No Part","4","5","2"
"Sideways","Dierks Bentley","2009","Feel that Fire","Country","3:08","02/01/2011","3","No Part","2","3","2","No Part","No Part","No Part","2"
"Mama Tried","Merle Haggard","1968","Mama Tried","Country","2:16","02/01/2011","4","No Part","3","2","1","No Part","No Part","No Part","2"
"Summer Nights","Rascal Flatts","2009","Unstoppable","Country","4:01","02/01/2011","4","No Part","4","4","4","No Part","4","4","4"
"Party for Two (with Billy Currington)","Shania Twain","2004","Greatest Hits","Country","3:37","02/01/2011","1","No Part","2","4","1","No Part","1","0","0"
"The Night the Lights Went Out in Georgia","Reba McEntire","1991","For My Broken Heart","Country","4:20","02/01/2011","2","No Part","3","3","4","No Part","4","6","2"
"Ride","Trace Adkins","2006","Dangerous Man","Country","3:55","02/01/2011","4","4","4","3","3","4","6","5","4"
"Revolution Rock","The Clash","1979","London Calling","Punk","5:38","02/01/2011","4","No Part","4","4","2","No Part","4","5","5"
"The Card Cheat","The Clash","1979","London Calling","Punk","3:54","02/01/2011","1","1","3","2","3","1","3","4","1"
"Clampdown","The Clash","1979","London Calling","Punk","3:49","02/01/2011","3","2","4","2","3","3","3","3","4"
"The Guns of Brixton","The Clash","1979","London Calling","Punk","3:16","02/01/2011","3","No Part","3","2","3","No Part","No Part","No Part","2"
"Perfect Day","Lady Antebellum","2010","Need You Now","Country","3:21","02/01/2011","5","No Part","4","2","3","No Part","5","5","5"
"Brand New Cadillac","The Clash","1979","London Calling","Punk","2:14","02/01/2011","3","No Part","3","2","3","No Part","No Part","No Part","2"
"London Calling","The Clash","1979","London Calling","Punk","3:24","02/01/2011","2","2","4","1","2","4","No Part","No Part","2"
"Kiss a Girl","Keith Urban","2009","Defying Gravity","Country","3:50","02/01/2011","3","No Part","2","3","2","No Part","5","4","1"
"Freakshow","HourCast","2010","Dystopia","Rock","2:50","01/31/2011","3","1","3","3","3","2","No Part","No Part","4"
"Don't Feel Like That Anymore","Johnny Cooper","2009","Follow","Rock","4:02","01/31/2011","3","3","3","2","2","3","No Part","No Part","4"
"Appetite","The Gracious Few","2010","The Gracious Few","Rock","4:23","01/31/2011","3","3","2","3","2","3","No Part","No Part","4"
"Ziggy Stardust","David Bowie","1972","The Rise and Fall of Ziggy Stardust and the Spiders from Mars","Glam","3:23","01/25/2011","3","3","4","3","2","3","No Part","No Part","3"
"Young Americans","David Bowie","1975","Young Americans","Glam","5:33","01/25/2011","4","No Part","4","4","3","No Part","3","3","5"
"Modern Love","David Bowie","1983","Let's Dance","Glam","4:06","01/25/2011","2","0","4","3","3","5","5","5","5"
"Fame","David Bowie","1975","Young Americans","Glam","4:19","01/25/2011","3","No Part","3","2","1","No Part","No Part","No Part","1"
"Blue Jean","David Bowie","1984","Tonight","Glam","3:18","01/25/2011","3","No Part","3","2","2","No Part","1","1","1"
"Say You'll Haunt Me","Stone Sour","2010","Audio Secrecy","Metal","4:50","01/18/2011","3","4","4","2","3","3","0","0","3"
"Through Glass","Stone Sour","2006","Come What(ever) May","Metal","4:44","01/18/2011","3","No Part","4","2","2","No Part","0","0","3"
"Made of Scars","Stone Sour","2006","Come What(ever) May","Metal","3:27","01/18/2011","4","No Part","4","2","3","No Part","No Part","No Part","4"
"Waiting for the End","Linkin Park","2010","A Thousand Suns","Nu-Metal","3:59","01/11/2011","2","No Part","4","3","1","No Part","1","1","1"
"In the End","Linkin Park","2000","Hybrid Theory","Nu-Metal","3:39","01/11/2011","1","0","4","2","2","2","1","1","1"
"Somewhere I Belong","Linkin Park","2003","Meteora","Nu-Metal","3:42","01/11/2011","1","No Part","3","2","1","No Part","2","2","1"
"What I've Done","Linkin Park","2007","Minutes to Midnight","Nu-Metal","3:25","01/11/2011","1","1","3","3","0","0","0","0","1"
"Crawling","Linkin Park","2000","Hybrid Theory","Nu-Metal","3:27","01/11/2011","2","No Part","4","2","1","No Part","0","1","2"
"Numb","Linkin Park","2003","Meteora","Nu-Metal","3:07","01/11/2011","1","No Part","4","3","0","No Part","0","1","1"
"Folsom Prison Blues","Johnny Cash","1955","Classic Cash: Hall of Fame Series","Country","2:45","01/04/2011","4","No Part","5","2","1","No Part","2","3","5"
"Tennessee Flat Top Box","Johnny Cash","1961","Classic Cash: Hall of Fame Series","Country","3:09","01/04/2011","4","5","4","1","1","1","2","2","3"
"Cry, Cry, Cry","Johnny Cash","1955","Classic Cash: Hall of Fame Series","Country","2:26","01/04/2011","4","No Part","4","2","1","No Part","4","5","5"
"I Walk the Line","Johnny Cash","1956","Classic Cash: Hall of Fame Series","Country","2:35","01/04/2011","1","0","3","3","1","1","3","3","1"
"I Got Stripes","Johnny Cash","1959","Classic Cash: Hall of Fame Series","Country","2:05","01/04/2011","3","No Part","3","3","1","No Part","2","2","1"
"The Ballad of Ira Hayes","Johnny Cash","1964","Classic Cash: Hall of Fame Series","Country","2:55","01/04/2011","2","No Part","3","1","1","No Part","1","1","1"
"Five Feet High and Rising","Johnny Cash","1959","Classic Cash: Hall of Fame Series","Country","1:45","01/04/2011","1","No Part","3","1","0","No Part","3","3","1"
"Don't Take Your Guns to Town","Johnny Cash","1958","Classic Cash: Hall of Fame Series","Country","3:08","01/04/2011","3","No Part","3","2","1","No Part","3","3","2"
"Cities in Dust","Siouxsie and The Banshees","1986","Tinderbox","Pop-Rock","4:00","12/28/2010","3","1","3","3","3","1","1","1","2"
"Maybe I'm Amazed","Paul McCartney","1970","McCartney","Classic Rock","3:42","12/28/2010","2","No Part","3","4","1","No Part","3","3","1"
"Let Me Roll It","Paul McCartney & Wings","1973","Band on the Run","Classic Rock","4:46","12/28/2010","3","1","1","2","1","0","0","1","1"
"Helen Wheels","Paul McCartney & Wings","1973","Band on the Run","Classic Rock","3:41","12/28/2010","4","No Part","4","2","2","No Part","0","0","4"
"Band on the Run","Paul McCartney & Wings","1973","Band on the Run","Classic Rock","5:16","12/28/2010","3","No Part","2","4","1","No Part","2","2","2"
"Open My Eyes","Inhabited","2005","The Revolution","Pop-Rock","3:24","12/28/2010","4","No Part","4","3","2","No Part","2","4","2"
"Jerk It Out","Caesars","2005","Paper Tigers","Indie Rock","3:20","12/21/2010","2","1","3","3","2","0","3","3","1"
"Fantasma","Linea 77","2003","Numb","Nu-Metal","3:44","12/21/2010","4","No Part","4","2","3","No Part","0","0","4"
"Dis-Moi","BB Brunes","2007","Blonde Comme Moi","Rock","2:30","12/21/2010","2","1","3","2","2","1","No Part","No Part","1"
"Starting to Appreciate","Tutankamon","2009","Tutankamon","Indie Rock","4:27","12/21/2010","5","No Part","5","2","2","No Part","No Part","No Part","5"
"Happy Xmas (War is Over)","John & Yoko, The Plastic Ono Band","1971","Happy Xmas (War is Over)","Classic Rock","3:36","12/21/2010","1","No Part","1","2","0","No Part","4","4","1"
"Peut-Être une Angine","Anaïs","2008","The Love Album","Pop-Rock","3:32","12/21/2010","1","No Part","3","3","1","No Part","0","0","1"
"Dame Aire","Skizoo","2007","Incerteza","Metal","3:46","12/21/2010","6","No Part","5","3","4","No Part","No Part","No Part","6"
"Proibito","Litfiba","1990","El Diablo","Rock","3:53","12/21/2010","4","No Part","3","3","2","No Part","1","2","2"
"Nur ein Wort","Wir sind Helden","2005","Von Hier An Blind","Pop-Rock","3:57","12/21/2010","4","No Part","4","3","3","No Part","3","3","4"
"Verdamp Lang Her","BAP","1981","Für Usszeschnigge","Rock","6:19","12/21/2010","3","No Part","3","2","3","No Part","3","3","2"
"We Didn't Start the Fire","Billy Joel","1989","The Hits","Classic Rock","4:53","12/14/2010","2","No Part","1","3","2","No Part","1","1","1"
"Captain Jack","Billy Joel","1973","Piano Man","Classic Rock","7:30","12/14/2010","3","No Part","3","2","2","No Part","3","3","2"
"Pressure","Billy Joel","1982","The Hits","Classic Rock","4:42","12/14/2010","2","No Part","3","2","2","No Part","5","5","1"
"Say Goodbye to Hollywood","Billy Joel","1976","Turnstiles","Classic Rock","4:44","12/14/2010","2","No Part","1","3","1","No Part","3","3","1"
"Piano Man","Billy Joel","1973","The Hits","Classic Rock","5:39","12/14/2010","4","No Part","4","4","2","No Part","4","4","3"
"The Entertainer","Billy Joel","1974","The Hits","Classic Rock","3:44","12/14/2010","5","No Part","4","3","3","No Part","6","6","5"
"Big Shot","Billy Joel","1978","The Hits","Classic Rock","4:21","12/14/2010","2","2","2","3","2","1","3","3","1"
"You May Be Right","Billy Joel","1980","The Hits","Classic Rock","4:01","12/14/2010","3","No Part","3","4","2","No Part","4","4","4"
"Movin' Out (Anthony's Song)","Billy Joel","1977","The Hits","Classic Rock","3:49","12/14/2010","2","2","1","4","2","1","3","3","1"
"It's Still Rock and Roll to Me","Billy Joel","1980","The Hits","Classic Rock","2:57","12/14/2010","2","No Part","2","2","2","No Part","2","2","1"
"The Stranger","Billy Joel","1977","The Stranger","Classic Rock","5:23","12/14/2010","4","No Part","4","3","3","No Part","4","5","4"
"Only the Good Die Young","Billy Joel","1977","The Hits","Classic Rock","4:00","12/14/2010","3","1","3","4","3","3","4","4","2"
"Tenement Funster","Queen","1974","Sheer Heart Attack","Classic Rock","3:03","12/07/2010","2","2","3","2","2","2","1","1","1"
"Now I'm Here","Queen","1974","Sheer Heart Attack","Classic Rock","3:55","12/07/2010","3","2","3","3","2","3","1","1","3"
"Play the Game","Queen","1980","The Game","Classic Rock","3:32","12/07/2010","3","2","3","4","2","2","2","3","3"
"Keep Yourself Alive","Queen","1973","Queen","Classic Rock","3:42","12/07/2010","4","5","4","3","2","2","No Part","No Part","5"
"Hammer to Fall","Queen","1984","The Works","Classic Rock","3:36","12/07/2010","3","3","2","3","2","2","1","2","2"
"Can't Get Enough","Bad Company","1974","Bad Company","Classic Rock","4:15","11/30/2010","4","No Part","4","4","2","No Part","No Part","No Part","4"
"Tuesday's Gone","Lynyrd Skynyrd","1973","(pronounced 'leh-'nérd 'skin-'nérd)","Southern Rock","8:01","11/30/2010","4","No Part","3","3","4","No Part","5","5","5"
"Hold On Loosely",".38 Special","1981","Wild-Eyed Southern Boys","Southern Rock","4:45","11/30/2010","5","No Part","2","3","3","No Part","1","1","3"
"What's Your Name?","Lynyrd Skynyrd","1977","Street Survivors","Southern Rock","3:37","11/30/2010","5","No Part","2","3","3","No Part","5","5","5"
"Saturday Night Special","Lynyrd Skynyrd","1975","Nuthin' Fancy","Southern Rock","5:04","11/30/2010","5","No Part","4","2","3","No Part","3","2","4"
"Sweet Home Alabama (Live)","Lynyrd Skynyrd","1976","One More From The Road","Southern Rock","6:26","11/30/2010","6","6","3","3","5","5","6","6","5"
"How?","John Lennon","1971","Imagine","Classic Rock","3:46","11/23/2010","1","No Part","1","1","1","No Part","1","2","0"
"I Don't Wanna Be A Soldier Mama","John Lennon","1971","Imagine","Classic Rock","6:08","11/23/2010","2","No Part","3","2","3","No Part","5","6","3"
"Oh My Love","John Lennon","1971","Imagine","Classic Rock","2:50","11/23/2010","1","No Part","No Part","1","1","No Part","1","3","1"
"Gimme Some Truth","John Lennon","1971","Imagine","Classic Rock","3:10","11/23/2010","3","No Part","2","2","2","No Part","2","4","1"
"How Do You Sleep?","John Lennon","1971","Imagine","Classic Rock","5:35","11/23/2010","3","No Part","3","2","2","No Part","5","5","1"
"It's So Hard","John Lennon","1971","Imagine","Classic Rock","2:30","11/23/2010","2","No Part","1","2","1","No Part","2","2","1"
"Oh Yoko!","John Lennon","1971","Imagine","Classic Rock","4:22","11/23/2010","2","No Part","4","2","2","No Part","6","6","4"
"Jealous Guy","John Lennon","1971","Imagine","Classic Rock","4:20","11/23/2010","1","No Part","0","2","1","No Part","3","4","0"
"Crippled Inside","John Lennon","1971","Imagine","Classic Rock","3:48","11/23/2010","3","No Part","3","2","2","No Part","6","6","3"
"The Thrill Is Gone","B.B. King","1969","Completely Well","Blues","5:37","11/16/2010","1","4","2","3","1","1","3","4","1"
"A Whiter Shade of Pale","Procol Harum","1967","Procol Harum","Classic Rock","4:07","11/16/2010","1","No Part","2","3","1","No Part","1","1","1"
"You Should Be Dancing","Bee Gees","1976","Children of the World","R&B/Soul/Funk","4:35","11/16/2010","4","No Part","4","3","5","No Part","2","3","5"
"Stayin' Alive","Bee Gees","1977","Saturday Night Fever: The Original Movie Sound Track","R&B/Soul/Funk","4:55","11/16/2010","2","1","2","3","2","2","2","3","4"
"Tragedy","Bee Gees","1979","Spirits Having Flown","R&B/Soul/Funk","5:08","11/16/2010","2","No Part","4","3","2","No Part","5","5","6"
"Night Fever","Bee Gees","1977","Saturday Night Fever: The Original Movie Sound Track","R&B/Soul/Funk","3:51","11/16/2010","1","No Part","3","4","2","No Part","2","3","5"
"Jive Talkin'","Bee Gees","1975","Main Course","R&B/Soul/Funk","3:52","11/16/2010","2","No Part","3","3","3","No Part","2","2","2"
"Nights on Broadway","Bee Gees","1975","Main Course","R&B/Soul/Funk","4:43","11/16/2010","2","No Part","4","6","3","No Part","3","4","6"
"Have a Nice Day","Bon Jovi","2005","Greatest Hits","Rock","3:54","11/09/2010","3","No Part","3","2","2","No Part","1","1","1"
"Bad Medicine","Bon Jovi","1988","Greatest Hits","Rock","5:49","11/09/2010","5","No Part","2","2","3","No Part","4","4","3"
"Burning Down the House","Talking Heads","1983","Speaking in Tongues","New Wave","4:22","11/09/2010","2","1","3","2","1","1","3","4","3"
"My Own Summer (Shove It)","Deftones","1997","Around the Fur","Nu-Metal","3:41","11/09/2010","3","3","3","2","4","5","No Part","No Part","2"
"Who Says You Can't Go Home","Bon Jovi","2005","Greatest Hits","Rock","3:52","11/09/2010","3","No Part","2","4","2","No Part","2","2","1"
"Runaway","Bon Jovi","1984","Greatest Hits","Rock","3:55","11/09/2010","4","3","2","3","2","1","5","5","3"
"Lay Your Hands On Me","Bon Jovi","1988","Greatest Hits","Rock","6:02","11/09/2010","4","No Part","2","2","3","No Part","3","2","1"
"We Weren't Born to Follow","Bon Jovi","2009","Greatest Hits","Rock","4:11","11/09/2010","3","No Part","1","3","2","No Part","1","1","1"
"I'll Be There for You","Bon Jovi","1988","Greatest Hits","Rock","5:48","11/09/2010","4","No Part","1","2","2","No Part","2","2","1"
"It's My Life","Bon Jovi","2000","Greatest Hits","Rock","3:50","11/09/2010","2","No Part","1","2","2","No Part","2","1","1"
"Blue Monday","New Order","1983","Blue Monday","New Wave","7:33","11/09/2010","0","0","4","1","3","1","1","1","1"
"Blaze of Glory","Bon Jovi","1990","Greatest Hits","Rock","5:41","11/09/2010","4","No Part","3","3","2","No Part","1","1","2"
"Subdivisions","Rush","1982","Signals","Prog","5:38","11/02/2010","2","3","5","2","4","3","2","3","5"
"Peace Frog","The Doors","1970","Morrison Hotel","Classic Rock","3:03","10/26/2010","4","No Part","4","2","2","No Part","4","4","5"
"Crosstown Traffic","The Jimi Hendrix Experience","1968","Electric Ladyland","Classic Rock","2:28","10/26/2010","5","6","4","6","4","5","5","5","5"
"In the Meantime","Spacehog","1995","Resident Alien","Alternative","5:09","10/26/2010","4","5","4","5","1","5","1","1","5"
"MidLife Crisis","Faith No More","1992","Angel Dust","Rock","4:28","10/26/2010","1","0","3","4","1","1","1","3","1"
"Need You Tonight","INXS","1987","Kick","Pop-Rock","3:08","10/26/2010","0","2","4","5","0","1","0","0","2"
"20th Century Boy","T. Rex","1973","Tanx","Glam","3:56","10/26/2010","4","2","2","4","3","4","4","5","4"
"Roundabout","Yes","1971","Fragile","Prog","8:37","10/26/2010","6","6","6","5","6","6","6","6","6"
"Light My Fire","The Doors","1967","The Doors","Classic Rock","6:55","10/26/2010","4","No Part","4","3","1","No Part","5","6","5"
"The Crystal Ship","The Doors","1967","The Doors","Classic Rock","2:36","10/26/2010","1","No Part","1","2","1","No Part","2","4","1"
"L.A. Woman","The Doors","1971","L.A. Woman","Classic Rock","7:28","10/26/2010","4","No Part","4","3","3","No Part","6","6","5"
"Roadhouse Blues","The Doors","1970","Morrison Hotel","Classic Rock","4:10","10/26/2010","3","No Part","3","3","2","No Part","4","4","2"
"In a Big Country","Big Country","1983","The Crossing","New Wave","4:29","10/26/2010","3","6","1","2","6","4","4","5","2"
"The Con","Tegan and Sara","2007","The Con","Indie Rock","3:34","10/26/2010","2","2","2","6","2","3","0","1","1"
"Everybody Wants to Rule the World","Tears for Fears","1985","Songs from the Big Chair","New Wave","4:14","10/26/2010","1","4","5","3","3","0","2","2","2"
"Combat Baby","Metric","2003","Old World Underground, Where Are You Now?","Indie Rock","3:33","10/26/2010","3","3","3","4","3","6","0","0","1"
"Plush","Stone Temple Pilots","1992","Core","Alternative","5:13","10/26/2010","3","4","2","2","2","4","No Part","No Part","2"
"I Wanna Be Sedated","Ramones","1978","Road to Ruin","Punk","2:32","10/26/2010","2","0","0","0","1","0","No Part","No Part","0"
"Been Caught Stealing","Jane's Addiction","1990","Ritual de lo Habitual","Alternative","3:28","10/26/2010","6","5","5","5","5","3","No Part","No Part","5"
"Yoshimi Battles the Pink Robots Pt. 1","The Flaming Lips","2002","Yoshimi Battles the Pink Robots","Alternative","4:53","10/26/2010","2","0","1","0","0","0","1","2","0"
"Don't Bury Me... I'm Still Not Dead","Riverboat Gamblers","2006","To the Confusion of Our Enemies","Punk","2:49","10/26/2010","3","2","4","2","2","0","No Part","No Part","4"
"King George","Dover","2001","I Was Dead for 7 Weeks in the City of Angels","Rock","3:00","10/26/2010","4","3","4","3","3","3","No Part","No Part","2"
"False Alarm","The Bronx","2003","The Bronx","Punk","2:18","10/26/2010","5","2","5","1","4","4","No Part","No Part","4"
"Imagine","John Lennon","1971","Imagine","Classic Rock","3:08","10/26/2010","2","No Part","0","0","0","0","2","2","0"
"This Bastard's Life","Swingin' Utters","1998","Five Lessons Learned","Punk","3:12","10/26/2010","2","3","1","2","5","3","5","5","2"
"Before I Forget","Slipknot","2004","Vol. 3: (The Subliminal Verses)","Nu-Metal","4:28","10/26/2010","6","4","5","0","5","6","0","0","6"
"Break on Through (To the Other Side)","The Doors","1967","The Doors","Classic Rock","2:31","10/26/2010","3","1","4","1","5","3","4","4","4"
"Hey Man Nice Shot","Filter","1995","Short Bus","Alternative","4:58","10/26/2010","3","3","1","2","6","3","No Part","No Part","4"
"Love Me Two Times","The Doors","1967","Strange Days","Classic Rock","3:22","10/26/2010","4","No Part","3","3","2","No Part","4","4","4"
"Rock Lobster","The B-52's","1979","The B-52's","New Wave","5:00","10/26/2010","4","1","5","5","2","2","1","1","3"
"Cold as Ice","Foreigner","1977","Foreigner","Classic Rock","3:25","10/26/2010","0","5","3","4","2","1","6","5","4"
"The Power of Love","Huey Lewis and the News","1985","Greatest Hits","Rock","3:57","10/26/2010","5","5","0","5","4","4","3","3","3"
"Oh My God","Ida Maria","2008","Fortress Round My Heart","Alternative","3:21","10/26/2010","3","3","4","4","3","4","0","0","3"
"China Grove","The Doobie Brothers","1973","The Captain and Me","Classic Rock","3:17","10/26/2010","2","5","3","3","3","5","6","6","4"
"Dead End Friends","Them Crooked Vultures","2009","Them Crooked Vultures","Rock","3:22","10/26/2010","5","6","5","4","5","5","4","4","5"
"Just Like Heaven","The Cure","1987","Kiss Me, Kiss Me, Kiss Me","New Wave","3:33","10/26/2010","1","5","0","1","0","0","0","1","0"
"Living in America","The Sounds","2002","Living in America","New Wave","3:30","10/26/2010","0","0","2","2","2","1","3","3","1"
"No One Knows","Queens of the Stone Age","2002","Songs for the Deaf","Alternative","4:21","10/26/2010","5","5","6","3","6","5","No Part","No Part","6"
"Werewolves of London","Warren Zevon","1978","Excitable Boy","Classic Rock","3:40","10/26/2010","1","2","1","0","4","0","1","1","1"
"Don't Stand So Close to Me","The Police","1980","Zenyattà Mondatta","Rock","3:45","10/26/2010","4","5","1","4","3","1","2","3","2"
"The Killing Moon","Echo & The Bunnymen","1984","Ocean Rain","New Wave","6:00","10/26/2010","4","3","5","3","3","0","2","2","3"
"Rainbow in the Dark","Dio","1983","Holy Diver","Metal","4:27","10/26/2010","6","6","2","2","4","4","1","0","6"
"Smoke on the Water","Deep Purple","1972","Machine Head","Prog","5:54","10/26/2010","0","4","6","1","0","6","5","5","6"
"Heart of Glass","Blondie","1978","Parallel Lines","New Wave","3:56","10/26/2010","2","3","4","3","1","2","1","1","2"
"Rehab","Amy Winehouse","2006","Back to Black","R&B/Soul/Funk","3:38","10/26/2010","0","0","4","3","1","3","4","4","3"
"Caught in a Mosh","Anthrax","1987","Among the Living","Metal","5:04","10/26/2010","6","6","6","5","6","6","No Part","No Part","6"
"Whip It","Devo","1980","Devo Rock Band Re-Records","New Wave","2:44","10/26/2010","2","1","3","0","3","1","0","0","2"
"Jerry Was a Race Car Driver","Primus","1991","Sailing the Seas of Cheese","Alternative","3:10","10/26/2010","2","5","6","0","5","6","No Part","No Part","5"
"Free Bird","Lynyrd Skynyrd","1973","(pronounced 'leh-'nérd 'skin-'nérd)","Southern Rock","9:43","10/26/2010","6","6","3","0","6","6","6","6","6"
"Portions for Foxes","Rilo Kiley","2004","More Adventurous","Indie Rock","4:49","10/26/2010","4","4","3","1","2","2","4","4","3"
"Here I Go Again","Whitesnake","1987","Whitesnake","Glam","4:38","10/26/2010","5","4","2","4","1","2","2","3","3"
"Beast and the Harlot","Avenged Sevenfold","2005","City of Evil","Metal","5:42","10/26/2010","5","6","6","5","6","6","No Part","No Part","6"
"Get Up, Stand Up","Bob Marley and the Wailers","1973","Legend","Reggae/Ska","3:16","10/26/2010","1","0","2","5","4","3","3","2","1"
"The Look","Roxette","1988","Look Sharp!","Pop-Rock","4:14","10/26/2010","4","3","2","1","6","2","5","5","1"
"I Can See for Miles","The Who","1967","The Who Sell Out","Classic Rock","4:33","10/26/2010","2","3","6","2","1","3","No Part","No Part","3"
"Last Dance","The Raveonettes","2009","In and Out of Control","Indie Rock","3:34","10/26/2010","0","0","1","1","0","4","2","1","0"
"Foolin'","Def Leppard","1983","Pyromania","Rock","4:35","10/26/2010","4","4","2","6","4","2","2","2","2"
"Something Bigger, Something Brighter","Pretty Girls Make Graves","2003","The New Romance","Indie Rock","5:15","10/26/2010","6","4","3","0","1","2","4","4","4"
"Space Oddity","David Bowie","1969","Space Oddity","Glam","5:20","10/26/2010","1","1","1","1","2","6","3","3","0"
"Soul Kitchen","The Doors","1967","The Doors","Classic Rock","3:36","10/26/2010","2","No Part","3","3","1","No Part","4","3","2"
"Stop Me if You Think You've Heard This One Before","The Smiths","1987","Strangeways, Here We Come","Indie Rock","3:39","10/26/2010","3","2","0","3","2","4","1","0","3"
"Walking on the Sun","Smash Mouth","1997","Fush Yu Mang","Pop-Rock","3:26","10/26/2010","0","1","0","3","0","1","2","2","0"
"Get Free","The Vines","2002","Highly Evolved","Rock","2:09","10/26/2010","1","1","2","4","2","2","No Part","No Part","2"
"Killing Loneliness","HIM","2005","Dark Light","Alternative","4:33","10/26/2010","5","4","1","2","2","1","3","3","1"
"Misery Business","Paramore","2007","Riot!","Pop-Rock","3:21","10/26/2010","3","4","5","6","4","3","No Part","No Part","5"
"Fly Like an Eagle","Steve Miller Band","1976","Fly Like an Eagle","Classic Rock","4:33","10/26/2010","0","1","5","1","5","5","5","5","3"
"I Got You (I Feel Good)","James Brown","1974","Alternate Studio Version","R&B/Soul/Funk","2:58","10/26/2010","4","2","3","6","6","4","6","6","5"
"Oye Mi Amor","Maná","1992","¿Dónde Jugarán los Niños?","Pop-Rock","4:32","10/26/2010","1","5","3","4","1","1","2","2","0"
"Centerfold","The J. Geils Band","1981","Freeze-Frame","Rock","3:30","10/26/2010","2","2","0","5","4","5","4","4","1"
"Me Enamora","Juanes","2007","La Vida... Es un Ratico","Pop-Rock","3:16","10/26/2010","1","2","4","6","1","6","4","4","4"
"I Love Rock N' Roll","Joan Jett and the Blackhearts","1981","I Love Rock N' Roll","Punk","2:59","10/26/2010","1","0","0","0","0","0","1","1","0"
"Du Hast","Rammstein","1997","Sehnsucht","Metal","4:16","10/26/2010","2","1","4","3","1","1","5","5","4"
"One Armed Scissor","At the Drive-In","2000","Relationship of Command","Rock","3:49","10/26/2010","5","3","5","6","4","5","No Part","No Part","5"
"Antibodies","Poni Hoax","2008","Images of Sigrid","New Wave","4:43","10/26/2010","2","1","3","1","6","6","6","6","4"
"Humanoid","Tokio Hotel","2009","Humanoid","Pop-Rock","3:41","10/26/2010","3","4","5","6","3","3","3","1","5"
"I Need to Know","Tom Petty & The Heartbreakers","1978","You're Gonna Get It!","Rock","2:28","10/26/2010","3","2","1","3","2","2","3","3","1"
"Viva la Resistance","Hypernova","2010","Through the Chaos","Indie Rock","3:06","10/26/2010","4","3","6","4","4","2","No Part","No Part","5"
"Sister Christian","Night Ranger","1983","Midnight Madness","Rock","5:04","10/26/2010","5","2","1","2","0","0","5","6","4"
"Bohemian Rhapsody","Queen","1975","A Night at the Opera","Classic Rock","6:02","10/26/2010","4","6","3","6","4","5","6","6","6"
"Hello, I Love You","The Doors","1968","Waiting for the Sun","Classic Rock","2:32","10/26/2010","1","No Part","4","3","2","No Part","4","4","2"
"Outer Space","The Muffs","1997","The Muffs Rock Band Re-Records","Pop-Rock","3:06","10/26/2010","0","1","0","5","0","2","No Part","No Part","0"
"Good Vibrations (Live)","The Beach Boys","1968","Live in London","Classic Rock","3:42","10/26/2010","1","1","1","6","1","2","3","4","3"
"Radar Love","Golden Earring","1973","Moontan","Classic Rock","6:28","10/26/2010","6","5","6","1","5","3","0","0","6"
"The Beautiful People","Marilyn Manson","1996","Antichrist Superstar","Metal","3:41","10/26/2010","3","0","5","2","3","0","0","0","3"
"Crazy Train","Ozzy Osbourne","1980","Blizzard of Ozz","Metal","4:46","10/26/2010","6","6","6","0","6","5","No Part","No Part","6"
"The Hardest Button to Button","The White Stripes","2003","Elephant","Rock","3:37","10/26/2010","0","0","2","5","0","1","No Part","No Part","0"
"Llama","Phish","1992","A Picture of Nectar","Rock","3:36","10/26/2010","6","6","6","6","6","6","6","6","6"
"Riders on the Storm","The Doors","1971","L.A. Woman","Classic Rock","6:42","10/26/2010","2","No Part","2","1","1","No Part","5","5","1"
"Lasso","Phoenix","2009","Wolfgang Amadeus Phoenix","Alternative","2:54","10/26/2010","5","4","4","6","5","4","No Part","No Part","5"
"Low Rider","WAR","1975","Why Can't We Be Friends?","R&B/Soul/Funk","3:11","10/26/2010","0","0","0","1","3","1","3","3","0"
"25 or 6 to 4","Chicago","1970","Chicago II","Classic Rock","4:55","10/26/2010","6","6","6","4","5","5","5","4","6"
"Saturday Night's Alright for Fighting","Elton John","1973","Goodbye Yellow Brick Road","Classic Rock","5:06","10/26/2010","5","5","2","2","5","5","6","6","5"
"People Are Strange","The Doors","1967","Strange Days","Classic Rock","2:16","10/26/2010","2","No Part","2","1","1","No Part","2","2","1"
"Love Her Madly","The Doors","1971","L.A. Woman","Classic Rock","3:19","10/26/2010","3","No Part","4","2","3","No Part","4","5","5"
"Touch Me","The Doors","1969","The Soft Parade","Classic Rock","3:15","10/26/2010","3","No Part","5","2","2","No Part","6","6","6"
"Walk of Life","Dire Straits","1985","Brothers in Arms","Rock","4:03","10/26/2010","6","3","0","3","5","4","5","2","2"
"Trippin' on a Hole in a Paper Heart","Stone Temple Pilots","1996","Tiny Music... Songs from the Vatican Gift Shop","Alternative","3:02","10/19/2010","5","No Part","4","3","4","No Part","No Part","No Part","5"
"Bleed American","Jimmy Eat World","2001","Bleed American","Pop-Rock","3:08","10/19/2010","3","No Part","3","2","1","No Part","No Part","No Part","2"
"Crackerman","Stone Temple Pilots","1992","Core","Alternative","3:18","10/19/2010","3","No Part","3","3","3","No Part","No Part","No Part","2"
"Dead & Bloated","Stone Temple Pilots","1992","Core","Alternative","5:20","10/19/2010","2","No Part","3","3","1","No Part","No Part","No Part","1"
"Huckleberry Crumble","Stone Temple Pilots","2010","Stone Temple Pilots","Alternative","3:12","10/19/2010","3","No Part","3","3","2","No Part","No Part","No Part","2"
"My Best Theory","Jimmy Eat World","2010","Invented","Pop-Rock","3:25","10/19/2010","1","No Part","4","2","1","No Part","No Part","No Part","2"
"Creep","Stone Temple Pilots","1992","Core","Alternative","5:35","10/19/2010","1","No Part","2","1","1","No Part","No Part","No Part","1"
"Pain","Jimmy Eat World","2004","Futures","Pop-Rock","2:49","10/19/2010","2","No Part","3","2","1","No Part","No Part","No Part","2"
"Big Empty","Stone Temple Pilots","1994","Purple","Alternative","4:55","10/19/2010","2","No Part","4","2","2","No Part","No Part","No Part","1"
"Stone Free","Jimi Hendrix","2010","Valleys of Neptune","Classic Rock","3:51","10/12/2010","5","No Part","5","5","4","No Part","No Part","No Part","6"
"Are You Experienced?","The Jimi Hendrix Experience","1967","Are You Experienced","Classic Rock","4:18","10/12/2010","4","No Part","3","4","4","No Part","No Part","No Part","3"
"Foxey Lady","The Jimi Hendrix Experience","1967","Are You Experienced","Classic Rock","3:27","10/12/2010","4","No Part","4","3","2","No Part","No Part","No Part","5"
"The Wind Cries Mary","The Jimi Hendrix Experience","1967","Are You Experienced","Classic Rock","3:29","10/12/2010","3","No Part","3","5","2","No Part","No Part","No Part","3"
"May This Be Love","The Jimi Hendrix Experience","1967","Are You Experienced","Classic Rock","3:23","10/12/2010","4","No Part","4","2","2","No Part","No Part","No Part","5"
"Purple Haze","The Jimi Hendrix Experience","1967","Are You Experienced","Classic Rock","3:03","10/12/2010","4","6","4","4","3","3","No Part","No Part","5"
"Highway Chile","The Jimi Hendrix Experience","1967","Are You Experienced","Classic Rock","3:45","10/12/2010","4","No Part","5","5","3","No Part","No Part","No Part","5"
"Love or Confusion","The Jimi Hendrix Experience","1967","Are You Experienced","Classic Rock","3:22","10/12/2010","4","No Part","4","4","3","No Part","No Part","No Part","5"
"Manic Depression","The Jimi Hendrix Experience","1967","Are You Experienced","Classic Rock","3:44","10/12/2010","5","No Part","5","4","3","No Part","No Part","No Part","6"
"Hey Joe (Live)","The Jimi Hendrix Experience","1967","Voodoo Child: The Jimi Hendrix Collection","Classic Rock","5:44","10/12/2010","4","No Part","5","5","3","No Part","No Part","No Part","6"
"3rd Stone from the Sun","The Jimi Hendrix Experience","1967","Are You Experienced","Classic Rock","6:52","10/12/2010","4","No Part","5","0","2","No Part","No Part","No Part","6"
"Fire (Live)","Jimi Hendrix","1969","Live at Woodstock","Classic Rock","3:19","10/12/2010","6","No Part","5","4","4","No Part","No Part","No Part","6"
"Children of the Revolution","T. Rex","1973","Tanx","Glam","2:29","10/05/2010","1","No Part","2","2","1","No Part","No Part","No Part","0"
"What's the Frequency, Kenneth?","R.E.M.","1994","Monster","Alternative","4:03","10/05/2010","2","No Part","2","3","1","No Part","No Part","No Part","1"
"Jeepster","T. Rex","1971","Electric Warrior","Glam","4:17","10/05/2010","4","No Part","2","2","0","No Part","No Part","No Part","2"
"Living Well Is the Best Revenge","R.E.M.","2008","Accelerate","Alternative","3:17","10/05/2010","3","No Part","3","2","3","No Part","No Part","No Part","3"
"It's the End of the World as We Know It","R.E.M.","1987","Document","Alternative","4:09","10/05/2010","2","No Part","3","3","2","No Part","No Part","No Part","1"
"Stand","R.E.M.","1988","Green","Alternative","3:10","10/05/2010","3","No Part","2","3","3","No Part","No Part","No Part","1"
"Driver 8","R.E.M.","1985","Fables of the Reconstruction","Alternative","3:29","10/05/2010","2","No Part","3","2","3","No Part","No Part","No Part","1"
"Cosmic Dancer","T. Rex","1971","Electric Warrior","Glam","4:35","10/05/2010","1","No Part","3","1","3","No Part","No Part","No Part","1"
"Radio Free Europe","R.E.M.","1983","Murmur","Alternative","4:04","10/05/2010","2","No Part","3","2","3","No Part","No Part","No Part","1"
"Superman","R.E.M.","1986","Lifes Rich Pageant","Alternative","2:47","10/05/2010","3","No Part","3","1","3","No Part","No Part","No Part","1"
"These Days","R.E.M.","1986","Lifes Rich Pageant","Alternative","3:26","10/05/2010","2","No Part","3","2","2","No Part","No Part","No Part","2"
"Out of Line","Buckcherry","2006","15","Rock","4:25","09/28/2010","2","No Part","2","0","3","No Part","No Part","No Part","1"
"I'm Not Okay (I Promise)","My Chemical Romance","2004","Three Cheers for Sweet Revenge","Emo","3:11","09/28/2010","3","No Part","4","3","3","No Part","No Part","No Part","3"
"Metal Thrashing Mad (Live)","Anthrax","1987","Live in Dallas, Texas","Metal","2:37","09/28/2010","6","No Part","5","4","5","No Part","No Part","No Part","6"
"Among the Living","Anthrax","1987","Among the Living","Metal","5:19","09/28/2010","5","No Part","5","3","6","No Part","No Part","No Part","6"
"I'm the Man","Anthrax","1987","I'm the Man","Metal","3:08","09/28/2010","2","No Part","3","1","No Part","No Part","No Part","No Part","1"
"Listen to the Music","The Doobie Brothers","1972","Toulouse Street","Classic Rock","4:15","09/28/2010","5","No Part","4","3","1","No Part","No Part","No Part","4"
"Madhouse (Live)","Anthrax","1987","Live at Hammersmith Odeon","Metal","3:48","09/28/2010","4","No Part","5","4","5","No Part","No Part","No Part","6"
"Welcome to the Black Parade","My Chemical Romance","2006","The Black Parade","Emo","5:04","09/28/2010","3","No Part","4","3","3","No Part","No Part","No Part","4"
"Coffin Nails","Atreyu","2009","Congregation of the Damned","Metal","3:29","09/28/2010","2","No Part","4","3","3","No Part","No Part","No Part","3"
"Closer to the Edge","30 Seconds to Mars","2009","This Is War","Emo","4:18","09/28/2010","1","No Part","4","3","5","No Part","No Part","No Part","5"
"Long Train Runnin'","The Doobie Brothers","1973","The Captain and Me","Classic Rock","3:32","09/28/2010","4","No Part","4","3","3","No Part","No Part","No Part","5"
"Indians","Anthrax","1987","Among the Living","Metal","5:44","09/28/2010","5","No Part","5","3","5","No Part","No Part","No Part","6"
"Satisfy My Soul","Bob Marley and the Wailers","1984","Legend","Reggae/Ska","4:22","09/21/2010","0","No Part","2","3","2","No Part","No Part","No Part","0"
"Redemption Song","Bob Marley and the Wailers","1984","Legend","Reggae/Ska","3:51","09/21/2010","1","No Part","No Part","2","No Part","No Part","No Part","No Part","1"
"Could You Be Loved","Bob Marley and the Wailers","1984","Legend","Reggae/Ska","3:45","09/21/2010","4","No Part","4","3","3","No Part","No Part","No Part","4"
"Jamming","Bob Marley and the Wailers","1984","Legend","Reggae/Ska","3:35","09/21/2010","3","No Part","3","3","2","No Part","No Part","No Part","1"
"Waiting in Vain","Bob Marley and the Wailers","1984","Legend","Reggae/Ska","4:35","09/21/2010","2","No Part","3","3","1","No Part","No Part","No Part","1"
"No Woman No Cry","Bob Marley and the Wailers","1984","Legend","Reggae/Ska","7:09","09/21/2010","3","No Part","3","3","1","No Part","No Part","No Part","2"
"I Shot the Sheriff","Bob Marley and the Wailers","1984","Legend","Reggae/Ska","3:59","09/21/2010","2","No Part","4","4","3","No Part","No Part","No Part","2"
"Is This Love","Bob Marley and the Wailers","1984","Legend","Reggae/Ska","4:06","09/21/2010","3","No Part","3","2","3","No Part","No Part","No Part","2"
"Buffalo Soldier","Bob Marley and the Wailers","1984","Legend","Reggae/Ska","4:23","09/21/2010","1","No Part","3","2","1","No Part","No Part","No Part","1"
"Three Little Birds","Bob Marley and the Wailers","1984","Legend","Reggae/Ska","3:11","09/21/2010","2","No Part","3","3","2","No Part","No Part","No Part","1"
"Stir It Up","Bob Marley and the Wailers","1984","Legend","Reggae/Ska","5:40","09/21/2010","2","No Part","2","3","1","No Part","No Part","No Part","1"
"Exodus","Bob Marley and the Wailers","1984","Legend","Reggae/Ska","7:32","09/21/2010","2","No Part","3","3","2","No Part","No Part","No Part","2"
"One Love/People Get Ready","Bob Marley and the Wailers","1984","Legend","Reggae/Ska","3:03","09/21/2010","1","No Part","3","3","1","No Part","No Part","No Part","1"
"Straight Lines","Silverchair","2007","Young Modern","Alternative","4:20","09/14/2010","2","No Part","2","3","1","No Part","No Part","No Part","1"
"Nirvana","Juliana Hatfield","1992","Hey Babe","Indie Rock","4:12","09/14/2010","3","No Part","3","3","2","No Part","No Part","No Part","2"
"Irish Blood, English Heart","Morrissey","2004","You Are the Quarry","Indie Rock","2:41","09/14/2010","4","No Part","3","2","2","No Part","No Part","No Part","3"
"Holy Diver","Dio","1983","Holy Diver","Metal","4:59","09/14/2010","5","No Part","4","3","3","No Part","No Part","No Part","5"
"This Charming Man","The Smiths","1987","Hatful of Hollow","Indie Rock","2:47","09/14/2010","4","No Part","2","1","3","No Part","No Part","No Part","2"
"Writing on the Walls","Underoath","2006","Define the Great Line","Emo","4:06","09/14/2010","4","No Part","4","2","2","No Part","No Part","No Part","5"
"Stand Up and Shout","Dio","1983","Holy Diver","Metal","3:22","09/14/2010","6","No Part","4","3","4","No Part","No Part","No Part","6"
"That's tha Homie","Snoop Dogg","2010","Snoop Dogg Rock Band Mix","Hip-Hop/Rap","5:48","09/07/2010","4","No Part","5","1","1","No Part","No Part","No Part","5"
"Tha Shiznit","Snoop Dogg","2010","Snoop Dogg Rock Band Re-Records","Hip-Hop/Rap","4:22","09/07/2010","4","No Part","3","2","1","No Part","No Part","No Part","3"
"Ridin' in My Chevy","Snoop Dogg","2010","Snoop Dogg Rock Band Mix","Hip-Hop/Rap","3:37","09/07/2010","3","No Part","4","0","1","No Part","No Part","No Part","4"
"Beautiful","Snoop Dogg","2010","Snoop Dogg Rock Band Mix","Hip-Hop/Rap","4:38","09/07/2010","1","No Part","2","3","1","No Part","No Part","No Part","1"
"Drop It Like It's Hot","Snoop Dogg","2010","Snoop Dogg Rock Band Mix","Hip-Hop/Rap","4:22","09/07/2010","4","No Part","3","1","1","No Part","No Part","No Part","3"
"Who Am I (What's My Name)?","Snoop Dogg","2010","Snoop Dogg Rock Band Re-Records","Hip-Hop/Rap","4:14","09/07/2010","3","No Part","3","3","1","No Part","No Part","No Part","2"
"Snoop's Upside Ya Head","Snoop Dogg","2010","Snoop Dogg Rock Band Re-Records","Hip-Hop/Rap","4:37","09/07/2010","3","No Part","1","2","1","No Part","No Part","No Part","1"
"Sensual Seduction","Snoop Dogg","2010","Snoop Dogg Rock Band Mix","Hip-Hop/Rap","3:57","09/07/2010","1","No Part","4","3","1","No Part","No Part","No Part","1"
"Rock Band Network Megamix 01","Various Artists","2010","Rock Band Network Megamixes","Other","9:40","08/31/2010","5","No Part","5","3","4","No Part","No Part","No Part","5"
"Days Go By","Keith Urban","2004","Be Here","Country","3:51","08/31/2010","3","No Part","3","3","2","No Part","No Part","No Part","3"
"Hell on the Heart","Eric Church","2009","Carolina","Country","2:46","08/31/2010","1","No Part","2","4","1","No Part","No Part","No Part","1"
"It Happens","Sugarland","2008","Love on the Inside","Country","3:05","08/31/2010","4","No Part","3","4","2","No Part","No Part","No Part","3"
"What Was I Thinkin'","Dierks Bentley","2003","Dierks Bentley","Country","4:01","08/31/2010","4","No Part","3","2","3","No Part","No Part","No Part","3"
"Rebound","Laura Bell Bundy","2010","Achin' and Shakin'","Country","3:08","08/31/2010","3","No Part","3","3","1","No Part","No Part","No Part","2"
"Fancy","Reba McEntire","1990","Rumor Has It","Country","4:39","08/31/2010","2","No Part","3","4","1","No Part","No Part","No Part","1"
"Would You Go With Me","Josh Turner","2006","Your Man","Country","3:49","08/31/2010","4","No Part","4","3","2","No Part","No Part","No Part","5"
"Lookin' for a Good Time","Lady Antebellum","2008","Lady Antebellum","Country","3:11","08/31/2010","2","No Part","3","4","3","No Part","No Part","No Part","1"
"Women","Jamey Johnson","2008","That Lonesome Song","Country","3:28","08/31/2010","4","No Part","2","3","1","No Part","No Part","No Part","2"
"Sturm & Drang","KMFDM","2002","Attak","Metal","4:05","08/30/2010","4","No Part","3","1","4","No Part","No Part","No Part","4"
"Mountain Man","Crash Kings","2009","Crash Kings","Rock","3:23","08/24/2010","3","No Part","3","3","3","No Part","No Part","No Part","2"
"Bury Me Alive","We Are The Fallen","2010","Tear the World Down","Metal","4:50","08/24/2010","2","No Part","4","3","1","No Part","No Part","No Part","2"
"Seasons","The Veer Union","2009","Against the Grain","Rock","3:46","08/24/2010","4","No Part","4","3","4","No Part","No Part","No Part","4"
"Asylum","Disturbed","2010","Asylum","Nu-Metal","6:24","08/24/2010","4","No Part","5","3","3","No Part","No Part","No Part","5"
"Another Way to Die","Disturbed","2010","Asylum","Nu-Metal","4:34","08/24/2010","5","No Part","5","3","4","No Part","No Part","No Part","6"
"The Animal","Disturbed","2010","Asylum","Nu-Metal","4:09","08/24/2010","4","No Part","5","3","4","No Part","No Part","No Part","5"
"Animal","Neon Trees","2010","Habits","Pop-Rock","3:35","08/17/2010","0","No Part","2","2","2","No Part","No Part","No Part","0"
"Strange Times","The Black Keys","2008","Attack & Release","Rock","3:15","08/17/2010","3","No Part","1","2","3","No Part","No Part","No Part","1"
"I Got Mine","The Black Keys","2008","Attack & Release","Rock","3:57","08/17/2010","3","No Part","1","2","2","No Part","No Part","No Part","1"
"Your Touch","The Black Keys","2006","Magic Potion","Rock","2:47","08/17/2010","2","No Part","0","2","No Part","No Part","No Part","No Part","0"
"Sins of My Youth","Neon Trees","2010","Habits","Pop-Rock","3:43","08/17/2010","2","No Part","3","3","1","No Part","No Part","No Part","1"
"1983","Neon Trees","2010","Habits","Pop-Rock","3:44","08/17/2010","1","No Part","2","3","2","No Part","No Part","No Part","0"
"Thieves","Ministry","1989","The Mind is a Terrible Thing to Taste","Metal","5:04","08/10/2010","5","No Part","5","1","3","No Part","No Part","No Part","6"
"Stigmata","Ministry","1988","The Land of Rape and Honey","Metal","5:33","08/10/2010","3","No Part","5","2","0","No Part","No Part","No Part","6"
"Jesus Built My Hotrod","Ministry","1992","Psalm 69: The Way to Succeed and the Way to Suck Eggs","Metal","4:56","08/10/2010","4","No Part","4","1","4","No Part","No Part","No Part","5"
"Saturday Morning","EELS","2003","Shootenanny!","Indie Rock","3:00","08/03/2010","2","No Part","3","2","2","No Part","No Part","No Part","1"
"Bulletproof","La Roux","2009","La Roux","Pop/Dance/Electronic","3:32","08/03/2010","5","No Part","4","3","1","No Part","No Part","No Part","5"
"Rapture","Blondie","1980","Autoamerican","New Wave","6:31","08/03/2010","3","No Part","4","1","3","No Part","No Part","No Part","3"
"The Perfect Crime #2","The Decemberists","2006","The Crane Wife","Indie Rock","5:31","08/03/2010","2","No Part","4","2","2","No Part","No Part","No Part","3"
"I Only Want You","Eagles of Death Metal","2004","Peace, Love, Death Metal","Rock","2:49","08/03/2010","3","No Part","3","3","4","No Part","No Part","No Part","3"
"Jesus Freak","dc Talk","1995","Jesus Freak","Alternative","4:54","08/03/2010","3","No Part","3","2","2","No Part","No Part","No Part","3"
"Love Addict","Family Force 5","2006","Business Up Front/Party in the Back","Rock","2:58","08/03/2010","1","No Part","3","3","2","No Part","No Part","No Part","1"
"La Camisa Negra","Juanes","2004","Mi Sangre","Pop-Rock","3:41","07/27/2010","3","No Part","3","3","2","No Part","No Part","No Part","2"
"A Dios le Pido","Juanes","2002","Un Día Normal","Pop-Rock","3:29","07/27/2010","4","No Part","3","3","1","No Part","No Part","No Part","3"
"Nightmare","Avenged Sevenfold","2010","Nightmare","Metal","6:20","07/27/2010","5","No Part","5","3","5","No Part","No Part","No Part","6"
"Seize the Day","Avenged Sevenfold","2005","City of Evil","Metal","5:39","07/27/2010","6","No Part","3","3","2","No Part","No Part","No Part","5"
"Gotas de Agua Dulce","Juanes","2007","La Vida... Es un Ratico","Pop-Rock","3:14","07/27/2010","2","No Part","3","3","1","No Part","No Part","No Part","1"
"Mala Gente","Juanes","2002","Un Día Normal","Pop-Rock","3:21","07/27/2010","4","No Part","3","3","2","No Part","No Part","No Part","3"
"Scream","Avenged Sevenfold","2007","Avenged Sevenfold","Metal","4:48","07/27/2010","6","No Part","5","3","3","No Part","No Part","No Part","6"
"Fíjate Bien","Juanes","2000","Fíjate Bien","Pop-Rock","4:55","07/27/2010","4","No Part","3","2","2","No Part","No Part","No Part","3"
"Yerbatero","Juanes","2010","Yerbatero","Pop-Rock","3:29","07/27/2010","3","No Part","3","3","2","No Part","No Part","No Part","2"
"No Control","Bad Religion","1989","No Control","Punk","1:52","07/20/2010","4","No Part","4","3","4","No Part","No Part","No Part","5"
"New Dark Ages","Bad Religion","2007","New Maps of Hell","Punk","2:48","07/20/2010","5","No Part","4","2","4","No Part","No Part","No Part","5"
"I Wanna Be Your Dog","The Stooges","1969","The Stooges","Rock","3:19","07/20/2010","2","No Part","2","1","2","No Part","No Part","No Part","1"
"1969","The Stooges","1969","The Stooges","Rock","4:29","07/20/2010","4","No Part","3","2","2","No Part","No Part","No Part","3"
"No Fun","The Stooges","1969","The Stooges","Rock","5:31","07/20/2010","3","No Part","3","2","2","No Part","No Part","No Part","1"
"Future Perfect Tense","Sweet Billy Pilgrim","2009","Twice Born Men","Indie Rock","4:26","07/13/2010","4","No Part","2","1","2","No Part","No Part","No Part","2"
"He's a Rocker","The Vines","2008","Melodia","Rock","1:57","07/13/2010","2","No Part","3","1","2","No Part","No Part","No Part","1"
"Get Out","The Vines","2008","Melodia","Rock","2:09","07/13/2010","2","No Part","3","1","2","No Part","No Part","No Part","2"
"Outtathaway","The Vines","2002","Highly Evolved","Rock","3:03","07/13/2010","3","No Part","4","2","3","No Part","No Part","No Part","3"
"Orange Amber","The Vines","2008","Melodia","Rock","2:06","07/13/2010","1","No Part","3","2","1","No Part","No Part","No Part","1"
"Ride","The Vines","2004","Winning Days","Rock","2:39","07/13/2010","3","No Part","3","2","2","No Part","No Part","No Part","2"
"Proud Mary","Creedence Clearwater Revival","1969","Bayou Country","Southern Rock","3:22","07/06/2010","3","No Part","3","1","1","No Part","No Part","No Part","1"
"Up Around the Bend","Creedence Clearwater Revival","1970","Cosmo's Factory","Southern Rock","3:00","07/06/2010","2","No Part","3","2","1","No Part","No Part","No Part","1"
"Lookin' Out My Back Door","Creedence Clearwater Revival","1970","Cosmo's Factory","Southern Rock","2:37","07/06/2010","2","No Part","1","3","1","No Part","No Part","No Part","1"
"I Heard It Through the Grapevine","Creedence Clearwater Revival","1970","Cosmo's Factory","Southern Rock","10:17","07/06/2010","4","No Part","4","3","4","No Part","No Part","No Part","5"
"Down on the Corner","Creedence Clearwater Revival","1969","Willy and the Poor Boys","Southern Rock","2:51","07/06/2010","3","No Part","3","3","1","No Part","No Part","No Part","2"
"Run Through the Jungle","Creedence Clearwater Revival","1970","Cosmo's Factory","Southern Rock","3:26","07/06/2010","2","No Part","2","2","2","No Part","No Part","No Part","1"
"Green River","Creedence Clearwater Revival","1969","Green River","Southern Rock","2:31","07/06/2010","3","No Part","1","2","1","No Part","No Part","No Part","1"
"Fortunate Son (Original Version)","Creedence Clearwater Revival","1969","Willy and the Poor Boys","Southern Rock","2:20","07/06/2010","3","2","3","3","2","1","No Part","No Part","2"
"Travelin' Band","Creedence Clearwater Revival","1970","Cosmo's Factory","Southern Rock","2:11","07/06/2010","4","No Part","4","3","3","No Part","No Part","No Part","5"
"Born on the Bayou","Creedence Clearwater Revival","1969","Bayou Country","Southern Rock","5:10","07/06/2010","3","No Part","3","2","2","No Part","No Part","No Part","2"
"Bad Moon Rising","Creedence Clearwater Revival","1969","Green River","Southern Rock","2:24","07/06/2010","3","2","1","2","1","0","No Part","No Part","1"
"Who'll Stop the Rain","Creedence Clearwater Revival","1970","Cosmo's Factory","Southern Rock","2:32","07/06/2010","2","No Part","3","1","1","No Part","No Part","No Part","1"
"Photograph","Nickelback","2005","All the Right Reasons","Rock","4:24","06/29/2010","1","No Part","3","2","0","No Part","No Part","No Part","1"
"Figured You Out","Nickelback","2003","The Long Road","Rock","3:53","06/29/2010","3","No Part","4","3","1","No Part","No Part","No Part","3"
"This Afternoon","Nickelback","2008","Dark Horse","Rock","4:38","06/29/2010","3","No Part","4","3","1","No Part","No Part","No Part","3"
"Never Again","Nickelback","2001","Silver Side Up","Rock","4:23","06/29/2010","3","No Part","3","3","1","No Part","No Part","No Part","2"
"Rockstar","Nickelback","2005","All the Right Reasons","Rock","4:18","06/29/2010","2","No Part","3","3","1","No Part","No Part","No Part","1"
"Burn It to the Ground","Nickelback","2008","Dark Horse","Rock","3:34","06/29/2010","5","No Part","3","3","3","No Part","No Part","No Part","5"
"7 Things","Miley Cyrus","2008","Breakout","Pop/Dance/Electronic","3:34","06/22/2010","2","No Part","4","3","1","No Part","No Part","No Part","3"
"Start All Over","Miley Cyrus","2007","Meet Miley Cyrus","Pop/Dance/Electronic","3:30","06/22/2010","2","No Part","3","3","1","No Part","No Part","No Part","2"
"See You Again","Miley Cyrus","2007","Meet Miley Cyrus","Pop/Dance/Electronic","3:13","06/22/2010","2","No Part","3","2","0","No Part","No Part","No Part","1"
"Can't Be Tamed","Miley Cyrus","2010","Can't Be Tamed","Pop/Dance/Electronic","2:53","06/22/2010","6","No Part","3","3","0","No Part","No Part","No Part","5"
"Fly on the Wall","Miley Cyrus","2008","Breakout","Pop/Dance/Electronic","2:33","06/22/2010","2","No Part","3","2","2","No Part","No Part","No Part","2"
"I Don't Wanna Stop","Ozzy Osbourne","2007","Black Rain","Metal","4:08","06/15/2010","5","No Part","3","3","3","No Part","No Part","No Part","4"
"No More Tears","Ozzy Osbourne","1991","No More Tears","Metal","7:20","06/15/2010","5","No Part","3","1","3","No Part","No Part","No Part","3"
"Crazy Babies","Ozzy Osbourne","1988","No Rest for the Wicked","Metal","4:21","06/15/2010","5","No Part","4","3","1","No Part","No Part","No Part","5"
"Soul Sucker","Ozzy Osbourne","2010","Scream","Metal","4:39","06/15/2010","5","No Part","4","3","2","No Part","No Part","No Part","5"
"Let Me Hear You Scream","Ozzy Osbourne","2010","Scream","Metal","3:30","06/15/2010","5","No Part","5","2","5","No Part","No Part","No Part","6"
"Diggin' Me Down","Ozzy Osbourne","2010","Scream","Metal","6:06","06/15/2010","5","No Part","5","3","4","No Part","No Part","No Part","6"
"Minerva","Deftones","2003","Deftones","Nu-Metal","4:26","06/08/2010","1","No Part","1","3","2","No Part","No Part","No Part","1"
"Good Riddance (Time of Your Life)","Green Day","1997","Nimrod","Punk","2:37","06/08/2010","4","No Part","No Part","2","2","No Part","No Part","No Part","4"
"Having a Blast","Green Day","1994","Dookie","Punk","2:50","06/08/2010","3","No Part","4","4","3","No Part","No Part","No Part","3"
"Geek Stink Breath","Green Day","1995","Insomniac","Punk","2:18","06/08/2010","3","No Part","2","3","2","No Part","No Part","No Part","1"
"Emenius Sleepus","Green Day","1994","Dookie","Punk","1:50","06/08/2010","3","No Part","5","2","3","No Part","No Part","No Part","5"
"Basket Case","Green Day","1994","Dookie","Punk","3:03","06/08/2010","4","No Part","4","1","3","No Part","No Part","No Part","4"
"Coming Clean","Green Day","1994","Dookie","Punk","1:41","06/08/2010","3","No Part","4","3","3","No Part","No Part","No Part","3"
"Brain Stew/Jaded","Green Day","1995","Insomniac","Punk","4:47","06/08/2010","4","No Part","5","3","4","No Part","No Part","No Part","6"
"Song of the Century","Green Day","2009","21st Century Breakdown","Rock","0:59","06/08/2010","No Part","No Part","No Part","1","No Part","No Part","No Part","No Part","0"
"Extraordinary Girl","Green Day","2004","American Idiot","Rock","3:38","06/08/2010","1","No Part","2","2","1","No Part","No Part","No Part","1"
"Jesus of Suburbia","Green Day","2004","American Idiot","Rock","9:10","06/08/2010","4","No Part","4","4","3","No Part","No Part","No Part","4"
"Wake Me Up When September Ends","Green Day","2004","American Idiot","Rock","4:45","06/08/2010","1","No Part","1","1","1","No Part","No Part","No Part","0"
"Letterbomb","Green Day","2004","American Idiot","Rock","4:03","06/08/2010","4","No Part","4","4","3","No Part","No Part","No Part","5"
"American Idiot","Green Day","2004","American Idiot","Rock","3:00","06/08/2010","3","No Part","4","2","2","No Part","No Part","No Part","3"
"Boulevard of Broken Dreams","Green Day","2004","American Idiot","Rock","4:24","06/08/2010","2","No Part","0","1","1","No Part","No Part","No Part","0"
"Holiday","Green Day","2004","American Idiot","Rock","4:00","06/08/2010","2","No Part","4","3","1","No Part","No Part","No Part","2"
"Last Night on Earth","Green Day","2009","21st Century Breakdown","Rock","4:01","06/08/2010","0","No Part","0","1","0","No Part","No Part","No Part","0"
"Whatsername","Green Day","2004","American Idiot","Rock","4:10","06/08/2010","2","No Part","1","2","2","No Part","No Part","No Part","1"
"Burnout","Green Day","1994","Dookie","Punk","2:12","06/08/2010","3","No Part","5","2","3","No Part","No Part","No Part","5"
"Hole in the Earth","Deftones","2006","Saturday Night Wrist","Nu-Metal","4:08","06/08/2010","3","No Part","4","3","2","No Part","No Part","No Part","3"
"She","Green Day","1994","Dookie","Punk","2:16","06/08/2010","3","No Part","4","2","3","No Part","No Part","No Part","4"
"When I Come Around","Green Day","1994","Dookie","Punk","3:03","06/08/2010","1","No Part","3","3","3","No Part","No Part","No Part","2"
"Before the Lobotomy","Green Day","2009","21st Century Breakdown","Rock","4:43","06/08/2010","2","No Part","4","3","1","No Part","No Part","No Part","2"
"The Static Age","Green Day","2009","21st Century Breakdown","Rock","4:26","06/08/2010","3","No Part","4","2","2","No Part","No Part","No Part","3"
"American Eulogy","Green Day","2009","21st Century Breakdown","Rock","4:02","06/08/2010","2","No Part","4","3","2","No Part","No Part","No Part","2"
"Rock Ready","Crown of Thorns","2009","Faith","Rock","4:16","06/08/2010","5","No Part","3","3","3","No Part","No Part","No Part","4"
"Cherry Waves","Deftones","2006","Saturday Night Wrist","Nu-Metal","5:21","06/08/2010","2","No Part","4","4","3","No Part","No Part","No Part","4"
"F.O.D.","Green Day","1994","Dookie","Punk","2:52","06/08/2010","3","No Part","4","3","1","No Part","No Part","No Part","3"
"Welcome to Paradise","Green Day","1994","Dookie","Punk","3:48","06/08/2010","4","No Part","5","2","4","No Part","No Part","No Part","5"
"Warning","Green Day","2000","Warning","Rock","3:48","06/08/2010","0","No Part","2","1","1","No Part","No Part","No Part","0"
"Longview","Green Day","1994","Dookie","Punk","3:47","06/08/2010","3","No Part","4","3","3","No Part","No Part","No Part","4"
"Minority","Green Day","2000","Warning","Rock","2:52","06/08/2010","3","No Part","4","1","2","No Part","No Part","No Part","3"
"Nice Guys Finish Last","Green Day","1997","Nimrod","Punk","2:53","06/08/2010","2","No Part","4","2","3","No Part","No Part","No Part","4"
"Pulling Teeth","Green Day","1994","Dookie","Punk","2:31","06/08/2010","1","No Part","2","3","1","No Part","No Part","No Part","1"
"Sassafras Roots","Green Day","1994","Dookie","Punk","2:42","06/08/2010","2","No Part","4","1","3","No Part","No Part","No Part","3"
"Chump","Green Day","1994","Dookie","Punk","3:00","06/08/2010","4","No Part","5","3","4","No Part","No Part","No Part","6"
"In the End","Green Day","1994","Dookie","Punk","1:48","06/08/2010","4","No Part","5","4","1","No Part","No Part","No Part","5"
"Hitchin' a Ride","Green Day","1997","Nimrod","Punk","2:48","06/08/2010","4","No Part","4","3","3","No Part","No Part","No Part","4"
"The Great Escape","Boys Like Girls","2006","Boys Like Girls","Emo","3:26","06/08/2010","3","No Part","4","3","1","No Part","No Part","No Part","2"
"See the Light","Green Day","2009","21st Century Breakdown","Rock","4:03","06/08/2010","2","No Part","4","1","2","No Part","No Part","No Part","2"
"¿Viva la Gloria? (Little Girl)","Green Day","2009","21st Century Breakdown","Rock","3:50","06/08/2010","1","No Part","2","3","1","No Part","No Part","No Part","0"
"Restless Heart Syndrome","Green Day","2009","21st Century Breakdown","Rock","4:17","06/08/2010","2","No Part","2","2","1","No Part","No Part","No Part","1"
"Peacemaker","Green Day","2009","21st Century Breakdown","Rock","3:23","06/08/2010","2","No Part","5","3","3","No Part","No Part","No Part","5"
"Are We the Waiting/St. Jimmy","Green Day","2004","American Idiot","Rock","5:43","06/08/2010","4","No Part","5","3","4","No Part","No Part","No Part","6"
"Give Me Novacaine/She's a Rebel","Green Day","2004","American Idiot","Rock","5:32","06/08/2010","3","No Part","4","3","2","No Part","No Part","No Part","3"
"Murder City","Green Day","2009","21st Century Breakdown","Rock","3:13","06/08/2010","2","No Part","4","3","2","No Part","No Part","No Part","2"
"21st Century Breakdown","Green Day","2009","21st Century Breakdown","Rock","5:16","06/08/2010","4","No Part","5","3","3","No Part","No Part","No Part","5"
"Homecoming","Green Day","2004","American Idiot","Rock","9:19","06/08/2010","4","No Part","5","4","4","No Part","No Part","No Part","6"
"Horseshoes and Handgrenades","Green Day","2009","21st Century Breakdown","Rock","3:13","06/08/2010","3","No Part","3","2","2","No Part","No Part","No Part","2"
"Alive","P.O.D.","2001","Satellite","Nu-Metal","3:29","06/01/2010","2","No Part","4","1","1","No Part","No Part","No Part","2"
"Got Nuffin","Spoon","2010","Transference","Indie Rock","4:11","06/01/2010","3","No Part","1","3","3","No Part","No Part","No Part","2"
"Trouble Comes Running","Spoon","2010","Transference","Indie Rock","3:09","06/01/2010","3","No Part","3","3","3","No Part","No Part","No Part","2"
"I Turn My Camera On","Spoon","2005","Gimme Fiction","Indie Rock","3:40","06/01/2010","0","No Part","1","3","0","No Part","No Part","No Part","0"
"Don't You Evah","Spoon","2007","Ga Ga Ga Ga Ga","Indie Rock","3:35","06/01/2010","1","No Part","1","2","0","No Part","No Part","No Part","0"
"Drag the Waters","Pantera","1996","The Great Southern Trendkill","Metal","5:02","05/25/2010","5","No Part","4","3","3","No Part","No Part","No Part","6"
"Living Through Me (Hell's Wrath)","Pantera","1996","The Great Southern Trendkill","Metal","4:55","05/25/2010","5","No Part","5","2","4","No Part","No Part","No Part","6"
"13 Steps to Nowhere","Pantera","1996","The Great Southern Trendkill","Metal","3:45","05/25/2010","5","No Part","6","4","4","No Part","No Part","No Part","6"
"Suicide Note Pt. II","Pantera","1996","The Great Southern Trendkill","Metal","4:24","05/25/2010","5","No Part","6","0","5","No Part","No Part","No Part","6"
"(Reprise) Sandblasted Skin","Pantera","1996","The Great Southern Trendkill","Metal","3:32","05/25/2010","5","No Part","6","0","3","No Part","No Part","No Part","6"
"The Underground in America","Pantera","1996","The Great Southern Trendkill","Metal","4:43","05/25/2010","5","No Part","6","1","4","No Part","No Part","No Part","6"
"The Great Southern Trendkill","Pantera","1996","The Great Southern Trendkill","Metal","3:58","05/25/2010","6","No Part","5","0","3","No Part","No Part","No Part","6"
"10's","Pantera","1996","The Great Southern Trendkill","Metal","4:52","05/25/2010","5","No Part","3","3","2","No Part","No Part","No Part","5"
"War Nerve","Pantera","1996","The Great Southern Trendkill","Metal","5:01","05/25/2010","4","No Part","5","2","3","No Part","No Part","No Part","6"
"Floods","Pantera","1996","The Great Southern Trendkill","Metal","7:06","05/25/2010","5","No Part","3","2","3","No Part","No Part","No Part","4"
"Cumberland Blues","The Grateful Dead","1970","Workingman's Dead","Classic Rock","3:20","05/18/2010","5","No Part","4","3","3","No Part","No Part","No Part","5"
"Beat It on Down the Line","The Grateful Dead","1967","The Grateful Dead","Classic Rock","2:32","05/18/2010","4","No Part","4","3","4","No Part","No Part","No Part","5"
"A Girl Like You","The Smithereens","1989","11","Rock","4:52","05/18/2010","4","No Part","1","2","2","No Part","No Part","No Part","2"
"Only a Memory","The Smithereens","1988","Green Thoughts","Rock","3:59","05/18/2010","2","No Part","2","1","1","No Part","No Part","No Part","1"
"Throwing Stones","The Grateful Dead","1987","In the Dark","Classic Rock","7:22","05/18/2010","3","No Part","4","3","3","No Part","No Part","No Part","3"
"Scarlet Begonias","The Grateful Dead","1974","Grateful Dead from the Mars Hotel","Classic Rock","4:27","05/18/2010","4","No Part","4","3","3","No Part","No Part","No Part","5"
"U.S. Blues","The Grateful Dead","1974","Grateful Dead from the Mars Hotel","Classic Rock","4:42","05/18/2010","4","No Part","5","3","3","No Part","No Part","No Part","5"
"Touch of Grey","The Grateful Dead","1987","In the Dark","Classic Rock","6:15","05/18/2010","3","No Part","4","2","3","No Part","No Part","No Part","3"
"The Rage (Live)","Judas Priest","1980","British Steel 30th Anniversary","Metal","4:59","05/11/2010","4","No Part","3","3","2","No Part","No Part","No Part","3"
"Steeler (Live)","Judas Priest","1980","British Steel 30th Anniversary","Metal","5:03","05/11/2010","5","No Part","5","2","3","No Part","No Part","No Part","6"
"United (Live)","Judas Priest","1980","British Steel 30th Anniversary","Metal","3:45","05/11/2010","0","No Part","1","2","1","No Part","No Part","No Part","0"
"Living After Midnight (Live)","Judas Priest","1980","British Steel 30th Anniversary","Metal","4:44","05/11/2010","3","No Part","4","2","2","No Part","No Part","No Part","3"
"Metal Gods (Live)","Judas Priest","1980","British Steel 30th Anniversary","Metal","4:08","05/11/2010","3","No Part","4","3","2","No Part","No Part","No Part","4"
"Breaking the Law (Live)","Judas Priest","1980","British Steel 30th Anniversary","Metal","2:33","05/11/2010","4","No Part","4","3","2","No Part","No Part","No Part","3"
"You Don't Have To Be Old To Be Wise (Live)","Judas Priest","1980","British Steel 30th Anniversary","Metal","5:21","05/11/2010","3","No Part","3","2","1","No Part","No Part","No Part","3"
"Rapid Fire (Live)","Judas Priest","1980","British Steel 30th Anniversary","Metal","4:11","05/11/2010","5","No Part","4","2","3","No Part","No Part","No Part","6"
"Grinder (Live)","Judas Priest","1980","British Steel 30th Anniversary","Metal","4:04","05/11/2010","4","No Part","4","2","1","No Part","No Part","No Part","5"
"Happy Now?","No Doubt","1995","Tragic Kingdom","Pop-Rock","3:47","05/04/2010","3","No Part","3","4","2","No Part","No Part","No Part","3"
"The Climb","No Doubt","1995","Tragic Kingdom","Pop-Rock","6:42","05/04/2010","1","No Part","5","3","1","No Part","No Part","No Part","2"
"World Go 'Round","No Doubt","1995","Tragic Kingdom","Pop-Rock","4:46","05/04/2010","3","No Part","4","4","3","No Part","No Part","No Part","4"
"According to You","Orianthi","2009","Believe","Pop-Rock","3:18","05/04/2010","5","No Part","2","2","1","No Part","No Part","No Part","6"
"Tragic Kingdom","No Doubt","1995","Tragic Kingdom","Pop-Rock","5:30","05/04/2010","5","No Part","5","4","4","No Part","No Part","No Part","6"
"Sixteen","No Doubt","1995","Tragic Kingdom","Pop-Rock","3:31","05/04/2010","4","No Part","4","3","3","No Part","No Part","No Part","5"
"Dearest (I'm So Sorry)","Picture Me Broken","2010","Wide Awake","Metal","3:36","05/04/2010","5","No Part","4","3","3","No Part","No Part","No Part","5"
"Different People","No Doubt","1995","Tragic Kingdom","Pop-Rock","4:40","05/04/2010","4","No Part","5","3","4","No Part","No Part","No Part","6"
"You Can Do It","No Doubt","1995","Tragic Kingdom","Pop-Rock","4:22","05/04/2010","4","No Part","5","3","3","No Part","No Part","No Part","5"
"End It on This","No Doubt","1995","Tragic Kingdom","Pop-Rock","3:59","05/04/2010","3","No Part","4","3","2","No Part","No Part","No Part","2"
"Hey You","No Doubt","1995","Tragic Kingdom","Pop-Rock","3:27","05/04/2010","2","No Part","4","3","3","No Part","No Part","No Part","2"
"Thunderbirds Are Go!","Busted","2004","Busted","Pop-Rock","3:11","04/27/2010","3","No Part","3","2","4","No Part","No Part","No Part","3"
"Tomorrow","Silverchair","1995","Frogstomp","Alternative","4:33","04/27/2010","3","No Part","4","2","1","No Part","No Part","No Part","3"
"Again","Flyleaf","2009","Memento Mori","Nu-Metal","3:12","04/27/2010","3","No Part","3","3","2","No Part","No Part","No Part","2"
"Guns of Summer","Coheed and Cambria","2010","Year of the Black Rainbow","Prog","4:51","04/20/2010","6","No Part","6","5","3","No Part","No Part","No Part","6"
"The Broken","Coheed and Cambria","2010","Year of the Black Rainbow","Prog","3:56","04/20/2010","5","No Part","5","4","4","No Part","No Part","No Part","6"
"American Music","Violent Femmes","1991","Why Do Birds Sing?","Alternative","3:44","04/20/2010","3","No Part","4","3","4","No Part","No Part","No Part","5"
"Sun Hits the Sky","Supergrass","1997","In It For The Money","Alternative","5:00","04/20/2010","3","No Part","4","2","3","No Part","No Part","No Part","5"
"Peek-a-Boo","Siouxsie and The Banshees","1988","Peepshow","Pop-Rock","3:20","04/20/2010","2","No Part","4","3","1","No Part","No Part","No Part","4"
"Here We Are Juggernaut","Coheed and Cambria","2010","Year of the Black Rainbow","Prog","3:43","04/20/2010","4","No Part","5","3","3","No Part","No Part","No Part","6"
"All Star","Smash Mouth","1999","Astro Lounge","Pop-Rock","3:22","04/13/2010","1","No Part","4","2","0","No Part","No Part","No Part","2"
"Sky Is Over","Serj Tankian","2007","Elect The Dead","Nu-Metal","2:58","04/13/2010","3","No Part","4","3","3","No Part","No Part","No Part","3"
"The Taste of Ink","The Used","2002","The Used","Emo","3:35","04/13/2010","3","No Part","4","3","2","No Part","No Part","No Part","4"
"Born to Quit","The Used","2009","Artwork","Emo","3:36","04/13/2010","4","No Part","4","3","2","No Part","No Part","No Part","5"
"Blood on My Hands","The Used","2009","Artwork","Emo","3:20","04/13/2010","4","No Part","4","3","3","No Part","No Part","No Part","6"
"Empty Walls","Serj Tankian","2007","Elect The Dead","Nu-Metal","3:50","04/13/2010","4","No Part","5","4","3","No Part","No Part","No Part","5"
"Fire It Up","Thousand Foot Krutch","2009","Welcome to the Masquerade","Nu-Metal","3:07","04/06/2010","4","No Part","4","3","1","No Part","No Part","No Part","4"
"Stand in the Rain","Superchick","2006","Beauty from Pain 1.1","Pop-Rock","3:20","04/06/2010","2","No Part","4","2","1","No Part","No Part","No Part","2"
"Meant to Live","Switchfoot","2003","The Beautiful Letdown","Alternative","3:23","04/06/2010","3","No Part","3","2","1","No Part","No Part","No Part","2"
"Feel Good Drag","Anberlin","2008","New Surrender","Alternative","3:14","04/06/2010","4","No Part","3","3","2","No Part","No Part","No Part","4"
"Live Life Loud","Hawk Nelson","2009","Live Life Loud","Pop-Rock","3:00","04/06/2010","1","No Part","4","3","2","No Part","No Part","No Part","4"
"Monster","Skillet","2009","Awake","Rock","3:00","04/06/2010","2","No Part","3","2","1","No Part","No Part","No Part","2"
"Little Wing","The Jimi Hendrix Experience","1967","Axis: Bold as Love","Classic Rock","2:40","03/30/2010","4","6","3","3","2","1","No Part","No Part","5"
"Little Miss Lover","The Jimi Hendrix Experience","1967","Axis: Bold as Love","Classic Rock","2:34","03/30/2010","5","No Part","4","4","3","No Part","No Part","No Part","5"
"Bold as Love","The Jimi Hendrix Experience","1967","Axis: Bold as Love","Classic Rock","4:22","03/30/2010","5","No Part","4","5","3","No Part","No Part","No Part","6"
"Up from the Skies","The Jimi Hendrix Experience","1967","Axis: Bold as Love","Classic Rock","3:05","03/30/2010","5","No Part","2","5","4","No Part","No Part","No Part","6"
"One Rainy Wish","The Jimi Hendrix Experience","1967","Axis: Bold as Love","Classic Rock","3:59","03/30/2010","4","No Part","5","3","3","No Part","No Part","No Part","6"
"You Got Me Floatin'","The Jimi Hendrix Experience","1967","Axis: Bold as Love","Classic Rock","2:56","03/30/2010","5","No Part","6","3","4","No Part","No Part","No Part","6"
"Wait Until Tomorrow","The Jimi Hendrix Experience","1967","Axis: Bold as Love","Classic Rock","3:22","03/30/2010","6","No Part","3","5","3","No Part","No Part","No Part","6"
"If 6 Was 9","The Jimi Hendrix Experience","1967","Axis: Bold as Love","Classic Rock","5:41","03/30/2010","5","No Part","6","3","5","No Part","No Part","No Part","6"
"Castles Made of Sand","The Jimi Hendrix Experience","1967","Axis: Bold as Love","Classic Rock","2:50","03/30/2010","4","No Part","3","3","3","No Part","No Part","No Part","4"
"Spanish Castle Magic","The Jimi Hendrix Experience","1967","Axis: Bold as Love","Classic Rock","3:14","03/30/2010","5","No Part","4","3","3","No Part","No Part","No Part","6"
"Ain't No Telling","The Jimi Hendrix Experience","1967","Axis: Bold as Love","Classic Rock","1:53","03/30/2010","4","No Part","4","3","3","No Part","No Part","No Part","5"
"Valleys of Neptune","Jimi Hendrix","1969","Valleys of Neptune","Classic Rock","4:20","03/30/2010","5","No Part","5","3","3","No Part","No Part","No Part","6"
"She's So Fine","The Jimi Hendrix Experience","1967","Axis: Bold as Love","Classic Rock","2:44","03/30/2010","4","No Part","4","1","3","No Part","No Part","No Part","5"
"Bang Bang","Little Fish","2010","Baffled and Beat","Indie Rock","2:59","03/23/2010","3","No Part","0","3","2","No Part","No Part","No Part","2"
"Los Angeles","X","1980","Los Angeles","Punk","2:26","03/23/2010","3","No Part","4","3","3","No Part","No Part","No Part","4"
"The Hungry Wolf","X","1982","Under the Big Black Sun","Punk","3:55","03/23/2010","3","No Part","4","3","4","No Part","No Part","No Part","5"
"I Must Not Think Bad Thoughts","X","1983","More Fun in the New World","Punk","4:45","03/23/2010","4","No Part","5","2","3","No Part","No Part","No Part","5"
"Am I Crazy","Little Fish","2010","Baffled and Beat","Indie Rock","4:21","03/23/2010","3","No Part","4","4","2","No Part","No Part","No Part","4"
"Darling Dear","Little Fish","2010","Baffled and Beat","Indie Rock","4:03","03/23/2010","3","No Part","3","4","2","No Part","No Part","No Part","4"
"Outer Space","Ace Frehley","2009","Anomaly","Metal","3:45","03/23/2010","4","No Part","3","2","2","No Part","No Part","No Part","3"
"Stop and Stare","OneRepublic","2007","Dreaming Out Loud","Pop-Rock","3:44","03/23/2010","2","No Part","0","3","1","No Part","No Part","No Part","1"
"Blue Spark","X","1982","Under the Big Black Sun","Punk","2:12","03/23/2010","2","No Part","2","3","2","No Part","No Part","No Part","2"
"All-American Girl","Carrie Underwood","2007","Carnival Ride","Country","3:36","03/23/2010","2","No Part","3","3","2","No Part","No Part","No Part","3"
"Poker Face","Lady Gaga","2008","The Fame","Pop/Dance/Electronic","3:57","03/16/2010","1","No Part","0","2","0","No Part","No Part","No Part","0"
"Oh Yeah","The Subways","2005","Young for Eternity","Alternative","3:03","03/16/2010","3","No Part","4","2","1","No Part","No Part","No Part","3"
"Monster","Lady Gaga","2009","The Fame Monster","Pop/Dance/Electronic","4:11","03/16/2010","2","No Part","1","3","0","No Part","No Part","No Part","1"
"It's Not My Time","3 Doors Down","2008","3 Doors Down","Rock","4:03","03/16/2010","3","No Part","3","3","1","No Part","No Part","No Part","2"
"Bad Romance","Lady Gaga","2009","The Fame Monster","Pop/Dance/Electronic","4:56","03/16/2010","1","No Part","2","3","3","No Part","No Part","No Part","1"
"Rock & Roll Queen","The Subways","2005","Young for Eternity","Alternative","2:51","03/16/2010","2","No Part","3","1","1","No Part","No Part","No Part","1"
"Control","Mute Math","2006","Mute Math","Alternative","4:39","03/16/2010","2","No Part","5","2","3","No Part","No Part","No Part","5"
"Lady Gaga's 'Poker Face' (South Park Version)","Eric Cartman","2009","South Park","Novelty","3:35","03/16/2010","1","No Part","0","2","0","No Part","No Part","No Part","0"
"Just Dance","Lady Gaga","2008","The Fame","Pop/Dance/Electronic","4:05","03/16/2010","1","No Part","0","4","0","No Part","No Part","No Part","1"
"All of This","Shaimus","2006","Paper Sun","Indie Rock","2:37","03/09/2010","5","No Part","3","4","1","No Part","No Part","No Part","5"
"Tie You Down","Shaimus","2008","The Sad Thing Is, We Like It Here","Indie Rock","4:10","03/09/2010","3","No Part","4","4","3","No Part","No Part","No Part","4"
"Walk Away","James Gang","1971","James Gang (Alternate Studio Version)","Classic Rock","3:35","03/09/2010","3","No Part","4","3","2","No Part","No Part","No Part","4"
"Decent Days and Nights","The Futureheads","2004","The Futureheads","Punk","2:36","03/09/2010","3","No Part","4","3","2","No Part","No Part","No Part","2"
"Seven Nation Army","The White Stripes","2003","Elephant","Rock","3:55","03/09/2010","2","No Part","0","2","1","No Part","No Part","No Part","1"
"You Don't Know What Love Is (You Just Do as You're Told)","The White Stripes","2007","Icky Thump","Rock","3:57","03/09/2010","2","No Part","0","3","2","No Part","No Part","No Part","1"
"Fell in Love with a Girl","The White Stripes","2001","White Blood Cells","Rock","1:52","03/09/2010","3","No Part","0","3","No Part","No Part","No Part","No Part","2"
"Hounds of Love","The Futureheads","2004","The Futureheads","Punk","3:05","03/09/2010","3","No Part","3","3","1","No Part","No Part","No Part","2"
"The Hockey Theme","Neil Peart","2010","The Hockey Theme","Novelty","1:07","03/09/2010","1","No Part","5","No Part","1","No Part","No Part","No Part","5"
"White Falcon Fuzz","The Mother Hips","2009","Pacific Dust","Rock","4:16","03/02/2010","4","No Part","2","4","3","No Part","No Part","No Part","3"
"The Game","Disturbed","2000","The Sickness","Nu-Metal","3:47","03/02/2010","4","No Part","4","4","3","No Part","No Part","No Part","4"
"Downfall","Trust Company","2002","The Lonely Position of Neutral","Nu-Metal","3:15","03/02/2010","4","No Part","4","2","3","No Part","No Part","No Part","5"
"Third Floor Story","The Mother Hips","2009","Pacific Dust","Rock","4:07","03/02/2010","4","No Part","2","4","3","No Part","No Part","No Part","4"
"Panic Switch","Silversun Pickups","2009","Swoon","Indie Rock","5:45","03/02/2010","4","No Part","5","3","1","No Part","No Part","No Part","5"
"Meaning of Life","Disturbed","2000","The Sickness","Nu-Metal","4:03","03/02/2010","4","No Part","4","3","3","No Part","No Part","No Part","4"
"Voices","Disturbed","2000","The Sickness","Nu-Metal","3:15","03/02/2010","4","No Part","4","3","3","No Part","No Part","No Part","4"
"Sort Of","Silversun Pickups","2009","Swoon","Indie Rock","5:27","03/02/2010","4","No Part","5","3","2","No Part","No Part","No Part","5"
"Heartkiller","HIM","2010","Screamworks: Love in Theory and Practice","Alternative","3:30","02/23/2010","2","No Part","3","3","1","No Part","No Part","No Part","4"
"Ode to Solitude","HIM","2010","Screamworks: Love in Theory and Practice","Alternative","4:01","02/23/2010","2","No Part","3","4","3","No Part","No Part","No Part","4"
"Distracted","KSM","2009","Read Between the Lines","Pop-Rock","3:20","02/23/2010","1","No Part","3","3","1","No Part","No Part","No Part","1"
"The Dope Show","Marilyn Manson","1998","Mechanical Animals","Metal","3:43","02/23/2010","1","No Part","3","3","1","No Part","No Part","No Part","1"
"Wings of a Butterfly","HIM","2005","Dark Light","Alternative","3:31","02/23/2010","1","No Part","3","2","1","No Part","No Part","No Part","1"
"Just for Tonight","One Night Only","2008","Started a Fire","Pop-Rock","4:23","02/23/2010","3","No Part","4","1","1","No Part","No Part","No Part","4"
"Walking on the Moon","The Police","1979","Reggatta de Blanc","Rock","4:42","02/23/2010","0","No Part","4","1","1","No Part","No Part","No Part","1"
"Let Forever Be","The Chemical Brothers","1998","Surrender","Pop/Dance/Electronic","4:15","02/16/2010","1","No Part","4","2","3","No Part","No Part","No Part","3"
"Fa-Fa-Fa-Fa-Fa (Sad Song)","Otis Redding","1966","Complete & Unbelievable: The Otis Redding Dictionary of Soul","R&B/Soul/Funk","2:52","02/16/2010","1","No Part","0","5","0","No Part","No Part","No Part","2"
"Stray Cat Strut","Brian Setzer","1982","Brian Setzer","Rock","3:23","02/16/2010","2","No Part","3","1","3","No Part","No Part","No Part","1"
"Fascination","Alphabeat","2007","This is Alphabeat","Pop-Rock","3:04","02/16/2010","4","No Part","3","4","2","No Part","No Part","No Part","4"
"Weightless","All Time Low","2009","Nothing Personal","Emo","3:21","02/16/2010","3","No Part","4","2","1","No Part","No Part","No Part","3"
"(Sittin' on the) Dock of the Bay (Take 2)","Otis Redding","1967","Remember Me","R&B/Soul/Funk","2:50","02/16/2010","1","No Part","0","4","0","No Part","No Part","No Part","2"
"Love Man","Otis Redding","1969","Love Man","R&B/Soul/Funk","2:31","02/16/2010","1","No Part","3","5","2","No Part","No Part","No Part","5"
"I've Got Dreams to Remember","Otis Redding","1968","Remember Me","R&B/Soul/Funk","3:41","02/16/2010","0","No Part","0","5","0","No Part","No Part","No Part","2"
"I'm Sick Y'all","Otis Redding","1966","Complete & Unbelievable: The Otis Redding Dictionary of Soul","R&B/Soul/Funk","3:01","02/16/2010","2","No Part","3","4","0","No Part","No Part","No Part","4"
"Five Magics","Megadeth","1990","Rust in Peace","Metal","5:43","02/09/2010","6","No Part","5","4","6","No Part","No Part","No Part","6"
"Tornado of Souls","Megadeth","1990","Rust in Peace","Metal","5:22","02/09/2010","6","No Part","5","2","5","No Part","No Part","No Part","6"
"Poison Was the Cure","Megadeth","1990","Rust in Peace","Metal","2:59","02/09/2010","6","No Part","5","4","4","No Part","No Part","No Part","6"
"Rust in Peace... Polaris","Megadeth","1990","Rust in Peace","Metal","5:40","02/09/2010","6","No Part","5","3","6","No Part","No Part","No Part","6"
"Holy Wars... The Punishment Due","Megadeth","1990","Rust in Peace","Metal","6:38","02/09/2010","6","No Part","5","4","6","No Part","No Part","No Part","6"
"Lucretia","Megadeth","1990","Rust in Peace","Metal","3:59","02/09/2010","5","No Part","4","4","5","No Part","No Part","No Part","6"
"Hangar 18","Megadeth","1990","Rust in Peace","Metal","5:15","02/09/2010","6","No Part","5","2","5","No Part","No Part","No Part","6"
"Take No Prisoners","Megadeth","1990","Rust in Peace","Metal","3:31","02/09/2010","6","No Part","6","3","6","No Part","No Part","No Part","6"
"Dawn Patrol","Megadeth","1990","Rust in Peace","Metal","1:55","02/09/2010","No Part","No Part","1","0","3","No Part","No Part","No Part","2"
"The Who Super Bowl S-mashup","The Who","2010","","Classic Rock","12:47","02/07/2010","5","No Part","5","3","4","No Part","No Part","No Part","6"
"Swing","Trace Adkins","2006","Dangerous Man","Country","3:48","02/02/2010","4","No Part","4","2","1","No Part","No Part","No Part","3"
"Me and My Gang","Rascal Flatts","2006","Me and My Gang","Country","3:40","02/02/2010","4","No Part","4","5","1","No Part","No Part","No Part","4"
"On the Road Again","Willie Nelson","1980","Honeysuckle Rose","Country","2:43","02/02/2010","3","No Part","4","1","0","No Part","No Part","No Part","4"
"Suds in the Bucket","Sara Evans","2003","Restless","Country","3:48","02/02/2010","2","No Part","2","2","0","No Part","No Part","No Part","1"
"Gone","Montgomery Gentry","2004","You Do Your Thing","Country","4:32","02/02/2010","0","No Part","3","3","2","No Part","No Part","No Part","1"
"She Thinks My Tractor's Sexy","Kenny Chesney","1999","Everywhere We Go","Country","4:12","02/02/2010","2","No Part","3","3","1","No Part","No Part","No Part","2"
"Killed by Death '08","Motörhead","1984","","Metal","4:38","01/26/2010","5","No Part","3","2","2","No Part","No Part","No Part","4"
"Godzilla","Blue Öyster Cult","1977","Spectres","Classic Rock","3:47","01/26/2010","4","No Part","4","1","1","No Part","No Part","No Part","3"
"Transmaniacon MC","Blue Öyster Cult","1972","Blue Öyster Cult","Classic Rock","3:27","01/26/2010","5","No Part","5","4","3","No Part","No Part","No Part","5"
"Bulls on Parade","Rage Against the Machine","1996","Evil Empire","Alternative","3:59","01/26/2010","1","No Part","2","2","1","No Part","No Part","No Part","1"
"1901","Phoenix","2009","Wolfgang Amadeus Phoenix","Alternative","3:12","01/19/2010","3","No Part","4","3","2","No Part","No Part","No Part","4"
"Breakdown (Live)","Tom Petty & The Heartbreakers","2009","The Live Anthology","Rock","5:25","01/19/2010","2","No Part","3","1","2","No Part","No Part","No Part","1"
"Lisztomania","Phoenix","2009","Wolfgang Amadeus Phoenix","Alternative","4:06","01/19/2010","4","No Part","4","4","2","No Part","No Part","No Part","6"
"The Waiting (Live)","Tom Petty & The Heartbreakers","2009","The Live Anthology","Rock","4:12","01/19/2010","2","No Part","4","2","2","No Part","No Part","No Part","2"
"Nightwatchman (Live)","Tom Petty & The Heartbreakers","2009","The Live Anthology","Rock","4:43","01/19/2010","4","No Part","4","2","3","No Part","No Part","No Part","4"
"Jammin' Me (Live)","Tom Petty & The Heartbreakers","2009","The Live Anthology","Rock","4:21","01/19/2010","3","No Part","3","3","2","No Part","No Part","No Part","3"
"Century City (Live)","Tom Petty & The Heartbreakers","2009","The Live Anthology","Rock","3:41","01/19/2010","3","No Part","4","3","3","No Part","No Part","No Part","5"
"A Woman in Love (It's Not Me) (Live)","Tom Petty & The Heartbreakers","2009","The Live Anthology","Rock","5:36","01/19/2010","4","No Part","4","2","2","No Part","No Part","No Part","4"
"Blue Jeans","Silvertide","2004","Show and Tell","Rock","3:14","01/19/2010","4","No Part","4","3","3","No Part","No Part","No Part","4"
"Grind","Alice In Chains","1995","Alice In Chains","Grunge","4:49","01/12/2010","4","No Part","1","2","1","No Part","No Part","No Part","3"
"Your Decision","Alice In Chains","2009","Black Gives Way to Blue","Grunge","4:42","01/12/2010","2","No Part","2","1","1","No Part","No Part","No Part","1"
"We Die Young","Alice In Chains","1990","Facelift","Grunge","2:36","01/12/2010","4","No Part","3","3","3","No Part","No Part","No Part","4"
"Heaven Beside You","Alice In Chains","1995","Alice In Chains","Grunge","5:30","01/12/2010","3","No Part","2","3","2","No Part","No Part","No Part","2"
"Last of My Kind","Alice In Chains","2009","Black Gives Way to Blue","Grunge","5:51","01/12/2010","3","No Part","4","3","2","No Part","No Part","No Part","3"
"Jet (Live)","Paul McCartney","2009","Good Evening New York City","Classic Rock","4:20","01/05/2010","3","No Part","4","3","2","No Part","No Part","No Part","3"
"First Date","Blink-182","2001","Take Off Your Pants and Jacket","Punk","2:52","01/05/2010","1","No Part","5","2","2","No Part","No Part","No Part","4"
"Rock 'n' Roll High School","Ramones","1978","Road to Ruin (Expanded Edition)","Punk","2:25","01/05/2010","3","No Part","4","1","2","No Part","No Part","No Part","4"
"Sing the Changes (Live)","Paul McCartney","2009","Good Evening New York City","Classic Rock","4:12","01/05/2010","2","No Part","3","1","1","No Part","No Part","No Part","1"
"Band on the Run (Live)","Paul McCartney","2009","Good Evening New York City","Classic Rock","5:16","01/05/2010","3","No Part","4","3","2","No Part","No Part","No Part","3"
"Sister Europe","The Psychedelic Furs","1980","The Psychedelic Furs","New Wave","5:40","01/05/2010","0","No Part","0","2","1","No Part","No Part","No Part","0"
"Adam's Song","Blink-182","1999","Enema of the State","Punk","4:13","01/05/2010","1","No Part","4","2","3","No Part","No Part","No Part","3"
"I Miss You","Blink-182","2003","Blink-182","Punk","4:02","01/05/2010","2","No Part","3","2","1","No Part","No Part","No Part","1"
"Love My Way","The Psychedelic Furs","1982","Forever Now","New Wave","3:40","01/05/2010","0","No Part","1","2","1","No Part","No Part","No Part","0"
"I Told You So","Keith Urban","2006","Love, Pain & the Whole Crazy Thing","Country","4:40","12/29/2009","2","No Part","4","2","1","No Part","No Part","No Part","1"
"Good Time","Alan Jackson","2008","Good Time","Country","5:07","12/29/2009","4","No Part","4","1","1","No Part","No Part","No Part","3"
"Cry Lonely","Cross Canadian Ragweed","2007","Mission California","Country","4:12","12/29/2009","0","No Part","2","2","1","No Part","No Part","No Part","0"
"Any Man of Mine","Shania Twain","1995","The Woman in Me","Country","4:19","12/29/2009","3","No Part","2","4","2","No Part","No Part","No Part","2"
"She's Country","Jason Aldean","2009","Wide Open","Country","3:48","12/29/2009","3","No Part","2","3","2","No Part","No Part","No Part","2"
"The Gambler","Kenny Rogers","1978","The Gambler","Country","3:37","12/29/2009","3","No Part","1","1","0","No Part","No Part","No Part","1"
"This One's for the Girls","Martina McBride","2003","Martina","Country","4:07","12/29/2009","1","No Part","2","1","2","No Part","No Part","No Part","0"
"Build a Bridge","Limp Bizkit","2003","Results May Vary","Nu-Metal","4:06","12/22/2009","3","No Part","3","1","2","No Part","No Part","No Part","2"
"Ocean Avenue","Yellowcard","2003","Ocean Avenue","Emo","3:20","12/22/2009","3","No Part","4","2","2","No Part","No Part","No Part","4"
"A Lot Like Me","The Offspring","2008","Rise and Fall, Rage and Grace","Punk","4:21","12/22/2009","2","No Part","4","2","2","No Part","No Part","No Part","2"
"(If You're Wondering If I Want You To) I Want You To","Weezer","2009","Raditude","Alternative","3:31","12/22/2009","4","No Part","4","2","4","No Part","No Part","No Part","4"
"Beverly Hills","Weezer","2005","Make Believe","Alternative","3:29","12/22/2009","2","No Part","1","0","0","No Part","No Part","No Part","1"
"Let It All Hang Out","Weezer","2009","Raditude","Alternative","3:21","12/22/2009","2","No Part","3","1","1","No Part","No Part","No Part","1"
"¡Viva la Gloria!","Green Day","2009","21st Century Breakdown","Rock","3:31","12/15/2009","2","No Part","4","3","1","No Part","No Part","No Part","3"
"Gives You Hell","All-American Rejects","2008","When the World Comes Down","Emo","3:34","12/15/2009","2","No Part","3","2","1","No Part","No Part","No Part","0"
"This Is War","30 Seconds to Mars","2009","This Is War","Emo","5:04","12/15/2009","3","No Part","5","3","1","No Part","No Part","No Part","5"
"Kings and Queens","30 Seconds to Mars","2009","This Is War","Emo","5:28","12/15/2009","2","No Part","5","3","1","No Part","No Part","No Part","4"
"Last of the American Girls","Green Day","2009","21st Century Breakdown","Rock","3:56","12/15/2009","2","No Part","2","1","1","No Part","No Part","No Part","1"
"Christian's Inferno","Green Day","2009","21st Century Breakdown","Rock","3:13","12/15/2009","2","No Part","3","1","2","No Part","No Part","No Part","1"
"I Am a Rock","Simon & Garfunkel","1966","Sounds of Silence","Classic Rock","2:54","12/08/2009","3","No Part","3","2","1","No Part","No Part","No Part","1"
"Duality","Slipknot","2004","Vol. 3: (The Subliminal Verses)","Nu-Metal","4:17","12/08/2009","4","No Part","5","2","4","No Part","No Part","No Part","6"
"The Sounds of Silence","Simon & Garfunkel","1966","Sounds of Silence","Classic Rock","3:09","12/08/2009","3","No Part","2","2","0","No Part","No Part","No Part","1"
"Dreaming of Love","Lights Resolve","2009","Dreaming of Love (Single)","Indie Rock","3:48","12/08/2009","3","No Part","4","5","2","No Part","No Part","No Part","4"
"Sulfur","Slipknot","2008","All Hope Is Gone","Nu-Metal","4:41","12/08/2009","6","No Part","5","3","5","No Part","No Part","No Part","6"
"Psychosocial","Slipknot","2008","All Hope Is Gone","Nu-Metal","4:40","12/08/2009","6","No Part","5","2","4","No Part","No Part","No Part","6"
"You're Gonna Hear from Me","Night Ranger","2008","Hole in the Sun","Rock","3:53","12/01/2009","5","No Part","5","3","3","No Part","No Part","No Part","6"
"(You Can Still) Rock in America","Night Ranger","1983","Night Ranger Rock Band Re-Record","Rock","4:19","12/01/2009","5","No Part","3","3","3","No Part","No Part","No Part","6"
"Don't Tell Me You Love Me","Night Ranger","1982","Night Ranger Rock Band Re-Record","Rock","4:31","12/01/2009","6","No Part","4","3","3","No Part","No Part","No Part","6"
"Come As You Are (Live from MTV Unplugged)","Nirvana","1994","MTV Unplugged in New York","Grunge","3:48","12/01/2009","2","1","3","1","2","1","No Part","No Part","1"
"Lithium (Live at Reading)","Nirvana","1991","Live at Reading","Grunge","4:25","12/01/2009","3","4","3","2","1","2","No Part","No Part","2"
"Smells Like Teen Spirit","Nirvana","1991","Nevermind","Grunge","5:05","12/01/2009","2","1","4","3","3","1","No Part","No Part","3"
"Here Comes My Girl (Live)","Tom Petty & The Heartbreakers","2009","The Live Anthology","Rock","4:49","11/24/2009","4","No Part","4","2","3","No Part","No Part","No Part","4"
"Mary Jane's Last Dance (Live)","Tom Petty & The Heartbreakers","2009","The Live Anthology","Rock","5:51","11/24/2009","4","No Part","4","2","2","No Part","No Part","No Part","5"
"Even the Losers (Live)","Tom Petty & The Heartbreakers","2009","The Live Anthology","Rock","3:39","11/24/2009","3","No Part","4","3","3","No Part","No Part","No Part","3"
"Miss Independent","Kelly Clarkson","2003","Thankful","Pop/Dance/Electronic","3:40","11/24/2009","2","No Part","3","4","0","No Part","No Part","No Part","2"
"Who Knew","P!nk","2006","I'm Not Dead","Pop-Rock","3:31","11/24/2009","2","No Part","0","4","1","No Part","No Part","No Part","1"
"Refugee (Live)","Tom Petty & The Heartbreakers","2009","The Live Anthology","Rock","5:35","11/24/2009","5","No Part","4","2","2","No Part","No Part","No Part","5"
"Our Lips Are Sealed","Go-Go's","1981","Beauty and the Beat","Pop-Rock","2:43","11/24/2009","0","No Part","2","1","1","No Part","No Part","No Part","0"
"A Thing About You (Live)","Tom Petty & The Heartbreakers","2009","The Live Anthology","Rock","5:01","11/24/2009","3","No Part","4","3","3","No Part","No Part","No Part","4"
"American Girl (Live)","Tom Petty & The Heartbreakers","2009","The Live Anthology","Rock","3:56","11/24/2009","6","No Part","4","3","3","No Part","No Part","No Part","6"
"Love Like Winter","AFI","2006","Decemberunderground","Emo","2:45","11/17/2009","3","No Part","4","2","2","No Part","No Part","No Part","3"
"End Transmission","AFI","2009","Crash Love","Emo","3:46","11/17/2009","2","No Part","3","3","2","No Part","No Part","No Part","1"
"Walk Like an Egyptian","The Bangles","1986","Different Light","Rock","3:28","11/17/2009","4","No Part","4","1","2","No Part","No Part","No Part","4"
"New Fang","Them Crooked Vultures","2009","Them Crooked Vultures","Rock","3:52","11/17/2009","3","No Part","5","3","3","No Part","No Part","No Part","5"
"Medicate","AFI","2009","Crash Love","Emo","4:20","11/17/2009","3","No Part","4","3","3","No Part","No Part","No Part","4"
"The Leaving Song, Pt. II","AFI","2003","Sing the Sorrow","Emo","3:27","11/17/2009","3","No Part","4","2","3","No Part","No Part","No Part","4"
"Beautiful Thieves","AFI","2009","Crash Love","Emo","3:44","11/17/2009","3","No Part","4","2","3","No Part","No Part","No Part","3"
"Ridin' the Hook","SpongeBob SquarePants","2006","The Best Day Ever","Novelty","3:05","11/10/2009","2","No Part","3","2","2","No Part","No Part","No Part","2"
"Icky Thump","The White Stripes","2007","Icky Thump","Rock","4:07","11/10/2009","6","No Part","1","3","4","No Part","No Part","No Part","5"
"Club Foot","Kasabian","2004","Kasabian","Indie Rock","2:51","11/10/2009","1","No Part","4","1","2","No Part","No Part","No Part","1"
"Girl, You Have No Faith in Medicine","The White Stripes","2003","Elephant","Rock","3:24","11/10/2009","3","No Part","3","3","4","No Part","No Part","No Part","3"
"Smash It Up (Part II)","The Damned","1979","Machine Gun Etiquette","Punk","2:50","11/10/2009","4","No Part","4","1","2","No Part","No Part","No Part","1"
"Employee of the Month","SpongeBob SquarePants","2006","The Best Day Ever","Novelty","3:36","11/10/2009","2","No Part","3","1","1","No Part","No Part","No Part","1"
"Dead Leaves and the Dirty Ground","The White Stripes","2001","White Blood Cells","Rock","3:03","11/10/2009","3","1","0","3","3","2","No Part","No Part","1"
"A Day Like This","SpongeBob SquarePants","2009","SpongeBob's Greatest Hits","Novelty","1:36","11/10/2009","1","No Part","2","2","1","No Part","No Part","No Part","1"
"About a Girl","Nirvana","1989","Bleach","Grunge","2:51","11/03/2009","3","No Part","3","2","2","No Part","No Part","No Part","2"
"Wheels","Foo Fighters","2009","Greatest Hits","Alternative","4:34","11/03/2009","1","No Part","1","2","2","No Part","No Part","No Part","0"
"Swing, Swing","All-American Rejects","2003","The All-American Rejects","Emo","4:00","11/03/2009","0","No Part","1","2","1","No Part","No Part","No Part","0"
"The Final Countdown","Europe","1986","The Final Countdown","Glam","5:05","11/03/2009","5","No Part","4","2","2","No Part","No Part","No Part","3"
"The Passenger","Iggy Pop","1977","Lust for Life","Rock","4:52","11/03/2009","2","No Part","3","0","0","No Part","No Part","No Part","1"
"Thunder","Boys Like Girls","2006","Boys Like Girls","Emo","4:02","11/03/2009","0","No Part","0","1","1","No Part","No Part","No Part","0"
"Song 2","Blur","1997","Blur","Alternative","2:06","11/03/2009","1","No Part","3","0","0","No Part","No Part","No Part","0"
"Stumble and Fall","Razorlight","2004","Up All Night","Rock","3:07","11/03/2009","3","No Part","4","2","1","No Part","No Part","No Part","3"
"Suddenly I See","KT Tunstall","2004","Eye to the Telescope","Rock","3:23","11/03/2009","3","No Part","4","3","1","No Part","No Part","No Part","4"
"Summer of '69","Bryan Adams","1984","Reckless","Rock","3:55","11/03/2009","0","No Part","3","2","1","No Part","No Part","No Part","0"
"Tick Tick Boom","The Hives","2007","The Black and White Album","Punk","3:26","11/03/2009","2","No Part","4","3","2","No Part","No Part","No Part","2"
"Two Princes","Spin Doctors","1991","Pocket Full of Kryptonite","Alternative","4:28","11/03/2009","3","No Part","5","3","4","No Part","No Part","No Part","5"
"A-Punk","Vampire Weekend","2008","Vampire Weekend","Indie Rock","2:22","11/03/2009","3","No Part","4","1","3","No Part","No Part","No Part","3"
"Aliens Exist","Blink-182","1999","Enema of the State","Punk","3:17","11/03/2009","2","No Part","5","1","2","No Part","No Part","No Part","4"
"Accidentally in Love","Counting Crows","2004","Shrek 2: Motion Picture Soundtrack","Rock","3:13","11/03/2009","2","No Part","2","2","1","No Part","No Part","No Part","1"
"Crocodile Rock","Elton John","1973","Don't Shoot Me I'm Only the Piano Player","Classic Rock","3:43","11/03/2009","2","No Part","2","3","1","No Part","No Part","No Part","0"
"Crash","The Primitives","1988","Lovely","Pop-Rock","2:43","11/03/2009","2","No Part","3","1","0","No Part","No Part","No Part","1"
"Check Yes Juliet","We the Kings","2007","We the Kings","Emo","3:44","11/03/2009","1","No Part","3","1","1","No Part","No Part","No Part","1"
"Breakout","Foo Fighters","1999","There Is Nothing Left to Lose","Alternative","3:28","11/03/2009","2","No Part","4","2","1","No Part","No Part","No Part","3"
"Dreaming of You","The Coral","2002","The Coral","Indie Rock","2:21","11/03/2009","1","No Part","1","1","2","No Part","No Part","No Part","0"
"Dig","Incubus","2006","Light Grenades","Alternative","4:22","11/03/2009","2","No Part","3","3","2","No Part","No Part","No Part","1"
"The Pretender","Foo Fighters","2007","Echoes, Silence, Patience & Grace","Alternative","4:31","11/03/2009","4","3","4","3","3","3","No Part","No Part","3"
"Ride a White Swan","T. Rex","1972","Bolan Boogie","Glam","2:30","11/03/2009","3","No Part","0","0","0","No Part","No Part","No Part","0"
"Real Wild Child","Everlife","2007","Everlife","Pop-Rock","3:20","11/03/2009","4","No Part","5","6","2","No Part","No Part","No Part","4"
"Ruby","Kaiser Chiefs","2007","Yours Truly, Angry Mob","Indie Rock","3:25","11/03/2009","2","No Part","4","1","1","No Part","No Part","No Part","1"
"Rooftops (A Liberation Broadcast)","Lostprophets","2006","Liberation Transmission","Rock","4:11","11/03/2009","2","No Part","4","1","2","No Part","No Part","No Part","1"
"Make Me Smile (Come Up and See Me)","Steve Harley & Cockney Rebel","1975","The Best Years of Our Lives","Rock","4:09","11/03/2009","2","No Part","3","4","2","No Part","No Part","No Part","1"
"Life Is a Highway","Rascal Flatts","2006","Me and My Gang","Country","4:17","11/03/2009","3","No Part","3","4","3","No Part","No Part","No Part","3"
"Naïve","The Kooks","2006","Inside In/Inside Out","Indie Rock","3:27","11/03/2009","3","No Part","4","3","3","No Part","No Part","No Part","3"
"Monster","The Automatic","2006","Not Accepted Anywhere","Alternative","3:46","11/03/2009","3","No Part","4","1","1","No Part","No Part","No Part","2"
"So What","P!nk","2008","Funhouse","Pop-Rock","3:39","11/03/2009","2","No Part","3","3","1","No Part","No Part","No Part","1"
"Short and Sweet","Spinal Tap","2009","Back From The Dead","Metal","6:39","11/03/2009","4","No Part","4","1","4","No Part","No Part","No Part","5"
"Word Forward","Foo Fighters","2009","Greatest Hits","Alternative","3:51","11/03/2009","1","No Part","4","2","2","No Part","No Part","No Part","3"
"Kung Fu Fighting","Carl Douglas","1974","","R&B/Soul/Funk","3:18","11/03/2009","5","No Part","4","3","1","No Part","No Part","No Part","2"
"Let's Dance","David Bowie","1983","Let's Dance","Glam","4:57","11/03/2009","1","No Part","2","1","1","No Part","No Part","No Part","0"
"Ghostbusters","Ray Parker Jr.","1984","Ghostbusters: Original Soundtrack","Pop/Dance/Electronic","4:05","11/03/2009","3","No Part","3","1","2","No Part","No Part","No Part","1"
"Girls & Boys","Good Charlotte","2002","The Young and the Hopeless","Punk","3:05","11/03/2009","2","No Part","2","2","0","No Part","No Part","No Part","1"
"Every Little Thing She Does Is Magic","The Police","1981","Ghost in the Machine","Rock","4:27","11/03/2009","2","No Part","4","3","2","No Part","No Part","No Part","3"
"Free Fallin'","Tom Petty","1989","Full Moon Fever","Rock","4:25","11/03/2009","1","No Part","0","0","2","No Part","No Part","No Part","0"
"In Too Deep","Sum 41","2001","All Killer No Filler","Punk","3:33","11/03/2009","4","No Part","3","1","3","No Part","No Part","No Part","4"
"Grace","Supergrass","2002","Life on Other Planets","Alternative","2:31","11/03/2009","2","No Part","4","1","2","No Part","No Part","No Part","1"
"I Want You Back","The Jackson 5","1969","Diana Ross Presents The Jackson 5","Pop-Rock","3:27","11/03/2009","3","No Part","3","5","3","No Part","No Part","No Part","2"
"You Give Love a Bad Name","Bon Jovi","1986","Greatest Hits","Rock","3:42","11/03/2009","3","3","1","2","1","3","2","3","1"
"We Are the Champions","Queen","1977","News of the World","Classic Rock","3:05","11/03/2009","1","2","0","3","1","2","3","5","1"
"We Will Rock You","Queen","1977","News of the World","Classic Rock","2:09","11/03/2009","0","1","0","3","0","0","No Part","No Part","0"
"Fire","The Jimi Hendrix Experience","1967","Are You Experienced","Classic Rock","2:47","11/03/2009","4","No Part","5","4","3","No Part","No Part","No Part","6"
"Word Up!","KoRn","2004","Greatest Hits, Vol. 1","Nu-Metal","2:51","11/03/2009","2","No Part","3","1","2","No Part","No Part","No Part","1"
"Walking on Sunshine","Katrina and the Waves","1985","","Pop-Rock","3:57","11/03/2009","2","No Part","3","2","3","No Part","No Part","No Part","1"
"Valerie","The Zutons","2006","Tired of Hanging Around","Pop-Rock","3:58","11/03/2009","2","No Part","3","2","2","No Part","No Part","No Part","1"
"Blew","Nirvana","1989","Bleach","Grunge","2:59","11/03/2009","3","No Part","3","1","3","No Part","No Part","No Part","2"
"Best of You","Foo Fighters","2005","In Your Honor","Alternative","4:20","11/03/2009","3","No Part","4","1","3","No Part","No Part","No Part","4"
"Fake Friends","Joan Jett and the Blackhearts","1983","Album","Punk","3:17","11/03/2009","4","No Part","4","1","3","No Part","No Part","No Part","5"
"School","Nirvana","1989","Bleach","Grunge","2:44","11/03/2009","5","No Part","4","3","3","No Part","No Part","No Part","5"
"White Unicorn","Wolfmother","2005","Wolfmother","Rock","5:06","10/27/2009","4","No Part","4","2","3","No Part","No Part","No Part","5"
"Rock Me","Liz Phair","2003","Liz Phair","Pop-Rock","3:24","10/27/2009","1","No Part","3","3","1","No Part","No Part","No Part","1"
"Superbeast","Rob Zombie","1998","Hellbilly Deluxe","Nu-Metal","3:53","10/27/2009","2","No Part","4","1","1","No Part","No Part","No Part","3"
"Sugarbaby","Morningwood","2009","Diamonds & Studs","Pop-Rock","3:06","10/27/2009","1","No Part","4","2","2","No Part","No Part","No Part","1"
"Burn","Rob Zombie","2009","Hellbilly Deluxe 2","Nu-Metal","3:01","10/27/2009","4","No Part","3","1","4","No Part","No Part","No Part","3"
"Woman","Wolfmother","2005","Wolfmother","Rock","2:55","10/27/2009","5","No Part","4","3","4","No Part","No Part","No Part","5"
"Best of Me","Morningwood","2009","Diamonds & Studs","Pop-Rock","3:06","10/27/2009","2","No Part","4","1","2","No Part","No Part","No Part","2"
"New Moon Rising","Wolfmother","2009","Cosmic Egg","Rock","3:50","10/27/2009","4","No Part","4","4","4","No Part","No Part","No Part","5"
"Dragula","Rob Zombie","1998","Hellbilly Deluxe","Nu-Metal","3:45","10/27/2009","3","No Part","4","1","2","No Part","No Part","No Part","2"
"Sundial","Wolfmother","2009","Cosmic Egg","Rock","3:49","10/27/2009","4","No Part","4","3","4","No Part","No Part","No Part","4"
"Pilgrim","Wolfmother","2009","Cosmic Egg","Rock","4:52","10/27/2009","5","No Part","4","3","3","No Part","No Part","No Part","5"
"Tie Your Mother Down","Queen","1976","A Day At The Races","Classic Rock","3:46","10/20/2009","4","No Part","4","4","4","No Part","No Part","No Part","4"
"Fat Bottomed Girls","Queen","1978","Jazz","Classic Rock","3:20","10/20/2009","3","No Part","3","3","1","No Part","No Part","No Part","2"
"Under Pressure","Queen","1982","Hot Space","Classic Rock","3:56","10/20/2009","1","3","4","4","3","2","2","2","2"
"I Want It All","Queen","1989","The Miracle","Classic Rock","4:03","10/20/2009","5","4","4","4","3","1","6","6","6"
"Crazy Little Thing Called Love","Queen","1980","The Game","Classic Rock","2:37","10/20/2009","3","No Part","4","2","4","No Part","No Part","No Part","3"
"I Want To Break Free","Queen","1984","The Works","Classic Rock","4:10","10/20/2009","2","1","3","3","1","2","3","2","1"
"Somebody To Love","Queen","1976","A Day At The Races","Classic Rock","4:58","10/20/2009","3","4","4","6","3","3","4","6","5"
"Killer Queen","Queen","1974","Sheer Heart Attack","Classic Rock","3:01","10/20/2009","3","3","2","6","3","3","4","4","4"
"One Vision","Queen","1986","A Kind of Magic","Classic Rock","4:03","10/20/2009","4","4","5","4","4","2","1","1","6"
"Another One Bites the Dust","Queen","1980","The Game","Classic Rock","3:42","10/20/2009","2","No Part","1","3","1","No Part","No Part","No Part","1"
"The Metal","Tenacious D","2006","The Pick Of Destiny","Rock","2:46","10/13/2009","5","No Part","5","3","4","No Part","No Part","No Part","6"
"(We Are) The Road Crew '08","Motörhead","1980","(We Are) The Road Crew '08","Metal","2:47","10/13/2009","5","No Part","4","1","5","No Part","No Part","No Part","5"
"Surfing with the Alien","Joe Satriani","1987","Surfing with the Alien","Rock","3:59","10/13/2009","6","No Part","3","No Part","4","No Part","No Part","No Part","6"
"Satch Boogie","Joe Satriani","1987","Surfing with the Alien","Rock","3:16","10/13/2009","6","No Part","5","No Part","4","No Part","No Part","No Part","6"
"What's My Age Again?","Blink-182","1999","Enema of the State","Punk","2:29","10/13/2009","3","No Part","3","0","1","No Part","No Part","No Part","1"
"Icarus - Borne on Wings of Steel (Live)","Kansas","1978","Two for the Show","Prog","5:46","10/13/2009","6","No Part","4","2","4","No Part","No Part","No Part","6"
"More Than Meets the Eye","Testament","2008","The Formation of Damnation","Metal","4:33","10/13/2009","6","No Part","5","2","6","No Part","No Part","No Part","6"
"Point of Know Return (Live)","Kansas","1978","Two for the Show","Prog","3:06","10/13/2009","5","No Part","3","3","3","No Part","No Part","No Part","4"
"Andres","L7","1994","Hungry for Stink","Grunge","3:24","10/13/2009","1","No Part","3","1","1","No Part","No Part","No Part","1"
"Show Me the Way","Black Tide","2008","Light from Above","Metal","4:00","10/13/2009","4","No Part","4","3","4","No Part","No Part","No Part","5"
"Ironic","Alanis Morissette","1995","Jagged Little Pill","Alternative","3:54","10/06/2009","2","No Part","3","3","2","No Part","No Part","No Part","2"
"Gay Bar","Electric Six","2003","Fire","Rock","2:24","10/06/2009","3","No Part","4","0","3","No Part","No Part","No Part","3"
"Dance Epidemic","Electric Six","2005","Señor Smoke","Rock","2:52","10/06/2009","3","No Part","4","4","2","No Part","No Part","No Part","3"
"I Don't Like You","Electric Six","2007","I Shall Exterminate Everything Around Me That Restricts Me from Being the Master","Rock","2:58","10/06/2009","4","No Part","4","5","3","No Part","No Part","No Part","4"
"Head Over Feet","Alanis Morissette","1995","Jagged Little Pill","Alternative","5:17","10/06/2009","2","No Part","4","3","1","No Part","No Part","No Part","3"
"Many Shades of Black","The Raconteurs","2008","Consolers of the Lonely","Rock","4:30","10/06/2009","4","No Part","4","3","2","No Part","No Part","No Part","4"
"Steady, As She Goes","The Raconteurs","2006","Broken Boy Soldiers","Rock","3:42","10/06/2009","1","No Part","3","3","1","No Part","No Part","No Part","1"
"Salute Your Solution","The Raconteurs","2008","Consolers of the Lonely","Rock","3:05","10/06/2009","4","No Part","4","3","3","No Part","No Part","No Part","5"
"Handlebars","Flobots","2008","Fight With Tools","Hip-Hop/Rap","3:37","10/06/2009","2","No Part","4","1","2","No Part","No Part","No Part","2"
"Would?","Alice In Chains","1992","Dirt","Grunge","3:32","09/29/2009","3","No Part","4","3","3","No Part","No Part","No Part","4"
"U Suck","Just Kait","2009","Being On TV","Rock","3:12","09/29/2009","1","No Part","3","2","2","No Part","No Part","No Part","1"
"Rooster","Alice In Chains","1992","Dirt","Grunge","6:19","09/29/2009","0","1","3","2","2","1","No Part","No Part","1"
"So Cold","Breaking Benjamin","2004","We Are Not Alone","Rock","4:32","09/29/2009","3","No Part","4","2","4","No Part","No Part","No Part","3"
"Hey Dude","Kula Shaker","1996","K","Alternative","4:09","09/29/2009","4","No Part","5","3","5","No Part","No Part","No Part","6"
"Check My Brain","Alice In Chains","2009","Black Gives Way to Blue","Grunge","4:06","09/29/2009","2","No Part","3","2","1","No Part","No Part","No Part","2"
"I Will Not Bow","Breaking Benjamin","2009","Dear Agony","Rock","3:39","09/29/2009","4","No Part","4","2","4","No Part","No Part","No Part","4"
"A Looking in View","Alice In Chains","2009","Black Gives Way to Blue","Grunge","7:09","09/29/2009","2","No Part","3","1","2","No Part","No Part","No Part","2"
"No Excuses","Alice In Chains","1994","Jar of Flies","Grunge","4:17","09/29/2009","2","No Part","4","2","2","No Part","No Part","No Part","2"
"Knight on the Town","Kula Shaker","1996","K","Alternative","3:30","09/29/2009","5","No Part","4","1","4","No Part","No Part","No Part","5"
"The Diary of Jane","Breaking Benjamin","2006","Phobia","Rock","3:24","09/29/2009","2","No Part","4","3","4","No Part","No Part","No Part","3"
"Master of the Universe","Hawkwind","1971","In Search of Space","Rock","6:18","09/22/2009","2","No Part","4","0","0","No Part","No Part","No Part","3"
"Gonna See My Friend","Pearl Jam","2009","Backspacer","Grunge","2:51","09/22/2009","3","No Part","4","3","3","No Part","No Part","No Part","3"
"Force of Nature","Pearl Jam","2009","Backspacer","Grunge","4:05","09/22/2009","3","No Part","3","3","2","No Part","No Part","No Part","2"
"Supersonic","Pearl Jam","2009","Backspacer","Grunge","2:41","09/22/2009","4","No Part","4","3","3","No Part","No Part","No Part","4"
"Unthought Known","Pearl Jam","2009","Backspacer","Grunge","4:10","09/22/2009","2","No Part","3","4","2","No Part","No Part","No Part","1"
"Speed of Sound","Pearl Jam","2009","Backspacer","Grunge","3:34","09/22/2009","2","No Part","3","3","2","No Part","No Part","No Part","2"
"Got Some","Pearl Jam","2009","Backspacer","Grunge","3:05","09/22/2009","2","No Part","4","4","2","No Part","No Part","No Part","3"
"Levitate","I Mother Earth","1993","Dig","Alternative","4:45","09/22/2009","5","No Part","4","2","4","No Part","No Part","No Part","5"
"The End","Pearl Jam","2009","Backspacer","Grunge","2:55","09/22/2009","4","No Part","No Part","2","2","No Part","No Part","No Part","1"
"The Fixer","Pearl Jam","2009","Backspacer","Grunge","3:10","09/22/2009","3","No Part","4","4","2","No Part","No Part","No Part","3"
"Amongst the Waves","Pearl Jam","2009","Backspacer","Grunge","3:59","09/22/2009","3","No Part","3","3","2","No Part","No Part","No Part","2"
"Just Breathe","Pearl Jam","2009","Backspacer","Grunge","3:37","09/22/2009","5","No Part","2","2","1","No Part","No Part","No Part","3"
"Johnny Guitar","Pearl Jam","2009","Backspacer","Grunge","2:57","09/22/2009","1","No Part","3","3","3","No Part","No Part","No Part","1"
"Hair of the Dog","Nazareth","1975","The Very Best of Nazareth","Classic Rock","4:37","09/22/2009","1","No Part","3","1","1","No Part","No Part","No Part","2"
"Pick Me Up","Dinosaur Jr.","2007","Beyond","Alternative","6:35","09/15/2009","5","No Part","4","2","4","No Part","No Part","No Part","5"
"The Wagon","Dinosaur Jr.","1991","Green Mind","Alternative","4:56","09/15/2009","4","No Part","4","3","4","No Part","No Part","No Part","4"
"Hand Me Down World","The Guess Who","1970","Share the Land","Classic Rock","3:33","09/15/2009","2","No Part","4","4","2","No Part","No Part","No Part","2"
"No Time","The Guess Who","1970","American Woman","Classic Rock","3:54","09/15/2009","4","No Part","4","3","1","No Part","No Part","No Part","3"
"Tribute","Tenacious D","2001","Tenacious D","Rock","4:06","09/15/2009","5","No Part","4","5","4","No Part","No Part","No Part","6"
"This Is Thirteen","Anvil","2007","This Is Thirteen","Metal","6:07","09/15/2009","3","No Part","3","0","3","No Part","No Part","No Part","2"
"666","Anvil","1982","Anvil Rock Band Re-Record","Metal","4:40","09/15/2009","5","No Part","5","2","5","No Part","No Part","No Part","6"
"Metal on Metal","Anvil","1982","Anvil Rock Band Re-Record","Metal","4:06","09/15/2009","3","No Part","4","1","3","No Part","No Part","No Part","5"
"Rock Your Socks","Tenacious D","2001","Tenacious D","Rock","3:30","09/15/2009","4","No Part","4","1","3","No Part","No Part","No Part","4"
"Kryptonite","3 Doors Down","2000","The Better Life","Rock","4:02","09/08/2009","2","No Part","3","0","0","No Part","No Part","No Part","1"
"Less Talk More Rokk","Freezepop","2007","Future Future Future Perfect","Pop/Dance/Electronic","5:06","09/08/2009","5","No Part","4","2","3","No Part","No Part","No Part","6"
"Origin of Species","MC Frontalot","2007","Secrets from the Future","Hip-Hop/Rap","4:05","09/08/2009","4","No Part","4","2","1","No Part","No Part","No Part","3"
"Gasoline","Audioslave","2002","Audioslave","Rock","4:41","09/08/2009","3","No Part","3","1","1","No Part","No Part","No Part","3"
"Get Ready 2 Rokk","Freezepop","2000","Freezepop Forever","Pop/Dance/Electronic","2:53","09/08/2009","6","No Part","4","1","4","No Part","No Part","No Part","6"
"Miss Murder","AFI","2006","Decemberunderground","Emo","3:20","09/08/2009","3","No Part","3","2","3","No Part","No Part","No Part","3"
"Re: Your Brains","Jonathan Coulton","2006","Thing-a-Week Two","Pop-Rock","4:34","09/08/2009","0","No Part","1","2","1","No Part","No Part","No Part","0"
"Opening Band","Paul and Storm","2005","Opening Band","Pop-Rock","3:13","09/08/2009","4","No Part","4","2","1","No Part","No Part","No Part","2"
"ABC","The Jackson 5","1970","ABC","Pop-Rock","3:11","09/08/2009","0","No Part","2","6","3","No Part","No Part","No Part","2"
"Science Genius Girl","Freezepop","2000","Freezepop Forever","Pop/Dance/Electronic","3:14","09/08/2009","0","No Part","5","1","3","No Part","No Part","No Part","5"
"Going Underground","The Jam","1980","The Sound of the Jam","New Wave","2:57","09/01/2009","4","No Part","4","4","4","No Part","No Part","No Part","4"
"Take Me to the River","Talking Heads","1978","More Songs About Buildings and Food","New Wave","5:07","09/01/2009","1","No Part","0","3","1","No Part","No Part","No Part","0"
"And She Was","Talking Heads","1985","Little Creatures","New Wave","3:41","09/01/2009","2","No Part","1","2","1","No Part","No Part","No Part","1"
"Supersonic (Live)","Oasis","1994","Familiar to Millions","Rock","4:44","09/01/2009","3","No Part","3","1","1","No Part","No Part","No Part","2"
"Girlfriend Is Better","Talking Heads","1983","Speaking in Tongues","New Wave","5:55","09/01/2009","3","No Part","4","4","3","No Part","No Part","No Part","3"
"Bat Country","Avenged Sevenfold","2005","City of Evil","Metal","5:17","09/01/2009","6","No Part","5","4","4","No Part","No Part","No Part","6"
"Town Called Malice","The Jam","1982","The Gift","New Wave","3:01","09/01/2009","4","No Part","4","2","3","No Part","No Part","No Part","4"
"Once in a Lifetime","Talking Heads","1980","Remain In Light","New Wave","4:32","09/01/2009","4","No Part","4","2","0","No Part","No Part","No Part","4"
"Crosseyed and Painless","Talking Heads","1980","Remain In Light","New Wave","4:56","09/01/2009","1","No Part","1","4","1","No Part","No Part","No Part","1"
"Guerrilla Radio","Rage Against the Machine","1999","The Battle of Los Angeles","Alternative","3:30","09/01/2009","2","No Part","4","0","3","No Part","No Part","No Part","2"
"Runnin' Down a Dream","Tom Petty","1989","Full Moon Fever","Rock","4:19","08/25/2009","5","No Part","3","1","1","No Part","No Part","No Part","4"
"World Turning","Fleetwood Mac","1975","Fleetwood Mac","Classic Rock","3:54","08/25/2009","5","No Part","4","3","4","No Part","No Part","No Part","4"
"Don't Stop","Fleetwood Mac","1977","Rumours","Classic Rock","3:15","08/25/2009","1","No Part","3","4","3","No Part","No Part","No Part","1"
"I Won't Back Down","Tom Petty","1989","Full Moon Fever","Rock","2:58","08/25/2009","0","No Part","1","2","1","No Part","No Part","No Part","0"
"She's a Genius","Jet","2009","Shaka Rock","Rock","3:03","08/25/2009","3","No Part","5","2","2","No Part","No Part","No Part","5"
"Rebel Yell","Billy Idol","1983","Rebel Yell","Rock","4:53","08/25/2009","4","No Part","3","2","1","No Part","No Part","No Part","3"
"Mony Mony","Billy Idol","1981","Don't Stop","Rock","4:48","08/25/2009","0","No Part","2","2","1","No Part","No Part","No Part","0"
"No Rain","Blind Melon","1992","Blind Melon","Alternative","3:41","08/18/2009","4","No Part","4","3","3","No Part","No Part","No Part","3"
"I'm Shipping Up to Boston","Dropkick Murphys","2005","The Warrior's Code","Punk","2:36","08/18/2009","3","No Part","4","1","2","No Part","No Part","No Part","4"
"Inside Out","Eve 6","1998","Eve 6","Alternative","3:39","08/18/2009","1","3","4","2","2","1","No Part","No Part","2"
"There's No Other Way","Blur","1991","Leisure","Alternative","3:28","08/18/2009","4","No Part","4","2","2","No Part","No Part","No Part","3"
"I Predict a Riot","Kaiser Chiefs","2005","Employment","Indie Rock","3:58","08/18/2009","1","No Part","4","2","2","No Part","No Part","No Part","1"
"Lonely As You","Foo Fighters","2002","One by One","Alternative","4:43","08/18/2009","2","No Part","4","2","2","No Part","No Part","No Part","3"
"I'll Stick Around","Foo Fighters","1995","Foo Fighters","Alternative","3:56","08/18/2009","3","No Part","4","2","1","No Part","No Part","No Part","3"
"All My Life","Foo Fighters","2002","One by One","Alternative","4:28","08/18/2009","2","No Part","4","2","2","No Part","No Part","No Part","3"
"Magic Bus (Live at Leeds)","The Who","1970","Live at Leeds","Classic Rock","7:31","08/11/2009","5","No Part","5","5","5","No Part","No Part","No Part","6"
"Piece of My Heart","Janis Joplin","1968","Janis Joplin's Greatest Hits","Classic Rock","4:30","08/11/2009","2","No Part","4","4","3","No Part","No Part","No Part","4"
"Feel Good Inc.","Gorillaz","2005","Demon Days","Hip-Hop/Rap","3:42","08/11/2009","2","No Part","3","1","1","No Part","No Part","No Part","1"
"Clint Eastwood","Gorillaz","2001","Gorillaz","Hip-Hop/Rap","6:05","08/11/2009","5","No Part","2","2","1","No Part","No Part","No Part","1"
"White Rabbit","Jefferson Airplane","1967","Surrealistic Pillow","Classic Rock","2:36","08/11/2009","0","No Part","4","2","2","No Part","No Part","No Part","1"
"Re-Hash","Gorillaz","2001","Gorillaz","Hip-Hop/Rap","3:44","08/11/2009","2","No Part","4","3","2","No Part","No Part","No Part","1"
"Chest Fever (Live)","The Band","1972","Rock of Ages","Classic Rock","4:57","08/11/2009","4","No Part","4","4","3","No Part","No Part","No Part","4"
"(Listen to the) Flower People (Reggae Stylee)","Spinal Tap","2009","Back From The Dead","Metal","3:17","08/04/2009","0","No Part","4","3","1","No Part","No Part","No Part","1"
"(Funky) Sex Farm","Spinal Tap","2009","Back From The Dead","Metal","4:20","08/04/2009","3","No Part","3","3","2","No Part","No Part","No Part","2"
"Big Bottom","Spinal Tap","2009","Back From The Dead","Metal","3:39","08/04/2009","1","No Part","3","3","1","No Part","No Part","No Part","1"
"Cups and Cakes","Spinal Tap","2009","Back From The Dead","Metal","1:39","08/04/2009","0","No Part","0","1","0","No Part","No Part","No Part","0"
"Heavy Duty","Spinal Tap","2009","Back From The Dead","Metal","4:59","08/04/2009","4","No Part","3","2","1","No Part","No Part","No Part","3"
"America","Spinal Tap","2009","Back From The Dead","Metal","3:42","08/04/2009","3","No Part","4","3","2","No Part","No Part","No Part","4"
"Stonehenge","Spinal Tap","2009","Back From The Dead","Metal","4:31","08/04/2009","4","No Part","4","3","1","No Part","No Part","No Part","3"
"Tonight I'm Gonna Rock You Tonight","Spinal Tap","2009","Back From The Dead","Metal","2:45","08/04/2009","4","No Part","4","3","2","No Part","No Part","No Part","3"
"Hell Hole","Spinal Tap","2009","Back From The Dead","Metal","3:31","08/04/2009","4","No Part","3","2","1","No Part","No Part","No Part","2"
"Gimme Some Money","Spinal Tap","2009","Back From The Dead","Metal","2:35","08/04/2009","2","No Part","3","1","1","No Part","No Part","No Part","1"
"Rock 'n' Roll Creation","Spinal Tap","2009","Back From The Dead","Metal","4:51","08/04/2009","3","No Part","4","3","2","No Part","No Part","No Part","3"
"100,000 Years (Live)","KISS","1975","Dressed To Kill Tour","Classic Rock","5:45","07/28/2009","5","No Part","5","3","4","No Part","No Part","No Part","6"
"My Name Is Jonas","Weezer","1994","Weezer (The Blue Album)","Alternative","3:26","07/28/2009","4","No Part","3","2","1","No Part","No Part","No Part","4"
"Pork and Beans","Weezer","2008","Weezer (The Red Album)","Alternative","3:10","07/28/2009","0","No Part","1","1","1","No Part","No Part","No Part","0"
"The Rock Show","Blink-182","2001","Take Off Your Pants and Jacket","Punk","2:56","07/28/2009","3","No Part","5","2","3","No Part","No Part","No Part","5"
"Down","Blink-182","2003","Blink-182","Punk","3:11","07/28/2009","1","No Part","4","1","1","No Part","No Part","No Part","2"
"Out Here All Night","Damone","2006","Out Here All Night","Rock","3:25","07/28/2009","4","No Part","5","2","3","No Part","No Part","No Part","5"
"Undone - The Sweater Song","Weezer","1994","Weezer (The Blue Album)","Alternative","5:11","07/28/2009","1","No Part","4","2","1","No Part","No Part","No Part","1"
"Parasite (Live)","KISS","1975","Dressed To Kill Tour","Classic Rock","3:32","07/28/2009","5","No Part","5","3","4","No Part","No Part","No Part","6"
"Deuce (Live)","KISS","1975","Dressed To Kill Tour","Classic Rock","3:41","07/28/2009","5","No Part","5","3","3","No Part","No Part","No Part","6"
"Feeling This","Blink-182","2003","Blink-182","Punk","2:57","07/28/2009","1","No Part","4","2","3","No Part","No Part","No Part","2"
"Molly's Chambers","Kings Of Leon","2003","Youth and Young Manhood","Rock","2:20","07/21/2009","4","No Part","4","4","2","No Part","No Part","No Part","3"
"Sex on Fire","Kings Of Leon","2008","Only by the Night","Rock","3:30","07/21/2009","3","No Part","3","2","1","No Part","No Part","No Part","1"
"Last One to Die","Rancid","2009","Let the Dominoes Fall","Punk","2:26","07/21/2009","1","No Part","3","1","1","No Part","No Part","No Part","0"
"Re-Education (Through Labor)","Rise Against","2008","Appeal to Reason","Punk","3:44","07/21/2009","3","No Part","3","2","2","No Part","No Part","No Part","2"
"Savior","Rise Against","2008","Appeal to Reason","Punk","4:05","07/21/2009","3","No Part","4","3","3","No Part","No Part","No Part","4"
"Prayer of the Refugee","Rise Against","2006","The Sufferer & the Witness","Punk","3:26","07/21/2009","3","No Part","4","2","3","No Part","No Part","No Part","3"
"Time Bomb","Rancid","1995","...And Out Come the Wolves","Punk","2:31","07/21/2009","4","No Part","3","0","3","No Part","No Part","No Part","3"
"Crawl","Kings Of Leon","2008","Only by the Night","Rock","4:13","07/21/2009","4","No Part","3","3","3","No Part","No Part","No Part","4"
"Ruby Soho","Rancid","1995","...And Out Come the Wolves","Punk","2:41","07/21/2009","3","No Part","3","1","2","No Part","No Part","No Part","3"
"Sweetness and Light","Lush","1990","Gala","Alternative","5:18","07/21/2009","1","No Part","3","0","1","No Part","No Part","No Part","1"
"Dissident Aggressor (Live)","Judas Priest","2009","A Touch of Evil - Live","Metal","3:01","07/14/2009","4","No Part","5","2","4","No Part","No Part","No Part","5"
"Eat Me Alive (Live)","Judas Priest","2009","A Touch of Evil - Live","Metal","4:05","07/14/2009","6","No Part","4","1","3","No Part","No Part","No Part","5"
"Prophecy (Live)","Judas Priest","2009","A Touch of Evil - Live","Metal","5:55","07/14/2009","5","No Part","3","1","2","No Part","No Part","No Part","4"
"All Going Out Together","Big Dipper","1987","Supercluster: The Big Dipper Anthology","Indie Rock","3:02","07/14/2009","2","No Part","3","2","1","No Part","No Part","No Part","1"
"Younger Bums","Big Dipper","1987","Supercluster: The Big Dipper Anthology","Indie Rock","3:01","07/14/2009","2","No Part","2","2","2","No Part","No Part","No Part","1"
"She's Fetching","Big Dipper","1987","Supercluster: The Big Dipper Anthology","Indie Rock","2:52","07/14/2009","2","No Part","2","2","1","No Part","No Part","No Part","1"
"No Hassle Night","The Dead Weather","2009","Horehound","Alternative","2:53","07/14/2009","0","No Part","6","2","1","No Part","No Part","No Part","4"
"Hang You from the Heavens","The Dead Weather","2009","Horehound","Alternative","3:38","07/14/2009","0","No Part","4","2","1","No Part","No Part","No Part","2"
"Treat Me Like Your Mother","The Dead Weather","2009","Horehound","Alternative","4:17","07/14/2009","3","No Part","4","3","3","No Part","No Part","No Part","3"
"What a Horrible Night to Have a Curse","The Black Dahlia Murder","2007","Nocturnal","Metal","3:52","07/07/2009","6","No Part","6","0","6","No Part","No Part","No Part","6"
"Disposable Teens","Marilyn Manson","2000","Holy Wood (In the Shadow of the Valley of Death)","Metal","3:06","07/07/2009","1","No Part","3","2","2","No Part","No Part","No Part","1"
"Embedded","Job For A Cowboy","2007","Genesis","Metal","3:42","07/07/2009","6","No Part","6","0","5","No Part","No Part","No Part","6"
"This Is Exile","Whitechapel","2008","This Is Exile","Metal","3:49","07/07/2009","5","No Part","6","0","5","No Part","No Part","No Part","6"
"Empire of the Gun","God Forbid","2009","Earthsblood","Metal","4:46","07/07/2009","6","No Part","6","1","4","No Part","No Part","No Part","6"
"Hammer Smashed Face","Cannibal Corpse","1992","Tomb of The Mutilated","Metal","4:07","07/07/2009","6","No Part","6","0","6","No Part","No Part","No Part","6"
"Black Magic","Slayer","1983","Show No Mercy","Metal","4:04","07/07/2009","6","No Part","5","2","6","No Part","No Part","No Part","6"
"21 Guns","Green Day","2009","21st Century Breakdown","Rock","5:27","07/07/2009","0","No Part","1","0","1","No Part","No Part","No Part","0"
"Know Your Enemy","Green Day","2009","21st Century Breakdown","Rock","3:15","07/07/2009","1","No Part","3","1","1","No Part","No Part","No Part","1"
"Conquer All","Behemoth","2004","Demigod","Metal","3:36","07/07/2009","5","No Part","6","0","5","No Part","No Part","No Part","6"
"East Jesus Nowhere","Green Day","2009","21st Century Breakdown","Rock","4:30","07/07/2009","4","No Part","3","2","1","No Part","No Part","No Part","1"
"Sweet Talk","Dear and the Headlights","2007","Small Steps, Heavy Hooves","Indie Rock","3:04","06/30/2009","3","No Part","3","3","2","No Part","No Part","No Part","2"
"Feels Like the First Time","Foreigner","1977","Foreigner","Classic Rock","3:27","06/30/2009","5","No Part","3","3","2","No Part","No Part","No Part","2"
"Headknocker","Foreigner","1977","Foreigner","Classic Rock","3:25","06/30/2009","1","No Part","3","3","1","No Part","No Part","No Part","1"
"Blue Morning, Blue Day","Foreigner","1978","Double Vision","Classic Rock","3:12","06/30/2009","2","No Part","3","3","2","No Part","No Part","No Part","2"
"Image of the Invisible","Thrice","2005","Vheissu","Rock","4:06","06/30/2009","4","No Part","5","2","4","No Part","No Part","No Part","5"
"Weapon of Choice","Black Rebel Motorcycle Club","2007","Baby 81","Alternative","2:54","06/30/2009","4","No Part","3","2","3","No Part","No Part","No Part","3"
"Hey John, What's Your Name Again?","The Devil Wears Prada","2007","Plagues","Metal","3:37","06/30/2009","4","No Part","4","1","3","No Part","No Part","No Part","5"
"Reinventing Your Exit","Underoath","2004","They're Only Chasing Safety","Emo","4:25","06/23/2009","2","No Part","3","2","2","No Part","No Part","No Part","1"
"Little of Your Time","Maroon 5","2007","It Won't Be Soon Before Long","Pop-Rock","2:20","06/23/2009","1","No Part","1","3","1","No Part","No Part","No Part","0"
"Makes Me Wonder","Maroon 5","2007","It Won't Be Soon Before Long","Pop-Rock","3:34","06/23/2009","1","No Part","2","3","1","No Part","No Part","No Part","0"
"I Didn't Say I Was Powerful, I Said I Was a Wizard","Chiodos","2007","Bone Palace Ballet","Emo","4:14","06/23/2009","3","No Part","3","3","2","No Part","No Part","No Part","2"
"The Downfall of Us All","A Day to Remember","2009","Homesick","Punk","3:34","06/23/2009","2","No Part","3","2","3","No Part","No Part","No Part","2"
"The Flood","Escape the Fate","2008","This War Is Ours","Emo","3:34","06/23/2009","4","No Part","4","2","3","No Part","No Part","No Part","4"
"Wake Up Call","Maroon 5","2007","It Won't Be Soon Before Long","Pop-Rock","3:07","06/23/2009","0","No Part","3","3","1","No Part","No Part","No Part","1"
"21st Century (Digital Boy)","Bad Religion","1990","Against the Grain","Punk","2:56","06/23/2009","2","No Part","3","2","2","No Part","No Part","No Part","2"
"Back From The Dead","Spinal Tap","2009","Back From The Dead","Metal","4:01","06/16/2009","5","No Part","3","2","2","No Part","No Part","No Part","3"
"Call Me When You're Sober","Evanescence","2006","The Open Door","Nu-Metal","3:37","06/16/2009","2","No Part","3","2","2","No Part","No Part","No Part","1"
"Saucy Jack","Spinal Tap","2009","Spinal Tap: Rock Band Edition","Metal","1:43","06/16/2009","2","No Part","3","3","0","No Part","No Part","No Part","2"
"Warmer Than Hell","Spinal Tap","2009","Back From The Dead","Metal","3:49","06/16/2009","2","No Part","4","3","3","No Part","No Part","No Part","2"
"Bring Me to Life","Evanescence","2003","Fallen","Nu-Metal","3:58","06/16/2009","2","No Part","3","2","3","No Part","No Part","No Part","2"
"Rock 'n' Roll Nightmare","Spinal Tap","2009","Back From The Dead","Metal","3:18","06/16/2009","2","No Part","3","2","1","No Part","No Part","No Part","1"
"Weight of the World","Evanescence","2006","The Open Door","Nu-Metal","3:38","06/16/2009","3","No Part","4","2","3","No Part","No Part","No Part","3"
"2 Minutes to Midnight","Iron Maiden","1984","Powerslave","Metal","6:11","06/09/2009","5","No Part","5","4","4","No Part","No Part","No Part","6"
"Fear of the Dark (Live)","Iron Maiden","2008","Flight 666: Rock Band Edition","Metal","7:28","06/09/2009","6","No Part","5","4","5","No Part","No Part","No Part","6"
"The Clairvoyant","Iron Maiden","1988","Seventh Son of a Seventh Son","Metal","4:31","06/09/2009","5","No Part","5","3","4","No Part","No Part","No Part","6"
"Can I Play with Madness","Iron Maiden","1988","Seventh Son of a Seventh Son","Metal","3:34","06/09/2009","5","No Part","4","4","4","No Part","No Part","No Part","6"
"Run to the Hills (Original Version)","Iron Maiden","1982","The Number of the Beast","Metal","3:54","06/09/2009","6","No Part","6","4","6","No Part","No Part","No Part","6"
"The Number of the Beast (Original Version)","Iron Maiden","1982","The Number of the Beast","Metal","4:50","06/09/2009","6","No Part","5","4","5","No Part","No Part","No Part","6"
"Wasted Years","Iron Maiden","1986","Somewhere in Time","Metal","5:11","06/09/2009","6","No Part","4","2","4","No Part","No Part","No Part","6"
"The Trooper","Iron Maiden","1983","Piece of Mind","Metal","4:16","06/09/2009","6","No Part","5","3","5","No Part","No Part","No Part","6"
"Aces High (Live)","Iron Maiden","2008","Flight 666: Rock Band Edition","Metal","5:08","06/09/2009","5","No Part","4","3","4","No Part","No Part","No Part","6"
"Powerslave","Iron Maiden","1984","Powerslave","Metal","6:52","06/09/2009","5","No Part","5","4","4","No Part","No Part","No Part","6"
"Hallowed Be Thy Name (Live)","Iron Maiden","2008","Flight 666: Rock Band Edition","Metal","7:49","06/09/2009","6","No Part","5","4","4","No Part","No Part","No Part","6"
"Iron Maiden (Live)","Iron Maiden","2008","Flight 666: Rock Band Edition","Metal","5:23","06/09/2009","5","No Part","5","4","4","No Part","No Part","No Part","6"
"Shimmer & Shine","Ben Harper and Relentless7","2009","White Lies For Dark Times","Alternative","3:08","06/02/2009","3","No Part","4","4","3","No Part","No Part","No Part","3"
"Wolf Like Me","TV on the Radio","2006","Return to Cookie Mountain","Indie Rock","4:44","06/02/2009","2","No Part","4","3","2","No Part","No Part","No Part","3"
"A Favor House Atlantic","Coheed and Cambria","2004","In Keeping Secrets of Silent Earth: 3","Prog","3:38","06/02/2009","3","No Part","4","1","2","No Part","No Part","No Part","2"
"The Running Free","Coheed and Cambria","2007","Good Apollo, I'm Burning Star IV, Volume Two: No World for Tomorrow","Prog","4:07","06/02/2009","3","No Part","4","3","2","No Part","No Part","No Part","3"
"Steady at the Wheel","Shooter Jennings","2005","Put the O Back in Country","Country","3:02","06/02/2009","3","No Part","3","3","2","No Part","No Part","No Part","1"
"Wilson (Live)","Phish","1995","A Live One","Rock","4:05","06/02/2009","4","No Part","5","2","3","No Part","No Part","No Part","5"
"She's Not There","The Zombies","1965","The Zombies","Classic Rock","2:27","05/26/2009","2","No Part","3","2","1","No Part","No Part","No Part","1"
"Tell Her No","The Zombies","1965","The Zombies","Classic Rock","2:10","05/26/2009","2","No Part","3","2","1","No Part","No Part","No Part","1"
"LiesLiesLies","Ministry","2006","Rio Grande Blood","Metal","5:18","05/26/2009","5","No Part","5","1","5","No Part","No Part","No Part","6"
"Cuz U R Next","Ministry","2008","The Wicked Soundtrack","Metal","3:16","05/26/2009","6","No Part","5","1","5","No Part","No Part","No Part","6"
"Linger","The Cranberries","1993","Everybody Else Is Doing It, So Why Can't We?","Alternative","4:37","05/26/2009","1","No Part","3","1","0","No Part","No Part","No Part","1"
"The Great Satan","Ministry","2006","Rio Grande Blood","Metal","3:13","05/26/2009","6","No Part","5","1","4","No Part","No Part","No Part","6"
"I'm Eighteen (Live)","Alice Cooper","1995","Classicks","Rock","4:30","05/19/2009","4","No Part","3","3","2","No Part","No Part","No Part","3"
"Under My Wheels (Live)","Alice Cooper","1995","Classicks","Rock","3:36","05/19/2009","6","No Part","5","3","2","No Part","No Part","No Part","5"
"School's Out (Live)","Alice Cooper","1995","Classicks","Rock","3:38","05/19/2009","6","No Part","4","2","2","No Part","No Part","No Part","4"
"Poison","Alice Cooper","1989","Trash","Rock","4:44","05/19/2009","4","No Part","1","1","2","No Part","No Part","No Part","2"
"Vengeance Is Mine","Alice Cooper","2008","Along Came a Spider","Rock","4:32","05/19/2009","6","No Part","3","1","2","No Part","No Part","No Part","5"
"MakeDamnSure","Taking Back Sunday","2006","Louder Now","Emo","3:30","05/19/2009","2","No Part","3","2","1","No Part","No Part","No Part","1"
"What's It Feel Like to Be a Ghost?","Taking Back Sunday","2006","Louder Now","Emo","3:48","05/19/2009","3","No Part","3","2","1","No Part","No Part","No Part","1"
"Liar (It Takes One to Know One)","Taking Back Sunday","2006","Louder Now","Emo","3:13","05/19/2009","3","No Part","4","2","2","No Part","No Part","No Part","2"
"Billion Dollar Babies (Live)","Alice Cooper","1995","Classicks","Rock","3:38","05/19/2009","5","No Part","5","4","3","No Part","No Part","No Part","6"
"Kids Don't Follow","The Replacements","1982","Stink","Punk","2:31","05/19/2009","5","No Part","5","3","3","No Part","No Part","No Part","5"
"My Old School","Steely Dan","1973","Countdown to Ecstasy","Classic Rock","5:47","05/12/2009","6","No Part","4","1","3","No Part","No Part","No Part","5"
"Black Friday","Steely Dan","1975","Katy Lied","Classic Rock","3:43","05/12/2009","4","No Part","4","2","3","No Part","No Part","No Part","3"
"Bad Luck","Social Distortion","1992","Greatest Hits","Punk","4:28","05/12/2009","1","No Part","1","0","0","No Part","No Part","No Part","0"
"Radio Radio","Elvis Costello","1978","This Year's Model","Rock","3:08","05/12/2009","2","No Part","4","2","2","No Part","No Part","No Part","2"
"Story of My Life","Social Distortion","1990","Greatest Hits","Punk","5:50","05/12/2009","2","No Part","2","0","1","No Part","No Part","No Part","1"
"Stupify","Disturbed","2000","The Sickness","Nu-Metal","4:11","05/12/2009","3","No Part","4","3","2","No Part","No Part","No Part","3"
"Ring of Fire","Social Distortion","1990","Greatest Hits","Punk","3:54","05/12/2009","2","No Part","4","0","0","No Part","No Part","No Part","1"
"Stricken","Disturbed","2005","Ten Thousand Fists","Nu-Metal","4:09","05/12/2009","5","No Part","4","3","3","No Part","No Part","No Part","4"
"Idealistic Types","Prong","2007","Power of the Damager","Metal","3:29","05/05/2009","6","No Part","4","1","5","No Part","No Part","No Part","6"
"Lucid Dreams","Franz Ferdinand","2009","Tonight: Franz Ferdinand","Alternative","3:37","05/05/2009","3","No Part","4","4","3","No Part","No Part","No Part","4"
"Drain the Blood","The Distillers","2003","Coral Fang","Punk","3:12","05/05/2009","2","No Part","3","3","1","No Part","No Part","No Part","1"
"Take Me Out","Franz Ferdinand","2004","Franz Ferdinand","Alternative","3:59","05/05/2009","3","No Part","4","1","0","No Part","No Part","No Part","1"
"Naked Eye","Luscious Jackson","1996","Fever In Fever Out","Alternative","4:36","05/05/2009","0","No Part","4","1","0","No Part","No Part","No Part","1"
"The Banishment","Prong","2007","Power of the Damager","Metal","6:01","05/05/2009","5","No Part","4","1","4","No Part","No Part","No Part","5"
"Smooth Criminal","Alien Ant Farm","2001","ANThology","Rock","3:31","05/05/2009","4","No Part","5","4","2","No Part","No Part","No Part","5"
"Blue Sky","The Allman Brothers Band","1972","Eat a Peach","Southern Rock","5:19","05/05/2009","5","No Part","5","1","3","No Part","No Part","No Part","5"
"Midnight Rider","The Allman Brothers Band","1970","Idlewild South","Southern Rock","3:08","05/05/2009","2","No Part","3","2","1","No Part","No Part","No Part","1"
"Do You Want To","Franz Ferdinand","2005","You Could Have It So Much Better","Alternative","3:37","05/05/2009","2","No Part","4","1","1","No Part","No Part","No Part","2"
"Ted, Just Admit It...","Jane's Addiction","1988","Nothing's Shocking","Alternative","7:29","04/28/2009","4","No Part","6","3","1","No Part","No Part","No Part","5"
"Had a Dad","Jane's Addiction","1988","Nothing's Shocking","Alternative","3:51","04/28/2009","5","No Part","4","2","3","No Part","No Part","No Part","5"
"Summertime Rolls","Jane's Addiction","1988","Nothing's Shocking","Alternative","6:25","04/28/2009","2","No Part","2","1","1","No Part","No Part","No Part","0"
"Up the Beach","Jane's Addiction","1988","Nothing's Shocking","Alternative","3:04","04/28/2009","2","No Part","3","2","1","No Part","No Part","No Part","1"
"Ocean Size","Jane's Addiction","1988","Nothing's Shocking","Alternative","4:23","04/28/2009","5","No Part","3","2","1","No Part","No Part","No Part","3"
"Idiots Rule","Jane's Addiction","1988","Nothing's Shocking","Alternative","3:00","04/28/2009","4","No Part","4","2","3","No Part","No Part","No Part","4"
"Jane Says","Jane's Addiction","1988","Nothing's Shocking","Alternative","4:54","04/28/2009","2","1","0","2","0","0","No Part","No Part","0"
"Standing in the Shower... Thinking","Jane's Addiction","1988","Nothing's Shocking","Alternative","3:08","04/28/2009","5","No Part","4","3","4","No Part","No Part","No Part","5"
"Pig's in Zen","Jane's Addiction","1988","Nothing's Shocking","Alternative","4:36","04/28/2009","3","No Part","4","3","3","No Part","No Part","No Part","3"
"Thank You Boys","Jane's Addiction","1988","Nothing's Shocking","Alternative","1:03","04/28/2009","1","No Part","3","0","1","No Part","No Part","No Part","1"
"Take It on the Run","REO Speedwagon","1988","The Hits","Classic Rock","4:05","04/21/2009","3","No Part","2","3","2","No Part","No Part","No Part","3"
"Stop Start Again","Hautewerk","2006","Stop Start Again","Indie Rock","4:15","04/21/2009","2","No Part","3","1","0","No Part","No Part","No Part","1"
"Blue Collar Man (Long Nights)","Styx","1978","Styx Rock Band re-record","Classic Rock","4:10","04/21/2009","4","No Part","4","4","2","No Part","No Part","No Part","5"
"Too Much Time on My Hands","Styx","1981","Styx Rock Band re-record","Classic Rock","4:31","04/21/2009","3","No Part","4","4","2","No Part","No Part","No Part","2"
"Alone in My Head","Hautewerk","2006","Stop Start Again","Indie Rock","4:00","04/21/2009","2","No Part","0","0","1","No Part","No Part","No Part","0"
"I Know Where You Came From","Hautewerk","2006","Stop Start Again","Indie Rock","3:11","04/21/2009","2","No Part","1","0","0","No Part","No Part","No Part","0"
"Roll with the Changes","REO Speedwagon","1978","The Hits","Classic Rock","5:37","04/21/2009","4","No Part","3","3","3","No Part","No Part","No Part","3"
"Ridin' the Storm Out","REO Speedwagon","1973","The Hits","Classic Rock","4:24","04/21/2009","5","No Part","4","2","2","No Part","No Part","No Part","3"
"Can't Stop Rockin'","Styx/REO Speedwagon","2009","","Classic Rock","4:30","04/21/2009","5","No Part","3","4","2","No Part","No Part","No Part","4"
"Renegade","Styx","1978","Styx Rock Band re-record","Classic Rock","4:20","04/21/2009","5","No Part","4","4","2","No Part","No Part","No Part","5"
"Street of Dreams","Guns N' Roses","2008","Chinese Democracy","Rock","4:48","04/14/2009","4","No Part","3","5","2","No Part","No Part","No Part","4"
"There Was a Time","Guns N' Roses","2008","Chinese Democracy","Rock","6:40","04/14/2009","6","No Part","4","4","3","No Part","No Part","No Part","6"
"Scraped","Guns N' Roses","2008","Chinese Democracy","Rock","3:35","04/14/2009","5","No Part","3","2","3","No Part","No Part","No Part","6"
"Chinese Democracy","Guns N' Roses","2008","Chinese Democracy","Rock","4:42","04/14/2009","5","No Part","3","3","1","No Part","No Part","No Part","6"
"Better","Guns N' Roses","2008","Chinese Democracy","Rock","5:03","04/14/2009","4","No Part","3","5","1","No Part","No Part","No Part","5"
"If the World","Guns N' Roses","2008","Chinese Democracy","Rock","4:56","04/14/2009","4","No Part","4","2","2","No Part","No Part","No Part","2"
"Sorry","Guns N' Roses","2008","Chinese Democracy","Rock","6:13","04/14/2009","4","No Part","4","1","1","No Part","No Part","No Part","1"
"Prostitute","Guns N' Roses","2008","Chinese Democracy","Rock","6:18","04/14/2009","5","No Part","4","1","1","No Part","No Part","No Part","6"
"This I Love","Guns N' Roses","2008","Chinese Democracy","Rock","5:24","04/14/2009","3","No Part","0","1","0","No Part","No Part","No Part","0"
"Madagascar","Guns N' Roses","2008","Chinese Democracy","Rock","5:39","04/14/2009","4","No Part","4","1","1","No Part","No Part","No Part","2"
"Riad N' the Bedouins","Guns N' Roses","2008","Chinese Democracy","Rock","3:43","04/14/2009","5","No Part","4","5","4","No Part","No Part","No Part","6"
"Catcher in the Rye","Guns N' Roses","2008","Chinese Democracy","Rock","5:53","04/14/2009","4","No Part","4","3","3","No Part","No Part","No Part","5"
"I.R.S.","Guns N' Roses","2008","Chinese Democracy","Rock","4:31","04/14/2009","5","No Part","3","3","1","No Part","No Part","No Part","6"
"New Slang","The Shins","2001","Oh, Inverted World","Indie Rock","3:53","04/07/2009","2","No Part","0","2","0","No Part","No Part","No Part","0"
"She's a Hottie","Toby Keith","2008","35 Biggest Hits","Country","3:10","04/07/2009","3","No Part","3","1","1","No Part","No Part","No Part","1"
"Beer for My Horses","Toby Keith","2002","Unleashed","Country","3:33","04/07/2009","3","No Part","3","1","1","No Part","No Part","No Part","1"
"Waking the Demon","Bullet For My Valentine","2008","Scream Aim Fire","Metal","4:13","04/07/2009","6","No Part","5","1","4","No Part","No Part","No Part","6"
"Warriors of Time","Black Tide","2008","Light from Above","Metal","4:57","04/07/2009","6","No Part","5","1","4","No Part","No Part","No Part","6"
"Should've Been a Cowboy","Toby Keith","1993","Toby Keith","Country","3:32","04/07/2009","2","No Part","3","1","1","No Part","No Part","No Part","1"
"Who's Your Daddy?","Toby Keith","2002","Unleashed","Country","4:16","04/07/2009","3","No Part","3","1","1","No Part","No Part","No Part","1"
"I Love This Bar","Toby Keith","2003","Shock'n Y'All","Country","5:44","04/07/2009","2","No Part","2","1","0","No Part","No Part","No Part","0"
"How Do You Like Me Now?!","Toby Keith","1999","How Do You Like Me Now?!","Country","3:36","04/07/2009","3","No Part","3","1","1","No Part","No Part","No Part","1"
"Don't Stop Believing","Journey","1981","Escape","Classic Rock","4:17","03/31/2009","3","No Part","3","2","1","No Part","No Part","No Part","2"
"The Best Day Ever","SpongeBob SquarePants","2009","SpongeBob's Greatest Hits","Novelty","2:52","03/31/2009","2","No Part","2","1","1","No Part","No Part","No Part","0"
"Where's Gary?","SpongeBob SquarePants","2009","SpongeBob's Greatest Hits","Novelty","3:16","03/31/2009","3","No Part","4","1","1","No Part","No Part","No Part","1"
"Heartbreaker","Pat Benatar","1979","In the Heat of the Night","Classic Rock","3:36","03/31/2009","4","No Part","4","2","2","No Part","No Part","No Part","4"
"Geraldine","Glasvegas","2008","Glasvegas","Alternative","3:42","03/31/2009","0","No Part","1","0","0","No Part","No Part","No Part","0"
"I Can't Keep My Eyes Off of You","SpongeBob SquarePants","2009","SpongeBob's Greatest Hits","Novelty","2:15","03/31/2009","3","No Part","3","2","1","No Part","No Part","No Part","2"
"C'mon C'mon","The Von Bondies","2004","Pawn Shoppe Heart","Alternative","2:21","03/31/2009","3","No Part","4","1","1","No Part","No Part","No Part","2"
"Alive (Live: Drop in the Park)","Pearl Jam","2009","Ten (Reissue)","Grunge","5:14","03/26/2009","5","No Part","4","3","3","No Part","No Part","No Part","6"
"State of Love and Trust (Live: Drop in the Park)","Pearl Jam","2009","Ten (Reissue)","Grunge","3:37","03/26/2009","5","No Part","4","3","3","No Part","No Part","No Part","6"
"Brother","Pearl Jam","2009","Ten (Reissue)","Grunge","4:14","03/26/2009","4","No Part","4","3","2","No Part","No Part","No Part","3"
"Porch","Pearl Jam","1991","Ten","Grunge","3:38","03/24/2009","4","No Part","4","3","4","No Part","No Part","No Part","5"
"Why Go","Pearl Jam","1991","Ten","Grunge","3:26","03/24/2009","5","No Part","4","3","4","No Part","No Part","No Part","5"
"Release","Pearl Jam","1991","Ten","Grunge","5:17","03/24/2009","2","No Part","2","1","0","No Part","No Part","No Part","1"
"Deep","Pearl Jam","1991","Ten","Grunge","4:26","03/24/2009","4","No Part","4","3","2","No Part","No Part","No Part","3"
"Garden","Pearl Jam","1991","Ten","Grunge","5:17","03/24/2009","5","No Part","3","3","2","No Part","No Part","No Part","4"
"Once","Pearl Jam","1991","Ten","Grunge","3:18","03/24/2009","4","No Part","4","3","2","No Part","No Part","No Part","4"
"Master/Slave","Pearl Jam","1991","Ten","Grunge","4:00","03/24/2009","0","No Part","0","No Part","0","No Part","No Part","No Part","0"
"Black","Pearl Jam","1991","Ten","Grunge","6:04","03/24/2009","3","No Part","3","3","2","No Part","No Part","No Part","2"
"Jeremy","Pearl Jam","1991","Ten","Grunge","5:20","03/24/2009","3","No Part","4","3","3","No Part","No Part","No Part","3"
"Even Flow","Pearl Jam","1991","Ten","Grunge","5:00","03/24/2009","4","4","4","3","3","3","No Part","No Part","4"
"Oceans","Pearl Jam","1991","Ten","Grunge","2:48","03/24/2009","1","No Part","0","2","1","No Part","No Part","No Part","0"
"Thrash Unreal","Against Me!","2007","New Wave","Punk","4:15","03/17/2009","1","No Part","3","2","2","No Part","No Part","No Part","1"
"Last Resort","Papa Roach","2000","Infest","Nu-Metal","3:25","03/17/2009","5","No Part","3","1","1","No Part","No Part","No Part","3"
"Lifeline","Papa Roach","2009","Metamorphosis","Nu-Metal","3:57","03/17/2009","4","No Part","3","1","1","No Part","No Part","No Part","1"
"Use It","The New Pornographers","2005","Twin Cinema","Indie Rock","3:29","03/17/2009","1","No Part","4","3","2","No Part","No Part","No Part","4"
"All the Things That Go to Make Heaven and Earth","The New Pornographers","2007","Challengers","Indie Rock","3:12","03/17/2009","2","No Part","4","2","3","No Part","No Part","No Part","2"
"Pick Up the Pieces","Average White Band","1974","AWB","R&B/Soul/Funk","4:05","03/17/2009","1","No Part","4","1","0","No Part","No Part","No Part","0"
"Get Up (I Feel Like Being a) Sex Machine - Pt 1","James Brown","1970","20 All-Time Greatest Hits","R&B/Soul/Funk","5:20","03/17/2009","0","No Part","4","5","3","No Part","No Part","No Part","5"
"Shining Star","Earth, Wind & Fire","1975","That's the Way of the World","R&B/Soul/Funk","2:59","03/17/2009","4","No Part","4","4","3","No Part","No Part","No Part","3"
"The Way That It Shows","Richard Thompson","1994","Mirror Blue","Rock","6:25","03/10/2009","3","No Part","3","2","2","No Part","No Part","No Part","1"
"Losing My Religion","R.E.M.","1991","Out of Time","Alternative","4:32","03/10/2009","0","No Part","2","1","1","No Part","No Part","No Part","0"
"All I Want","The Offspring","1997","Ixnay on the Hombre","Punk","1:56","03/10/2009","4","No Part","5","2","3","No Part","No Part","No Part","6"
"The Kids Aren't Alright","The Offspring","1998","Americana","Punk","3:07","03/10/2009","3","No Part","4","1","2","No Part","No Part","No Part","5"
"Texas Flood","Stevie Ray Vaughan and Double Trouble","1983","Texas Flood","Blues","5:27","03/03/2009","5","No Part","2","3","2","No Part","No Part","No Part","4"
"Tell Me","Stevie Ray Vaughan and Double Trouble","1983","Texas Flood","Blues","2:52","03/03/2009","4","No Part","4","4","3","No Part","No Part","No Part","5"
"Lenny","Stevie Ray Vaughan and Double Trouble","1983","Texas Flood","Blues","5:03","03/03/2009","5","No Part","0","No Part","2","No Part","No Part","No Part","3"
"Mary Had a Little Lamb","Stevie Ray Vaughan and Double Trouble","1983","Texas Flood","Blues","2:52","03/03/2009","4","No Part","2","3","3","No Part","No Part","No Part","4"
"Dirty Pool","Stevie Ray Vaughan and Double Trouble","1983","Texas Flood","Blues","5:04","03/03/2009","5","No Part","1","4","2","No Part","No Part","No Part","5"
"Rude Mood","Stevie Ray Vaughan and Double Trouble","1983","Texas Flood","Blues","4:44","03/03/2009","6","No Part","5","No Part","6","No Part","No Part","No Part","6"
"Love Struck Baby","Stevie Ray Vaughan and Double Trouble","1983","Texas Flood","Blues","2:24","03/03/2009","4","No Part","4","2","4","No Part","No Part","No Part","5"
"Pride and Joy","Stevie Ray Vaughan and Double Trouble","1983","Texas Flood","Blues","3:44","03/03/2009","5","5","3","3","3","5","No Part","No Part","5"
"Testify","Stevie Ray Vaughan and Double Trouble","1983","Texas Flood","Blues","3:25","03/03/2009","6","No Part","4","No Part","5","No Part","No Part","No Part","6"
"I'm Cryin'","Stevie Ray Vaughan and Double Trouble","1983","Texas Flood","Blues","3:44","03/03/2009","5","No Part","3","3","3","No Part","No Part","No Part","5"
"New","No Doubt","1999","The Singles 1992-2003","Pop-Rock","4:33","03/03/2009","3","No Part","4","3","1","No Part","No Part","No Part","6"
"Can't Let Go","Lucinda Williams","1998","Car Wheels on a Gravel Road","Country","3:31","02/24/2009","2","No Part","3","2","0","No Part","No Part","No Part","1"
"Time Bomb (Live)","Old 97's","2005","Alive & Wired","Country","3:47","02/24/2009","4","No Part","4","3","3","No Part","No Part","No Part","6"
"Sweetness","Jimmy Eat World","2001","Bleed American","Pop-Rock","3:40","02/24/2009","3","No Part","4","1","2","No Part","No Part","No Part","3"
"Satellite Radio","Steve Earle","2007","Washington Square Serenade","Country","4:08","02/24/2009","4","No Part","3","1","3","No Part","No Part","No Part","4"
"Futures","Jimmy Eat World","2004","Futures","Pop-Rock","4:02","02/24/2009","2","No Part","3","1","2","No Part","No Part","No Part","2"
"3 Dimes Down","Drive-By Truckers","2008","Brighter Than Creation's Dark","Country","3:20","02/24/2009","2","No Part","2","3","2","No Part","No Part","No Part","1"
"Lucky Denver Mint","Jimmy Eat World","1999","Clarity","Pop-Rock","3:57","02/24/2009","4","No Part","4","0","2","No Part","No Part","No Part","5"
"People Got a Lotta Nerve","Neko Case","2009","Middle Cyclone","Country","2:33","02/24/2009","2","No Part","3","2","0","No Part","No Part","No Part","1"
"Black Sunshine","White Zombie","1992","La Sexorcisto: Devil Music, Vol. 1","Metal","4:17","02/17/2009","3","No Part","5","4","4","No Part","No Part","No Part","6"
"More Human Than Human","White Zombie","1995","Astro-Creep:2000","Metal","4:21","02/17/2009","0","No Part","5","1","3","No Part","No Part","No Part","2"
"Wasted Again","Turbonegro","2005","Party Animals","Punk","3:10","02/17/2009","3","No Part","4","1","2","No Part","No Part","No Part","2"
"Flathead","The Fratellis","2006","Costello Music","Alternative","3:21","02/10/2009","3","No Part","4","3","4","No Part","No Part","No Part","4"
"Henrietta","The Fratellis","2006","Costello Music","Alternative","3:34","02/10/2009","3","No Part","3","5","4","No Part","No Part","No Part","4"
"Creepin' Up the Backstairs","The Fratellis","2006","Costello Music","Alternative","3:09","02/10/2009","4","No Part","5","6","4","No Part","No Part","No Part","6"
"Don't Tell Me","Nikko","2009","Spectacular! Music from the Nickelodeon Original Movie","Pop-Rock","3:21","02/03/2009","3","No Part","4","2","2","No Part","No Part","No Part","2"
"Cowboy Song (Live)","Thin Lizzy","1977","Still Dangerous - Live At the Tower Theatre Philadelphia 1977","Classic Rock","5:28","02/03/2009","5","No Part","4","3","3","No Part","No Part","No Part","5"
"The Boys Are Back in Town (Live)","Thin Lizzy","1977","Still Dangerous - Live At the Tower Theatre Philadelphia 1977","Classic Rock","4:32","02/03/2009","5","No Part","4","1","4","No Part","No Part","No Part","5"
"Jailbreak (Live)","Thin Lizzy","1977","Still Dangerous - Live At the Tower Theatre Philadelphia 1977","Classic Rock","4:38","02/03/2009","4","No Part","4","2","2","No Part","No Part","No Part","5"
"Precious","The Pretenders","1980","Pretenders","New Wave","3:37","02/03/2009","4","No Part","3","5","3","No Part","No Part","No Part","4"
"Hit Me With Your Best Shot","Pat Benatar","1980","Crimes of Passion","Classic Rock","2:55","02/03/2009","3","No Part","3","1","0","No Part","No Part","No Part","1"
"Break My Heart","Nikko","2009","Spectacular! Music from the Nickelodeon Original Movie","Pop-Rock","3:11","02/03/2009","3","No Part","3","2","3","No Part","No Part","No Part","2"
"Hell in a Bucket","The Grateful Dead","1987","In the Dark","Classic Rock","5:37","01/27/2009","3","No Part","4","5","4","No Part","No Part","No Part","5"
"Doin' That Rag","The Grateful Dead","1969","Aoxomoxoa","Classic Rock","4:56","01/27/2009","3","No Part","4","6","4","No Part","No Part","No Part","6"
"Cold Rain and Snow","The Grateful Dead","1967","The Grateful Dead","Classic Rock","2:32","01/27/2009","2","No Part","4","1","4","No Part","No Part","No Part","5"
"Fire on the Mountain","The Grateful Dead","1978","Shakedown Street","Classic Rock","3:50","01/27/2009","2","No Part","4","1","1","No Part","No Part","No Part","4"
"Don't Ease Me In","The Grateful Dead","1980","Go to Heaven","Classic Rock","3:11","01/27/2009","3","No Part","4","2","4","No Part","No Part","No Part","5"
"Uncle John's Band","The Grateful Dead","1970","Workingman's Dead","Classic Rock","4:47","01/27/2009","3","No Part","3","0","2","No Part","No Part","No Part","3"
"War Zone","Rob Zombie","2008","Punisher: War Zone","Nu-Metal","3:54","01/20/2009","5","No Part","4","0","2","No Part","No Part","No Part","5"
"Take the Money and Run","Steve Miller Band","1976","Fly Like an Eagle","Classic Rock","2:56","01/20/2009","2","No Part","4","3","2","No Part","No Part","No Part","3"
"Space Cowboy","Steve Miller Band","1969","Brave New World","Classic Rock","4:58","01/20/2009","4","No Part","4","0","2","No Part","No Part","No Part","5"
"The Joker","Steve Miller Band","1973","The Joker","Classic Rock","3:40","01/20/2009","2","No Part","1","1","2","No Part","No Part","No Part","1"
"Typical","Mute Math","2006","Mute Math","Alternative","4:20","01/20/2009","2","No Part","4","2","4","No Part","No Part","No Part","5"
"Wind Me Up","Ghost Hounds","2008","Ghost Hounds","Rock","3:37","01/20/2009","3","No Part","3","2","2","No Part","No Part","No Part","1"
"I Stand Alone","Godsmack","2003","Faceless","Nu-Metal","4:09","01/20/2009","2","No Part","4","1","1","No Part","No Part","No Part","1"
"Feed the Tree","Belly","1993","Star","Alternative","3:33","01/20/2009","3","No Part","1","2","3","No Part","No Part","No Part","1"
"Let Love Rule","Lenny Kravitz","1989","Let Love Rule","Rock","5:50","01/13/2009","1","No Part","1","3","1","No Part","No Part","No Part","1"
"Entangled","Honest Bob and the Factory-to-Dealer Incentives","2008","Third Time's the Charm","Indie Rock","4:26","01/13/2009","3","No Part","4","1","1","No Part","No Part","No Part","2"
"Freedom Train","Lenny Kravitz","1989","Let Love Rule","Rock","2:57","01/13/2009","3","No Part","3","3","0","No Part","No Part","No Part","1"
"Mr. Cab Driver","Lenny Kravitz","1989","Let Love Rule","Rock","3:57","01/13/2009","3","No Part","1","5","1","No Part","No Part","No Part","2"
"Are You Gonna Go My Way","Lenny Kravitz","1993","Are You Gonna Go My Way","Rock","3:34","01/13/2009","4","No Part","2","3","1","No Part","No Part","No Part","1"
"You Got It","Roy Orbison","1989","Mystery Girl","Classic Rock","3:37","01/06/2009","2","No Part","2","1","0","No Part","No Part","No Part","1"
"In Dreams","Roy Orbison","1963","In Dreams: The Greatest Hits","Classic Rock","2:54","01/06/2009","4","No Part","3","2","0","No Part","No Part","No Part","1"
"Oh, Pretty Woman","Roy Orbison","1964","In Dreams: The Greatest Hits","Classic Rock","3:06","01/06/2009","3","No Part","2","0","1","No Part","No Part","No Part","1"
"Ooby Dooby","Roy Orbison","1956","In Dreams: The Greatest Hits","Classic Rock","2:24","01/06/2009","3","No Part","4","1","1","No Part","No Part","No Part","5"
"Claudette","Roy Orbison","1965","In Dreams: The Greatest Hits","Classic Rock","2:36","01/06/2009","2","No Part","3","1","0","No Part","No Part","No Part","1"
"Mean Woman Blues","Roy Orbison","1963","In Dreams: The Greatest Hits","Classic Rock","2:29","01/06/2009","3","No Part","4","2","1","No Part","No Part","No Part","2"
"Hymn 43","Jethro Tull","1971","Aqualung","Prog","3:23","12/30/2008","4","No Part","5","4","2","No Part","No Part","No Part","5"
"Take Back the City","Snow Patrol","2008","A Hundred Million Suns","Alternative","4:43","12/30/2008","3","No Part","3","0","1","No Part","No Part","No Part","1"
"Space Truckin'","Deep Purple","1972","Machine Head","Prog","4:42","12/30/2008","4","No Part","5","5","2","No Part","No Part","No Part","6"
"Funk #49","James Gang","1970","Rides Again","Classic Rock","4:19","12/30/2008","4","3","5","3","5","5","No Part","No Part","6"
"Times Like These","Foo Fighters","2002","One by One","Alternative","4:26","12/23/2008","3","No Part","3","0","2","No Part","No Part","No Part","5"
"Hanukkah Blessings","Barenaked Ladies","2004","Barenaked For The Holidays","Rock","3:27","12/23/2008","3","No Part","3","1","0","No Part","No Part","No Part","1"
"Christmas Is the Time to Say I Love You","Billy Squier","1994","A Rock and Roll Christmas","Classic Rock","2:54","12/23/2008","2","No Part","2","2","0","No Part","No Part","No Part","1"
"This Is a Call","Foo Fighters","1995","Foo Fighters","Alternative","3:54","12/23/2008","3","No Part","4","1","3","No Part","No Part","No Part","6"
"DOA","Foo Fighters","2005","In Your Honor","Alternative","4:15","12/23/2008","2","No Part","4","1","2","No Part","No Part","No Part","4"
"Blue Christmas","The Pretenders","2008","Holiday - EP","New Wave","2:32","12/23/2008","4","No Part","4","2","2","No Part","No Part","No Part","1"
"Gunpowder & Lead","Miranda Lambert","2007","Crazy Ex-Girlfriend","Country","3:09","12/16/2008","4","No Part","2","3","2","No Part","No Part","No Part","3"
"Free and Easy (Down the Road I Go)","Dierks Bentley","2006","Long Trip Alone","Country","3:26","12/16/2008","5","No Part","4","1","2","No Part","No Part","No Part","3"
"Sin Wagon","Dixie Chicks","1999","Fly","Country","3:41","12/16/2008","5","No Part","5","4","3","No Part","No Part","No Part","6"
"Hillbilly Deluxe","Brooks & Dunn","2005","Hillbilly Deluxe","Country","4:28","12/16/2008","4","No Part","1","2","2","No Part","No Part","No Part","1"
"Mud on the Tires","Brad Paisley","2003","Mud on the Tires","Country","3:35","12/16/2008","5","No Part","3","2","0","No Part","No Part","No Part","1"
"Bathwater","No Doubt","2003","The Singles 1992-2003","Pop-Rock","4:05","12/09/2008","1","No Part","3","3","0","No Part","No Part","No Part","1"
"Hella Good","No Doubt","2003","The Singles 1992-2003","Pop-Rock","4:09","12/09/2008","2","No Part","3","0","4","No Part","No Part","No Part","2"
"Underneath It All","No Doubt","2003","The Singles 1992-2003","Pop-Rock","4:52","12/09/2008","2","No Part","3","1","0","No Part","No Part","No Part","1"
"Just a Girl","No Doubt","1995","The Singles 1992-2003","Pop-Rock","3:21","12/09/2008","3","No Part","3","1","1","No Part","No Part","No Part","1"
"It's My Life","No Doubt","2003","The Singles 1992-2003","Pop-Rock","3:47","12/09/2008","1","No Part","1","0","1","No Part","No Part","No Part","0"
"Hey Baby","No Doubt","2003","The Singles 1992-2003","Pop-Rock","3:32","12/09/2008","2","No Part","4","2","0","No Part","No Part","No Part","1"
"Ex-Girlfriend","No Doubt","2003","The Singles 1992-2003","Pop-Rock","3:36","12/09/2008","3","No Part","4","2","1","No Part","No Part","No Part","2"
"Don't Speak","No Doubt","1995","The Singles 1992-2003","Pop-Rock","4:52","12/09/2008","3","No Part","3","1","1","No Part","No Part","No Part","1"
"Simple Kind of Life","No Doubt","2003","The Singles 1992-2003","Pop-Rock","4:25","12/09/2008","2","No Part","3","3","0","No Part","No Part","No Part","1"
"Spiderwebs","No Doubt","1995","The Singles 1992-2003","Pop-Rock","4:52","12/09/2008","2","No Part","3","2","3","No Part","No Part","No Part","2"
"Running","No Doubt","2003","The Singles 1992-2003","Pop-Rock","4:06","12/09/2008","1","No Part","0","1","0","No Part","No Part","No Part","0"
"Sunday Morning","No Doubt","1995","The Singles 1992-2003","Pop-Rock","4:37","12/09/2008","2","No Part","4","1","1","No Part","No Part","No Part","2"
"Excuse Me Mr.","No Doubt","1995","The Singles 1992-2003","Pop-Rock","3:10","12/09/2008","4","No Part","5","3","4","No Part","No Part","No Part","6"
"You Shook Me All Night Long (Live)","AC/DC","1992","Live","Classic Rock","3:40","12/08/2008","0","No Part","2","3","1","No Part","No Part","No Part","0"
"T.N.T. (Live)","AC/DC","1992","Live","Classic Rock","3:17","12/08/2008","3","No Part","0","1","1","No Part","No Part","No Part","1"
"Let There Be Rock (Live)","AC/DC","1992","Live","Classic Rock","9:33","12/08/2008","5","No Part","5","4","3","No Part","No Part","No Part","6"
"Highway to Hell (Live)","AC/DC","1992","Live","Classic Rock","4:26","12/08/2008","4","No Part","0","2","0","No Part","No Part","No Part","1"
"For Those About to Rock (We Salute You) (Live)","AC/DC","1992","Live","Classic Rock","6:36","12/08/2008","5","No Part","4","2","3","No Part","No Part","No Part","6"
"Moneytalks (Live)","AC/DC","1992","Live","Classic Rock","3:49","12/08/2008","2","No Part","0","1","1","No Part","No Part","No Part","0"
"Hells Bells (Live)","AC/DC","1992","Live","Classic Rock","5:53","12/08/2008","4","No Part","2","2","1","No Part","No Part","No Part","1"
"Heatseeker (Live)","AC/DC","1992","Live","Classic Rock","3:33","12/08/2008","3","No Part","3","4","2","No Part","No Part","No Part","5"
"Hell Ain't a Bad Place to Be (Live)","AC/DC","1992","Live","Classic Rock","4:19","12/08/2008","1","No Part","0","3","1","No Part","No Part","No Part","0"
"Back in Black (Live)","AC/DC","1992","Live","Classic Rock","3:56","12/08/2008","4","No Part","0","3","1","No Part","No Part","No Part","1"
"Shoot to Thrill (Live)","AC/DC","1992","Live","Classic Rock","5:23","12/08/2008","4","No Part","3","3","2","No Part","No Part","No Part","2"
"Dirty Deeds Done Dirt Cheap (Live)","AC/DC","1992","Live","Classic Rock","4:40","12/08/2008","5","No Part","3","1","1","No Part","No Part","No Part","4"
"Jailbreak (Live)","AC/DC","1992","Live","Classic Rock","11:40","12/08/2008","4","No Part","4","3","2","No Part","No Part","No Part","3"
"Fire Your Guns (Live)","AC/DC","1992","Live","Classic Rock","2:57","12/08/2008","4","No Part","4","4","1","No Part","No Part","No Part","6"
"Thunderstruck (Live)","AC/DC","1992","Live","Classic Rock","5:32","12/08/2008","4","No Part","3","2","1","No Part","No Part","No Part","2"
"The Jack (Live)","AC/DC","1992","Live","Classic Rock","5:39","12/08/2008","2","No Part","1","5","1","No Part","No Part","No Part","1"
"Whole Lotta Rosie (Live)","AC/DC","1992","Live","Classic Rock","4:35","12/08/2008","4","No Part","4","3","3","No Part","No Part","No Part","5"
"High Voltage (Live)","AC/DC","1992","Live","Classic Rock","9:09","12/08/2008","5","No Part","0","6","4","No Part","No Part","No Part","5"
"Tutto è Possibile","Finley","2006","Tutto è Possibile","Punk","3:27","12/02/2008","4","No Part","4","2","2","No Part","No Part","No Part","1"
"Real World","All-American Rejects","2008","When the World Comes Down","Emo","3:56","12/02/2008","2","No Part","3","1","1","No Part","No Part","No Part","1"
"Headphones On","Miranda Cosgrove","2008","iCarly","Pop-Rock","3:05","12/02/2008","2","No Part","3","1","3","No Part","No Part","No Part","1"
"I Don't Want to Go to School","The Naked Brothers Band","2008","I Don't Want To Go To School","Pop-Rock","2:54","12/02/2008","2","No Part","2","3","0","No Part","No Part","No Part","1"
"Body I Occupy","The Naked Brothers Band","2008","I Don't Want To Go To School","Pop-Rock","4:47","12/02/2008","1","No Part","4","4","0","No Part","No Part","No Part","1"
"Are You Dead Yet?","Children of Bodom","2005","Are You Dead Yet?","Metal","3:59","12/02/2008","5","No Part","5","1","4","No Part","No Part","No Part","6"
"Tempted","Squeeze","1981","East Side Story","New Wave","4:34","12/02/2008","0","No Part","0","3","0","No Part","No Part","No Part","0"
"Ready, Set, Go!","Tokio Hotel","2007","Scream","Pop-Rock","3:37","12/02/2008","1","No Part","3","2","0","No Part","No Part","No Part","1"
"Hay Poco Rock & Roll","Platero y Tú","1994","Hay Poco Rock & Roll","Rock","5:36","12/02/2008","4","No Part","0","3","1","No Part","No Part","No Part","0"
"Mr. Brightside","The Killers","2004","Hot Fuss","Alternative","3:43","11/25/2008","3","No Part","4","2","2","No Part","No Part","No Part","3"
"Smile Like You Mean It","The Killers","2004","Hot Fuss","Alternative","3:58","11/25/2008","2","No Part","4","0","2","No Part","No Part","No Part","1"
"Caprici di Diablo","Yngwie Malmsteen's Rising Force","2008","Perpetual Flame","Metal","4:32","11/25/2008","6","No Part","4","No Part","5","No Part","No Part","No Part","6"
"Damnation Game","Yngwie Malmsteen's Rising Force","2008","Perpetual Flame","Metal","5:11","11/25/2008","6","No Part","4","2","6","No Part","No Part","No Part","6"
"Red Devil","Yngwie Malmsteen's Rising Force","2008","Perpetual Flame","Metal","4:10","11/25/2008","6","No Part","4","1","3","No Part","No Part","No Part","5"
"Pretty Noose","Soundgarden","1996","Down On The Upside","Grunge","4:19","11/25/2008","3","3","5","2","4","3","No Part","No Part","5"
"Laid to Rest","Lamb of God","2004","Ashes of the Wake","Metal","3:49","11/25/2008","5","No Part","5","0","6","No Part","No Part","No Part","6"
"Spaceman","The Killers","2008","Day & Age","Alternative","4:31","11/25/2008","0","No Part","4","3","2","No Part","No Part","No Part","3"
"Jesus Christ Pose","Soundgarden","1991","Badmotorfinger","Grunge","5:58","11/25/2008","4","No Part","5","4","6","No Part","No Part","No Part","6"
"That's When I Reach for My Revolver","Mission of Burma","1981","Signals, Calls and Marches","Punk","3:58","11/18/2008","3","No Part","4","1","3","No Part","No Part","No Part","3"
"Police Truck","Dead Kennedys","1987","Give Me Convenience or Give Me Death","Punk","2:30","11/18/2008","3","No Part","5","5","5","No Part","No Part","No Part","5"
"Mica","Mission of Burma","1982","Vs.","Punk","3:44","11/18/2008","3","No Part","5","0","5","No Part","No Part","No Part","5"
"That's How I Escaped My Certain Fate","Mission of Burma","1982","Vs.","Punk","2:03","11/18/2008","4","No Part","6","0","4","No Part","No Part","No Part","6"
"Swamped","Lacuna Coil","2002","Comalies","Metal","4:06","11/18/2008","2","No Part","1","3","3","No Part","No Part","No Part","1"
"Closer","Lacuna Coil","2006","Karmacode","Metal","3:12","11/18/2008","0","No Part","2","2","3","No Part","No Part","No Part","1"
"Forever","In This Moment","2008","The Dream","Metal","4:24","11/18/2008","5","No Part","4","1","4","No Part","No Part","No Part","5"
"Gone","Crooked X","2008","Crooked X","Rock","4:34","11/18/2008","4","No Part","3","1","4","No Part","No Part","No Part","2"
"California Über Alles","Dead Kennedys","1987","Give Me Convenience or Give Me Death","Punk","3:33","11/18/2008","3","No Part","6","3","3","No Part","No Part","No Part","6"
"Holiday in Cambodia","Dead Kennedys","1987","Give Me Convenience or Give Me Death","Punk","3:51","11/18/2008","4","No Part","5","5","5","No Part","No Part","No Part","6"
"See You","Foo Fighters","1997","The Colour and the Shape","Alternative","2:36","11/11/2008","2","No Part","3","1","3","No Part","No Part","No Part","2"
"My Hero","Foo Fighters","1997","The Colour and the Shape","Alternative","4:14","11/11/2008","3","No Part","4","0","2","No Part","No Part","No Part","2"
"New Way Home","Foo Fighters","1997","The Colour and the Shape","Alternative","5:20","11/11/2008","3","No Part","4","2","4","No Part","No Part","No Part","4"
"Walking After You","Foo Fighters","1997","The Colour and the Shape","Alternative","4:44","11/11/2008","3","No Part","0","2","1","No Part","No Part","No Part","0"
"February Stars","Foo Fighters","1997","The Colour and the Shape","Alternative","4:56","11/11/2008","0","No Part","2","1","1","No Part","No Part","No Part","0"
"Enough Space","Foo Fighters","1997","The Colour and the Shape","Alternative","2:44","11/11/2008","4","No Part","3","3","3","No Part","No Part","No Part","3"
"Doll","Foo Fighters","1997","The Colour and the Shape","Alternative","1:34","11/11/2008","0","No Part","0","0","1","No Part","No Part","No Part","0"
"Monkey Wrench","Foo Fighters","1997","The Colour and the Shape","Alternative","3:58","11/11/2008","4","3","4","0","4","3","No Part","No Part","5"
"Hey, Johnny Park!","Foo Fighters","1997","The Colour and the Shape","Alternative","4:14","11/11/2008","3","No Part","3","1","2","No Part","No Part","No Part","1"
"My Poor Brain","Foo Fighters","1997","The Colour and the Shape","Alternative","3:39","11/11/2008","3","No Part","1","0","3","No Part","No Part","No Part","1"
"Wind Up","Foo Fighters","1997","The Colour and the Shape","Alternative","2:37","11/11/2008","3","No Part","3","2","3","No Part","No Part","No Part","2"
"Up in Arms","Foo Fighters","1997","The Colour and the Shape","Alternative","2:24","11/11/2008","3","No Part","4","3","3","No Part","No Part","No Part","3"
"I Wanna Be Your Man","Endeverafter","2007","Kiss or Kill","Rock","3:11","11/06/2008","5","No Part","4","2","4","No Part","No Part","No Part","5"
"Give It to Me","Cocktail Slippers","2006","Mastermind","Indie Rock","3:15","11/06/2008","2","No Part","3","3","3","No Part","No Part","No Part","2"
"I'm Gone, I'm Going","Lesley Roy","2008","Unbeautiful","Pop-Rock","3:29","11/06/2008","0","No Part","3","2","2","No Part","No Part","No Part","1"
"Prequel to the Sequel","Between the Buried and Me","2007","Colors","Prog","5:22","11/06/2008","6","No Part","6","0","6","No Part","No Part","No Part","6"
"Ashes to Fire","Ghost Hounds","2008","Ghost Hounds","Rock","2:51","11/06/2008","1","No Part","4","2","1","No Part","No Part","No Part","2"
"Like a Fool","Shaimus","2008","The Sad Thing Is, We Like It Here","Indie Rock","3:34","11/06/2008","4","No Part","4","3","4","No Part","No Part","No Part","5"
"Magnetic Baby","Semi Precious Weapons","2008","We Love You","Glam","2:53","11/06/2008","3","No Part","3","0","2","No Part","No Part","No Part","2"
"Get It On","The Chevelles","2008","Barbarella Girl God, Introducing The Chevelles","Rock","3:26","11/06/2008","4","No Part","4","2","3","No Part","No Part","No Part","3"
"If I Ain't Got You","The Len Price 3","2007","Rentacrowd","Rock","2:28","11/06/2008","1","No Part","3","2","2","No Part","No Part","No Part","1"
"Database Corrupted","Dealership","2004","Action/Adventure","Indie Rock","4:02","11/06/2008","0","No Part","4","1","1","No Part","No Part","No Part","1"
"The Time Is Wrong","Tickle Me Pink","2008","Madeline","Emo","3:28","11/06/2008","4","No Part","4","2","2","No Part","No Part","No Part","3"
"Burn You Down","Opiate for the Masses","2008","Manifesto","Rock","3:27","11/06/2008","2","No Part","2","0","1","No Part","No Part","No Part","1"
"Young","Hollywood Undead","2008","Swan Songs","Nu-Metal","3:24","11/06/2008","1","No Part","3","2","2","No Part","No Part","No Part","1"
"The Feeling","Kutless","2008","To Know That You're Alive","Rock","2:29","11/06/2008","3","No Part","4","2","5","No Part","No Part","No Part","2"
"I.V.","X Japan","2008","I.V.","Metal","4:58","11/06/2008","4","No Part","4","2","2","No Part","No Part","No Part","5"
"Sons and Daughters","The 88","2008","Not Only... But Also","Pop-Rock","3:51","11/06/2008","2","No Part","3","3","2","No Part","No Part","No Part","2"
"Desperate Times, Desperate Measures","Underoath","2008","Lost in the Sound of Separation","Emo","3:33","11/06/2008","4","No Part","5","2","2","No Part","No Part","No Part","5"
"Bounce","The Cab","2008","Whisper War","Pop-Rock","3:41","11/06/2008","1","No Part","4","1","1","No Part","No Part","No Part","1"
"Crazy Tuesday","thenewno2","2008","You Are Here","Pop-Rock","3:50","11/06/2008","1","No Part","2","2","0","No Part","No Part","No Part","1"
"No Regrets","Authority Zero","2007","12:34","Punk","2:28","11/06/2008","3","No Part","5","3","4","No Part","No Part","No Part","6"
"Feather Pluckn","The Presidents of the United States of America","1995","The Presidents of the United States of America","Grunge","3:03","11/04/2008","2","No Part","3","3","5","No Part","No Part","No Part","4"
"Ladybug","The Presidents of the United States of America","2008","These Are the Good Times People","Grunge","2:38","11/04/2008","3","No Part","4","3","5","No Part","No Part","No Part","5"
"Dune Buggy","The Presidents of the United States of America","1995","The Presidents of the United States of America","Grunge","2:49","11/04/2008","4","No Part","3","2","5","No Part","No Part","No Part","4"
"Use Me","Hinder","2008","Take It To The Limit","Rock","3:50","11/04/2008","3","No Part","1","1","2","No Part","No Part","No Part","1"
"I Don't Care","Fall Out Boy","2008","Folie à Deux","Pop-Rock","3:42","11/04/2008","1","No Part","3","3","3","No Part","No Part","No Part","2"
"Kiss Them for Me","Siouxsie and The Banshees","1991","Superstition","Pop-Rock","5:07","10/28/2008","4","No Part","3","0","1","No Part","No Part","No Part","2"
"The Killing Jar","Siouxsie and The Banshees","1988","Peepshow","Pop-Rock","4:12","10/28/2008","3","No Part","3","2","1","No Part","No Part","No Part","3"
"Pretty in Pink","The Psychedelic Furs","1981","Talk Talk Talk","New Wave","4:03","10/28/2008","0","No Part","0","1","1","No Part","No Part","No Part","0"
"Well Thought Out Twinkles","Silversun Pickups","2006","Carnavas","Indie Rock","4:17","10/28/2008","3","No Part","4","0","2","No Part","No Part","No Part","4"
"Melatonin","Silversun Pickups","2006","Carnavas","Indie Rock","4:13","10/28/2008","2","No Part","3","1","1","No Part","No Part","No Part","2"
"Dammit","Blink-182","1997","Dude Ranch","Punk","2:48","10/28/2008","3","1","5","1","3","0","No Part","No Part","5"
"Hong Kong Garden","Siouxsie and The Banshees","1981","Once Upon a Time: The Singles","Pop-Rock","2:53","10/28/2008","4","No Part","2","0","1","No Part","No Part","No Part","1"
"On A Plain","Nirvana","1991","Nevermind","Grunge","3:10","10/21/2008","1","1","4","0","2","3","No Part","No Part","1"
"Polly","Nirvana","1991","Nevermind","Grunge","3:00","10/21/2008","0","0","0","0","0","0","No Part","No Part","0"
"Lounge Act","Nirvana","1991","Nevermind","Grunge","2:36","10/21/2008","0","1","3","1","2","3","No Part","No Part","1"
"Territorial Pissings","Nirvana","1991","Nevermind","Grunge","2:28","10/21/2008","1","1","5","0","4","3","No Part","No Part","4"
"Something In The Way","Nirvana","1991","Nevermind","Grunge","3:55","10/21/2008","0","0","0","0","0","0","No Part","No Part","0"
"Breed","Nirvana","1991","Nevermind","Grunge","3:04","10/21/2008","4","2","4","0","4","2","No Part","No Part","5"
"Stay Away","Nirvana","1991","Nevermind","Grunge","3:19","10/21/2008","3","2","5","2","2","4","No Part","No Part","6"
"Slice of Your Pie","Mötley Crüe","1989","Dr. Feelgood","Glam","4:29","10/14/2008","4","No Part","4","4","1","No Part","No Part","No Part","3"
"Rattlesnake Shake","Mötley Crüe","1989","Dr. Feelgood","Glam","3:43","10/14/2008","4","No Part","4","2","1","No Part","No Part","No Part","5"
"Same Ol' Situation (S.O.S.)","Mötley Crüe","1989","Dr. Feelgood","Glam","4:20","10/14/2008","2","No Part","3","2","1","No Part","No Part","No Part","1"
"Sticky Sweet","Mötley Crüe","1989","Dr. Feelgood","Glam","3:52","10/14/2008","4","No Part","3","4","1","No Part","No Part","No Part","2"
"Kickstart My Heart","Mötley Crüe","1989","Dr. Feelgood","Glam","4:47","10/14/2008","3","5","4","1","1","3","No Part","No Part","2"
"Without You","Mötley Crüe","1989","Dr. Feelgood","Glam","4:32","10/14/2008","2","No Part","1","0","1","No Part","No Part","No Part","0"
"Dr. Feelgood","Mötley Crüe","1989","Dr. Feelgood","Glam","4:58","10/14/2008","4","No Part","3","1","1","No Part","No Part","No Part","1"
"Time For Change","Mötley Crüe","1989","Dr. Feelgood","Glam","5:05","10/14/2008","2","No Part","1","0","1","No Part","No Part","No Part","0"
"She Goes Down","Mötley Crüe","1989","Dr. Feelgood","Glam","4:37","10/14/2008","3","No Part","3","0","1","No Part","No Part","No Part","2"
"Don't Go Away Mad (Just Go Away)","Mötley Crüe","1989","Dr. Feelgood","Glam","4:46","10/14/2008","3","No Part","3","4","1","No Part","No Part","No Part","2"
"Cream and Bastards Rise","Harvey Danger","2005","Little By Little...","Alternative","3:18","10/07/2008","2","No Part","3","3","1","No Part","No Part","No Part","1"
"Pretty Fly (For a White Guy)","The Offspring","1998","Americana","Punk","3:09","10/07/2008","3","No Part","3","1","0","No Part","No Part","No Part","1"
"Push It","Static-X","1999","Wisconsin Death Trip","Nu-Metal","2:41","10/07/2008","4","No Part","4","1","0","No Part","No Part","No Part","4"
"Stop!","Against Me!","2007","New Wave","Punk","2:39","10/07/2008","3","No Part","2","0","0","No Part","No Part","No Part","2"
"Nearly Lost You","Screaming Trees","1992","Sweet Oblivion","Grunge","4:10","10/07/2008","3","No Part","5","0","1","No Part","No Part","No Part","4"
"Bad to the Bone","George Thorogood & the Destroyers","1982","Bad to the Bone","Rock","4:53","10/07/2008","3","No Part","3","2","0","No Part","No Part","No Part","1"
"All Right Now","Free","1970","Fire and Water","Classic Rock","5:37","10/07/2008","1","No Part","1","6","0","No Part","No Part","No Part","2"
"Self Esteem","The Offspring","1994","Smash","Punk","4:24","10/07/2008","1","2","2","0","1","2","No Part","No Part","0"
"Gone Away","The Offspring","1997","Ixnay on the Hombre","Punk","4:28","10/07/2008","0","No Part","2","0","0","No Part","No Part","No Part","0"
"Sir Psycho Sexy","Red Hot Chili Peppers","1991","Blood Sugar Sex Magik","Alternative","8:22","09/30/2008","4","No Part","2","3","2","No Part","No Part","No Part","1"
"Blood Sugar Sex Magik","Red Hot Chili Peppers","1991","Blood Sugar Sex Magik","Alternative","4:40","09/30/2008","3","No Part","2","2","3","No Part","No Part","No Part","2"
"Suck My Kiss","Red Hot Chili Peppers","1991","Blood Sugar Sex Magik","Alternative","3:42","09/30/2008","4","No Part","3","3","3","No Part","No Part","No Part","2"
"I Could Have Lied","Red Hot Chili Peppers","1991","Blood Sugar Sex Magik","Alternative","4:17","09/30/2008","0","No Part","0","0","0","No Part","No Part","No Part","0"
"Mellowship Slinky in B Major","Red Hot Chili Peppers","1991","Blood Sugar Sex Magik","Alternative","4:06","09/30/2008","3","No Part","4","3","3","No Part","No Part","No Part","4"
"The Righteous and the Wicked","Red Hot Chili Peppers","1991","Blood Sugar Sex Magik","Alternative","4:13","09/30/2008","3","No Part","2","3","3","No Part","No Part","No Part","2"
"The Power of Equality","Red Hot Chili Peppers","1991","Blood Sugar Sex Magik","Alternative","4:08","09/30/2008","3","No Part","4","1","3","No Part","No Part","No Part","3"
"If You Have to Ask","Red Hot Chili Peppers","1991","Blood Sugar Sex Magik","Alternative","3:46","09/30/2008","3","No Part","4","2","4","No Part","No Part","No Part","4"
"Breaking the Girl","Red Hot Chili Peppers","1991","Blood Sugar Sex Magik","Alternative","5:01","09/30/2008","3","No Part","4","0","3","No Part","No Part","No Part","1"
"Funky Monks","Red Hot Chili Peppers","1991","Blood Sugar Sex Magik","Alternative","5:37","09/30/2008","3","No Part","2","3","3","No Part","No Part","No Part","2"
"Apache Rose Peacock","Red Hot Chili Peppers","1991","Blood Sugar Sex Magik","Alternative","4:51","09/30/2008","3","No Part","1","3","3","No Part","No Part","No Part","1"
"Naked in the Rain","Red Hot Chili Peppers","1991","Blood Sugar Sex Magik","Alternative","4:29","09/30/2008","3","No Part","4","3","4","No Part","No Part","No Part","3"
"My Lovely Man","Red Hot Chili Peppers","1991","Blood Sugar Sex Magik","Alternative","4:45","09/30/2008","4","No Part","5","3","2","No Part","No Part","No Part","4"
"The Greeting Song","Red Hot Chili Peppers","1991","Blood Sugar Sex Magik","Alternative","3:19","09/30/2008","4","No Part","5","3","3","No Part","No Part","No Part","5"
"They're Red Hot","Red Hot Chili Peppers","1991","Blood Sugar Sex Magik","Alternative","1:00","09/30/2008","5","No Part","6","6","3","No Part","No Part","No Part","6"
"Under the Bridge","Red Hot Chili Peppers","1991","Blood Sugar Sex Magik","Alternative","4:33","09/30/2008","1","5","0","3","1","3","No Part","No Part","0"
"Shoot the Runner","Kasabian","2006","Empire","Indie Rock","3:29","09/23/2008","1","No Part","1","2","1","No Part","No Part","No Part","1"
"Sorrow","Bad Religion","2002","The Process of Belief","Punk","3:23","09/23/2008","2","No Part","5","1","3","No Part","No Part","No Part","4"
"Love Spreads","The Stone Roses","1994","Second Coming","Alternative","5:53","09/23/2008","4","No Part","5","3","3","No Part","No Part","No Part","5"
"Vital Signs","Rush","1981","Moving Pictures","Prog","4:40","09/23/2008","2","No Part","5","0","3","No Part","No Part","No Part","2"
"Witch Hunt (Part III of Fear)","Rush","1981","Moving Pictures","Prog","4:45","09/23/2008","2","No Part","4","1","0","No Part","No Part","No Part","1"
"She Sells Sanctuary","The Cult","1985","Love","Rock","4:16","09/23/2008","1","No Part","1","1","0","No Part","No Part","No Part","0"
"The Camera Eye","Rush","1981","Moving Pictures","Prog","10:39","09/23/2008","4","No Part","5","1","1","No Part","No Part","No Part","2"
"You're No Rock N' Roll Fun","Sleater-Kinney","2000","All Hands on the Bad One","Indie Rock","2:39","09/23/2008","1","No Part","2","1","1","No Part","No Part","No Part","1"
"Bandages","Hot Hot Heat","2002","Make Up the Breakdown","Alternative","3:37","09/23/2008","1","No Part","2","1","1","No Part","No Part","No Part","1"
"Red Barchetta","Rush","1981","Moving Pictures","Prog","6:36","09/23/2008","3","No Part","5","2","2","No Part","No Part","No Part","3"
"Tom Sawyer (Original Version)","Rush","1981","Moving Pictures","Prog","4:53","09/23/2008","3","No Part","5","1","2","No Part","No Part","No Part","3"
"YYZ","Rush","1981","Moving Pictures","Prog","4:30","09/23/2008","4","No Part","5","No Part","4","No Part","No Part","No Part","6"
"Limelight (Original Version)","Rush","1981","Moving Pictures","Prog","4:26","09/23/2008","2","No Part","4","1","2","No Part","No Part","No Part","2"
"The Conjuring","Megadeth","1986","Peace Sells... but Who's Buying?","Metal","5:08","09/16/2008","5","No Part","5","2","5","No Part","No Part","No Part","6"
"Hands Down","Dashboard Confessional","2003","A Mark, a Mission, a Brand, a Scar","Emo","3:13","09/16/2008","2","No Part","5","1","1","No Part","No Part","No Part","4"
"My Last Words","Megadeth","1986","Peace Sells... but Who's Buying?","Metal","4:53","09/16/2008","5","No Part","6","2","5","No Part","No Part","No Part","6"
"One of THOSE Nights","The Cab","2008","Whisper War","Pop-Rock","3:33","09/16/2008","3","No Part","4","2","1","No Part","No Part","No Part","1"
"She's a Handsome Woman","Panic at the Disco","2008","Pretty. Odd.","Emo","3:13","09/16/2008","1","No Part","3","0","0","No Part","No Part","No Part","0"
"I Ain't Superstitious","Megadeth","1986","Peace Sells... but Who's Buying?","Metal","2:49","09/16/2008","5","No Part","5","3","3","No Part","No Part","No Part","6"
"Wake Up Dead","Megadeth","1986","Peace Sells... but Who's Buying?","Metal","3:45","09/16/2008","6","No Part","5","3","5","No Part","No Part","No Part","6"
"Bad Omen","Megadeth","1986","Peace Sells... but Who's Buying?","Metal","4:08","09/16/2008","6","No Part","5","1","5","No Part","No Part","No Part","6"
"Good Mourning/Black Friday","Megadeth","1986","Peace Sells... but Who's Buying?","Metal","6:43","09/16/2008","6","No Part","6","2","3","No Part","No Part","No Part","6"
"Natural Disaster","Plain White T's","2008","Big Bad World","Pop-Rock","3:42","09/16/2008","2","No Part","2","2","1","No Part","No Part","No Part","1"
"Devil's Island","Megadeth","1986","Peace Sells... but Who's Buying?","Metal","5:10","09/16/2008","6","No Part","5","2","5","No Part","No Part","No Part","6"
"Mountain Song","Jane's Addiction","1988","Nothing's Shocking","Alternative","4:11","09/14/2008","2","No Part","4","4","4","No Part","No Part","No Part","5"
"Master Exploder","Tenacious D","2006","The Pick Of Destiny","Rock","2:27","09/14/2008","6","No Part","5","5","2","No Part","No Part","No Part","6"
"Lazy Eye","Silversun Pickups","2006","Carnavas","Indie Rock","6:00","09/14/2008","5","No Part","3","0","2","No Part","No Part","No Part","5"
"Kids in America","The Muffs","1995","Clueless: Original Motion Picture Soundtrack","Pop-Rock","3:38","09/14/2008","2","No Part","5","1","2","No Part","No Part","No Part","4"
"Man in the Box","Alice In Chains","1991","Facelift","Grunge","4:51","09/14/2008","2","No Part","1","0","1","No Part","No Part","No Part","0"
"Lump","The Presidents of the United States of America","1995","The Presidents of the United States of America","Grunge","2:17","09/14/2008","1","No Part","5","0","4","No Part","No Part","No Part","2"
"Carry On Wayward Son","Kansas","1976","Leftoverture","Prog","5:24","09/14/2008","5","No Part","2","5","5","No Part","No Part","No Part","6"
"Bodhisattva","Steely Dan","1973","Countdown to Ecstasy","Classic Rock","5:18","09/14/2008","6","No Part","5","1","5","No Part","No Part","No Part","6"
"De-Luxe","Lush","1990","Gala","Alternative","3:33","09/14/2008","3","No Part","3","2","0","No Part","No Part","No Part","2"
"Cool for Cats","Squeeze","1979","Cool for Cats","New Wave","3:23","09/14/2008","0","No Part","1","0","3","No Part","No Part","No Part","1"
"Come Out and Play (Keep 'Em Separated)","The Offspring","1994","Smash","Punk","3:20","09/14/2008","4","No Part","3","4","0","No Part","No Part","No Part","5"
"Colony of Birchmen","Mastodon","2006","Blood Mountain","Metal","4:12","09/14/2008","6","No Part","5","5","5","No Part","No Part","No Part","6"
"Drain You","Nirvana","1991","Nevermind","Grunge","3:47","09/14/2008","1","No Part","2","1","2","No Part","No Part","No Part","0"
"Down with the Sickness","Disturbed","2000","The Sickness","Nu-Metal","4:46","09/14/2008","4","No Part","4","5","4","No Part","No Part","No Part","6"
"PDA","Interpol","2002","Turn On the Bright Lights","Indie Rock","5:02","09/14/2008","3","No Part","4","3","3","No Part","No Part","No Part","0"
"Peace Sells","Megadeth","1985","Peace Sells... but Who's Buying?","Metal","4:05","09/14/2008","6","No Part","6","2","6","No Part","No Part","No Part","6"
"Painkiller","Judas Priest","1990","Painkiller","Metal","6:09","09/14/2008","6","No Part","6","6","6","No Part","No Part","No Part","6"
"Panic Attack","Dream Theater","2005","Octavarium","Prog","7:20","09/14/2008","6","No Part","6","5","6","No Part","No Part","No Part","6"
"One Way or Another","Blondie","1978","Parallel Lines","New Wave","3:53","09/14/2008","4","No Part","3","3","3","No Part","No Part","No Part","4"
"Our Truth","Lacuna Coil","2006","Karmacode","Metal","3:37","09/14/2008","2","No Part","4","5","5","No Part","No Part","No Part","6"
"Nine in the Afternoon","Panic at the Disco","2008","Pretty. Odd.","Emo","3:13","09/14/2008","1","No Part","0","2","2","No Part","No Part","No Part","0"
"One Step Closer","Linkin Park","2000","Hybrid Theory","Nu-Metal","2:41","09/14/2008","0","No Part","4","4","1","No Part","No Part","No Part","2"
"My Own Worst Enemy","Lit","1999","A Place in the Sun","Alternative","2:56","09/14/2008","0","No Part","0","0","1","No Part","No Part","No Part","0"
"New Kid in School","The Donnas","2007","Bitchin'","Rock","3:38","09/14/2008","1","No Part","0","4","2","No Part","No Part","No Part","1"
"E-Pro","Beck","2005","Guero","Alternative","3:29","09/14/2008","2","No Part","3","2","1","No Part","No Part","No Part","0"
"Everlong","Foo Fighters","1997","The Colour and the Shape","Alternative","4:14","09/14/2008","4","No Part","6","2","4","No Part","No Part","No Part","6"
"Girl's Not Grey","AFI","2003","Sing the Sorrow","Emo","3:14","09/14/2008","4","No Part","4","3","4","No Part","No Part","No Part","4"
"Give It All","Rise Against","2004","Siren Song of the Counter Culture","Punk","2:55","09/14/2008","4","No Part","6","4","4","No Part","No Part","No Part","6"
"Go Your Own Way","Fleetwood Mac","1977","Rumours","Classic Rock","3:56","09/14/2008","3","No Part","2","3","3","No Part","No Part","No Part","4"
"Hello There","Cheap Trick","1977","Hello There","Pop-Rock","1:41","09/14/2008","1","No Part","1","0","3","No Part","No Part","No Part","1"
"Pinball Wizard","The Who","1969","Tommy","Classic Rock","3:10","09/14/2008","4","No Part","5","3","3","No Part","No Part","No Part","6"
"Pretend We're Dead","L7","1992","Bricks Are Heavy","Grunge","3:59","09/14/2008","0","No Part","1","0","1","No Part","No Part","No Part","0"
"Ramblin' Man","The Allman Brothers Band","1973","Brothers and Sisters","Southern Rock","5:20","09/14/2008","6","No Part","5","5","6","No Part","No Part","No Part","6"
"Rock'n Me","Steve Miller Band","1976","Fly Like an Eagle","Classic Rock","3:30","09/14/2008","5","No Part","2","3","3","No Part","No Part","No Part","5"
"Round and Round","Ratt","1984","Out of the Cellar","Glam","4:30","09/14/2008","5","No Part","3","4","1","No Part","No Part","No Part","5"
"Hungry Like the Wolf","Duran Duran","1982","Rio","New Wave","3:54","09/14/2008","0","No Part","0","0","2","No Part","No Part","No Part","0"
"Give It Away","Red Hot Chili Peppers","1991","Blood Sugar Sex Magik","Alternative","4:49","09/14/2008","3","2","3","1","3","4","2","2","2"
"The Middle","Jimmy Eat World","2001","Bleed American","Pop-Rock","2:52","09/14/2008","4","No Part","4","3","3","No Part","No Part","No Part","3"
"That's What You Get","Paramore","2007","Riot!","Pop-Rock","3:42","09/14/2008","0","No Part","2","3","0","No Part","No Part","No Part","1"
"Testify","Rage Against the Machine","1999","The Battle of Los Angeles","Alternative","3:34","09/14/2008","5","No Part","4","3","4","No Part","No Part","No Part","5"
"Teen Age Riot","Sonic Youth","1988","Daydream Nation","Alternative","6:58","09/14/2008","5","No Part","5","1","3","No Part","No Part","No Part","6"
"Tangled Up in Blue","Bob Dylan","1975","Blood on the Tracks","Classic Rock","5:45","09/14/2008","4","No Part","1","6","2","No Part","No Part","No Part","5"
"Shackler's Revenge","Guns N' Roses","2008","Chinese Democracy","Rock","3:39","09/14/2008","5","No Part","3","2","4","No Part","No Part","No Part","6"
"Livin' on a Prayer","Bon Jovi","1986","Greatest Hits","Rock","4:22","09/14/2008","3","2","1","4","4","4","2","3","3"
"Rebel Girl","Bikini Kill","1993","Bikini Kill: The Singles","Punk","2:34","09/14/2008","1","No Part","0","1","2","No Part","No Part","No Part","0"
"Spoonman","Soundgarden","1994","Superunknown","Grunge","4:13","09/14/2008","5","5","5","6","5","5","No Part","No Part","6"
"Welcome to the Neighborhood","Libyans","2008","Welcome to the Neighborhood 7","Punk","2:22","09/14/2008","3","No Part","4","3","3","No Part","No Part","No Part","2"
"Shoulder to the Plow","Breaking Wheel","2008","Breaking Wheel","Metal","4:54","09/14/2008","6","No Part","6","1","6","No Part","No Part","No Part","6"
"Rob the Prez-O-Dent","That Handsome Devil","2008","A City Dressed in Dynamite","Rock","3:03","09/14/2008","4","No Part","5","3","5","No Part","No Part","No Part","6"
"Visions","Abnormality","2007","Abnormality Demo","Metal","3:00","09/14/2008","6","No Part","6","1","6","No Part","No Part","No Part","6"
"Supreme Girl","The Sterns","2006","Sinners Stick Together","Pop-Rock","2:37","09/14/2008","4","No Part","4","3","3","No Part","No Part","No Part","6"
"Aqualung","Jethro Tull","1971","Aqualung","Prog","6:38","09/14/2008","4","No Part","5","4","5","No Part","No Part","No Part","6"
"Bad Reputation","Joan Jett","1980","Joan Jett","Punk","2:46","09/14/2008","3","No Part","5","3","3","No Part","No Part","No Part","6"
"Alabama Getaway","The Grateful Dead","1980","Go to Heaven","Classic Rock","3:43","09/14/2008","5","No Part","4","4","2","No Part","No Part","No Part","5"
"Alex Chilton","The Replacements","1987","Pleased To Meet Me","Punk","3:23","09/14/2008","4","No Part","4","2","4","No Part","No Part","No Part","5"
"Ace of Spades '08","Motörhead","1980","Ace of Spades '08","Metal","2:54","09/14/2008","5","No Part","5","3","6","No Part","No Part","No Part","6"
"American Woman","The Guess Who","1970","American Woman","Classic Rock","4:00","09/14/2008","1","No Part","4","3","2","No Part","No Part","No Part","3"
"Alive","Pearl Jam","1991","Ten","Grunge","5:48","09/14/2008","4","No Part","4","3","3","No Part","No Part","No Part","5"
"Spirit in the Sky","Norman Greenbaum","1969","Spirit in the Sky","Classic Rock","4:17","09/14/2008","2","No Part","2","0","1","No Part","No Part","No Part","1"
"So What'cha Want","Beastie Boys","1992","Check Your Head","Hip-Hop/Rap","3:40","09/14/2008","1","No Part","1","3","0","No Part","No Part","No Part","0"
"Souls of Black","Testament","1990","Souls of Black","Metal","3:39","09/14/2008","6","No Part","5","4","6","No Part","No Part","No Part","6"
"Almost Easy","Avenged Sevenfold","2007","Avenged Sevenfold","Metal","3:59","09/14/2008","5","No Part","5","4","5","No Part","No Part","No Part","6"
"We Got the Beat","Go-Go's","1981","Beauty and the Beat","Pop-Rock","2:39","09/14/2008","0","No Part","3","1","3","No Part","No Part","No Part","1"
"Today","Smashing Pumpkins","1993","Siamese Dream","Alternative","3:29","09/14/2008","0","No Part","3","1","3","No Part","No Part","No Part","1"
"Uncontrollable Urge","Devo","1978","Devo Rock Band Re-Records","New Wave","3:16","09/14/2008","5","No Part","4","5","5","No Part","No Part","No Part","6"
"A Jagged Gorgeous Winter","The Main Drag","2008","Yours As Fast As Mine","Indie Rock","3:58","09/14/2008","3","No Part","4","2","3","No Part","No Part","No Part","4"
"Conventional Lover","Speck","2007","Working as Intended","Pop-Rock","3:30","09/14/2008","2","No Part","3","2","3","No Part","No Part","No Part","2"
"White Wedding (Part 1)","Billy Idol","1982","Billy Idol","Rock","4:17","09/14/2008","2","No Part","2","4","4","No Part","No Part","No Part","2"
"You Oughta Know","Alanis Morissette","1995","Jagged Little Pill","Alternative","4:13","09/14/2008","3","No Part","3","4","5","No Part","No Part","No Part","5"
"Get Clean","Anarchy Club","2009","The Art of War","Metal","3:37","09/14/2008","6","No Part","5","4","4","No Part","No Part","No Part","6"
"Night Lies","Bang Camaro","2008","Bang Camaro II","Rock","3:51","09/14/2008","5","No Part","4","2","4","No Part","No Part","No Part","6"
"Psycho Killer","Talking Heads","1977","Talking Heads: 77","New Wave","4:22","09/14/2008","2","No Part","0","5","3","No Part","No Part","No Part","2"
"Shooting Star","Bad Company","1975","Straight Shooter","Classic Rock","6:37","09/14/2008","3","No Part","1","2","3","No Part","No Part","No Part","3"
"Chop Suey","System of a Down","2001","Toxicity","Nu-Metal","3:31","09/14/2008","5","No Part","4","6","6","No Part","No Part","No Part","6"
"Eye of the Tiger","Survivor","1982","Eye of the Tiger","Rock","4:15","09/14/2008","0","No Part","0","2","0","No Part","No Part","No Part","0"
"Feel the Pain","Dinosaur Jr.","1994","Without a Sound","Alternative","4:15","09/14/2008","2","No Part","3","1","4","No Part","No Part","No Part","1"
"Float On","Modest Mouse","2004","Good News for People Who Love Bad News","Indie Rock","3:33","09/14/2008","0","No Part","1","2","0","No Part","No Part","No Part","0"
"The Trees (Vault Edition)","Rush","1978","Hemispheres","Prog","4:50","09/14/2008","5","No Part","6","5","5","No Part","No Part","No Part","6"
"Pump It Up","Elvis Costello","1978","This Year's Model","Rock","3:32","09/14/2008","3","No Part","3","1","2","No Part","No Part","No Part","1"
"Where'd You Go?","The Mighty Mighty Bosstones","1991","Bosstones Rock Band Re-Records","Reggae/Ska","3:17","09/14/2008","4","No Part","2","1","4","No Part","No Part","No Part","5"
"I Was Wrong","Social Distortion","1996","Greatest Hits","Punk","3:58","09/14/2008","1","No Part","0","0","3","No Part","No Part","No Part","0"
"Charlene (I'm Right Behind You)","Stephen and the Colberts","1986","","Pop-Rock","1:20","09/11/2008","2","No Part","0","0","0","No Part","No Part","No Part","0"
"Chiron","All That Remains","2008","Overcome","Metal","4:27","09/09/2008","5","No Part","5","3","2","No Part","No Part","No Part","6"
"This Calling","All That Remains","2006","The Fall of Ideals","Metal","3:40","09/09/2008","5","No Part","6","0","2","No Part","No Part","No Part","6"
"Two Weeks","All That Remains","2008","Overcome","Metal","4:24","09/09/2008","5","No Part","5","1","2","No Part","No Part","No Part","6"
"Shhh....","The Darkest of the Hillside Thickets","2008","The Shadow Out of Tim (Unreleased Track)","Rock","4:26","09/02/2008","1","No Part","4","1","0","No Part","No Part","No Part","1"
"Skullcrusher Mountain","Jonathan Coulton","2004","Where Tradition Meets Tomorrow","Pop-Rock","4:18","09/02/2008","3","No Part","3","1","0","No Part","No Part","No Part","1"
"Livin' at the Corner of Dude & Catastrophe","MC Frontalot feat. Brad Sucks","2007","Secrets from the Future","Hip-Hop/Rap","3:50","09/02/2008","1","No Part","4","1","0","No Part","No Part","No Part","0"
"All Over Again","Locksley","2007","Don't Make Me Wait","Pop-Rock","3:23","08/26/2008","3","No Part","3","2","0","No Part","No Part","No Part","1"
"Don't Make Me Wait","Locksley","2007","Don't Make Me Wait","Pop-Rock","2:40","08/26/2008","3","No Part","5","2","0","No Part","No Part","No Part","2"
"She Does","Locksley","2007","Don't Make Me Wait","Pop-Rock","1:55","08/26/2008","3","No Part","1","2","0","No Part","No Part","No Part","1"
"Get Your Rock On","The Janitors","2008","The American Mall Soundtrack to the Movie","Pop-Rock","2:39","08/19/2008","0","No Part","3","0","1","No Part","No Part","No Part","0"
"Rio","Duran Duran","1982","Rio","New Wave","5:29","08/19/2008","3","No Part","4","1","2","No Part","No Part","No Part","3"
"Girls on Film","Duran Duran","1981","Duran Duran","New Wave","3:36","08/19/2008","1","No Part","5","1","2","No Part","No Part","No Part","2"
"Girl U Want","Devo","1980","Devo Rock Band Re-Records","New Wave","3:01","08/19/2008","0","No Part","2","0","2","No Part","No Part","No Part","0"
"Through Being Cool","Devo","1981","Devo Rock Band Re-Records","New Wave","3:22","08/19/2008","0","No Part","0","0","2","No Part","No Part","No Part","0"
"Runnin' Wild","Airbourne","2007","Runnin' Wild","Rock","3:42","08/12/2008","1","No Part","3","0","1","No Part","No Part","No Part","0"
"Clouds Over California","DevilDriver","2007","The Last Kind Words","Metal","4:20","08/12/2008","5","No Part","5","0","3","No Part","No Part","No Part","3"
"Constant Motion","Dream Theater","2007","Systematic Chaos","Prog","6:59","08/12/2008","5","No Part","5","1","5","No Part","No Part","No Part","6"
"Aesthetics of Hate","Machine Head","2007","The Blackening","Metal","6:01","08/12/2008","5","No Part","6","0","3","No Part","No Part","No Part","5"
"My Curse","Killswitch Engage","2006","As Daylight Dies","Metal","4:12","08/12/2008","4","No Part","3","2","3","No Part","No Part","No Part","2"
"Sleepwalker","Megadeth","2007","United Abominations","Metal","6:04","08/12/2008","6","No Part","6","3","5","No Part","No Part","No Part","6"
"Toxicity","System of a Down","2002","Toxicity","Nu-Metal","3:47","08/05/2008","4","No Part","5","0","3","No Part","No Part","No Part","4"
"Rescue Me","Buckcherry","2008","Black Butterfly","Rock","3:12","08/05/2008","2","No Part","4","0","1","No Part","No Part","No Part","1"
"Face Down in the Dirt","Mötley Crüe","2008","Saints of Los Angeles","Glam","3:49","08/05/2008","1","No Part","4","0","1","No Part","No Part","No Part","1"
"B.Y.O.B.","System of a Down","2005","Mezmerize","Nu-Metal","4:20","08/05/2008","5","No Part","5","1","5","No Part","No Part","No Part","5"
"Life is Beautiful","Sixx:A.M.","2007","The Heroin Diaries","Rock","3:44","08/05/2008","3","No Part","4","2","4","No Part","No Part","No Part","4"
"Yomp","thenewno2","2008","You Are Here","Pop-Rock","3:31","07/29/2008","2","No Part","3","3","2","No Part","No Part","No Part","1"
"This Is It","Staind","2008","The Illusion of Progress","Nu-Metal","3:47","07/29/2008","3","No Part","3","1","1","No Part","No Part","No Part","1"
"Electric Crown","Testament","1992","The Ritual","Metal","5:35","07/29/2008","5","No Part","3","1","2","No Part","No Part","No Part","1"
"They Say","Scars on Broadway","2008","Scars on Broadway","Rock","2:52","07/29/2008","0","No Part","0","0","0","No Part","No Part","No Part","0"
"Last","Nine Inch Nails","1992","Broken","Rock","4:52","07/22/2008","2","No Part","4","0","3","No Part","No Part","No Part","2"
"Devour","Shinedown","2008","The Sound of Madness","Nu-Metal","3:42","07/22/2008","2","No Part","4","0","2","No Part","No Part","No Part","1"
"Burn","Nine Inch Nails","1994","Natural Born Killers (Soundtrack)","Rock","5:09","07/22/2008","2","No Part","5","3","1","No Part","No Part","No Part","2"
"Capital G","Nine Inch Nails","2007","Year Zero","Rock","3:57","07/22/2008","1","No Part","3","0","1","No Part","No Part","No Part","0"
"Junkies for Fame","Shinedown","2008","The Sound of Madness","Nu-Metal","3:30","07/22/2008","2","No Part","4","0","1","No Part","No Part","No Part","1"
"Who Are You","The Who","1978","Who Are You","Classic Rock","5:09","07/15/2008","3","No Part","5","0","1","No Part","No Part","No Part","4"
"Summertime Blues (Live at Leeds)","The Who","1970","Live at Leeds","Classic Rock","3:27","07/15/2008","2","No Part","5","1","3","No Part","No Part","No Part","4"
"Young Man Blues (Live at Leeds)","The Who","1970","Live at Leeds","Classic Rock","5:06","07/15/2008","5","No Part","6","3","3","No Part","No Part","No Part","5"
"My Generation (Live at Leeds)","The Who","1970","Live at Leeds","Classic Rock","4:02","07/15/2008","4","No Part","5","3","2","No Part","No Part","No Part","4"
"Leaving Here","The Who","1965","My Generation (Deluxe Edition)","Classic Rock","2:54","07/15/2008","3","No Part","5","0","1","No Part","No Part","No Part","1"
"Sea and Sand","The Who","1973","Quadrophenia","Classic Rock","5:12","07/15/2008","3","No Part","4","2","3","No Part","No Part","No Part","4"
"Real Good Looking Boy","The Who","2004","Then and Now","Classic Rock","5:43","07/15/2008","2","No Part","4","1","1","No Part","No Part","No Part","1"
"Going Mobile","The Who","1971","Who's Next","Classic Rock","3:43","07/15/2008","4","No Part","5","2","3","No Part","No Part","No Part","4"
"Eminence Front","The Who","1982","It's Hard","Classic Rock","5:40","07/15/2008","3","No Part","0","3","3","No Part","No Part","No Part","1"
"Behind Blue Eyes","The Who","1971","Who's Next","Classic Rock","3:44","07/15/2008","3","No Part","4","1","1","No Part","No Part","No Part","1"
"Amazing Journey","The Who","1969","Tommy","Classic Rock","3:32","07/15/2008","0","No Part","5","0","1","No Part","No Part","No Part","1"
"Baba O'Riley","The Who","1971","Who's Next","Classic Rock","5:11","07/15/2008","2","No Part","4","1","1","No Part","No Part","No Part","1"
"Snow ((Hey Oh))","Red Hot Chili Peppers","2006","Stadium Arcadium","Alternative","5:38","07/08/2008","5","No Part","4","0","3","No Part","No Part","No Part","2"
"Closer to the Heart","Rush","1977","A Farewell to Kings","Prog","3:02","07/08/2008","3","No Part","3","1","2","No Part","No Part","No Part","1"
"Working Man (Vault Edition)","Rush","1974","Rush","Prog","7:16","07/08/2008","4","No Part","4","3","3","No Part","No Part","No Part","5"
"Tell Me Baby","Red Hot Chili Peppers","2006","Stadium Arcadium","Alternative","4:07","07/08/2008","3","No Part","4","1","4","No Part","No Part","No Part","5"
"Down at the Whisky","Mötley Crüe","2008","Saints of Los Angeles","Glam","3:57","07/01/2008","3","No Part","4","0","3","No Part","No Part","No Part","1"
"Promised Land","Vesuvius","2008","The Rocker (Soundtrack)","Rock","3:44","07/01/2008","2","No Part","2","2","2","No Part","No Part","No Part","1"
"Who's Going Home with You Tonight?","Trapt","2008","Only Through the Pain","Nu-Metal","3:29","07/01/2008","2","No Part","4","0","2","No Part","No Part","No Part","1"
"Time Is Running Out","Papa Roach","2006","The Paramour Sessions","Nu-Metal","3:25","07/01/2008","0","No Part","0","1","0","No Part","No Part","No Part","0"
"Silver","Pixies","1989","Doolittle","Alternative","2:33","06/24/2008","2","No Part","0","1","1","No Part","No Part","No Part","1"
"Gouge Away","Pixies","1989","Doolittle","Alternative","2:47","06/24/2008","1","No Part","2","2","1","No Part","No Part","No Part","1"
"Hey","Pixies","1989","Doolittle","Alternative","3:35","06/24/2008","1","No Part","0","3","1","No Part","No Part","No Part","1"
"Tame","Pixies","1989","Doolittle","Alternative","2:01","06/24/2008","1","No Part","3","3","1","No Part","No Part","No Part","1"
"No. 13 Baby","Pixies","1989","Doolittle","Alternative","3:55","06/24/2008","1","No Part","0","2","1","No Part","No Part","No Part","0"
"La La Love You","Pixies","1989","Doolittle","Alternative","2:49","06/24/2008","1","No Part","3","0","1","No Part","No Part","No Part","0"
"Crackity Jones","Pixies","1989","Doolittle","Alternative","1:28","06/24/2008","3","No Part","4","1","3","No Part","No Part","No Part","2"
"Mr. Grieves","Pixies","1989","Doolittle","Alternative","2:14","06/24/2008","2","No Part","2","1","1","No Part","No Part","No Part","0"
"Monkey Gone to Heaven","Pixies","1989","Doolittle","Alternative","3:02","06/24/2008","1","No Part","0","0","1","No Part","No Part","No Part","0"
"Dead","Pixies","1989","Doolittle","Alternative","2:27","06/24/2008","3","No Part","3","2","3","No Part","No Part","No Part","2"
"Here Comes Your Man","Pixies","1989","Doolittle","Alternative","3:28","06/24/2008","1","No Part","0","1","1","No Part","No Part","No Part","0"
"I Bleed","Pixies","1989","Doolittle","Alternative","2:40","06/24/2008","1","No Part","3","3","1","No Part","No Part","No Part","1"
"There Goes My Gun","Pixies","1989","Doolittle","Alternative","1:54","06/24/2008","2","No Part","3","2","1","No Part","No Part","No Part","1"
"Dreamin'","Weezer","2008","Weezer (The Red Album)","Alternative","5:12","06/24/2008","1","No Part","0","0","1","No Part","No Part","No Part","0"
"The Greatest Man That Ever Lived","Weezer","2008","Weezer (The Red Album)","Alternative","5:50","06/24/2008","3","No Part","3","2","2","No Part","No Part","No Part","1"
"Troublemaker","Weezer","2008","Weezer (The Red Album)","Alternative","2:50","06/24/2008","1","No Part","0","0","1","No Part","No Part","No Part","0"
"Debaser","Pixies","1989","Doolittle","Alternative","2:55","06/24/2008","3","No Part","4","0","3","No Part","No Part","No Part","1"
"Critical Acclaim","Avenged Sevenfold","2007","Avenged Sevenfold","Metal","5:14","06/17/2008","4","No Part","5","1","3","No Part","No Part","No Part","5"
"Rock 'n' Roll Dream","Crooked X","2008","Adrenaline","Rock","3:27","06/17/2008","3","No Part","0","2","3","No Part","No Part","No Part","1"
"Afterlife","Avenged Sevenfold","2007","Avenged Sevenfold","Metal","5:55","06/17/2008","5","No Part","5","1","4","No Part","No Part","No Part","5"
"Hammerhead","The Offspring","2008","Rise and Fall, Rage and Grace","Punk","4:36","06/17/2008","3","No Part","5","0","3","No Part","No Part","No Part","3"
"Girls Who Play Guitars","Maxïmo Park","2007","Our Earthly Pleasures","Pop-Rock","3:13","06/10/2008","3","No Part","4","1","3","No Part","No Part","No Part","2"
"Moving to Seattle","The Material","2007","Tomorrow","Alternative","3:23","06/10/2008","2","No Part","4","1","2","No Part","No Part","No Part","3"
"Bullets & Guns","Them Terribles","2007","Rock, Paper, Terribles","Alternative","2:33","06/10/2008","1","No Part","3","2","1","No Part","No Part","No Part","2"
"A Clean Shot","The Myriad","2008","With Arrows, With Poise","Alternative","3:53","06/10/2008","0","No Part","3","0","1","No Part","No Part","No Part","1"
"Indestructible","Disturbed","2008","Indestructible","Nu-Metal","4:35","06/03/2008","4","No Part","5","1","4","No Part","No Part","No Part","5"
"Inside the Fire","Disturbed","2008","Indestructible","Nu-Metal","3:48","06/03/2008","4","No Part","5","1","4","No Part","No Part","No Part","5"
"Cheeseburger in Paradise","Jimmy Buffett","1978","Exclusive 2008 Rock Band Re-Recording","Rock","3:08","06/03/2008","1","No Part","3","0","1","No Part","No Part","No Part","0"
"Perfect Insanity","Disturbed","2008","Indestructible","Nu-Metal","3:55","06/03/2008","5","No Part","5","1","4","No Part","No Part","No Part","5"
"Margaritaville","Jimmy Buffett","1977","Exclusive 2008 Rock Band Re-Recording","Rock","4:20","06/03/2008","1","No Part","3","0","1","No Part","No Part","No Part","1"
"Volcano","Jimmy Buffett","1979","Exclusive 2008 Rock Band Re-Recording","Rock","3:34","06/03/2008","3","No Part","3","0","3","No Part","No Part","No Part","1"
"Don't Cha Stop","The Cars","1978","The Cars","New Wave","3:34","05/27/2008","2","No Part","4","2","2","No Part","No Part","No Part","2"
"You're All I've Got Tonight","The Cars","1978","The Cars","New Wave","4:20","05/27/2008","3","No Part","4","2","3","No Part","No Part","No Part","2"
"Bye Bye Love","The Cars","1978","The Cars","New Wave","4:18","05/27/2008","1","No Part","1","2","1","No Part","No Part","No Part","1"
"Moving in Stereo","The Cars","1978","The Cars","New Wave","5:08","05/27/2008","1","No Part","0","3","1","No Part","No Part","No Part","1"
"All Mixed Up","The Cars","1978","The Cars","New Wave","4:43","05/27/2008","1","No Part","3","2","1","No Part","No Part","No Part","1"
"Just What I Needed","The Cars","1978","The Cars","New Wave","3:45","05/27/2008","2","No Part","1","1","2","No Part","No Part","No Part","1"
"My Best Friend's Girl","The Cars","1978","The Cars","New Wave","3:52","05/27/2008","3","No Part","1","2","3","No Part","No Part","No Part","1"
"Good Times Roll","The Cars","1978","The Cars","New Wave","3:49","05/27/2008","1","No Part","0","2","1","No Part","No Part","No Part","1"
"I'm in Touch with Your World","The Cars","1978","The Cars","New Wave","3:33","05/27/2008","2","No Part","2","3","1","No Part","No Part","No Part","1"
"Beetlebum","Blur","1997","","Alternative","5:10","05/20/2008","0","No Part","0","0","0","No Part","No Part","No Part","0"
"Hysteria","Muse","2003","Absolution","Alternative","3:50","05/20/2008","5","No Part","4","1","5","No Part","No Part","No Part","5"
"Monsoon","Tokio Hotel","2007","Scream","Pop-Rock","4:00","05/20/2008","1","No Part","2","2","1","No Part","No Part","No Part","1"
"Countdown to Insanity","H-Blockx","2007","Open Letter to a Friend","Rock","3:52","05/20/2008","2","No Part","1","3","2","No Part","No Part","No Part","1"
"Hier Kommt Alex","Die Toten Hosen","1988","Ein kleines bisschen Horrorschau","Punk","3:59","05/20/2008","5","No Part","2","3","4","No Part","No Part","No Part","4"
"Manu Chao","Les Wampas","2003","Never trust a guy who after having been a punk, is now playing electro","Punk","2:51","05/20/2008","1","No Part","2","3","1","No Part","No Part","No Part","1"
"New Wave","Pleymo","2002","Episode 2: Medicine Cake","Metal","3:39","05/20/2008","3","No Part","4","3","3","No Part","No Part","No Part","4"
"Rock 'n' Roll Star","Oasis","1994","Definitely Maybe","Rock","6:03","05/20/2008","4","No Part","4","3","2","No Part","No Part","No Part","2"
"Perfekte Welle","Juli","2004","Es ist Juli","Rock","3:16","05/20/2008","3","No Part","3","3","2","No Part","No Part","No Part","2"
"Train in Vain (Stand by Me)","The Clash","1979","London Calling","Punk","3:19","05/13/2008","0","No Part","1","1","0","No Part","No Part","No Part","1"
"Kool Thing","Sonic Youth","1990","Goo","Alternative","4:08","05/13/2008","2","No Part","6","1","2","No Part","No Part","No Part","5"
"Hanging on the Telephone","Blondie","1978","Parallel Lines","New Wave","2:20","05/13/2008","3","No Part","3","0","3","No Part","No Part","No Part","1"
"Date with the Night","Yeah Yeah Yeahs","2003","Fever to Tell","Indie Rock","2:38","05/06/2008","3","No Part","5","1","3","No Part","No Part","No Part","4"
"This Ain't a Scene, It's an Arms Race","Fall Out Boy","2007","Infinity on High","Pop-Rock","3:31","05/06/2008","3","No Part","4","1","3","No Part","No Part","No Part","2"
"It Hurts","Angels & Airwaves","2006","We Don't Need to Whisper","Alternative","4:16","05/06/2008","3","No Part","4","1","3","No Part","No Part","No Part","4"
"Time-Sick Son of a Grizzly Bear","The Mother Hips","2007","Kiss the Crystal Flake","Rock","3:00","04/29/2008","3","No Part","1","0","3","No Part","No Part","No Part","1"
"Zero","Smashing Pumpkins","1995","Mellon Collie and the Infinite Sadness","Alternative","2:43","04/29/2008","4","No Part","2","1","3","No Part","No Part","No Part","3"
"Red Tandy","The Mother Hips","2005","Red Tandy","Rock","5:50","04/29/2008","4","No Part","4","0","3","No Part","No Part","No Part","4"
"Bloodstone","Judas Priest","1982","Screaming for Vengeance","Metal","3:57","04/22/2008","5","No Part","3","1","4","No Part","No Part","No Part","3"
"Screaming For Vengeance","Judas Priest","1982","Screaming for Vengeance","Metal","4:50","04/22/2008","5","No Part","6","2","5","No Part","No Part","No Part","6"
"Pain And Pleasure","Judas Priest","1982","Screaming for Vengeance","Metal","4:20","04/22/2008","3","No Part","1","3","3","No Part","No Part","No Part","4"
"Fever","Judas Priest","1982","Screaming for Vengeance","Metal","5:25","04/22/2008","4","No Part","3","2","3","No Part","No Part","No Part","4"
"You've Got Another Thing Comin'","Judas Priest","1982","Screaming for Vengeance","Metal","5:03","04/22/2008","1","No Part","2","3","1","No Part","No Part","No Part","2"
"The Hellion/Electric Eye","Judas Priest","1982","Screaming for Vengeance","Metal","4:23","04/22/2008","5","No Part","4","1","4","No Part","No Part","No Part","3"
"(Take These) Chains","Judas Priest","1982","Screaming for Vengeance","Metal","3:30","04/22/2008","4","No Part","3","1","3","No Part","No Part","No Part","1"
"Devil's Child","Judas Priest","1982","Screaming for Vengeance","Metal","4:50","04/22/2008","3","No Part","4","2","3","No Part","No Part","No Part","4"
"Riding on the Wind","Judas Priest","1982","Screaming for Vengeance","Metal","3:14","04/22/2008","5","No Part","5","1","4","No Part","No Part","No Part","5"
"Call Me","Blondie","1981","The Best of Blondie","New Wave","3:45","04/15/2008","1","No Part","3","1","1","No Part","No Part","No Part","1"
"Message in a Bottle","The Police","1979","Reggatta de Blanc","Rock","4:52","04/15/2008","3","No Part","5","1","3","No Part","No Part","No Part","4"
"Simple Man","Lynyrd Skynyrd","1973","(pronounced 'leh-'nérd 'skin-'nérd)","Southern Rock","6:28","04/15/2008","1","3","1","2","1","6","No Part","No Part","0"
"Saints of Los Angeles","Mötley Crüe","2008","Saints of Los Angeles","Glam","3:26","04/15/2008","4","No Part","4","1","3","No Part","No Part","No Part","4"
"Sprode","Freezepop","2003","Hi-Five My Remix","Pop/Dance/Electronic","3:21","04/08/2008","2","No Part","4","2","2","No Part","No Part","No Part","1"
"Rock Rebellion","Bang Camaro","2007","Bang Camaro","Rock","4:50","04/08/2008","6","No Part","4","1","5","No Part","No Part","No Part","5"
"Shake","Count Zero","2008","Shake","Rock","4:41","04/08/2008","2","No Part","3","3","2","No Part","No Part","No Part","2"
"Still Alive","GLaDOS","2007","Portal","Novelty","3:00","04/01/2008","2","No Part","2","1","1","No Part","No Part","No Part","1"
"Smokin'","Boston","1976","Boston","Classic Rock","4:24","03/25/2008","5","No Part","4","3","4","No Part","No Part","No Part","5"
"Rock and Roll Band","Boston","1976","Boston","Classic Rock","3:03","03/25/2008","3","No Part","4","3","3","No Part","No Part","No Part","2"
"Peace of Mind","Boston","1976","Boston","Classic Rock","5:31","03/25/2008","3","No Part","4","3","3","No Part","No Part","No Part","3"
"More Than a Feeling","Boston","1976","Boston","Classic Rock","5:09","03/25/2008","3","3","3","3","2","4","No Part","No Part","3"
"Something About You","Boston","1976","Boston","Classic Rock","3:58","03/25/2008","3","No Part","4","3","3","No Part","No Part","No Part","3"
"Hitch A Ride","Boston","1976","Boston","Classic Rock","4:12","03/25/2008","4","No Part","4","3","3","No Part","No Part","No Part","4"
"Blinded By Fear","At the Gates","1995","Slaughter of the Soul","Metal","2:46","03/18/2008","5","No Part","6","1","4","No Part","No Part","No Part","6"
"Thrasher","Evile","2007","Enter the Grave","Metal","3:11","03/18/2008","6","No Part","6","1","5","No Part","No Part","No Part","6"
"D.O.A.","The Haunted","2003","One Kill Wonder","Metal","4:06","03/18/2008","5","No Part","5","0","4","No Part","No Part","No Part","6"
"Crushcrushcrush","Paramore","2007","Riot!","Pop-Rock","3:09","03/11/2008","2","No Part","3","1","1","No Part","No Part","No Part","1"
"Shockwave","Black Tide","2008","Light from Above","Metal","3:36","03/11/2008","5","No Part","3","2","4","No Part","No Part","No Part","5"
"Beethoven's C***","Serj Tankian","2007","Elect The Dead","Nu-Metal","3:18","03/11/2008","3","No Part","4","3","2","No Part","No Part","No Part","3"
"Casey Jones","The Grateful Dead","1970","Workingman's Dead","Classic Rock","4:29","03/04/2008","4","No Part","4","2","4","No Part","No Part","No Part","5"
"China Cat Sunflower","The Grateful Dead","1969","Aoxomoxoa","Classic Rock","3:51","03/04/2008","4","No Part","5","3","4","No Part","No Part","No Part","5"
"Franklin's Tower","The Grateful Dead","1975","Blues for Allah","Classic Rock","4:50","03/04/2008","4","No Part","3","2","4","No Part","No Part","No Part","4"
"I Need A Miracle","The Grateful Dead","1978","Shakedown Street","Classic Rock","4:11","03/04/2008","4","No Part","1","3","3","No Part","No Part","No Part","3"
"Sugar Magnolia","The Grateful Dead","1970","American Beauty","Classic Rock","3:32","03/04/2008","4","No Part","4","3","3","No Part","No Part","No Part","4"
"Truckin'","The Grateful Dead","1970","American Beauty","Classic Rock","5:07","03/04/2008","4","No Part","5","2","3","No Part","No Part","No Part","5"
"The Collector","Nine Inch Nails","2005","With Teeth","Rock","3:11","02/26/2008","2","No Part","4","2","0","No Part","No Part","No Part","2"
"The Perfect Drug","Nine Inch Nails","1997","Lost Highway (Soundtrack)","Rock","5:23","02/26/2008","4","No Part","6","2","1","No Part","No Part","No Part","6"
"March of the Pigs","Nine Inch Nails","1994","The Downward Spiral","Rock","2:55","02/26/2008","4","No Part","5","3","4","No Part","No Part","No Part","6"
"Why Do You Love Me?","Garbage","2005","Bleed Like Me","Alternative","3:58","02/19/2008","3","No Part","4","2","2","No Part","No Part","No Part","3"
"Sex Type Thing","Stone Temple Pilots","1992","Core","Alternative","3:42","02/19/2008","3","No Part","4","2","3","No Part","No Part","No Part","2"
"El Scorcho","Weezer","1996","Pinkerton","Alternative","4:04","02/19/2008","0","No Part","3","0","0","No Part","No Part","No Part","0"
"Teenage Lobotomy","Ramones","1977","Rocket to Russia","Punk","2:07","02/12/2008","3","No Part","4","1","2","No Part","No Part","No Part","1"
"Complete Control","The Clash","1977","The Clash","Punk","3:17","02/12/2008","4","No Part","4","2","3","No Part","No Part","No Part","4"
"Truth Hits Everybody","The Police","1978","Outlandos d'Amour","Rock","2:55","02/12/2008","3","No Part","5","0","3","No Part","No Part","No Part","5"
"Roam","The B-52's","1989","Cosmic Thing","New Wave","5:09","02/05/2008","3","No Part","1","1","2","No Part","No Part","No Part","2"
"Calling Dr. Love","KISS","1976","Rock and Roll Over","Classic Rock","3:32","02/05/2008","3","No Part","3","1","2","No Part","No Part","No Part","3"
"We Care a Lot","Faith No More","1987","Introduce Yourself","Rock","4:09","02/05/2008","2","No Part","3","0","0","No Part","No Part","No Part","0"
"Working Man","Rush","1974","","Prog","7:15","01/29/2008","5","No Part","5","2","4","No Part","No Part","No Part","5"
"Siva","Smashing Pumpkins","1991","Gish","Alternative","4:24","01/29/2008","4","No Part","5","1","3","No Part","No Part","No Part","4"
"Ten Speed (Of God's Blood & Burial)","Coheed and Cambria","2005","","Prog","3:52","01/29/2008","4","No Part","5","3","2","No Part","No Part","No Part","4"
"Live Forever","Oasis","1994","Definitely Maybe","Rock","4:41","01/22/2008","3","No Part","3","2","2","No Part","No Part","No Part","2"
"Wonderwall","Oasis","1995","(What's the Story) Morning Glory?","Rock","4:25","01/22/2008","3","No Part","4","2","2","No Part","No Part","No Part","2"
"Don't Look Back In Anger","Oasis","1995","(What's the Story) Morning Glory?","Rock","4:51","01/22/2008","3","No Part","3","2","2","No Part","No Part","No Part","2"
"All the Small Things","Blink-182","1999","Enema of the State","Punk","2:49","01/15/2008","1","No Part","3","1","1","No Part","No Part","No Part","1"
"Last Train to Clarksville","The Monkees","1966","","Pop-Rock","3:05","01/15/2008","4","No Part","3","3","2","No Part","No Part","No Part","3"
"Action","Sweet","1976","","Glam","3:22","01/15/2008","5","No Part","3","3","3","No Part","No Part","No Part","3"
"The Number of the Beast","Iron Maiden","1982","","Metal","4:30","01/08/2008","6","No Part","4","3","5","No Part","No Part","No Part","5"
"Interstate Love Song","Stone Temple Pilots","1994","Purple","Alternative","3:17","01/08/2008","1","No Part","4","0","1","No Part","No Part","No Part","1"
"Die, All Right!","The Hives","2000","Veni Vidi Vicious","Punk","2:50","01/08/2008","3","No Part","4","3","3","No Part","No Part","No Part","3"
"Limelight","Rush","1981","","Prog","4:23","01/01/2008","3","No Part","4","2","3","No Part","No Part","No Part","4"
"Hard To Handle","The Black Crowes","1990","","Southern Rock","3:19","01/01/2008","4","No Part","3","2","2","No Part","No Part","No Part","2"
"Gimme Three Steps","Lynyrd Skynyrd","1973","(pronounced 'leh-'nérd 'skin-'nérd)","Southern Rock","4:45","01/01/2008","4","No Part","1","1","2","No Part","No Part","No Part","2"
"Move Along","All-American Rejects","2005","Move Along","Emo","3:49","12/25/2007","1","No Part","5","2","1","No Part","No Part","No Part","4"
"Dirty Little Secret","All-American Rejects","2005","Move Along","Emo","3:11","12/25/2007","1","No Part","3","3","1","No Part","No Part","No Part","1"
"Attack","30 Seconds to Mars","2005","A Beautiful Lie","Emo","3:11","12/25/2007","1","No Part","3","3","0","No Part","No Part","No Part","1"
"Song with a Mission","The Sounds","2006","","New Wave","3:00","12/25/2007","2","No Part","3","2","2","No Part","No Part","No Part","1"
"The Kill","30 Seconds to Mars","2005","A Beautiful Lie","Emo","4:08","12/25/2007","1","No Part","3","3","0","No Part","No Part","No Part","1"
"Brass In Pocket","The Pretenders","1980","","New Wave","3:07","12/18/2007","1","No Part","0","0","0","No Part","No Part","No Part","0"
"Buddy Holly","Weezer","1994","Weezer (The Blue Album)","Alternative","2:44","12/18/2007","1","No Part","1","0","1","No Part","No Part","No Part","0"
"My Iron Lung","Radiohead","1994","The Bends","Alternative","4:42","12/18/2007","2","No Part","2","2","1","No Part","No Part","No Part","1"
"Ever Fallen in Love","Buzzcocks","1978","","Punk","2:43","12/11/2007","2","No Part","3","3","2","No Part","No Part","No Part","1"
"I Fought the Law","The Clash","1977","The Clash","Punk","2:41","12/11/2007","1","No Part","3","1","1","No Part","No Part","No Part","1"
"Rockaway Beach","Ramones","1977","Rocket to Russia","Punk","2:07","12/11/2007","1","No Part","2","0","1","No Part","No Part","No Part","0"
"War Pigs","Black Sabbath","1970","","Metal","8:00","12/04/2007","3","No Part","4","3","3","No Part","No Part","No Part","3"
"N.I.B.","Black Sabbath","1970","","Metal","5:26","12/04/2007","3","No Part","3","2","3","No Part","No Part","No Part","2"
"Sweet Leaf","Black Sabbath","1971","","Metal","5:04","12/04/2007","4","No Part","4","3","3","No Part","No Part","No Part","4"
"Heroes","David Bowie","1977","","Glam","6:21","11/27/2007","2","No Part","3","3","2","No Part","No Part","No Part","2"
"Queen Bitch","David Bowie","1971","","Glam","3:10","11/27/2007","2","No Part","3","3","2","No Part","No Part","No Part","2"
"Moonage Daydream","David Bowie","1972","The Rise and Fall of Ziggy Stardust and the Spiders from Mars","Glam","4:44","11/27/2007","2","No Part","3","3","2","No Part","No Part","No Part","2"
"Are You Gonna Be My Girl","Jet","2003","Get Born","Rock","3:35","11/20/2007","4","No Part","4","3","3","No Part","No Part","No Part","5"
"Synchronicity II","The Police","1983","Synchronicity","Rock","4:46","11/20/2007","2","No Part","3","3","2","No Part","No Part","No Part","2"
"Roxanne","The Police","1978","Outlandos d'Amour","Rock","3:00","11/20/2007","0","No Part","1","3","0","No Part","No Part","No Part","0"
"Black Hole Sun","Soundgarden","1994","Superunknown","Grunge","5:33","11/20/2007","3","No Part","3","1","3","No Part","No Part","No Part","1"
"Blitzkrieg Bop","Ramones","1976","Ramones","Punk","2:16","11/20/2007","1","No Part","3","0","1","No Part","No Part","No Part","1"
"Celebrity Skin","Hole","1998","Celebrity Skin","Alternative","2:55","11/20/2007","3","No Part","2","1","3","No Part","No Part","No Part","1"
"Cherub Rock","Smashing Pumpkins","1993","Siamese Dream","Alternative","5:04","11/20/2007","5","No Part","5","2","5","No Part","No Part","No Part","6"
"Learn to Fly","Foo Fighters","1999","There is Nothing Left to Lose","Alternative","3:58","11/20/2007","2","No Part","3","0","2","No Part","No Part","No Part","2"
"Main Offender","The Hives","2000","Veni Vidi Vicious","Punk","2:36","11/20/2007","4","No Part","3","2","3","No Part","No Part","No Part","3"
"Maps","Yeah Yeah Yeahs","2003","Fever to Tell","Indie Rock","3:21","11/20/2007","0","No Part","3","0","0","No Part","No Part","No Part","0"
"Mississippi Queen","Mountain","1971","","Southern Rock","2:46","11/20/2007","0","No Part","2","3","0","No Part","No Part","No Part","0"
"Highway Star","Deep Purple","1972","Machine Head","Prog","6:09","11/20/2007","5","No Part","5","4","5","No Part","No Part","No Part","6"
"In Bloom","Nirvana","1991","Nevermind","Grunge","4:20","11/20/2007","0","No Part","1","0","0","No Part","No Part","No Part","0"
"I Think I'm Paranoid","Garbage","1998","Version 2.0","Alternative","3:41","11/20/2007","1","No Part","0","0","1","No Part","No Part","No Part","0"
"Next to You","The Police","1978","Outlandos d'Amour","Rock","2:42","11/20/2007","5","No Part","6","3","4","No Part","No Part","No Part","6"
"Dani California","Red Hot Chili Peppers","2006","Stadium Arcadium","Alternative","4:45","11/20/2007","4","No Part","4","1","3","No Part","No Part","No Part","5"
"Train Kept A Rollin'","Aerosmith","1974","","Rock","5:39","11/20/2007","5","No Part","5","3","5","No Part","No Part","No Part","5"
"Tom Sawyer","Rush","1981","","Prog","4:52","11/20/2007","5","No Part","6","4","4","No Part","No Part","No Part","6"
"Sabotage","Beastie Boys","1994","Ill Communication","Hip-Hop/Rap","3:00","11/20/2007","2","No Part","4","1","1","No Part","No Part","No Part","1"
"Reptilia","The Strokes","2003","Room on Fire","Rock","3:38","11/20/2007","4","No Part","3","3","3","No Part","No Part","No Part","6"
"The Hand That Feeds","Nine Inch Nails","2005","With Teeth","Rock","3:46","11/20/2007","1","No Part","4","2","1","No Part","No Part","No Part","3"
"Suffragette City","David Bowie","1972","The Rise and Fall of Ziggy Stardust and the Spiders From Mars","Glam","3:26","11/20/2007","3","No Part","3","4","3","No Part","No Part","No Part","4"
"Should I Stay or Should I Go","The Clash","1982","Combat Rock","Punk","3:13","11/20/2007","0","No Part","3","1","0","No Part","No Part","No Part","0"
"Say It Ain't So","Weezer","1994","Weezer (The Blue Album)","Alternative","4:22","11/20/2007","2","No Part","0","0","2","No Part","No Part","No Part","0"
"Timmy & the Lords of the Underworld","Timmy & the Lords of the Underworld","2000","Timmy & The Lords of the Underworld","Novelty","2:07","11/20/2007","5","No Part","5","5","3","No Part","No Part","No Part","6"
"Pleasure (Pleasure)","Bang Camaro","2007","Bang Camaro","Rock","3:40","11/20/2007","6","No Part","2","0","1","No Part","No Part","No Part","5"
"Outside","Tribe","1989","Here at Home","Rock","4:54","11/20/2007","4","No Part","6","3","0","No Part","No Part","No Part","6"
"Time We Had","The Mother Hips","2007","Kiss the Crystal Flake","Rock","3:09","11/20/2007","0","No Part","3","1","1","No Part","No Part","No Part","1"
"Seven","Tijuana Sweetheart","2007","Public Display of Infection","Punk","4:14","11/20/2007","1","No Part","1","3","3","No Part","No Part","No Part","0"
"I Get By","Honest Bob and the Factory-to-Dealer Incentives","2007","Second & Eighteen","Indie Rock","4:21","11/20/2007","4","No Part","4","4","0","No Part","No Part","No Part","6"
"Nightmare","Crooked X","2008","Adrenaline","Rock","4:34","11/20/2007","3","No Part","3","2","3","No Part","No Part","No Part","2"
"I'm So Sick","Flyleaf","2005","Flyleaf","Nu-Metal","3:03","11/20/2007","2","No Part","3","5","1","No Part","No Part","No Part","1"
"Day Late, Dollar Short","The Acro-brats","2006","Go Down Swinging","Rock","3:06","11/20/2007","1","No Part","3","4","2","No Part","No Part","No Part","2"
"3's & 7's","Queens of the Stone Age","2007","Era Vulgaris","Alternative","3:38","11/20/2007","3","No Part","4","1","3","No Part","No Part","No Part","2"
"Little Sister","Queens of the Stone Age","2005","Lullabies to Paralyze","Alternative","2:56","11/20/2007","4","No Part","5","1","3","No Part","No Part","No Part","4"
"Cherry Bomb","The Runaways","1976","","Punk","2:21","11/20/2007","2","No Part","4","0","2","No Part","No Part","No Part","1"
"Sick, Sick, Sick","Queens of the Stone Age","2007","Era Vulgaris","Alternative","3:41","11/20/2007","4","No Part","5","1","3","No Part","No Part","No Part","4"
"Joker & The Thief","Wolfmother","2005","Wolfmother","Rock","4:42","11/20/2007","5","No Part","3","3","5","No Part","No Part","No Part","5"
"Juke Box Hero","Foreigner","1981","","Classic Rock","4:26","11/20/2007","2","No Part","4","2","2","No Part","No Part","No Part","2"
"(Don't Fear) The Reaper","Blue Öyster Cult","1975","Agents of Fortune","Classic Rock","5:22","11/20/2007","4","No Part","5","0","4","No Part","No Part","No Part","6"
"Detroit Rock City","KISS","1976","Destroyer","Classic Rock","4:02","11/20/2007","2","No Part","5","3","2","No Part","No Part","No Part","6"
"Electric Version","The New Pornographers","2003","Electric Version","Indie Rock","2:57","11/20/2007","3","No Part","4","3","3","No Part","No Part","No Part","6"
"Flirtin' with Disaster","Molly Hatchet","1979","Flirtin' With Disaster","Southern Rock","5:02","11/20/2007","5","No Part","6","3","5","No Part","No Part","No Part","6"
"Epic","Faith No More","1990","The Real Thing","Rock","4:58","11/20/2007","4","No Part","3","1","3","No Part","No Part","No Part","3"
"Gimme Shelter","The Rolling Stones","1969","Let It Bleed","Classic Rock","4:35","11/20/2007","3","No Part","1","3","3","No Part","No Part","No Part","1"
"Foreplay/Long Time","Boston","1976","Boston","Classic Rock","8:18","11/20/2007","5","No Part","6","4","4","No Part","No Part","No Part","6"
"Green Grass and High Tides","The Outlaws","1975","","Southern Rock","9:52","11/20/2007","6","No Part","4","3","6","No Part","No Part","No Part","6"
"Go with the Flow","Queens of the Stone Age","2002","Songs for the Deaf","Alternative","3:07","11/20/2007","2","No Part","5","0","2","No Part","No Part","No Part","5"
"Brainpower","Freezepop","2007","Future Future Future Perfect","Pop/Dance/Electronic","2:09","11/20/2007","5","No Part","4","2","4","No Part","No Part","No Part","5"
"29 Fingers","The Konks","2005","The Konks","Rock","2:53","11/20/2007","2","No Part","0","1","3","No Part","No Part","No Part","0"
"Blood Doll","Anarchy Club","2007","A Single Drop of Red","Metal","2:46","11/20/2007","3","No Part","1","3","1","No Part","No Part","No Part","1"
"When You Were Young","The Killers","2006","Sam's Town","Alternative","3:39","11/20/2007","3","No Part","4","2","3","No Part","No Part","No Part","1"
"Vasoline","Stone Temple Pilots","1994","Purple","Alternative","3:00","11/20/2007","5","No Part","4","2","4","No Part","No Part","No Part","6"
"Creep","Radiohead","1993","Pablo Honey","Alternative","3:59","11/20/2007","3","No Part","0","0","2","No Part","No Part","No Part","0"
"Fortunate Son","Creedence Clearwater Revival","1969","","Southern Rock","2:22","11/20/2007","2","No Part","1","1","2","No Part","No Part","No Part","1"
"Bang a Gong","T. Rex","1971","","Glam","4:34","11/20/2007","3","No Part","4","1","3","No Part","No Part","No Part","4"
"My Sharona","The Knack","1979","","Pop-Rock","4:55","11/20/2007","5","4","2","0","3","2","No Part","No Part","2"
"Ballroom Blitz","Sweet","1975","","Glam","4:06","11/20/2007","4","No Part","5","2","4","No Part","No Part","No Part","4"
"Can't Stand Losing You","The Police","1978","Outlandos d'Amour","Rock","3:01","11/20/2007","1","No Part","3","3","1","No Part","No Part","No Part","1"
"Ride the Lightning","Metallica","1984","Ride the Lightning","Metal","6:40","11/20/2007","6","No Part","6","2","5","No Part","No Part","No Part","6"
"Here It Goes Again","OK Go","2003","Oh No","Pop-Rock","3:07","11/20/2007","0","No Part","2","1","0","No Part","No Part","No Part","0"
"Can't Let Go","Death of the Cool","2007","Can't Let Go","Rock","3:54","11/20/2007","5","No Part","4","6","3","No Part","No Part","No Part","5"
"Blackened","Metallica","1988","...And Justice for All","Metal","6:41","11/20/2007","6","No Part","6","3","6","No Part","No Part","No Part","6"
"...And Justice for All","Metallica","1988","...And Justice for All","Metal","9:51","11/20/2007","5","5","5","3","5","6","No Part","No Part","6"
"Orange Crush","R.E.M.","1988","Green","Alternative","3:53","11/20/2007","1","No Part","4","1","1","No Part","No Part","No Part","2"
"Dead on Arrival","Fall Out Boy","2003","Take This to Your Grave","Pop-Rock","3:17","11/20/2007","4","No Part","5","2","4","No Part","No Part","No Part","4"
"Wanted Dead or Alive","Bon Jovi","1986","Greatest Hits","Rock","5:02","11/20/2007","4","5","0","2","4","1","4","4","2"
"Won't Get Fooled Again","The Who","1971","Who's Next","Classic Rock","8:35","11/20/2007","5","No Part","6","3","4","No Part","No Part","No Part","6"
"Wave of Mutilation","Pixies","1989","Doolittle","Alternative","2:07","11/20/2007","1","No Part","1","2","1","No Part","No Part","No Part","0"
"Welcome Home","Coheed and Cambria","2005","Good Apollo, I'm Burning Star IV, Volume One: From Fear Through the Eyes of Madness","Prog","6:37","11/20/2007","5","No Part","4","4","5","No Part","No Part","No Part","5"