,✓,Song,Artist,Year,Release Date,Genre,Gender,Language,Origin,GTAR,BASS,DRUM,KEYS,PKEYS,VOX,HARM,PTAR,PBAS,RB1/2,RB3,RB4,Other,Other Notes,
0,,,,,,,,,,,,,,,,,,,,,,,,
1,FALSE,Train Kept A-Rollin',Aerosmith,1974,Nov 20 2007,Rock,M,English,RB1,♥♥♥♥♥   5,♥♥♥♥♥   5,♥♥♥♥♥   5,X,X,♥♥♥♥♥   3,X,X,X,"RB1, Import 2",Import Only,Import Only,,,
2,FALSE,Sabotage,Beastie Boys,1994,Nov 20 2007,Hip-Hop/Rap,M,English,RB1,♥♥♥♥♥   2,♥♥♥♥♥   1,♥♥♥♥♥   4,X,X,♥♥♥♥♥   1,3,X,X,"RB1, Import 2",Import Only,Yes,"Mobile, iOS",,
3,FALSE,Paranoid,Black Sabbath,1970,Nov 20 2007,Metal,M,English,RB1,♥♥♥♥♥   4,♥♥♥♥♥   4,♥♥♥♥♥   4,X,X,♥♥♥♥♥   0,X,X,X,RB1 Only,No,No,,"Only available in RB1 specifically, tiers were taken from Rock Band Database",
4,FALSE,(Don't Fear) The Reaper,Blue Öyster Cult,1976,Nov 20 2007,Classic Rock,M,English,RB1,♥♥♥♥♥   3,♥♥♥♥♥   4,♥♥♥♥♥   5,X,X,♥♥♥♥♥   0,3,X,X,"RB1, Import 2",Import Only,Yes,,,
5,FALSE,Wanted Dead or Alive,Bon Jovi,1987,Nov 20 2007,Rock,M,English,RB1,♥♥♥♥♥   4,♥♥♥♥♥   4,♥♥♥♥♥   0,♥♥♥♥♥   4,♥♥♥♥♥   4,♥♥♥♥♥   2,2,♥♥♥♥♥   5,♥♥♥♥♥   1,"RB1, Import 2",Yes,Yes,,Has an RB3 Upgrade,
6,FALSE,Foreplay/Long Time,Boston,1976,Nov 20 2007,Classic Rock,M,English,RB1,♥♥♥♥♥   4,♥♥♥♥♥   4,♥♥♥♥♥   6,X,X,♥♥♥♥♥   4,3,X,X,"RB1, Import 2",Import Only,Yes,,,
7,FALSE,Welcome Home,Coheed And Cambria,2005,Nov 20 2007,Prog,M,English,RB1,♥♥♥♥♥   4,♥♥♥♥♥   5,♥♥♥♥♥   4,X,X,♥♥♥♥♥   4,3,X,X,"RB1, Import 2",Import Only,Yes,,,
8,FALSE,Suffragette City,David Bowie,1972,Nov 20 2007,Glam,M,English,RB1,♥♥♥♥♥   3,♥♥♥♥♥   3,♥♥♥♥♥   3,X,X,♥♥♥♥♥   4,3,X,X,"RB1, Import 2",Import Only,Yes,VR,,
9,FALSE,Highway Star,Deep Purple,1972,Nov 20 2007,Prog,M,English,RB1,♥♥♥♥♥   5,♥♥♥♥♥   5,♥♥♥♥♥   5,X,X,♥♥♥♥♥   4,2,X,X,"RB1, Import 2",Import Only,Import Only,,,
10,FALSE,Epic,Faith No More,1989,Nov 20 2007,Rock,M,English,RB1,♥♥♥♥♥   4,♥♥♥♥♥   3,♥♥♥♥♥   3,X,X,♥♥♥♥♥   1,3,X,X,"RB1, Import 2",Import Only,Import Only,,,
11,FALSE,Dead on Arrival,Fall Out Boy,2003,Nov 20 2007,Pop-Rock,M,English,RB1,♥♥♥♥♥   4,♥♥♥♥♥   4,♥♥♥♥♥   5,X,X,♥♥♥♥♥   2,3,X,X,"RB1, Import 2",Import Only,Yes,,,
12,FALSE,Learn to Fly,Foo Fighters,1999,Nov 20 2007,Alternative,M,English,RB1,♥♥♥♥♥   2,♥♥♥♥♥   2,♥♥♥♥♥   3,X,X,♥♥♥♥♥   0,X,X,X,"RB1, Import 2",Import Only,Yes,"Mobile, iOS",,
13,FALSE,I Think I'm Paranoid,Garbage,1998,Nov 20 2007,Alternative,F,English,RB1,♥♥♥♥♥   1,♥♥♥♥♥   1,♥♥♥♥♥   0,X,X,♥♥♥♥♥   0,2,X,X,"RB1, Import 2",Import Only,Import Only,,,
14,FALSE,Celebrity Skin,Hole,1998,Nov 20 2007,Alternative,F,English,RB1,♥♥♥♥♥   3,♥♥♥♥♥   3,♥♥♥♥♥   2,X,X,♥♥♥♥♥   1,3,X,X,"RB1, Import 2",Import Only,Import Only,,,
15,FALSE,Run to the Hills,Iron Maiden,1982,Nov 20 2007,Metal,M,English,RB1,♥♥♥♥♥   6,♥♥♥♥♥   6,♥♥♥♥♥   6,X,X,♥♥♥♥♥   4,X,X,X,RB1 Only,No,No,,"Only available in RB1 specifically, tiers were taken from Rock Band Database, Original Version is available as RB1/2 DLC",
16,FALSE,Are You Gonna Be My Girl,JET,2003,Nov 20 2007,Rock,M,English,RB1,♥♥♥♥♥   3,♥♥♥♥♥   4,♥♥♥♥♥   4,X,X,♥♥♥♥♥   3,X,X,X,"RB1, Import 2",Import Only,Import Only,,,
17,FALSE,Detroit Rock City,Kiss,1976,Nov 20 2007,Classic Rock,M,English,RB1,♥♥♥♥♥   2,♥♥♥♥♥   2,♥♥♥♥♥   5,X,X,♥♥♥♥♥   4,3,X,X,"RB1, Import 2",Import Only,Import Only,,,
18,FALSE,Enter Sandman,Metallica,1991,Nov 20 2007,Metal,M,English,RB1,♥♥♥♥♥   5,♥♥♥♥♥   5,♥♥♥♥♥   5,X,X,♥♥♥♥♥   3,X,X,X,RB1 Only,No,No,,"Only available in RB1 specifically, tiers were taken from Rock Band Database",
19,FALSE,Flirtin' with Disaster,Molly Hatchet,1980,Nov 20 2007,Southern Rock,M,English,RB1,♥♥♥♥♥   5,♥♥♥♥♥   5,♥♥♥♥♥   6,X,X,♥♥♥♥♥   3,X,X,X,"RB1, Import 2",Import Only,Import Only,,,
20,FALSE,Mississippi Queen,Mountain,1970,Nov 20 2007,Southern Rock,M,English,RB1,♥♥♥♥♥   0,♥♥♥♥♥   0,♥♥♥♥♥   2,X,X,♥♥♥♥♥   3,X,X,X,"RB1, Import 2",Import Only,Import Only,,,
21,FALSE,The Hand That Feeds,Nine Inch Nails,2005,Nov 20 2007,Rock,M,English,RB1,♥♥♥♥♥   1,♥♥♥♥♥   1,♥♥♥♥♥   4,X,X,♥♥♥♥♥   2,3,X,X,"RB1, Import 2",Import Only,Yes,,,
22,FALSE,In Bloom,Nirvana,1991,Nov 20 2007,Grunge,M,English,RB1,♥♥♥♥♥   0,♥♥♥♥♥   0,♥♥♥♥♥   1,X,X,♥♥♥♥♥   0,2,X,X,"RB1, Import 2",Import Only,Import Only,Reload,,
23,FALSE,Here It Goes Again,Ok Go,2005,Nov 20 2007,Pop-Rock,M,English,RB1,♥♥♥♥♥   0,♥♥♥♥♥   0,♥♥♥♥♥   2,X,X,♥♥♥♥♥   1,3,X,X,"RB1, Import 2",Import Only,Import Only,iOS-DLC,,
24,FALSE,Wave of Mutilation,Pixies,1989,Nov 20 2007,Alternative,M,English,RB1,♥♥♥♥♥   1,♥♥♥♥♥   1,♥♥♥♥♥   1,X,X,♥♥♥♥♥   2,X,X,X,"RB1, Import 2",Import Only,Import Only,,,
25,FALSE,Go with the Flow,Queens Of The Stoneage,2003,Nov 20 2007,Alternative,M,English,RB1,♥♥♥♥♥   2,♥♥♥♥♥   2,♥♥♥♥♥   5,X,X,♥♥♥♥♥   0,3,X,X,"RB1, Import 2",Import Only,Yes,,,
26,FALSE,Orange Crush,R.E.M.,1988,Nov 20 2007,Alternative,M,English,RB1,♥♥♥♥♥   1,♥♥♥♥♥   1,♥♥♥♥♥   1,X,X,♥♥♥♥♥   4,3,X,X,"RB1, Import 2",Import Only,Import Only,,,
27,FALSE,Creep,Radiohead,1993,Nov 20 2007,Alternative,M,English,RB1,♥♥♥♥♥   3,♥♥♥♥♥   2,♥♥♥♥♥   0,X,X,♥♥♥♥♥   0,X,X,X,"RB1, Import 2",Import Only,Yes,,,
28,FALSE,Blitzkrieg Bop,Ramones,1976,Nov 20 2007,Punk,M,English,RB1,♥♥♥♥♥   1,♥♥♥♥♥   1,♥♥♥♥♥   3,X,X,♥♥♥♥♥   0,3,X,X,"RB1, Import 2",Import Only,Import Only,,,
29,FALSE,Dani California,Red Hot Chili Peppers,2006,Nov 20 2007,Alternative,M,English,RB1,♥♥♥♥♥   4,♥♥♥♥♥   3,♥♥♥♥♥   4,X,X,♥♥♥♥♥   1,3,X,X,"RB1, Import 2",Import Only,Import Only,,,
30,FALSE,Tom Sawyer,Rush,1981,Nov 20 2007,Prog,M,English,RB1,♥♥♥♥♥   5,♥♥♥♥♥   4,♥♥♥♥♥   6,X,X,♥♥♥♥♥   4,X,X,X,"RB1, Import 2",Import Only,Import Only,,Original Version is available as RB1/2 DLC,
31,FALSE,Cherub Rock,Smashing Pumpkins,1993,Nov 20 2007,Alternative,M,English,RB1,♥♥♥♥♥   5,♥♥♥♥♥   5,♥♥♥♥♥   5,X,X,♥♥♥♥♥   2,3,X,X,"RB1, Import 2",Import Only,Yes,"Mobile, iOS",,
32,FALSE,Black Hole Sun,Soundgarden,1994,Nov 20 2007,Grunge,M,English,RB1,♥♥♥♥♥   3,♥♥♥♥♥   3,♥♥♥♥♥   3,X,X,♥♥♥♥♥   1,3,X,X,"RB1, Import 2",Import Only,Import Only,,,
33,FALSE,Vasoline,Stone Temple Pilots,1994,Nov 20 2007,Alternative,M,English,RB1,♥♥♥♥♥   5,♥♥♥♥♥   4,♥♥♥♥♥   4,X,X,♥♥♥♥♥   2,3,X,X,"RB1, Import 2",Import Only,Import Only,,,
34,FALSE,Ballroom Blitz,Sweet,1973,Nov 20 2007,Glam,M,English,RB1,♥♥♥♥♥   4,♥♥♥♥♥   4,♥♥♥♥♥   5,X,X,♥♥♥♥♥   2,3,X,X,"RB1, Import 2",Import Only,Import Only,,,
35,FALSE,Should I Stay or Should I Go,The Clash,1982,Nov 20 2007,Punk,M,English,RB1,♥♥♥♥♥   0,♥♥♥♥♥   0,♥♥♥♥♥   3,X,X,♥♥♥♥♥   1,3,X,X,"RB1, Import 2",Import Only,Import Only,,,
36,FALSE,Main Offender,The Hives,2001,Nov 20 2007,Punk,M,English,RB1,♥♥♥♥♥   4,♥♥♥♥♥   3,♥♥♥♥♥   3,X,X,♥♥♥♥♥   2,3,X,X,"RB1, Import 2",Import Only,Import Only,,,
37,FALSE,When You Were Young,The Killers,2006,Nov 20 2007,Alternative,M,English,RB1,♥♥♥♥♥   3,♥♥♥♥♥   3,♥♥♥♥♥   4,X,X,♥♥♥♥♥   2,3,X,X,"RB1, Import 2",Import Only,Yes,VR,,
38,FALSE,Electric Version,The New Pornographers,2003,Nov 20 2007,Indie Rock,M,English,RB1,♥♥♥♥♥   3,♥♥♥♥♥   3,♥♥♥♥♥   4,X,X,♥♥♥♥♥   3,3,X,X,"RB1, Import 2",Import Only,Import Only,,,
39,FALSE,Green Grass and High Tides,The Outlaws,1975,Nov 20 2007,Southern Rock,M,English,RB1,♥♥♥♥♥   6,♥♥♥♥♥   6,♥♥♥♥♥   4,X,X,♥♥♥♥♥   3,3,X,X,"RB1, Import 2",Import Only,Import Only,,,
40,FALSE,Next to You,The Police,1978,Nov 20 2007,Rock,M,English,RB1,♥♥♥♥♥   5,♥♥♥♥♥   4,♥♥♥♥♥   6,X,X,♥♥♥♥♥   3,3,X,X,"RB1, Import 2",Import Only,Import Only,,,
41,FALSE,Gimme Shelter,The Rolling Stones,1969,Nov 20 2007,Classic Rock,M,English,RB1,♥♥♥♥♥   3,♥♥♥♥♥   3,♥♥♥♥♥   1,X,X,♥♥♥♥♥   3,3,X,X,"RB1, Import 2",Import Only,Import Only,,,
42,FALSE,Reptilia,The Strokes,2003,Nov 20 2007,Rock,M,English,RB1,♥♥♥♥♥   4,♥♥♥♥♥   3,♥♥♥♥♥   3,X,X,♥♥♥♥♥   3,X,X,X,"RB1, Import 2",Import Only,Yes,,,
43,FALSE,Won't Get Fooled Again,The Who,1971,Nov 20 2007,Classic Rock,M,English,RB1,♥♥♥♥♥   5,♥♥♥♥♥   4,♥♥♥♥♥   6,X,X,♥♥♥♥♥   3,2,X,X,"RB1, Import 2",Import Only,Yes,VR,,
44,FALSE,Say It Ain't So,Weezer,1994,Nov 20 2007,Alternative,M,English,RB1,♥♥♥♥♥   2,♥♥♥♥♥   2,♥♥♥♥♥   0,X,X,♥♥♥♥♥   0,2,X,X,"RB1, Import 2",Import Only,Yes,"iOS-DLC, VR",,
45,FALSE,Maps,Yeah Yeah Yeahs,2003,Nov 20 2007,Indie Rock,F,English,RB1,♥♥♥♥♥   0,♥♥♥♥♥   0,♥♥♥♥♥   3,X,X,♥♥♥♥♥   0,X,X,X,"RB1, Import 2",Import Only,Import Only,,,
46,FALSE,Blood Doll,Anarchy Club,2007,Nov 20 2007,Metal,M,English,RB1,♥♥♥♥♥   3,♥♥♥♥♥   3,♥♥♥♥♥   1,X,X,♥♥♥♥♥   3,X,X,X,"RB1, Import 2",Import Only,Yes,"iOS-DLC, ReLd-DLC",,
47,FALSE,Pleasure (Pleasure),Bang Camaro,2007,Nov 20 2007,Rock,M,English,RB1,♥♥♥♥♥   6,♥♥♥♥♥   1,♥♥♥♥♥   2,X,X,♥♥♥♥♥   0,3,X,X,"RB1, Import 2",Import Only,Yes,"iOS-DLC, ReLd-DLC",,
48,FALSE,Nightmare,Crooked X,2008,Nov 20 2007,Rock,M,English,RB1,♥♥♥♥♥   3,♥♥♥♥♥   3,♥♥♥♥♥   3,X,X,♥♥♥♥♥   2,3,X,X,"RB1, Import 2",Import Only,Import Only,,,
49,FALSE,Can't Let Go,Death of the Cool,2007,Nov 20 2007,Rock,M,English,RB1,♥♥♥♥♥   5,♥♥♥♥♥   3,♥♥♥♥♥   4,X,X,♥♥♥♥♥   6,3,X,X,"RB1, Import 2",Import Only,Yes,"iOS-DLC, ReLd-DLC",,
50,FALSE,I'm So Sick,Flyleaf,2005,Nov 20 2007,Nu-Metal,F,English,RB1,♥♥♥♥♥   2,♥♥♥♥♥   1,♥♥♥♥♥   3,X,X,♥♥♥♥♥   5,2,X,X,"RB1, Import 2",Import Only,Import Only,,,
51,FALSE,Brainpower,Freezepop,2007,Nov 20 2007,Pop/Dance/Electronic,F,English,RB1,♥♥♥♥♥   5,♥♥♥♥♥   4,♥♥♥♥♥   4,X,X,♥♥♥♥♥   2,3,X,X,"RB1, Import 2",Import Only,Yes,,,
52,FALSE,I Get By,Honest Bob and the Factory to Dealer Incentives,2007,Nov 20 2007,Indie Rock,M,English,RB1,♥♥♥♥♥   4,♥♥♥♥♥   0,♥♥♥♥♥   4,X,X,♥♥♥♥♥   4,3,X,X,"RB1, Import 2",Import Only,Yes,"iOS-DLC, ReLd-DLC",,
53,FALSE,"Day Late, Dollar Short",The Acro-Brats,2006,Nov 20 2007,Rock,M,English,RB1,♥♥♥♥♥   1,♥♥♥♥♥   2,♥♥♥♥♥   3,X,X,♥♥♥♥♥   4,2,X,X,"RB1, Import 2",Import Only,Yes,ReLd-DLC,,
54,FALSE,29 Fingers,The Konks,2005,Nov 20 2007,Rock,M,English,RB1,♥♥♥♥♥   2,♥♥♥♥♥   3,♥♥♥♥♥   0,X,X,♥♥♥♥♥   1,3,X,X,"RB1, Import 2",Import Only,Import Only,,,
55,FALSE,Time We Had,The Mother Hips,2007,Nov 20 2007,Rock,M,English,RB1,♥♥♥♥♥   0,♥♥♥♥♥   1,♥♥♥♥♥   3,X,X,♥♥♥♥♥   1,2,X,X,"RB1, Import 2",Import Only,Import Only,,,
56,FALSE,Seven,Tijuana Sweetheart,2000,Nov 20 2007,Punk,F,English,RB1,♥♥♥♥♥   1,♥♥♥♥♥   3,♥♥♥♥♥   1,X,X,♥♥♥♥♥   3,2,X,X,"RB1, Import 2",Import Only,Yes,ReLd-DLC,"The artist was initally labelled as VAGIANT, this was changed in RB4",
57,FALSE,Timmy and the Lords of the Underworld,Timmy and the Lords of the Underworld,2000,Nov 20 2007,Novelty,M,English,RB1,♥♥♥♥♥   5,♥♥♥♥♥   3,♥♥♥♥♥   5,X,X,♥♥♥♥♥   5,3,X,X,"RB1, Import 2",Import Only,Import Only,,,
58,FALSE,Outside,Tribe,1989,Nov 20 2007,Rock,F,English,RB1,♥♥♥♥♥   4,♥♥♥♥♥   0,♥♥♥♥♥   6,X,X,♥♥♥♥♥   3,3,X,X,"RB1, Import 2",Import Only,Yes,ReLd-DLC,,
59,FALSE,Dirty Little Secret,All-American Rejects,2005,Dec 25 2007,Emo,M,English,DLC1/2,♥♥♥♥♥   1,♥♥♥♥♥   1,♥♥♥♥♥   3,X,X,♥♥♥♥♥   3,3,X,X,Yes,Yes,Yes,ReLd-DLC,Wii Bonus Song For RB1,
60,FALSE,Don't Look Back in Anger,Oasis,1995,Jan 22 2008,Rock,M,English,DLC1/2,♥♥♥♥♥   3,♥♥♥♥♥   2,♥♥♥♥♥   3,X,X,♥♥♥♥♥   2,2,X,X,Yes,Yes,Yes,,Wii Bonus Song For RB1,
61,FALSE,Roam,The B-52's,1989,Feb 5 2008,New Wave,F,English,DLC1/2,♥♥♥♥♥   3,♥♥♥♥♥   2,♥♥♥♥♥   1,X,X,♥♥♥♥♥   1,3,X,X,Yes,Yes,Yes,,Wii Bonus Song For RB1,
62,FALSE,Rockaway Beach,Ramones,1977,Dec 11 2007,Punk,M,English,DLC1/2,♥♥♥♥♥   1,♥♥♥♥♥   1,♥♥♥♥♥   2,X,X,♥♥♥♥♥   0,3,X,X,Yes,Yes,Yes,,Wii Bonus Song For RB1,
63,FALSE,Roxanne,The Police,1978,Nov 20 2007,Rock,M,English,DLC1/2,♥♥♥♥♥   0,♥♥♥♥♥   0,♥♥♥♥♥   1,X,X,♥♥♥♥♥   3,3,X,X,Yes,Yes,Yes,iOS-DLC,Wii Bonus Song For RB1,
64,FALSE,Beetlebum,Blur,1997,May 20 2008,Alternative,M,English,DLC1/2,♥♥♥♥♥   0,♥♥♥♥♥   0,♥♥♥♥♥   0,X,X,♥♥♥♥♥   0,3,X,X,Yes,Yes,Yes,,European Bonus Song For RB1,
65,FALSE,Countdown to Insanity,H-Blockx,2007,May 20 2008,Rock,M,English,DLC1/2,♥♥♥♥♥   2,♥♥♥♥♥   2,♥♥♥♥♥   1,X,X,♥♥♥♥♥   3,3,X,X,Yes,Yes,Yes,,"DELISTED, European Bonus Song For RB1",
66,FALSE,Hier Kommt Alex,Die Toten Hosen,1988,May 20 2008,Punk,M,German,DLC1/2,♥♥♥♥♥   5,♥♥♥♥♥   4,♥♥♥♥♥   2,X,X,♥♥♥♥♥   3,X,X,X,Yes,No,Yes,,"DELISTED, European Bonus Song For RB1",
67,FALSE,Hysteria,Muse,2003,May 20 2008,Alternative,M,English,DLC1/2,♥♥♥♥♥   5,♥♥♥♥♥   5,♥♥♥♥♥   4,X,X,♥♥♥♥♥   1,3,X,X,Yes,Yes,Yes,Unplug-DLC,European Bonus Song For RB1,
68,FALSE,Manu Chao,Les Wampas,2003,May 20 2008,Punk,M,French,DLC1/2,♥♥♥♥♥   1,♥♥♥♥♥   1,♥♥♥♥♥   2,X,X,♥♥♥♥♥   3,2,X,X,Yes,Yes,Yes,,"DELISTED, European Bonus Song For RB1",
69,FALSE,Monsoon,Tokio Hotel,2007,May 20 2008,Pop-Rock,M,English,DLC1/2,♥♥♥♥♥   1,♥♥♥♥♥   1,♥♥♥♥♥   2,X,X,♥♥♥♥♥   2,3,X,X,Yes,Yes,Yes,,"DELISTED, European Bonus Song For RB1",
70,FALSE,New Wave,Pleymo,2002,May 20 2008,Metal,M,French,DLC1/2,♥♥♥♥♥   3,♥♥♥♥♥   3,♥♥♥♥♥   4,X,X,♥♥♥♥♥   3,3,X,X,Yes,Yes,Yes,,European Bonus Song For RB1,
71,FALSE,Perfekte Welle,Juli,2004,May 20 2008,Rock,F,German,DLC1/2,♥♥♥♥♥   3,♥♥♥♥♥   2,♥♥♥♥♥   3,X,X,♥♥♥♥♥   3,3,X,X,Yes,Yes,Yes,,European Bonus Song For RB1,
72,FALSE,Rock 'n' Roll Star,Oasis,1994,May 20 2008,Rock,M,English,DLC1/2,♥♥♥♥♥   4,♥♥♥♥♥   2,♥♥♥♥♥   4,X,X,♥♥♥♥♥   3,2,X,X,Yes,No,Yes,,European Bonus Song For RB1,
73,FALSE,Visions,Abnormality,2007,Sep 14 2008,Metal,F,English,RB2,♥♥♥♥♥   6,♥♥♥♥♥   6,♥♥♥♥♥   6,X,X,♥♥♥♥♥   1,X,X,X,RB2 Only,PS3/Xbox,Yes,,DELISTED,
74,FALSE,Let There Be Rock,AC/DC,1977,Sep 14 2008,Rock,M,English,RB2,♥♥♥♥♥   5,♥♥♥♥♥   1,♥♥♥♥♥   2,X,X,♥♥♥♥♥   4,X,X,X,RB2 Only,No,No,,"Only available in RB2 specifically, Live Version Available In ACDC TP",
75,FALSE,Girl's Not Grey,AFI,2003,Sep 14 2008,Emo,M,English,RB2,♥♥♥♥♥   4,♥♥♥♥♥   4,♥♥♥♥♥   4,X,X,♥♥♥♥♥   3,3,X,X,RB2 Only,Import Only,Import Only,"Mobile, iOS",,
76,FALSE,You Oughta Know,Alanis Morissette,1995,Sep 14 2008,Alternative,F,English,RB2,♥♥♥♥♥   3,♥♥♥♥♥   5,♥♥♥♥♥   3,X,X,♥♥♥♥♥   4,X,X,X,RB2 Only,Import Only,Yes,,,
77,FALSE,Man in the Box,Alice in Chains,1991,Sep 14 2008,Grunge,M,English,RB2,♥♥♥♥♥   2,♥♥♥♥♥   1,♥♥♥♥♥   1,X,X,♥♥♥♥♥   0,3,X,X,RB2 Only,Import Only,Yes,VR,,
78,FALSE,Get Clean,Anarchy Club,2009,Sep 14 2008,Metal,M,English,RB2,♥♥♥♥♥   6,♥♥♥♥♥   4,♥♥♥♥♥   5,X,X,♥♥♥♥♥   4,3,X,X,RB2 Only,PS3/Xbox,Yes,"iOS-DLC, ReLd-DLC","Delisted for RB3, still available in RB4",
79,FALSE,Almost Easy,Avenged Sevenfold,2007,Sep 14 2008,Metal,M,English,RB2,♥♥♥♥♥   5,♥♥♥♥♥   5,♥♥♥♥♥   5,X,X,♥♥♥♥♥   4,3,X,X,RB2 Only,Import Only,Import Only,,,
80,FALSE,Shooting Star,Bad Company,1975,Sep 14 2008,Classic Rock,M,English,RB2,♥♥♥♥♥   3,♥♥♥♥♥   3,♥♥♥♥♥   1,X,X,♥♥♥♥♥   2,3,X,X,RB2 Only,Import Only,Import Only,,,
81,FALSE,Night Lies,Bang Camaro,2008,Sep 14 2008,Rock,M,English,RB2,♥♥♥♥♥   5,♥♥♥♥♥   4,♥♥♥♥♥   4,X,X,♥♥♥♥♥   2,3,X,X,RB2 Only,PS3/Xbox,Yes,"iOS-DLC, ReLd-DLC","Delisted for RB3, still available in RB4",
82,FALSE,So What'cha Want,Beastie Boys,1992,Sep 14 2008,Hip-Hop/Rap,M,English,RB2,♥♥♥♥♥   1,♥♥♥♥♥   0,♥♥♥♥♥   1,X,X,♥♥♥♥♥   3,3,X,X,RB2 Only,Import Only,Yes,Reload,,
83,FALSE,E-Pro,Beck,2005,Sep 14 2008,Alternative,M,English,RB2,♥♥♥♥♥   2,♥♥♥♥♥   1,♥♥♥♥♥   3,X,X,♥♥♥♥♥   2,3,X,X,RB2 Only,Import Only,Import Only,,,
84,FALSE,Rebel Girl,Bikini Kill,1993,Sep 14 2008,Punk,F,English,RB2,♥♥♥♥♥   1,♥♥♥♥♥   2,♥♥♥♥♥   0,X,X,♥♥♥♥♥   1,3,X,X,RB2 Only,Import Only,Import Only,,,
85,FALSE,White Wedding (Part 1),Billy Idol,1982,Sep 14 2008,Rock,M,English,RB2,♥♥♥♥♥   2,♥♥♥♥♥   4,♥♥♥♥♥   2,X,X,♥♥♥♥♥   4,3,X,X,RB2 Only,Import Only,Yes,"Unplugged, Reload",,
86,FALSE,One Way or Another,Blondie,1978,Sep 14 2008,New Wave,F,English,RB2,♥♥♥♥♥   4,♥♥♥♥♥   3,♥♥♥♥♥   3,X,X,♥♥♥♥♥   3,3,X,X,RB2 Only,Import Only,Yes,VR,,
87,FALSE,Tangled Up in Blue,Bob Dylan,1975,Sep 14 2008,Classic Rock,M,English,RB2,♥♥♥♥♥   4,♥♥♥♥♥   1,♥♥♥♥♥   2,X,X,♥♥♥♥♥   6,X,X,X,RB2 Only,Import Only,Import Only,,,
88,FALSE,Livin' on a Prayer,Bon Jovi,1986,Sep 14 2008,Rock,M,English,RB2,♥♥♥♥♥   3,♥♥♥♥♥   4,♥♥♥♥♥   1,♥♥♥♥♥   2,♥♥♥♥♥   3,♥♥♥♥♥   4,3,♥♥♥♥♥   2,♥♥♥♥♥   4,RB2 Only,Yes,Yes,"Unplugged, VR",Has an RB3 Upgrade,
89,FALSE,Shoulder to the Plow,Breaking Wheel,2008,Sep 14 2008,Metal,M,English,RB2,♥♥♥♥♥   6,♥♥♥♥♥   6,♥♥♥♥♥   6,X,X,♥♥♥♥♥   1,3,X,X,RB2 Only,PS3/Xbox,Yes,,"Delisted for RB3, still available in RB4",
90,FALSE,Hello There,Cheap Trick,1977,Sep 14 2008,Pop-Rock,M,English,RB2,♥♥♥♥♥   1,♥♥♥♥♥   3,♥♥♥♥♥   1,X,X,♥♥♥♥♥   0,2,X,X,RB2 Only,Import Only,Yes,,,
91,FALSE,Uncontrollable Urge,Devo,1978,Sep 14 2008,New Wave,M,English,RB2,♥♥♥♥♥   5,♥♥♥♥♥   5,♥♥♥♥♥   4,X,X,♥♥♥♥♥   5,3,X,X,RB2 Only,Import Only,Import Only,,,
92,FALSE,Feel the Pain,Dinosaur Jr.,1994,Sep 14 2008,Alternative,M,English,RB2,♥♥♥♥♥   2,♥♥♥♥♥   4,♥♥♥♥♥   3,X,X,♥♥♥♥♥   1,3,X,X,RB2 Only,Import Only,Import Only,,,
93,FALSE,Down with the Sickness,Disturbed,2000,Sep 14 2008,Nu-Metal,M,English,RB2,♥♥♥♥♥   4,♥♥♥♥♥   4,♥♥♥♥♥   4,X,X,♥♥♥♥♥   5,X,X,X,RB2 Only,Import Only,Yes,VR,,
94,FALSE,Panic Attack,Dream Theater,2005,Sep 14 2008,Prog,M,English,RB2,♥♥♥♥♥   6,♥♥♥♥♥   6,♥♥♥♥♥   6,X,X,♥♥♥♥♥   5,3,X,X,RB2 Only,Import Only,Import Only,,,
95,FALSE,Hungry Like the Wolf,Duran Duran,1982,Sep 14 2008,New Wave,M,English,RB2,♥♥♥♥♥   0,♥♥♥♥♥   2,♥♥♥♥♥   0,X,X,♥♥♥♥♥   0,2,X,X,RB2 Only,Import Only,Yes,Reload,,
96,FALSE,Pump It Up,Elvis Costello,1978,Sep 14 2008,Rock,M,English,RB2,♥♥♥♥♥   3,♥♥♥♥♥   2,♥♥♥♥♥   3,X,X,♥♥♥♥♥   1,3,X,X,RB2 Only,Import Only,Import Only,,,
97,FALSE,Go Your Own Way,Fleetwood Mac,1977,Sep 14 2008,Classic Rock,M,English,RB2,♥♥♥♥♥   3,♥♥♥♥♥   3,♥♥♥♥♥   2,X,X,♥♥♥♥♥   3,3,X,X,RB2 Only,Import Only,Yes,VR,,
98,FALSE,Everlong,Foo Fighters,1997,Sep 14 2008,Alternative,M,English,RB2,♥♥♥♥♥   4,♥♥♥♥♥   4,♥♥♥♥♥   6,X,X,♥♥♥♥♥   2,2,X,X,RB2 Only,Import Only,Yes,"Unplugged, Mobile, iOS, VR",,
99,FALSE,We Got The Beat,Go-Go's,1981,Sep 14 2008,Pop-Rock,F,English,RB2,♥♥♥♥♥   0,♥♥♥♥♥   3,♥♥♥♥♥   3,X,X,♥♥♥♥♥   1,3,X,X,RB2 Only,Import Only,Yes,"Mobile, iOS, VR",,
100,FALSE,Shackler's Revenge,Guns N' Roses,2008,Sep 14 2008,Rock,M,English,RB2,♥♥♥♥♥   5,♥♥♥♥♥   4,♥♥♥♥♥   3,X,X,♥♥♥♥♥   2,3,X,X,RB2 Only,Import Only,Import Only,,,
101,FALSE,PDA,Interpol,2002,Sep 14 2008,Indie Rock,M,English,RB2,♥♥♥♥♥   3,♥♥♥♥♥   3,♥♥♥♥♥   4,X,X,♥♥♥♥♥   3,3,X,X,RB2 Only,Import Only,Import Only,,,
102,FALSE,Mountain Song,Jane's Addiction,1988,Sep 14 2008,Alternative,M,English,RB2,♥♥♥♥♥   2,♥♥♥♥♥   4,♥♥♥♥♥   4,X,X,♥♥♥♥♥   4,3,X,X,RB2 Only,Import Only,Import Only,,,
103,FALSE,Aqualung,Jethro Tull,1971,Sep 14 2008,Prog,M,English,RB2,♥♥♥♥♥   4,♥♥♥♥♥   5,♥♥♥♥♥   5,X,X,♥♥♥♥♥   4,X,X,X,RB2 Only,Import Only,Import Only,Unplugged,,
104,FALSE,The Middle,Jimmy Eat World,2001,Sep 14 2008,Pop-Rock,M,English,RB2,♥♥♥♥♥   4,♥♥♥♥♥   3,♥♥♥♥♥   4,X,X,♥♥♥♥♥   3,2,X,X,RB2 Only,Import Only,Yes,"Unplugged, VR",,
105,FALSE,Bad Reputation,Joan Jett,1980,Sep 14 2008,Punk,F,English,RB2,♥♥♥♥♥   3,♥♥♥♥♥   3,♥♥♥♥♥   5,X,X,♥♥♥♥♥   3,3,X,X,RB2 Only,Import Only,Yes,"Mobile, iOS, VR",,
106,FALSE,Any Way You Want It,Journey,1980,Sep 14 2008,Classic Rock,M,English,RB2,♥♥♥♥♥   4,♥♥♥♥♥   4,♥♥♥♥♥   3,X,X,♥♥♥♥♥   5,X,X,X,RB2 Only,No,No,,Only available in RB2 specifically,
107,FALSE,Painkiller,Judas Priest,1990,Sep 14 2008,Metal,M,English,RB2,♥♥♥♥♥   6,♥♥♥♥♥   6,♥♥♥♥♥   6,X,X,♥♥♥♥♥   6,3,X,X,RB2 Only,Import Only,Import Only,Unplugged,,
108,FALSE,Carry On Wayward Son,Kansas,1976,Sep 14 2008,Prog,M,English,RB2,♥♥♥♥♥   5,♥♥♥♥♥   5,♥♥♥♥♥   2,X,X,♥♥♥♥♥   5,3,X,X,RB2 Only,Import Only,Yes,Unplugged,,
109,FALSE,Pretend We're Dead,L7,1992,Sep 14 2008,Grunge,F,English,RB2,♥♥♥♥♥   0,♥♥♥♥♥   1,♥♥♥♥♥   1,X,X,♥♥♥♥♥   0,2,X,X,RB2 Only,Import Only,Import Only,,,
110,FALSE,Our Truth,Lacuna Coil,2006,Sep 14 2008,Metal,F,English,RB2,♥♥♥♥♥   2,♥♥♥♥♥   5,♥♥♥♥♥   4,X,X,♥♥♥♥♥   5,3,X,X,RB2 Only,Import Only,Import Only,Unplugged,,
111,FALSE,Welcome to the Neighborhood,Libyans,2008,Sep 14 2008,Punk,F,English,RB2,♥♥♥♥♥   3,♥♥♥♥♥   3,♥♥♥♥♥   4,X,X,♥♥♥♥♥   3,X,X,X,RB2 Only,PS3/Xbox,Yes,,DELISTED,
112,FALSE,One Step Closer,Linkin Park,2000,Sep 14 2008,Nu-Metal,M,English,RB2,♥♥♥♥♥   0,♥♥♥♥♥   1,♥♥♥♥♥   4,X,X,♥♥♥♥♥   4,3,X,X,RB2 Only,Import Only,Yes,,,
113,FALSE,My Own Worst Enemy,Lit,1999,Sep 14 2008,Alternative,M,English,RB2,♥♥♥♥♥   0,♥♥♥♥♥   1,♥♥♥♥♥   0,X,X,♥♥♥♥♥   0,2,X,X,RB2 Only,Import Only,Yes,Unplugged,,
114,FALSE,De-Luxe,Lush,1990,Sep 14 2008,Alternative,F,English,RB2,♥♥♥♥♥   3,♥♥♥♥♥   0,♥♥♥♥♥   3,X,X,♥♥♥♥♥   2,2,X,X,RB2 Only,Import Only,Import Only,Unplugged,,
115,FALSE,Colony of Birchmen,Mastodon,2006,Sep 14 2008,Metal,M,English,RB2,♥♥♥♥♥   6,♥♥♥♥♥   5,♥♥♥♥♥   5,X,X,♥♥♥♥♥   5,3,X,X,RB2 Only,Import Only,Import Only,,,
116,FALSE,Peace Sells,Megadeth,1985,Sep 14 2008,Metal,M,English,RB2,♥♥♥♥♥   6,♥♥♥♥♥   6,♥♥♥♥♥   6,X,X,♥♥♥♥♥   2,3,X,X,RB2 Only,Import Only,Yes,Reload,,
117,FALSE,Battery,Metallica,1986,Sep 14 2008,Metal,M,English,RB2,♥♥♥♥♥   6,♥♥♥♥♥   6,♥♥♥♥♥   6,X,X,♥♥♥♥♥   3,X,X,X,RB2 Only,No,No,,Only available in RB2 specifically,
118,FALSE,Float On,Modest Mouse,2004,Sep 14 2008,Indie Rock,M,English,RB2,♥♥♥♥♥   0,♥♥♥♥♥   0,♥♥♥♥♥   1,X,X,♥♥♥♥♥   2,3,X,X,RB2 Only,Import Only,Import Only,Unplugged,,
119,FALSE,Ace of Spades '08,Motörhead,1980,Sep 14 2008,Metal,M,English,RB2,♥♥♥♥♥   5,♥♥♥♥♥   6,♥♥♥♥♥   5,X,X,♥♥♥♥♥   3,X,X,X,RB2 Only,Import Only,Yes,"Unplugged, Mobile, iOS",,
120,FALSE,Drain You,Nirvana,1991,Sep 14 2008,Grunge,M,English,RB2,♥♥♥♥♥   1,♥♥♥♥♥   2,♥♥♥♥♥   2,X,X,♥♥♥♥♥   1,2,X,X,RB2 Only,Import Only,Import Only,Unplugged,,
121,FALSE,Spirit in the Sky,Norman Greenbaum,1969,Sep 14 2008,Classic Rock,M,English,RB2,♥♥♥♥♥   2,♥♥♥♥♥   1,♥♥♥♥♥   2,X,X,♥♥♥♥♥   0,3,X,X,RB2 Only,Import Only,Import Only,,,
122,FALSE,Nine In The Afternoon,Panic! at the Disco,2008,Sep 14 2008,Emo,M,English,RB2,♥♥♥♥♥   1,♥♥♥♥♥   2,♥♥♥♥♥   0,X,X,♥♥♥♥♥   2,3,X,X,RB2 Only,Import Only,Yes,,,
123,FALSE,That's What You Get,Paramore,2007,Sep 14 2008,Pop-Rock,F,English,RB2,♥♥♥♥♥   0,♥♥♥♥♥   0,♥♥♥♥♥   2,X,X,♥♥♥♥♥   3,3,X,X,RB2 Only,Import Only,Yes,,,
124,FALSE,Alive,Pearl Jam,1991,Sep 14 2008,Grunge,M,English,RB2,♥♥♥♥♥   4,♥♥♥♥♥   3,♥♥♥♥♥   4,X,X,♥♥♥♥♥   3,X,X,X,RB2 Only,Import Only,Import Only,"Unplugged, VR",Live Version Available As DLC,
125,FALSE,Lump,Presidents of the United States of America,1995,Sep 14 2008,Grunge,M,English,RB2,♥♥♥♥♥   1,♥♥♥♥♥   4,♥♥♥♥♥   5,X,X,♥♥♥♥♥   0,3,X,X,RB2 Only,Import Only,Import Only,,,
126,FALSE,Testify,Rage Against the Machine,1999,Sep 14 2008,Alternative,M,English,RB2,♥♥♥♥♥   5,♥♥♥♥♥   4,♥♥♥♥♥   4,X,X,♥♥♥♥♥   3,X,X,X,RB2 Only,Import Only,Yes,VR,,
127,FALSE,Round and Round,Ratt,1984,Sep 14 2008,Glam,M,English,RB2,♥♥♥♥♥   5,♥♥♥♥♥   1,♥♥♥♥♥   3,X,X,♥♥♥♥♥   4,3,X,X,RB2 Only,Import Only,Yes,,,
128,FALSE,Give It Away,Red Hot Chili Peppers,1991,Sep 14 2008,Alternative,M,English,RB2,♥♥♥♥♥   3,♥♥♥♥♥   3,♥♥♥♥♥   3,♥♥♥♥♥   2,♥♥♥♥♥   2,♥♥♥♥♥   1,X,♥♥♥♥♥   2,♥♥♥♥♥   4,RB2 Only,Yes,Yes,"Blitz, VR-DLC","Delisted, Has an RB3 Upgrade (Blitz Version),",
129,FALSE,Give It All,Rise Against,2004,Sep 14 2008,Punk,M,English,RB2,♥♥♥♥♥   4,♥♥♥♥♥   4,♥♥♥♥♥   6,X,X,♥♥♥♥♥   4,2,X,X,RB2 Only,Import Only,Import Only,"Mobile, iOS",,
130,FALSE,The Trees (Vault Edition),Rush,1978,Sep 14 2008,Prog,M,English,RB2,♥♥♥♥♥   5,♥♥♥♥♥   5,♥♥♥♥♥   6,X,X,♥♥♥♥♥   5,X,X,X,RB2 Only,Import Only,Import Only,Unplugged,,
131,FALSE,Lazy Eye,Silversun Pickups,2006,Sep 14 2008,Indie Rock,M,English,RB2,♥♥♥♥♥   5,♥♥♥♥♥   2,♥♥♥♥♥   3,X,X,♥♥♥♥♥   0,2,X,X,RB2 Only,Import Only,Import Only,"Mobile, iOS",,
132,FALSE,I Was Wrong,Social Distortion,1996,Sep 14 2008,Punk,M,English,RB2,♥♥♥♥♥   1,♥♥♥♥♥   3,♥♥♥♥♥   0,X,X,♥♥♥♥♥   0,3,X,X,RB2 Only,Import Only,Import Only,"Unplugged, iOS-DLC",,
133,FALSE,Teen Age Riot,Sonic Youth,1988,Sep 14 2008,Alternative,M,English,RB2,♥♥♥♥♥   5,♥♥♥♥♥   3,♥♥♥♥♥   5,X,X,♥♥♥♥♥   1,2,X,X,RB2 Only,Import Only,Import Only,Unplugged,,
134,FALSE,Spoonman,Soundgarden,1994,Sep 14 2008,Grunge,M,English,RB2,♥♥♥♥♥   5,♥♥♥♥♥   5,♥♥♥♥♥   5,X,X,♥♥♥♥♥   6,2,♥♥♥♥♥   5,♥♥♥♥♥   5,RB2 Only,Yes,Yes,"Unplugged, Blitz",Has an RB3 Upgrade (Blitz Version),
135,FALSE,Conventional Lover,Speck,2007,Sep 14 2008,Pop-Rock,M,English,RB2,♥♥♥♥♥   2,♥♥♥♥♥   3,♥♥♥♥♥   3,X,X,♥♥♥♥♥   2,3,X,X,RB2 Only,PS3/Xbox,Yes,,"Delisted for RB3, still available in RB4",
136,FALSE,Cool For Cats,Squeeze,1979,Sep 14 2008,New Wave,M,English,RB2,♥♥♥♥♥   0,♥♥♥♥♥   3,♥♥♥♥♥   1,X,X,♥♥♥♥♥   0,3,X,X,RB2 Only,Import Only,Import Only,,,
137,FALSE,Bodhisattva,Steely Dan,1973,Sep 14 2008,Classic Rock,M,English,RB2,♥♥♥♥♥   6,♥♥♥♥♥   5,♥♥♥♥♥   5,X,X,♥♥♥♥♥   1,3,X,X,RB2 Only,Import Only,Import Only,,,
138,FALSE,Rock'n Me,Steve Miller Band,1976,Sep 14 2008,Classic Rock,M,English,RB2,♥♥♥♥♥   5,♥♥♥♥♥   3,♥♥♥♥♥   2,X,X,♥♥♥♥♥   3,3,X,X,RB2 Only,Import Only,Import Only,Reload,,
139,FALSE,Eye Of The Tiger,Survivor,1982,Sep 14 2008,Rock,M,English,RB2,♥♥♥♥♥   0,♥♥♥♥♥   0,♥♥♥♥♥   0,X,X,♥♥♥♥♥   2,X,X,X,RB2 Only,Import Only,Yes,VR,,
140,FALSE,Chop Suey,System of a Down,2001,Sep 14 2008,Nu-Metal,M,English,RB2,♥♥♥♥♥   5,♥♥♥♥♥   6,♥♥♥♥♥   4,X,X,♥♥♥♥♥   6,2,X,X,RB2 Only,Import Only,Yes,"Unplugged, VR-DLC",,
141,FALSE,Psycho Killer,Talking Heads,1977,Sep 14 2008,New Wave,M,English/French,RB2,♥♥♥♥♥   2,♥♥♥♥♥   3,♥♥♥♥♥   0,X,X,♥♥♥♥♥   5,X,X,X,RB2 Only,Import Only,Import Only,,,
142,FALSE,Master Exploder,Tenacious D,2006,Sep 14 2008,Rock,M,English,RB2,♥♥♥♥♥   6,♥♥♥♥♥   2,♥♥♥♥♥   5,X,X,♥♥♥♥♥   5,2,X,X,RB2 Only,Import Only,Yes,,,
143,FALSE,Souls Of Black,Testament,1990,Sep 14 2008,Metal,M,English,RB2,♥♥♥♥♥   6,♥♥♥♥♥   6,♥♥♥♥♥   5,X,X,♥♥♥♥♥   4,X,X,X,RB2 Only,Import Only,Import Only,,,
144,FALSE,Rob the Prez-O-Dent,That Handsome Devil,2008,Sep 14 2008,Rock,M,English,RB2,♥♥♥♥♥   4,♥♥♥♥♥   5,♥♥♥♥♥   5,X,X,♥♥♥♥♥   3,3,X,X,RB2 Only,PS3/Xbox,Yes,,"Delisted for RB3, still available in RB4",
145,FALSE,Ramblin' Man,The Allman Brothers Band,1973,Sep 14 2008,Southern Rock,M,English,RB2,♥♥♥♥♥   6,♥♥♥♥♥   6,♥♥♥♥♥   5,X,X,♥♥♥♥♥   5,3,X,X,RB2 Only,Import Only,Import Only,,,
146,FALSE,New Kid in School,The Donnas,2007,Sep 14 2008,Rock,F,English,RB2,♥♥♥♥♥   1,♥♥♥♥♥   2,♥♥♥♥♥   0,X,X,♥♥♥♥♥   4,3,X,X,RB2 Only,Import Only,Import Only,,,
147,FALSE,Alabama Getaway,The Grateful Dead,1980,Sep 14 2008,Classic Rock,M,English,RB2,♥♥♥♥♥   5,♥♥♥♥♥   2,♥♥♥♥♥   4,X,X,♥♥♥♥♥   4,3,X,X,RB2 Only,Import Only,Import Only,,,
148,FALSE,American Woman,The Guess Who,1970,Sep 14 2008,Classic Rock,M,English,RB2,♥♥♥♥♥   1,♥♥♥♥♥   2,♥♥♥♥♥   4,X,X,♥♥♥♥♥   3,X,X,X,RB2 Only,Import Only,Import Only,,,
149,FALSE,A Jagged Gorgeous Winter,The Main Drag,2008,Sep 14 2008,Indie Rock,M,English,RB2,♥♥♥♥♥   3,♥♥♥♥♥   3,♥♥♥♥♥   4,X,X,♥♥♥♥♥   2,3,X,X,RB2 Only,PS3/Xbox,Yes,"iOS-DLC, ReLd-DLC","Delisted for RB3, still available in RB4",
150,FALSE,Where'd You Go?,The Mighty Mighty Bosstones,1991,Sep 14 2008,Reggae/Ska,M,English,RB2,♥♥♥♥♥   4,♥♥♥♥♥   4,♥♥♥♥♥   2,X,X,♥♥♥♥♥   1,3,X,X,RB2 Only,Import Only,Import Only,Unplugged,,
151,FALSE,Kids In America,The Muffs,1995,Sep 14 2008,Pop-Rock,F,English,RB2,♥♥♥♥♥   2,♥♥♥♥♥   2,♥♥♥♥♥   5,X,X,♥♥♥♥♥   1,3,X,X,RB2 Only,Import Only,Import Only,,,
152,FALSE,Come Out and Play (Keep 'Em Separated),The Offspring,1994,Sep 14 2008,Punk,M,English,RB2,♥♥♥♥♥   4,♥♥♥♥♥   0,♥♥♥♥♥   3,X,X,♥♥♥♥♥   4,3,X,X,RB2 Only,Import Only,Yes,Unplugged,,
153,FALSE,Alex Chilton,The Replacements,1987,Sep 14 2008,Punk,M,English,RB2,♥♥♥♥♥   4,♥♥♥♥♥   4,♥♥♥♥♥   4,X,X,♥♥♥♥♥   2,3,X,X,RB2 Only,Import Only,Import Only,,,
154,FALSE,Today,The Smashing Pumpkins,1993,Sep 14 2008,Alternative,M,English,RB2,♥♥♥♥♥   0,♥♥♥♥♥   3,♥♥♥♥♥   3,X,X,♥♥♥♥♥   1,2,X,X,RB2 Only,Import Only,Import Only,"Unplugged, iOS-DLC",,
155,FALSE,Supreme Girl,The Sterns,2006,Sep 14 2008,Pop-Rock,M,English,RB2,♥♥♥♥♥   4,♥♥♥♥♥   3,♥♥♥♥♥   4,X,X,♥♥♥♥♥   3,3,X,X,RB2 Only,PS3/Xbox,Yes,,DELISTED,
156,FALSE,Pinball Wizard,The Who,1969,Sep 14 2008,Classic Rock,M,English,RB2,♥♥♥♥♥   4,♥♥♥♥♥   3,♥♥♥♥♥   5,X,X,♥♥♥♥♥   3,3,X,X,RB2 Only,Import Only,Import Only,Unplugged,,
157,FALSE,Aliens Exist,Blink-182,1999,Nov 3 2009,Punk,M,English,LEGO,♥♥♥♥♥   2,♥♥♥♥♥   2,♥♥♥♥♥   5,X,X,♥♥♥♥♥   1,2,X,X,LEGO/Import,Import Only,Yes,,,
158,FALSE,Song 2,Blur,1997,Nov 3 2009,Alternative,M,English,LEGO,♥♥♥♥♥   1,♥♥♥♥♥   0,♥♥♥♥♥   3,X,X,♥♥♥♥♥   0,2,X,X,LEGO/Import,Import Only,Yes,,,
159,FALSE,You Give Love a Bad Name,Bon Jovi,1986,Nov 3 2009,Rock,M,English,LEGO,♥♥♥♥♥   3,♥♥♥♥♥   1,♥♥♥♥♥   1,♥♥♥♥♥   2,♥♥♥♥♥   3,♥♥♥♥♥   2,3,♥♥♥♥♥   3,♥♥♥♥♥   3,LEGO/Import,Yes,Yes,VR-DLC,Has an RB3 Upgrade,
160,FALSE,Thunder,Boys Like Girls,2006,Nov 3 2009,Emo,M,English,LEGO,♥♥♥♥♥   0,♥♥♥♥♥   1,♥♥♥♥♥   0,X,X,♥♥♥♥♥   1,3,X,X,LEGO/Import,Import Only,Import Only,,,
161,FALSE,Summer of '69,Bryan Adams,1984,Nov 3 2009,Rock,M,English,LEGO,♥♥♥♥♥   0,♥♥♥♥♥   1,♥♥♥♥♥   3,X,X,♥♥♥♥♥   2,2,X,X,LEGO/Import,Import Only,Import Only,,,
162,FALSE,Kung Fu Fighting,Carl Douglas,1974,Nov 3 2009,R&B/Soul/Funk,M,English,LEGO,♥♥♥♥♥   5,♥♥♥♥♥   1,♥♥♥♥♥   4,X,X,♥♥♥♥♥   3,3,X,X,LEGO/Import,Import Only,Import Only,,,
163,FALSE,Accidentally in Love,Counting Crows,2004,Nov 3 2009,Rock,M,English,LEGO,♥♥♥♥♥   2,♥♥♥♥♥   1,♥♥♥♥♥   2,X,X,♥♥♥♥♥   2,3,X,X,LEGO/Import,Import Only,Import Only,,,
164,FALSE,Let's Dance,David Bowie,1983,Nov 3 2009,Glam,M,English,LEGO,♥♥♥♥♥   1,♥♥♥♥♥   1,♥♥♥♥♥   2,X,X,♥♥♥♥♥   1,3,X,X,LEGO/Import,Import Only,Import Only,,,
165,FALSE,Crocodile Rock,Elton John,1973,Nov 3 2009,Classic Rock,M,English,LEGO,♥♥♥♥♥   2,♥♥♥♥♥   1,♥♥♥♥♥   2,X,X,♥♥♥♥♥   3,2,X,X,LEGO/Import,Import Only,Import Only,,,
166,FALSE,The Final Countdown,Europe,1986,Nov 3 2009,Glam,M,English,LEGO,♥♥♥♥♥   5,♥♥♥♥♥   2,♥♥♥♥♥   4,X,X,♥♥♥♥♥   2,3,X,X,LEGO/Import,Import Only,Yes,VR,,
167,FALSE,Real Wild Child,Everlife,2007,Nov 3 2009,Pop-Rock,F,English,LEGO,♥♥♥♥♥   4,♥♥♥♥♥   2,♥♥♥♥♥   5,X,X,♥♥♥♥♥   6,3,X,X,LEGO/Import,Import Only,Import Only,,,
168,FALSE,Breakout,Foo Fighters,1999,Nov 3 2009,Alternative,M,English,LEGO,♥♥♥♥♥   2,♥♥♥♥♥   1,♥♥♥♥♥   4,X,X,♥♥♥♥♥   1,2,X,X,LEGO/Import,Import Only,Yes,,,
169,FALSE,Girls & Boys,Good Charlotte,2002,Nov 3 2009,Punk,M,English,LEGO,♥♥♥♥♥   2,♥♥♥♥♥   0,♥♥♥♥♥   2,X,X,♥♥♥♥♥   2,2,X,X,LEGO/Import,Import Only,Import Only,,,
170,FALSE,The Passenger,Iggy Pop,1977,Nov 3 2009,Rock,M,English,LEGO,♥♥♥♥♥   2,♥♥♥♥♥   0,♥♥♥♥♥   3,X,X,♥♥♥♥♥   0,3,X,X,LEGO/Import,Import Only,Import Only,,,
171,FALSE,Dig,Incubus,2006,Nov 3 2009,Alternative,M,English,LEGO,♥♥♥♥♥   2,♥♥♥♥♥   2,♥♥♥♥♥   3,X,X,♥♥♥♥♥   3,3,X,X,LEGO/Import,Import Only,Import Only,,,
172,FALSE,Ruby,Kaiser Chiefs,2007,Nov 3 2009,Indie Rock,M,English,LEGO,♥♥♥♥♥   2,♥♥♥♥♥   1,♥♥♥♥♥   4,X,X,♥♥♥♥♥   1,3,X,X,LEGO/Import,Import Only,Import Only,,,
173,FALSE,Walking on Sunshine,Katrina & the Waves,1985,Nov 3 2009,Pop-Rock,F,English,LEGO,♥♥♥♥♥   2,♥♥♥♥♥   3,♥♥♥♥♥   3,X,X,♥♥♥♥♥   2,2,X,X,LEGO/Import,Import Only,Import Only,,,
174,FALSE,Word Up!,Korn,2004,Nov 3 2009,Nu-Metal,M,English,LEGO,♥♥♥♥♥   2,♥♥♥♥♥   2,♥♥♥♥♥   3,X,X,♥♥♥♥♥   1,3,X,X,LEGO/Import,Import Only,Import Only,,,
175,FALSE,Suddenly I See,KT Tunstall,2004,Nov 3 2009,Rock,F,English,LEGO,♥♥♥♥♥   3,♥♥♥♥♥   1,♥♥♥♥♥   4,X,X,♥♥♥♥♥   3,3,X,X,LEGO/Import,Import Only,Import Only,,,
176,FALSE,Rooftops (A Liberation Broadcast),Lostprophets,2006,Nov 3 2009,Rock,M,English,LEGO,♥♥♥♥♥   2,♥♥♥♥♥   2,♥♥♥♥♥   4,X,X,♥♥♥♥♥   1,3,X,X,LEGO/Import,Import Only,Import Only,,,
177,FALSE,So What,Pink,2008,Nov 3 2009,Pop-Rock,F,English,LEGO,♥♥♥♥♥   2,♥♥♥♥♥   1,♥♥♥♥♥   3,X,X,♥♥♥♥♥   3,3,X,X,LEGO/Import,Import Only,Import Only,,,
178,FALSE,We Are the Champions,Queen,1977,Nov 3 2009,Classic Rock,M,English,LEGO,♥♥♥♥♥   1,♥♥♥♥♥   1,♥♥♥♥♥   0,♥♥♥♥♥   3,♥♥♥♥♥   5,♥♥♥♥♥   3,3,♥♥♥♥♥   2,♥♥♥♥♥   2,LEGO/Import,Yes,Yes,,Has an RB3 Upgrade,
179,FALSE,We Will Rock You,Queen,1977,Nov 3 2009,Classic Rock,M,English,LEGO,♥♥♥♥♥   0,♥♥♥♥♥   0,♥♥♥♥♥   0,X,X,♥♥♥♥♥   3,3,♥♥♥♥♥   1,♥♥♥♥♥   0,LEGO/Import,Yes,Yes,,Has an RB3 Upgrade,
180,FALSE,Life Is a Highway,Rascal Flatts,2006,Nov 3 2009,Country,M,English,LEGO,♥♥♥♥♥   3,♥♥♥♥♥   3,♥♥♥♥♥   3,X,X,♥♥♥♥♥   4,3,X,X,LEGO/Import,Import Only,Import Only,,,
181,FALSE,Ghostbusters,Ray Parker Jr.,1984,Nov 3 2009,Pop/Dance/Electronic,M,English,LEGO,♥♥♥♥♥   3,♥♥♥♥♥   2,♥♥♥♥♥   3,X,X,♥♥♥♥♥   1,3,X,X,LEGO/Import,Import Only,Import Only,,,
182,FALSE,Stumble and Fall,Razorlight,2004,Nov 3 2009,Rock,M,English,LEGO,♥♥♥♥♥   3,♥♥♥♥♥   1,♥♥♥♥♥   4,X,X,♥♥♥♥♥   2,3,X,X,LEGO/Import,Import Only,Import Only,,,
183,FALSE,Two Princes,Spin Doctors,1991,Nov 3 2009,Alternative,M,English,LEGO,♥♥♥♥♥   3,♥♥♥♥♥   4,♥♥♥♥♥   5,X,X,♥♥♥♥♥   3,3,X,X,LEGO/Import,Import Only,Yes,,,
184,FALSE,Short and Sweet,Spinal Tap,2009,Nov 3 2009,Metal,M,English,LEGO,♥♥♥♥♥   4,♥♥♥♥♥   4,♥♥♥♥♥   4,X,X,♥♥♥♥♥   1,X,X,X,LEGO/Import,Import Only,Import Only,,,
185,FALSE,Make Me Smile (Come Up and See Me),Steve Harley & Cockney Rebel,1975,Nov 3 2009,Rock,M,English,LEGO,♥♥♥♥♥   2,♥♥♥♥♥   2,♥♥♥♥♥   3,X,X,♥♥♥♥♥   4,3,X,X,LEGO/Import,Import Only,Import Only,,,
186,FALSE,In Too Deep,Sum 41,2001,Nov 3 2009,Punk,M,English,LEGO,♥♥♥♥♥   4,♥♥♥♥♥   3,♥♥♥♥♥   3,X,X,♥♥♥♥♥   1,3,X,X,LEGO/Import,Import Only,Yes,,,
187,FALSE,Grace,Supergrass,2002,Nov 3 2009,Alternative,M,English,LEGO,♥♥♥♥♥   2,♥♥♥♥♥   2,♥♥♥♥♥   4,X,X,♥♥♥♥♥   1,3,X,X,LEGO/Import,Import Only,Import Only,,,
188,FALSE,Ride a White Swan,T. Rex,1972,Nov 3 2009,Glam,M,English,LEGO,♥♥♥♥♥   3,♥♥♥♥♥   0,♥♥♥♥♥   0,X,X,♥♥♥♥♥   0,3,X,X,LEGO/Import,Import Only,Import Only,,,
189,FALSE,"Swing, Swing",The All-American Rejects,2003,Nov 3 2009,Emo,M,English,LEGO,♥♥♥♥♥   0,♥♥♥♥♥   1,♥♥♥♥♥   1,X,X,♥♥♥♥♥   2,3,X,X,LEGO/Import,Import Only,Yes,,,
190,FALSE,Monster,The Automatic,2006,Nov 3 2009,Alternative,M,English,LEGO,♥♥♥♥♥   3,♥♥♥♥♥   1,♥♥♥♥♥   4,X,X,♥♥♥♥♥   1,3,X,X,LEGO/Import,Import Only,Import Only,,,
191,FALSE,Dreaming of You,The Coral,2002,Nov 3 2009,Indie Rock,M,English,LEGO,♥♥♥♥♥   1,♥♥♥♥♥   2,♥♥♥♥♥   1,X,X,♥♥♥♥♥   1,3,X,X,LEGO/Import,Import Only,Import Only,,,
192,FALSE,Tick Tick Boom,The Hives,2007,Nov 3 2009,Punk,M,English,LEGO,♥♥♥♥♥   2,♥♥♥♥♥   2,♥♥♥♥♥   4,X,X,♥♥♥♥♥   3,3,X,X,LEGO/Import,Import Only,Import Only,,,
193,FALSE,I Want You Back,The Jackson 5,1969,Nov 3 2009,Pop-Rock,M,English,LEGO,♥♥♥♥♥   3,♥♥♥♥♥   3,♥♥♥♥♥   3,X,X,♥♥♥♥♥   5,3,X,X,LEGO/Import,Import Only,Yes,,,
194,FALSE,Fire,The Jimi Hendrix Experience,1967,Nov 3 2009,Classic Rock,M,English,LEGO,♥♥♥♥♥   4,♥♥♥♥♥   3,♥♥♥♥♥   5,X,X,♥♥♥♥♥   4,3,X,X,LEGO/Import,Import Only,Import Only,,Live Version Available As DLC,
195,FALSE,Naïve,The Kooks,2006,Nov 3 2009,Indie Rock,M,English,LEGO,♥♥♥♥♥   3,♥♥♥♥♥   3,♥♥♥♥♥   4,X,X,♥♥♥♥♥   3,3,X,X,LEGO/Import,Import Only,Import Only,,,
196,FALSE,Every Little Thing She Does Is Magic,The Police,1981,Nov 3 2009,Rock,M,English,LEGO,♥♥♥♥♥   2,♥♥♥♥♥   2,♥♥♥♥♥   4,X,X,♥♥♥♥♥   3,3,X,X,LEGO/Import,Import Only,Import Only,,,
197,FALSE,Crash,The Primitives,1988,Nov 3 2009,Pop-Rock,F,English,LEGO,♥♥♥♥♥   2,♥♥♥♥♥   0,♥♥♥♥♥   3,X,X,♥♥♥♥♥   1,3,X,X,LEGO/Import,Import Only,Import Only,,,
198,FALSE,Valerie,The Zutons,2006,Nov 3 2009,Pop-Rock,M,English,LEGO,♥♥♥♥♥   2,♥♥♥♥♥   2,♥♥♥♥♥   3,X,X,♥♥♥♥♥   2,3,X,X,LEGO/Import,Import Only,Import Only,,,
199,FALSE,Free Fallin',Tom Petty,1989,Nov 3 2009,Classic Rock,M,English,LEGO,♥♥♥♥♥   1,♥♥♥♥♥   2,♥♥♥♥♥   0,X,X,♥♥♥♥♥   0,3,X,X,LEGO/Import,Import Only,Import Only,,,
200,FALSE,A-Punk,Vampire Weekend,2008,Nov 3 2009,Indie Rock,M,English,LEGO,♥♥♥♥♥   3,♥♥♥♥♥   3,♥♥♥♥♥   4,X,X,♥♥♥♥♥   1,X,X,X,LEGO/Import,Import Only,Import Only,Reload,,
201,FALSE,Check Yes Juliet,We the Kings,2007,Nov 3 2009,Emo,M,English,LEGO,♥♥♥♥♥   1,♥♥♥♥♥   1,♥♥♥♥♥   3,X,X,♥♥♥♥♥   1,3,X,X,LEGO/Import,Import Only,Yes,,,
202,FALSE,Fortunate Son,Creedence Clearwater Revival,1969,Nov 20 2007,Southern Rock,M,English,DLC1/2,♥♥♥♥♥   2,♥♥♥♥♥   2,♥♥♥♥♥   1,X,X,♥♥♥♥♥   1,X,X,X,Yes,Yes,Yes,,Original Version is available as RB1/2 DLC,
203,FALSE,Juke Box Hero,Foreigner,1981,Nov 20 2007,Classic Rock,M,English,DLC1/2,♥♥♥♥♥   2,♥♥♥♥♥   2,♥♥♥♥♥   4,X,X,♥♥♥♥♥   2,3,X,X,Yes,Yes,Yes,,,
204,FALSE,Bang a Gong,T. Rex,1971,Nov 20 2007,Glam,M,English,DLC1/2,♥♥♥♥♥   3,♥♥♥♥♥   3,♥♥♥♥♥   4,X,X,♥♥♥♥♥   1,3,X,X,Yes,Yes,Yes,,Delisted,
205,FALSE,My Sharona,The Knack,1979,Nov 20 2007,Pop-Rock,M,English,DLC1/2,♥♥♥♥♥   5,♥♥♥♥♥   3,♥♥♥♥♥   2,X,X,♥♥♥♥♥   0,2,♥♥♥♥♥   4,♥♥♥♥♥   2,Yes,Yes,Yes,,,
206,FALSE,Cherry Bomb,The Runaways,1976,Nov 20 2007,Punk,F,English,DLC1/2,♥♥♥♥♥   2,♥♥♥♥♥   2,♥♥♥♥♥   4,X,X,♥♥♥♥♥   0,2,X,X,Yes,Yes,Yes,,,
207,FALSE,Joker & the Thief,Wolfmother,2005,Nov 20 2007,Rock,M,English,DLC1/2,♥♥♥♥♥   5,♥♥♥♥♥   5,♥♥♥♥♥   3,X,X,♥♥♥♥♥   3,3,X,X,Yes,Yes,Yes,"RBTP1, iOS-DLC",,
208,FALSE,Ride the Lightning,Metallica,1984,Nov 20 2007,Metal,M,English,DLC1/2,♥♥♥♥♥   6,♥♥♥♥♥   5,♥♥♥♥♥   6,X,X,♥♥♥♥♥   2,2,X,X,Yes,Yes,Yes,,Delisted,
209,FALSE,Blackened,Metallica,1988,Nov 20 2007,Metal,M,English,DLC1/2,♥♥♥♥♥   6,♥♥♥♥♥   6,♥♥♥♥♥   6,X,X,♥♥♥♥♥   3,2,X,X,Yes,Yes,Yes,,Delisted,
210,FALSE,...And Justice for All,Metallica,1988,Nov 20 2007,Metal,M,English,DLC1/2,♥♥♥♥♥   5,♥♥♥♥♥   5,♥♥♥♥♥   5,X,X,♥♥♥♥♥   3,2,♥♥♥♥♥   5,♥♥♥♥♥   6,Yes,Yes,Yes,,Delisted,
211,FALSE,3's & 7's,Queens of the Stone Age,2007,Nov 20 2007,Alternative,M,English,DLC1/2,♥♥♥♥♥   3,♥♥♥♥♥   3,♥♥♥♥♥   4,X,X,♥♥♥♥♥   1,3,X,X,Yes,Yes,Yes,"MTP, Unplugged",,
212,FALSE,Little Sister,Queens of the Stone Age,2005,Nov 20 2007,Alternative,M,English,DLC1/2,♥♥♥♥♥   4,♥♥♥♥♥   3,♥♥♥♥♥   5,X,X,♥♥♥♥♥   1,2,X,X,Yes,Yes,Yes,RBTP1,,
213,FALSE,"Sick, Sick, Sick",Queens of the Stone Age,2007,Nov 20 2007,Alternative,M,English,DLC1/2,♥♥♥♥♥   4,♥♥♥♥♥   3,♥♥♥♥♥   5,X,X,♥♥♥♥♥   1,3,X,X,Yes,Yes,Yes,,,
214,FALSE,Can't Stand Losing You,The Police,1978,Nov 20 2007,Rock,M,English,DLC1/2,♥♥♥♥♥   1,♥♥♥♥♥   1,♥♥♥♥♥   3,X,X,♥♥♥♥♥   3,3,X,X,Yes,Yes,Yes,CRTP,,
215,FALSE,Synchronicity II,The Police,1983,Nov 20 2007,Rock,M,English,DLC1/2,♥♥♥♥♥   2,♥♥♥♥♥   2,♥♥♥♥♥   3,X,X,♥♥♥♥♥   3,2,X,X,Yes,Yes,Yes,RBTP1,,
216,FALSE,Heroes,David Bowie,1977,Nov 27 2007,Glam,M,English,DLC1/2,♥♥♥♥♥   2,♥♥♥♥♥   2,♥♥♥♥♥   3,X,X,♥♥♥♥♥   3,3,X,X,Yes,Yes,Yes,,,
217,FALSE,Moonage Daydream,David Bowie,1972,Nov 27 2007,Glam,M,English,DLC1/2,♥♥♥♥♥   2,♥♥♥♥♥   2,♥♥♥♥♥   3,X,X,♥♥♥♥♥   3,3,X,X,Yes,Yes,Yes,RBTP1,,
218,FALSE,Queen Bitch,David Bowie,1971,Nov 27 2007,Glam,M,English,DLC1/2,♥♥♥♥♥   2,♥♥♥♥♥   2,♥♥♥♥♥   3,X,X,♥♥♥♥♥   3,2,X,X,Yes,Yes,Yes,,,
219,FALSE,N.I.B.,Black Sabbath,1970,Dec 4 2007,Metal,M,English,DLC1/2,♥♥♥♥♥   3,♥♥♥♥♥   3,♥♥♥♥♥   3,X,X,♥♥♥♥♥   2,X,X,X,Yes,Yes,Yes,,,
220,FALSE,Sweet Leaf,Black Sabbath,1971,Dec 4 2007,Metal,M,English,DLC1/2,♥♥♥♥♥   4,♥♥♥♥♥   3,♥♥♥♥♥   4,X,X,♥♥♥♥♥   3,X,X,X,Yes,Yes,Yes,,,
221,FALSE,War Pigs,Black Sabbath,1970,Dec 4 2007,Metal,M,English,DLC1/2,♥♥♥♥♥   3,♥♥♥♥♥   3,♥♥♥♥♥   4,X,X,♥♥♥♥♥   3,X,X,X,Yes,Yes,Yes,,,
222,FALSE,Ever Fallen in Love,Buzzcocks,1978,Dec 11 2007,Punk,M,English,DLC1/2,♥♥♥♥♥   2,♥♥♥♥♥   2,♥♥♥♥♥   3,X,X,♥♥♥♥♥   3,3,X,X,Yes,Yes,Yes,,,
223,FALSE,I Fought the Law,The Clash,1977,Dec 11 2007,Punk,M,English,DLC1/2,♥♥♥♥♥   1,♥♥♥♥♥   1,♥♥♥♥♥   3,X,X,♥♥♥♥♥   1,3,X,X,Yes,Yes,Yes,,,
224,FALSE,My Iron Lung,Radiohead,1994,Dec 18 2007,Alternative,M,English,DLC1/2,♥♥♥♥♥   2,♥♥♥♥♥   1,♥♥♥♥♥   2,X,X,♥♥♥♥♥   2,2,X,X,Yes,Yes,Yes,Unplug-DLC,,
225,FALSE,Brass in Pocket,The Pretenders,1980,Dec 18 2007,New Wave,F,English,DLC1/2,♥♥♥♥♥   1,♥♥♥♥♥   0,♥♥♥♥♥   0,X,X,♥♥♥♥♥   0,3,X,X,Yes,Yes,Yes,,,
226,FALSE,Buddy Holly,Weezer,1994,Dec 18 2007,Alternative,M,English,DLC1/2,♥♥♥♥♥   1,♥♥♥♥♥   1,♥♥♥♥♥   1,X,X,♥♥♥♥♥   0,3,X,X,Yes,Yes,Yes,"RBTP1, Unplugged, iOS-DLC",,
227,FALSE,Attack,30 Seconds to Mars,2005,Dec 25 2007,Emo,M,English,DLC1/2,♥♥♥♥♥   1,♥♥♥♥♥   0,♥♥♥♥♥   3,X,X,♥♥♥♥♥   3,3,X,X,Yes,Yes,Yes,"Mobile, iOS",,
228,FALSE,The Kill,30 Seconds to Mars,2005,Dec 25 2007,Emo,M,English,DLC1/2,♥♥♥♥♥   1,♥♥♥♥♥   0,♥♥♥♥♥   3,X,X,♥♥♥♥♥   3,3,X,X,Yes,Yes,Yes,"RBTP1, Unplug-DLC, Mobile",,
229,FALSE,Move Along,All-American Rejects,2005,Dec 25 2007,Emo,M,English,DLC1/2,♥♥♥♥♥   1,♥♥♥♥♥   1,♥♥♥♥♥   5,X,X,♥♥♥♥♥   2,3,X,X,Yes,Yes,Yes,"RBTP1, Unplugged, Mobile, iOS",,
230,FALSE,Song with a Mission,The Sounds,2006,Dec 25 2007,New Wave,F,English,DLC1/2,♥♥♥♥♥   2,♥♥♥♥♥   2,♥♥♥♥♥   3,X,X,♥♥♥♥♥   2,3,X,X,Yes,Yes,Yes,,,
231,FALSE,Gimme Three Steps,Lynyrd Skynyrd,1973,Jan 1 2008,Southern Rock,M,English,DLC1/2,♥♥♥♥♥   4,♥♥♥♥♥   2,♥♥♥♥♥   1,X,X,♥♥♥♥♥   1,2,X,X,Yes,Yes,Yes,"RBTP1, Unplug-DLC",,
232,FALSE,Hard to Handle,The Black Crowes,1990,Jan 1 2008,Southern Rock,M,English,DLC1/2,♥♥♥♥♥   4,♥♥♥♥♥   2,♥♥♥♥♥   3,X,X,♥♥♥♥♥   2,X,X,X,Yes,Yes,Yes,,,
233,FALSE,Limelight,Rush,1981,Jan 1 2008,Prog,M,English,DLC1/2,♥♥♥♥♥   3,♥♥♥♥♥   3,♥♥♥♥♥   4,X,X,♥♥♥♥♥   2,X,X,X,PS3/Xbox,PS3/Xbox,Yes,,Original Version is available as RB1/2 DLC,
234,FALSE,"Die, All Right!",The Hives,2000,Jan 8 2008,Punk,M,English,DLC1/2,♥♥♥♥♥   3,♥♥♥♥♥   3,♥♥♥♥♥   4,X,X,♥♥♥♥♥   3,3,X,X,Yes,Yes,Yes,RBTP1,,
235,FALSE,Interstate Love Song,Stone Temple Pilots,1994,Jan 8 2008,Alternative,M,English,DLC1/2,♥♥♥♥♥   1,♥♥♥♥♥   1,♥♥♥♥♥   4,X,X,♥♥♥♥♥   0,3,X,X,Yes,Yes,Yes,RBTP1,,
236,FALSE,The Number of the Beast,Iron Maiden,1982,Jan 8 2008,Metal,M,English,DLC1/2,♥♥♥♥♥   6,♥♥♥♥♥   5,♥♥♥♥♥   4,X,X,♥♥♥♥♥   3,X,X,X,PS3/Xbox,PS3/Xbox,Yes,,Original Version is available as RB1/2 DLC,
237,FALSE,Action,Sweet,1976,Jan 15 2008,Glam,M,English,DLC1/2,♥♥♥♥♥   5,♥♥♥♥♥   3,♥♥♥♥♥   3,X,X,♥♥♥♥♥   3,3,X,X,Yes,Yes,Yes,,,
238,FALSE,Last Train to Clarksville,The Monkees,1966,Jan 15 2008,Pop-Rock,M,English,DLC1/2,♥♥♥♥♥   4,♥♥♥♥♥   2,♥♥♥♥♥   3,X,X,♥♥♥♥♥   3,3,X,X,Yes,Yes,Yes,,,
239,FALSE,All the Small Things,Blink-182,1999,Jan 15 2008,Punk,M,English,DLC1/2,♥♥♥♥♥   1,♥♥♥♥♥   1,♥♥♥♥♥   3,X,X,♥♥♥♥♥   1,3,X,X,Yes,Yes,Yes,"RBTP1, Mobile, iOS",,
240,FALSE,Live Forever,Oasis,1994,Jan 22 2008,Rock,M,English,DLC1/2,♥♥♥♥♥   3,♥♥♥♥♥   2,♥♥♥♥♥   3,X,X,♥♥♥♥♥   2,X,X,X,Yes,Yes,Yes,RBTP1,,
241,FALSE,Wonderwall,Oasis,1995,Jan 22 2008,Rock,M,English,DLC1/2,♥♥♥♥♥   3,♥♥♥♥♥   2,♥♥♥♥♥   4,X,X,♥♥♥♥♥   2,2,X,X,Yes,Yes,Yes,Unplug-DLC,,
242,FALSE,Siva,Smashing Pumpkins,1991,Jan 29 2008,Alternative,M,English,DLC1/2,♥♥♥♥♥   4,♥♥♥♥♥   3,♥♥♥♥♥   5,X,X,♥♥♥♥♥   1,2,X,X,Yes,Yes,Yes,RBTP1,,
243,FALSE,Working Man,Rush,1974,Jan 29 2008,Prog,M,English,DLC1/2,♥♥♥♥♥   5,♥♥♥♥♥   4,♥♥♥♥♥   5,X,X,♥♥♥♥♥   2,X,X,X,PS3/Xbox,PS3/Xbox,Yes,,Vault Version is available as RB1/2 DLC,
244,FALSE,Ten Speed (Of God's Blood and Burial),Coheed and Cambria,2005,Jan 29 2008,Prog,M,English,DLC1/2,♥♥♥♥♥   4,♥♥♥♥♥   2,♥♥♥♥♥   5,X,X,♥♥♥♥♥   3,3,X,X,Yes,Yes,Yes,,,
245,FALSE,We Care a Lot,Faith No More,1987,Feb 5 2008,Rock,M,English,DLC1/2,♥♥♥♥♥   2,♥♥♥♥♥   0,♥♥♥♥♥   3,X,X,♥♥♥♥♥   0,3,X,X,Yes,Yes,Yes,RBTP1,,
246,FALSE,Calling Dr. Love,Kiss,1976,Feb 5 2008,Classic Rock,M,English,DLC1/2,♥♥♥♥♥   3,♥♥♥♥♥   2,♥♥♥♥♥   3,X,X,♥♥♥♥♥   1,3,X,X,Yes,Yes,Yes,RBTP1,,
247,FALSE,Complete Control,The Clash,1977,Feb 11 2008,Punk,M,English,DLC1/2,♥♥♥♥♥   4,♥♥♥♥♥   3,♥♥♥♥♥   4,X,X,♥♥♥♥♥   2,3,X,X,Yes,Yes,Yes,,,
248,FALSE,Truth Hits Everybody,The Police,1978,Feb 11 2008,Rock,M,English,DLC1/2,♥♥♥♥♥   3,♥♥♥♥♥   3,♥♥♥♥♥   5,X,X,♥♥♥♥♥   0,3,X,X,Yes,Yes,Yes,CRTP,,
249,FALSE,Teenage Lobotomy,Ramones,1977,Feb 11 2008,Punk,M,English,DLC1/2,♥♥♥♥♥   3,♥♥♥♥♥   2,♥♥♥♥♥   4,X,X,♥♥♥♥♥   1,2,X,X,Yes,Yes,Yes,RBTP1,,
250,FALSE,Sex Type Thing,Stone Temple Pilots,1992,Feb 19 2008,Alternative,M,English,DLC1/2,♥♥♥♥♥   3,♥♥♥♥♥   3,♥♥♥♥♥   4,X,X,♥♥♥♥♥   2,X,X,X,Yes,Yes,Yes,Unplug-DLC,,
251,FALSE,El Scorcho,Weezer,1996,Feb 19 2008,Alternative,M,English,DLC1/2,♥♥♥♥♥   0,♥♥♥♥♥   0,♥♥♥♥♥   3,X,X,♥♥♥♥♥   0,3,X,X,Yes,Yes,Yes,RBTP2,,
252,FALSE,Why Do You Love Me,Garbage,2005,Feb 19 2008,Alternative,F,English,DLC1/2,♥♥♥♥♥   3,♥♥♥♥♥   2,♥♥♥♥♥   4,X,X,♥♥♥♥♥   2,3,X,X,Yes,Yes,Yes,RBTP2,,
253,FALSE,March of the Pigs,Nine Inch Nails,1994,Feb 26 2008,Rock,M,English,DLC1/2,♥♥♥♥♥   4,♥♥♥♥♥   4,♥♥♥♥♥   5,X,X,♥♥♥♥♥   3,2,X,X,Yes,Yes,Yes,RBTP1,,
254,FALSE,The Collector,Nine Inch Nails,2005,Feb 26 2008,Rock,M,English,DLC1/2,♥♥♥♥♥   2,♥♥♥♥♥   0,♥♥♥♥♥   4,X,X,♥♥♥♥♥   2,X,X,X,Yes,Yes,Yes,,,
255,FALSE,The Perfect Drug,Nine Inch Nails,1997,Feb 26 2008,Rock,M,English,DLC1/2,♥♥♥♥♥   4,♥♥♥♥♥   1,♥♥♥♥♥   6,X,X,♥♥♥♥♥   2,3,X,X,Yes,Yes,Yes,"RBTP2, Unplugged, Reload",,
256,FALSE,China Cat Sunflower,The Grateful Dead,1969,Mar 4 2008,Classic Rock,M,English,DLC1/2,♥♥♥♥♥   4,♥♥♥♥♥   4,♥♥♥♥♥   5,X,X,♥♥♥♥♥   3,3,X,X,Yes,Yes,Yes,,,
257,FALSE,Casey Jones,The Grateful Dead,1970,Mar 4 2008,Classic Rock,M,English,DLC1/2,♥♥♥♥♥   4,♥♥♥♥♥   4,♥♥♥♥♥   4,X,X,♥♥♥♥♥   2,2,X,X,Yes,Yes,Yes,Unplug-DLC,,
258,FALSE,Sugar Magnolia,The Grateful Dead,1970,Mar 4 2008,Classic Rock,M,English,DLC1/2,♥♥♥♥♥   4,♥♥♥♥♥   3,♥♥♥♥♥   4,X,X,♥♥♥♥♥   3,3,X,X,Yes,Yes,Yes,,,
259,FALSE,Truckin',The Grateful Dead,1970,Mar 4 2008,Classic Rock,M,English,DLC1/2,♥♥♥♥♥   4,♥♥♥♥♥   3,♥♥♥♥♥   5,X,X,♥♥♥♥♥   2,3,X,X,Yes,Yes,Yes,RBTP1,,
260,FALSE,Franklin's Tower,The Grateful Dead,1975,Mar 4 2008,Classic Rock,M,English,DLC1/2,♥♥♥♥♥   4,♥♥♥♥♥   4,♥♥♥♥♥   3,X,X,♥♥♥♥♥   2,3,X,X,Yes,Yes,Yes,,,
261,FALSE,I Need a Miracle,The Grateful Dead,1978,Mar 4 2008,Classic Rock,M,English,DLC1/2,♥♥♥♥♥   4,♥♥♥♥♥   3,♥♥♥♥♥   1,X,X,♥♥♥♥♥   3,3,X,X,Yes,Yes,Yes,,,
262,FALSE,Crushcrushcrush,Paramore,2007,Mar 11 2008,Pop-Rock,F,English,DLC1/2,♥♥♥♥♥   2,♥♥♥♥♥   1,♥♥♥♥♥   3,X,X,♥♥♥♥♥   1,3,X,X,Yes,Yes,Yes,"RBTP1, Unplug-DLC",,
263,FALSE,Beethoven's C***,Serj Tankian,2007,Mar 11 2008,Nu-Metal,M,English,DLC1/2,♥♥♥♥♥   3,♥♥♥♥♥   2,♥♥♥♥♥   4,X,X,♥♥♥♥♥   3,3,X,X,Yes,Yes,Yes,,,
264,FALSE,Shockwave,Black Tide,2008,Mar 11 2008,Metal,M,English,DLC1/2,♥♥♥♥♥   5,♥♥♥♥♥   4,♥♥♥♥♥   3,X,X,♥♥♥♥♥   2,3,X,X,Yes,Yes,Yes,MTP,,
265,FALSE,Blinded by Fear,At the Gates,1995,Mar 18 2008,Metal,M,English,DLC1/2,♥♥♥♥♥   5,♥♥♥♥♥   4,♥♥♥♥♥   6,X,X,♥♥♥♥♥   1,X,X,X,Yes,Yes,Yes,MTP,,
266,FALSE,D.O.A.,The Haunted,2003,Mar 18 2008,Metal,M,English,DLC1/2,♥♥♥♥♥   5,♥♥♥♥♥   4,♥♥♥♥♥   5,X,X,♥♥♥♥♥   0,X,X,X,Yes,Yes,Yes,MTP,,
267,FALSE,Thrasher,Evile,2007,Mar 18 2008,Metal,M,English,DLC1/2,♥♥♥♥♥   6,♥♥♥♥♥   5,♥♥♥♥♥   6,X,X,♥♥♥♥♥   1,3,X,X,Yes,Yes,Yes,MTP,,
268,FALSE,Peace of Mind,Boston,1976,Mar 25 2008,Classic Rock,M,English,DLC1/2,♥♥♥♥♥   3,♥♥♥♥♥   3,♥♥♥♥♥   4,X,X,♥♥♥♥♥   3,3,X,X,Yes,Yes,Yes,CRTP,,
269,FALSE,More Than a Feeling,Boston,1976,Mar 25 2008,Classic Rock,M,English,DLC1/2,♥♥♥♥♥   3,♥♥♥♥♥   2,♥♥♥♥♥   3,X,X,♥♥♥♥♥   3,3,♥♥♥♥♥   3,♥♥♥♥♥   4,Yes,Yes,Yes,"RBTP1, Unplugged",,
270,FALSE,Smokin',Boston,1976,Mar 25 2008,Classic Rock,M,English,DLC1/2,♥♥♥♥♥   5,♥♥♥♥♥   4,♥♥♥♥♥   4,X,X,♥♥♥♥♥   3,3,X,X,Yes,Yes,Yes,,,
271,FALSE,Rock and Roll Band,Boston,1976,Mar 25 2008,Classic Rock,M,English,DLC1/2,♥♥♥♥♥   3,♥♥♥♥♥   3,♥♥♥♥♥   4,X,X,♥♥♥♥♥   3,3,X,X,Yes,Yes,Yes,CRTP,,
272,FALSE,Something About You,Boston,1976,Mar 25 2008,Classic Rock,M,English,DLC1/2,♥♥♥♥♥   3,♥♥♥♥♥   3,♥♥♥♥♥   4,X,X,♥♥♥♥♥   3,3,X,X,Yes,Yes,Yes,,,
273,FALSE,Hitch a Ride,Boston,1976,Mar 25 2008,Classic Rock,M,English,DLC1/2,♥♥♥♥♥   4,♥♥♥♥♥   3,♥♥♥♥♥   4,X,X,♥♥♥♥♥   3,3,X,X,Yes,Yes,Yes,,,
274,FALSE,Still Alive,GLaDOS,2007,Apr 1 2008,Novelty,F,English,DLC1/2,♥♥♥♥♥   2,♥♥♥♥♥   1,♥♥♥♥♥   2,X,X,♥♥♥♥♥   1,2,X,X,Yes,Yes,Yes,Unplug-DLC,,
275,FALSE,Rock Rebellion,Bang Camaro,2007,Apr 8 2008,Rock,M,English,DLC1/2,♥♥♥♥♥   6,♥♥♥♥♥   5,♥♥♥♥♥   4,X,X,♥♥♥♥♥   1,3,X,X,Yes,Yes,Yes,,,
276,FALSE,Shake,Count Zero,2008,Apr 8 2008,Rock,M,English,DLC1/2,♥♥♥♥♥   2,♥♥♥♥♥   2,♥♥♥♥♥   3,X,X,♥♥♥♥♥   3,3,X,X,Yes,Yes,Yes,,,
277,FALSE,Sprode,Freezepop,2003,Apr 8 2008,Pop/Dance/Electronic,F,English,DLC1/2,♥♥♥♥♥   2,♥♥♥♥♥   2,♥♥♥♥♥   4,X,X,♥♥♥♥♥   2,3,X,X,Yes,Yes,Yes,iOS-DLC,,
278,FALSE,Simple Man,Lynyrd Skynyrd,1973,Apr 15 2008,Southern Rock,M,English,DLC1/2,♥♥♥♥♥   1,♥♥♥♥♥   1,♥♥♥♥♥   1,X,X,♥♥♥♥♥   2,X,♥♥♥♥♥   3,♥♥♥♥♥   6,Yes,Yes,Yes,"RBTP2, Mobile, iOS",,
279,FALSE,Message in a Bottle,The Police,1979,Apr 15 2008,Rock,M,English,DLC1/2,♥♥♥♥♥   3,♥♥♥♥♥   3,♥♥♥♥♥   5,X,X,♥♥♥♥♥   1,3,X,X,Yes,Yes,Yes,"RBTP2, Unplugged, iOS-DLC",,
280,FALSE,Call Me,Blondie,1981,Apr 15 2008,New Wave,F,English,DLC1/2,♥♥♥♥♥   1,♥♥♥♥♥   1,♥♥♥♥♥   3,X,X,♥♥♥♥♥   1,3,X,X,Yes,Yes,Yes,RBTP2,,
281,FALSE,Saints of Los Angeles,Mötley Crüe,2008,Apr 15 2008,Glam,M,English,DLC1/2,♥♥♥♥♥   4,♥♥♥♥♥   3,♥♥♥♥♥   4,X,X,♥♥♥♥♥   1,3,X,X,Yes,Yes,Yes,RBTP2,,
282,FALSE,The Hellion/Electric Eye,Judas Priest,1982,Apr 22 2008,Metal,M,English,DLC1/2,♥♥♥♥♥   5,♥♥♥♥♥   4,♥♥♥♥♥   4,X,X,♥♥♥♥♥   1,3,X,X,Yes,Yes,Yes,,,
283,FALSE,Riding on the Wind,Judas Priest,1982,Apr 22 2008,Metal,M,English,DLC1/2,♥♥♥♥♥   5,♥♥♥♥♥   4,♥♥♥♥♥   5,X,X,♥♥♥♥♥   1,3,X,X,Yes,Yes,Yes,,,
284,FALSE,Bloodstone,Judas Priest,1982,Apr 22 2008,Metal,M,English,DLC1/2,♥♥♥♥♥   5,♥♥♥♥♥   4,♥♥♥♥♥   3,X,X,♥♥♥♥♥   1,2,X,X,Yes,Yes,Yes,,,
285,FALSE,(Take These) Chains,Judas Priest,1982,Apr 22 2008,Metal,M,English,DLC1/2,♥♥♥♥♥   4,♥♥♥♥♥   3,♥♥♥♥♥   3,X,X,♥♥♥♥♥   1,3,X,X,Yes,Yes,Yes,,,
286,FALSE,Pain and Pleasure,Judas Priest,1982,Apr 22 2008,Metal,M,English,DLC1/2,♥♥♥♥♥   3,♥♥♥♥♥   3,♥♥♥♥♥   1,X,X,♥♥♥♥♥   3,3,X,X,Yes,Yes,Yes,,,
287,FALSE,Screaming for Vengeance,Judas Priest,1982,Apr 22 2008,Metal,M,English,DLC1/2,♥♥♥♥♥   5,♥♥♥♥♥   5,♥♥♥♥♥   6,X,X,♥♥♥♥♥   2,3,X,X,Yes,Yes,Yes,MTP,,
288,FALSE,You've Got Another Thing Comin',Judas Priest,1982,Apr 22 2008,Metal,M,English,DLC1/2,♥♥♥♥♥   1,♥♥♥♥♥   1,♥♥♥♥♥   2,X,X,♥♥♥♥♥   3,3,X,X,Yes,Yes,Yes,RBTP2,,
289,FALSE,Fever,Judas Priest,1982,Apr 22 2008,Metal,M,English,DLC1/2,♥♥♥♥♥   4,♥♥♥♥♥   3,♥♥♥♥♥   3,X,X,♥♥♥♥♥   2,3,X,X,Yes,Yes,Yes,,,
290,FALSE,Devil's Child,Judas Priest,1982,Apr 22 2008,Metal,M,English,DLC1/2,♥♥♥♥♥   3,♥♥♥♥♥   3,♥♥♥♥♥   4,X,X,♥♥♥♥♥   2,3,X,X,Yes,Yes,Yes,,,
291,FALSE,Red Tandy,The Mother Hips,2005,Apr 29 2008,Rock,M,English,DLC1/2,♥♥♥♥♥   4,♥♥♥♥♥   3,♥♥♥♥♥   4,X,X,♥♥♥♥♥   0,3,X,X,Yes,Yes,Yes,,,
292,FALSE,Time-Sick Son of a Grizzly Bear,The Mother Hips,2007,Apr 29 2008,Rock,M,English,DLC1/2,♥♥♥♥♥   3,♥♥♥♥♥   3,♥♥♥♥♥   1,X,X,♥♥♥♥♥   0,2,X,X,Yes,Yes,Yes,,,
293,FALSE,Zero,Smashing Pumpkins,1995,Apr 29 2008,Alternative,M,English,DLC1/2,♥♥♥♥♥   4,♥♥♥♥♥   3,♥♥♥♥♥   2,X,X,♥♥♥♥♥   1,2,X,X,Yes,Yes,Yes,"RBTP2, iOS-DLC",,
294,FALSE,"This Ain't a Scene, It's an Arms Race",Fall Out Boy,2007,May 6 2008,Pop-Rock,M,English,DLC1/2,♥♥♥♥♥   3,♥♥♥♥♥   3,♥♥♥♥♥   4,X,X,♥♥♥♥♥   1,3,X,X,Yes,Yes,Yes,RBTP2,,
295,FALSE,Date with the Night,Yeah Yeah Yeahs,2003,May 6 2008,Indie Rock,F,English,DLC1/2,♥♥♥♥♥   3,♥♥♥♥♥   3,♥♥♥♥♥   5,X,X,♥♥♥♥♥   1,2,X,X,Yes,Yes,Yes,,,
296,FALSE,It Hurts,Angels & Airwaves,2006,May 6 2008,Alternative,M,English,DLC1/2,♥♥♥♥♥   3,♥♥♥♥♥   3,♥♥♥♥♥   4,X,X,♥♥♥♥♥   1,3,X,X,Yes,Yes,Yes,"RBTP2, Mobile, iOS-DLC",,
297,FALSE,Hanging on the Telephone,Blondie,1978,May 13 2008,New Wave,F,English,DLC1/2,♥♥♥♥♥   3,♥♥♥♥♥   3,♥♥♥♥♥   3,X,X,♥♥♥♥♥   0,3,X,X,Yes,Yes,Yes,"Mobile, iOS",,
298,FALSE,Train in Vain (Stand by Me),The Clash,1979,May 13 2008,Punk,M,English,DLC1/2,♥♥♥♥♥   0,♥♥♥♥♥   0,♥♥♥♥♥   1,X,X,♥♥♥♥♥   1,2,X,X,Yes,Yes,Yes,,,
299,FALSE,Kool Thing,Sonic Youth,1990,May 13 2008,Alternative,M,English,DLC1/2,♥♥♥♥♥   2,♥♥♥♥♥   2,♥♥♥♥♥   6,X,X,♥♥♥♥♥   1,3,X,X,Yes,Yes,Yes,Unplug-DLC,,
300,FALSE,Good Times Roll,The Cars,1978,May 27 2008,New Wave,M,English,DLC1/2,♥♥♥♥♥   1,♥♥♥♥♥   1,♥♥♥♥♥   0,X,X,♥♥♥♥♥   2,3,X,X,Yes,Yes,Yes,,,
301,FALSE,My Best Friend's Girl,The Cars,1978,May 27 2008,New Wave,M,English,DLC1/2,♥♥♥♥♥   3,♥♥♥♥♥   3,♥♥♥♥♥   1,X,X,♥♥♥♥♥   2,3,X,X,Yes,Yes,Yes,,,
302,FALSE,Just What I Needed,The Cars,1978,May 27 2008,New Wave,M,English,DLC1/2,♥♥♥♥♥   2,♥♥♥♥♥   2,♥♥♥♥♥   1,X,X,♥♥♥♥♥   1,3,X,X,Yes,Yes,Yes,RBTP2,,
303,FALSE,I'm in Touch with Your World,The Cars,1978,May 27 2008,New Wave,M,English,DLC1/2,♥♥♥♥♥   2,♥♥♥♥♥   1,♥♥♥♥♥   2,X,X,♥♥♥♥♥   3,2,X,X,Yes,Yes,Yes,,,
304,FALSE,Don't Cha Stop,The Cars,1978,May 27 2008,New Wave,M,English,DLC1/2,♥♥♥♥♥   2,♥♥♥♥♥   2,♥♥♥♥♥   4,X,X,♥♥♥♥♥   2,3,X,X,Yes,Yes,Yes,,,
305,FALSE,You're All I've Got Tonight,The Cars,1978,May 27 2008,New Wave,M,English,DLC1/2,♥♥♥♥♥   3,♥♥♥♥♥   3,♥♥♥♥♥   4,X,X,♥♥♥♥♥   2,3,X,X,Yes,Yes,Yes,,,
306,FALSE,Bye Bye Love,The Cars,1978,May 27 2008,New Wave,M,English,DLC1/2,♥♥♥♥♥   1,♥♥♥♥♥   1,♥♥♥♥♥   1,X,X,♥♥♥♥♥   2,3,X,X,Yes,Yes,Yes,,,
307,FALSE,Moving in Stereo,The Cars,1978,May 27 2008,New Wave,M,English,DLC1/2,♥♥♥♥♥   1,♥♥♥♥♥   1,♥♥♥♥♥   0,X,X,♥♥♥♥♥   3,X,X,X,Yes,Yes,Yes,,,
308,FALSE,All Mixed Up,The Cars,1978,May 27 2008,New Wave,M,English,DLC1/2,♥♥♥♥♥   1,♥♥♥♥♥   1,♥♥♥♥♥   3,X,X,♥♥♥♥♥   2,3,X,X,Yes,Yes,Yes,,,
309,FALSE,Indestructible,Disturbed,2008,Jun 3 2008,Nu-Metal,M,English,DLC1/2,♥♥♥♥♥   4,♥♥♥♥♥   4,♥♥♥♥♥   5,X,X,♥♥♥♥♥   1,3,X,X,Yes,Yes,Yes,RBTP2,,
310,FALSE,Inside the Fire,Disturbed,2008,Jun 3 2008,Nu-Metal,M,English,DLC1/2,♥♥♥♥♥   4,♥♥♥♥♥   4,♥♥♥♥♥   5,X,X,♥♥♥♥♥   1,2,X,X,Yes,Yes,Yes,Unplug-DLC,,
311,FALSE,Perfect Insanity,Disturbed,2008,Jun 3 2008,Nu-Metal,M,English,DLC1/2,♥♥♥♥♥   5,♥♥♥♥♥   4,♥♥♥♥♥   5,X,X,♥♥♥♥♥   1,3,X,X,Yes,Yes,Yes,,,
312,FALSE,Cheeseburger in Paradise,Jimmy Buffett,1978,Jun 3 2008,Rock,M,English,DLC1/2,♥♥♥♥♥   1,♥♥♥♥♥   1,♥♥♥♥♥   3,X,X,♥♥♥♥♥   0,3,X,X,Yes,Yes,Yes,,,
313,FALSE,Margaritaville,Jimmy Buffett,1977,Jun 3 2008,Rock,M,English,DLC1/2,♥♥♥♥♥   1,♥♥♥♥♥   1,♥♥♥♥♥   3,X,X,♥♥♥♥♥   0,3,X,X,Yes,Yes,Yes,,,
314,FALSE,Volcano,Jimmy Buffett,1979,Jun 3 2008,Rock,M,English,DLC1/2,♥♥♥♥♥   3,♥♥♥♥♥   3,♥♥♥♥♥   3,X,X,♥♥♥♥♥   1,3,X,X,Yes,Yes,Yes,,,
315,FALSE,Moving to Seattle,The Material,2007,Jun 10 2008,Alternative,F,English,DLC1/2,♥♥♥♥♥   2,♥♥♥♥♥   2,♥♥♥♥♥   4,X,X,♥♥♥♥♥   1,3,X,X,Yes,Yes,Yes,,Delisted,
316,FALSE,A Clean Shot,The Myriad,2008,Jun 10 2008,Alternative,M,English,DLC1/2,♥♥♥♥♥   0,♥♥♥♥♥   1,♥♥♥♥♥   3,X,X,♥♥♥♥♥   0,3,X,X,Yes,Yes,Yes,,,
317,FALSE,Bullets & Guns,Them Terribles,2007,Jun 10 2008,Alternative,M,English,DLC1/2,♥♥♥♥♥   1,♥♥♥♥♥   1,♥♥♥♥♥   3,X,X,♥♥♥♥♥   2,3,X,X,Yes,Yes,Yes,,Delisted,
318,FALSE,Girls Who Play Guitars,Maxïmo Park,2007,Jun 10 2008,Pop-Rock,M,English,DLC1/2,♥♥♥♥♥   3,♥♥♥♥♥   3,♥♥♥♥♥   4,X,X,♥♥♥♥♥   1,3,X,X,Yes,Yes,Yes,RBTP2,,
319,FALSE,Critical Acclaim,Avenged Sevenfold,2007,Jun 17 2008,Metal,M,English,DLC1/2,♥♥♥♥♥   4,♥♥♥♥♥   3,♥♥♥♥♥   5,X,X,♥♥♥♥♥   1,3,X,X,Yes,Yes,Yes,,,
320,FALSE,Afterlife,Avenged Sevenfold,2007,Jun 17 2008,Metal,M,English,DLC1/2,♥♥♥♥♥   5,♥♥♥♥♥   4,♥♥♥♥♥   5,X,X,♥♥♥♥♥   1,3,X,X,Yes,Yes,Yes,"RBTP2, Unplug-DLC",,
321,FALSE,Hammerhead,The Offspring,2008,Jun 17 2008,Punk,M,English,DLC1/2,♥♥♥♥♥   3,♥♥♥♥♥   3,♥♥♥♥♥   5,X,X,♥♥♥♥♥   0,3,X,X,Yes,Yes,Yes,,,
322,FALSE,Rock 'n' Roll Dream,Crooked X,2008,Jun 17 2008,Rock,M,English,DLC1/2,♥♥♥♥♥   3,♥♥♥♥♥   3,♥♥♥♥♥   0,X,X,♥♥♥♥♥   2,2,X,X,Yes,Yes,Yes,,Delisted,
323,FALSE,Debaser,Pixies,1989,Jun 24 2008,Alternative,M,English,DLC1/2,♥♥♥♥♥   3,♥♥♥♥♥   3,♥♥♥♥♥   4,X,X,♥♥♥♥♥   0,3,X,X,Yes,Yes,Yes,"Mobile, iOS",,
324,FALSE,Tame,Pixies,1989,Jun 24 2008,Alternative,M,English,DLC1/2,♥♥♥♥♥   1,♥♥♥♥♥   1,♥♥♥♥♥   3,X,X,♥♥♥♥♥   3,3,X,X,Yes,Yes,Yes,,,
325,FALSE,I Bleed,Pixies,1989,Jun 24 2008,Alternative,M,English,DLC1/2,♥♥♥♥♥   1,♥♥♥♥♥   1,♥♥♥♥♥   3,X,X,♥♥♥♥♥   3,2,X,X,Yes,Yes,Yes,,,
326,FALSE,Here Comes Your Man,Pixies,1989,Jun 24 2008,Alternative,M,English,DLC1/2,♥♥♥♥♥   1,♥♥♥♥♥   1,♥♥♥♥♥   0,X,X,♥♥♥♥♥   1,2,X,X,Yes,Yes,Yes,Unplug-DLC,,
327,FALSE,Dead,Pixies,1989,Jun 24 2008,Alternative,M,English,DLC1/2,♥♥♥♥♥   3,♥♥♥♥♥   3,♥♥♥♥♥   3,X,X,♥♥♥♥♥   2,X,X,X,Yes,Yes,Yes,,,
328,FALSE,Monkey Gone to Heaven,Pixies,1989,Jun 24 2008,Alternative,M,English,DLC1/2,♥♥♥♥♥   1,♥♥♥♥♥   1,♥♥♥♥♥   0,X,X,♥♥♥♥♥   0,2,X,X,Yes,Yes,Yes,RBTP2,,
329,FALSE,Mr. Grieves,Pixies,1989,Jun 24 2008,Alternative,M,English,DLC1/2,♥♥♥♥♥   2,♥♥♥♥♥   1,♥♥♥♥♥   2,X,X,♥♥♥♥♥   1,3,X,X,Yes,Yes,Yes,,,
330,FALSE,Crackity Jones,Pixies,1989,Jun 24 2008,Alternative,M,English,DLC1/2,♥♥♥♥♥   3,♥♥♥♥♥   3,♥♥♥♥♥   4,X,X,♥♥♥♥♥   1,X,X,X,Yes,Yes,Yes,,,
331,FALSE,La La Love You,Pixies,1989,Jun 24 2008,Alternative,M,English,DLC1/2,♥♥♥♥♥   1,♥♥♥♥♥   1,♥♥♥♥♥   3,X,X,♥♥♥♥♥   0,3,X,X,Yes,Yes,Yes,,,
332,FALSE,No. 13 Baby,Pixies,1989,Jun 24 2008,Alternative,M,English,DLC1/2,♥♥♥♥♥   1,♥♥♥♥♥   1,♥♥♥♥♥   0,X,X,♥♥♥♥♥   2,3,X,X,Yes,Yes,Yes,,,
333,FALSE,There Goes My Gun,Pixies,1989,Jun 24 2008,Alternative,M,English,DLC1/2,♥♥♥♥♥   2,♥♥♥♥♥   1,♥♥♥♥♥   3,X,X,♥♥♥♥♥   2,3,X,X,Yes,Yes,Yes,,,
334,FALSE,Hey,Pixies,1989,Jun 24 2008,Alternative,M,English,DLC1/2,♥♥♥♥♥   1,♥♥♥♥♥   1,♥♥♥♥♥   0,X,X,♥♥♥♥♥   3,2,X,X,Yes,Yes,Yes,,,
335,FALSE,Silver,Pixies,1989,Jun 24 2008,Alternative,M,English,DLC1/2,♥♥♥♥♥   2,♥♥♥♥♥   1,♥♥♥♥♥   0,X,X,♥♥♥♥♥   1,2,X,X,Yes,Yes,Yes,,,
336,FALSE,Gouge Away,Pixies,1989,Jun 24 2008,Alternative,M,English,DLC1/2,♥♥♥♥♥   1,♥♥♥♥♥   1,♥♥♥♥♥   2,X,X,♥♥♥♥♥   2,2,X,X,Yes,Yes,Yes,,,
337,FALSE,Dreamin',Weezer,2008,Jun 24 2008,Alternative,M,English,DLC1/2,♥♥♥♥♥   1,♥♥♥♥♥   1,♥♥♥♥♥   0,X,X,♥♥♥♥♥   0,3,X,X,Yes,Yes,Yes,,,
338,FALSE,The Greatest Man That Ever Lived,Weezer,2008,Jun 24 2008,Alternative,M,English,DLC1/2,♥♥♥♥♥   3,♥♥♥♥♥   2,♥♥♥♥♥   3,X,X,♥♥♥♥♥   2,3,X,X,Yes,Yes,Yes,,,
339,FALSE,Troublemaker,Weezer,2008,Jun 24 2008,Alternative,M,English,DLC1/2,♥♥♥♥♥   1,♥♥♥♥♥   1,♥♥♥♥♥   0,X,X,♥♥♥♥♥   0,3,X,X,Yes,Yes,Yes,,,
340,FALSE,Down at the Whisky,Mötley Crüe,2008,Jul 1 2008,Glam,M,English,DLC1/2,♥♥♥♥♥   3,♥♥♥♥♥   3,♥♥♥♥♥   4,X,X,♥♥♥♥♥   0,3,X,X,Yes,Yes,Yes,,,
341,FALSE,Time Is Running Out,Papa Roach,2006,Jul 1 2008,Nu-Metal,M,English,DLC1/2,♥♥♥♥♥   0,♥♥♥♥♥   0,♥♥♥♥♥   0,X,X,♥♥♥♥♥   1,3,X,X,Yes,Yes,Yes,RBTP2,,
342,FALSE,Who's Going Home with You Tonight?,Trapt,2008,Jul 1 2008,Nu-Metal,M,English,DLC1/2,♥♥♥♥♥   2,♥♥♥♥♥   2,♥♥♥♥♥   4,X,X,♥♥♥♥♥   0,3,X,X,Yes,Yes,Yes,,,
343,FALSE,Promised Land,Vesuvius,2008,Jul 1 2008,Rock,M,English,DLC1/2,♥♥♥♥♥   2,♥♥♥♥♥   2,♥♥♥♥♥   2,X,X,♥♥♥♥♥   2,3,X,X,PS3/Xbox,PS3/Xbox,Yes,,Delisted,
344,FALSE,Snow ((Hey Oh)),Red Hot Chili Peppers,2006,Jul 8 2008,Alternative,M,English,DLC1/2,♥♥♥♥♥   5,♥♥♥♥♥   3,♥♥♥♥♥   4,X,X,♥♥♥♥♥   0,3,X,X,Yes,Yes,Yes,RBTP2,"Delisted, Is still available in Rock Band Track Pack 2",
345,FALSE,Tell Me Baby,Red Hot Chili Peppers,2006,Jul 8 2008,Alternative,M,English,DLC1/2,♥♥♥♥♥   3,♥♥♥♥♥   4,♥♥♥♥♥   4,X,X,♥♥♥♥♥   1,3,X,X,Yes,Yes,Yes,,Delisted,
346,FALSE,Closer to the Heart,Rush,1977,Jul 8 2008,Prog,M,English,DLC1/2,♥♥♥♥♥   3,♥♥♥♥♥   2,♥♥♥♥♥   3,X,X,♥♥♥♥♥   1,X,X,X,Yes,Yes,Yes,CRTP,,
347,FALSE,Working Man (Vault Edition),Rush,1974,Jul 8 2008,Prog,M,English,DLC1/2,♥♥♥♥♥   4,♥♥♥♥♥   3,♥♥♥♥♥   4,X,X,♥♥♥♥♥   3,X,X,X,Yes,Yes,Yes,,,
348,FALSE,Amazing Journey,The Who,1969,Jul 15 2008,Classic Rock,M,English,DLC1/2,♥♥♥♥♥   0,♥♥♥♥♥   1,♥♥♥♥♥   5,X,X,♥♥♥♥♥   0,X,X,X,Yes,Yes,Yes,,,
349,FALSE,Baba O'Riley,The Who,1971,Jul 15 2008,Classic Rock,M,English,DLC1/2,♥♥♥♥♥   2,♥♥♥♥♥   1,♥♥♥♥♥   4,X,X,♥♥♥♥♥   1,X,X,X,Yes,Yes,Yes,CRTP,,
350,FALSE,Behind Blue Eyes,The Who,1971,Jul 15 2008,Classic Rock,M,English,DLC1/2,♥♥♥♥♥   3,♥♥♥♥♥   1,♥♥♥♥♥   4,X,X,♥♥♥♥♥   1,3,X,X,Yes,Yes,Yes,CRTP,,
351,FALSE,Eminence Front,The Who,1982,Jul 15 2008,Classic Rock,M,English,DLC1/2,♥♥♥♥♥   3,♥♥♥♥♥   3,♥♥♥♥♥   0,X,X,♥♥♥♥♥   3,3,X,X,Yes,Yes,Yes,,,
352,FALSE,Going Mobile,The Who,1971,Jul 15 2008,Classic Rock,M,English,DLC1/2,♥♥♥♥♥   4,♥♥♥♥♥   3,♥♥♥♥♥   5,X,X,♥♥♥♥♥   2,X,X,X,Yes,Yes,Yes,,,
353,FALSE,Leaving Here,The Who,1965,Jul 15 2008,Classic Rock,M,English,DLC1/2,♥♥♥♥♥   3,♥♥♥♥♥   1,♥♥♥♥♥   5,X,X,♥♥♥♥♥   0,3,X,X,Yes,Yes,Yes,,,
354,FALSE,My Generation (Live at Leeds),The Who,1970,Jul 15 2008,Classic Rock,M,English,DLC1/2,♥♥♥♥♥   4,♥♥♥♥♥   2,♥♥♥♥♥   5,X,X,♥♥♥♥♥   3,3,X,X,Yes,Yes,Yes,,,
355,FALSE,Real Good Looking Boy,The Who,2004,Jul 15 2008,Classic Rock,M,English,DLC1/2,♥♥♥♥♥   2,♥♥♥♥♥   1,♥♥♥♥♥   4,X,X,♥♥♥♥♥   1,3,X,X,Yes,Yes,Yes,,,
356,FALSE,Sea and Sand,The Who,1973,Jul 15 2008,Classic Rock,M,English,DLC1/2,♥♥♥♥♥   3,♥♥♥♥♥   3,♥♥♥♥♥   4,X,X,♥♥♥♥♥   2,X,X,X,Yes,Yes,Yes,,,
357,FALSE,Summertime Blues (Live at Leeds),The Who,1970,Jul 15 2008,Classic Rock,M,English,DLC1/2,♥♥♥♥♥   2,♥♥♥♥♥   3,♥♥♥♥♥   5,X,X,♥♥♥♥♥   2,2,X,X,Yes,Yes,Yes,,,
358,FALSE,Who Are You,The Who,1978,Jul 15 2008,Classic Rock,M,English,DLC1/2,♥♥♥♥♥   3,♥♥♥♥♥   1,♥♥♥♥♥   5,X,X,♥♥♥♥♥   0,3,X,X,Yes,Yes,Yes,,,
359,FALSE,Young Man Blues (Live at Leeds),The Who,1970,Jul 15 2008,Classic Rock,M,English,DLC1/2,♥♥♥♥♥   5,♥♥♥♥♥   3,♥♥♥♥♥   6,X,X,♥♥♥♥♥   3,X,X,X,Yes,Yes,Yes,,,
360,FALSE,Burn,Nine Inch Nails,1994,Jul 22 2008,Rock,M,English,DLC1/2,♥♥♥♥♥   2,♥♥♥♥♥   1,♥♥♥♥♥   5,X,X,♥♥♥♥♥   3,3,X,X,Yes,Yes,Yes,,,
361,FALSE,Capital G,Nine Inch Nails,2007,Jul 22 2008,Rock,M,English,DLC1/2,♥♥♥♥♥   1,♥♥♥♥♥   1,♥♥♥♥♥   3,X,X,♥♥♥♥♥   0,3,X,X,Yes,Yes,Yes,,,
362,FALSE,Last,Nine Inch Nails,1992,Jul 22 2008,Rock,M,English,DLC1/2,♥♥♥♥♥   2,♥♥♥♥♥   3,♥♥♥♥♥   4,X,X,♥♥♥♥♥   0,3,X,X,Yes,Yes,Yes,,,
363,FALSE,Devour,Shinedown,2008,Jul 22 2008,Nu-Metal,M,English,DLC1/2,♥♥♥♥♥   2,♥♥♥♥♥   2,♥♥♥♥♥   4,X,X,♥♥♥♥♥   0,3,X,X,Yes,Yes,Yes,,,
364,FALSE,Junkies for Fame,Shinedown,2008,Jul 22 2008,Nu-Metal,M,English,DLC1/2,♥♥♥♥♥   2,♥♥♥♥♥   1,♥♥♥♥♥   4,X,X,♥♥♥♥♥   0,3,X,X,Yes,Yes,Yes,,,
365,FALSE,They Say ,Scars on Broadway,2008,Jul 29 2008,Rock,M,English,DLC1/2,♥♥♥♥♥   0,♥♥♥♥♥   0,♥♥♥♥♥   0,X,X,♥♥♥♥♥   0,2,X,X,Yes,Yes,Yes,,Delisted,
366,FALSE,This Is It,Staind,2008,Jul 29 2008,Nu-Metal,M,English,DLC1/2,♥♥♥♥♥   3,♥♥♥♥♥   1,♥♥♥♥♥   3,X,X,♥♥♥♥♥   1,2,X,X,Yes,Yes,Yes,,,
367,FALSE,Electric Crown,Testament,1992,Jul 29 2008,Metal,M,English,DLC1/2,♥♥♥♥♥   5,♥♥♥♥♥   2,♥♥♥♥♥   3,X,X,♥♥♥♥♥   1,3,X,X,Yes,Yes,Yes,,,
368,FALSE,Yomp,Thenewno2,2008,Jul 29 2008,Pop-Rock,M,English,DLC1/2,♥♥♥♥♥   2,♥♥♥♥♥   2,♥♥♥♥♥   3,X,X,♥♥♥♥♥   3,2,X,X,Yes,Yes,Yes,,,
369,FALSE,Toxicity ,System of a Down,2001,Aug 5 2008,Nu-Metal,M,English,DLC1/2,♥♥♥♥♥   4,♥♥♥♥♥   3,♥♥♥♥♥   5,X,X,♥♥♥♥♥   0,2,X,X,Yes,Yes,Yes,Unplug-DLC,Delisted,
370,FALSE,B.Y.O.B. ,System of a Down,2005,Aug 5 2008,Nu-Metal,M,English,DLC1/2,♥♥♥♥♥   5,♥♥♥♥♥   5,♥♥♥♥♥   5,X,X,♥♥♥♥♥   1,3,X,X,Yes,Yes,Yes,,Delisted,
371,FALSE,Face Down in the Dirt,Mötley Crüe,2008,Aug 5 2008,Glam,M,English,DLC1/2,♥♥♥♥♥   1,♥♥♥♥♥   1,♥♥♥♥♥   4,X,X,♥♥♥♥♥   0,3,X,X,Yes,Yes,Yes,,,
372,FALSE,Rescue Me,Buckcherry,2008,Aug 5 2008,Rock,M,English,DLC1/2,♥♥♥♥♥   2,♥♥♥♥♥   1,♥♥♥♥♥   4,X,X,♥♥♥♥♥   0,2,X,X,Yes,Yes,Yes,,,
373,FALSE,Life Is Beautiful,Sixx:A.M.,2007,Aug 5 2008,Rock,M,English,DLC1/2,♥♥♥♥♥   3,♥♥♥♥♥   4,♥♥♥♥♥   4,X,X,♥♥♥♥♥   2,3,X,X,Yes,Yes,Yes,,,
374,FALSE,Aesthetics of Hate,Machine Head,2007,Aug 12 2008,Metal,M,English,DLC1/2,♥♥♥♥♥   5,♥♥♥♥♥   3,♥♥♥♥♥   6,X,X,♥♥♥♥♥   0,2,X,X,Yes,Yes,Yes,,,
375,FALSE,Clouds Over California,DevilDriver,2007,Aug 12 2008,Metal,M,English,DLC1/2,♥♥♥♥♥   5,♥♥♥♥♥   3,♥♥♥♥♥   5,X,X,♥♥♥♥♥   0,3,X,X,Yes,Yes,Yes,,,
376,FALSE,Constant Motion,Dream Theater,2007,Aug 12 2008,Prog,M,English,DLC1/2,♥♥♥♥♥   5,♥♥♥♥♥   5,♥♥♥♥♥   5,X,X,♥♥♥♥♥   1,2,X,X,Yes,Yes,Yes,Unplug-DLC,,
377,FALSE,My Curse,Killswitch Engage,2006,Aug 12 2008,Metal,M,English,DLC1/2,♥♥♥♥♥   4,♥♥♥♥♥   3,♥♥♥♥♥   3,X,X,♥♥♥♥♥   2,3,X,X,Yes,Yes,Yes,Unplug-DLC,,
378,FALSE,Sleepwalker,Megadeth,2007,Aug 12 2008,Metal,M,English,DLC1/2,♥♥♥♥♥   6,♥♥♥♥♥   5,♥♥♥♥♥   6,X,X,♥♥♥♥♥   3,3,X,X,Yes,Yes,Yes,,,
379,FALSE,Runnin' Wild,Airbourne,2007,Aug 12 2008,Rock,M,English,DLC1/2,♥♥♥♥♥   1,♥♥♥♥♥   1,♥♥♥♥♥   3,X,X,♥♥♥♥♥   0,3,X,X,Yes,Yes,Yes,,Delisted,
380,FALSE,Girl U Want,Devo,1980,Aug 19 2008,New Wave,M,English,DLC1/2,♥♥♥♥♥   0,♥♥♥♥♥   2,♥♥♥♥♥   2,X,X,♥♥♥♥♥   0,2,X,X,Yes,Yes,Yes,"RBTP2, iOS-DLC",,
381,FALSE,Through Being Cool,Devo,1981,Aug 19 2008,New Wave,M,English,DLC1/2,♥♥♥♥♥   0,♥♥♥♥♥   2,♥♥♥♥♥   0,X,X,♥♥♥♥♥   0,2,X,X,Yes,Yes,Yes,,,
382,FALSE,Rio,Duran Duran,1982,Aug 19 2008,New Wave,M,English,DLC1/2,♥♥♥♥♥   3,♥♥♥♥♥   2,♥♥♥♥♥   4,X,X,♥♥♥♥♥   1,2,X,X,Yes,Yes,Yes,RBTP2,,
383,FALSE,Girls on Film,Duran Duran,1981,Aug 19 2008,New Wave,M,English,DLC1/2,♥♥♥♥♥   1,♥♥♥♥♥   2,♥♥♥♥♥   5,X,X,♥♥♥♥♥   1,2,X,X,Yes,Yes,Yes,,,
384,FALSE,Get Your Rock On,The Janitors,2008,Aug 19 2008,Pop-Rock,M,English,DLC1/2,♥♥♥♥♥   0,♥♥♥♥♥   1,♥♥♥♥♥   3,X,X,♥♥♥♥♥   0,3,X,X,Yes,Yes,Yes,,Delisted,
385,FALSE,All Over Again ,Locksley,2007,Aug 28 2008,Pop-Rock,M,English,DLC1/2,♥♥♥♥♥   3,♥♥♥♥♥   0,♥♥♥♥♥   3,X,X,♥♥♥♥♥   2,3,X,X,Yes,Yes,Yes,,Delisted,
386,FALSE,She Does ,Locksley,2007,Aug 28 2008,Pop-Rock,M,English,DLC1/2,♥♥♥♥♥   3,♥♥♥♥♥   0,♥♥♥♥♥   1,X,X,♥♥♥♥♥   2,3,X,X,Yes,Yes,Yes,,Delisted,
387,FALSE,Don't Make Me Wait ,Locksley,2007,Aug 28 2008,Pop-Rock,M,English,DLC1/2,♥♥♥♥♥   3,♥♥♥♥♥   0,♥♥♥♥♥   5,X,X,♥♥♥♥♥   2,3,X,X,Yes,Yes,Yes,,Delisted,
388,FALSE,Skullcrusher Mountain,Jonathan Coulton,2004,Sep 2 2008,Pop-Rock,M,English,DLC1/2,♥♥♥♥♥   3,♥♥♥♥♥   0,♥♥♥♥♥   3,X,X,♥♥♥♥♥   1,3,X,X,Yes,Yes,Yes,,,
389,FALSE,Livin' at the Corner of Dude & Catastrophe,MC Frontalot feat. Brad Sucks,2007,Sep 2 2008,Hip-Hop/Rap,M,English,DLC1/2,♥♥♥♥♥   1,♥♥♥♥♥   0,♥♥♥♥♥   4,X,X,♥♥♥♥♥   1,3,X,X,Yes,Yes,Yes,,,
390,FALSE,Shhh...,The Darkest of the Hillside Thickets,2008,Sep 2 2008,Rock,M,English,DLC1/2,♥♥♥♥♥   1,♥♥♥♥♥   0,♥♥♥♥♥   4,X,X,♥♥♥♥♥   1,3,X,X,Yes,Yes,Yes,,,
391,FALSE,This Calling,All That Remains,2006,Sep 9 2008,Metal,M,English,DLC1/2,♥♥♥♥♥   5,♥♥♥♥♥   2,♥♥♥♥♥   6,X,X,♥♥♥♥♥   0,3,X,X,Yes,Yes,Yes,,,
392,FALSE,Chiron,All That Remains,2008,Sep 9 2008,Metal,M,English,DLC1/2,♥♥♥♥♥   5,♥♥♥♥♥   2,♥♥♥♥♥   5,X,X,♥♥♥♥♥   3,2,X,X,Yes,Yes,Yes,,,
393,FALSE,Two Weeks,All That Remains,2008,Sep 9 2008,Metal,M,English,DLC1/2,♥♥♥♥♥   5,♥♥♥♥♥   2,♥♥♥♥♥   5,X,X,♥♥♥♥♥   1,3,X,X,Yes,Yes,Yes,MTP,,
394,FALSE,Charlene (I'm Right Behind You),Stephen and the Colberts,1986,Sep 11 2008,Pop-Rock,M,English,DLC1/2,♥♥♥♥♥   2,♥♥♥♥♥   0,♥♥♥♥♥   0,X,X,♥♥♥♥♥   0,X,X,X,PS3/Xbox,PS3/Xbox,Yes,,,
395,FALSE,One of THOSE Nights,The Cab,2008,Sep 16 2008,Pop-Rock,M,English,DLC1/2,♥♥♥♥♥   3,♥♥♥♥♥   1,♥♥♥♥♥   4,X,X,♥♥♥♥♥   2,3,X,X,Yes,Yes,Yes,,,
396,FALSE,Hands Down,Dashboard Confessional,2003,Sep 16 2008,Emo,M,English,DLC1/2,♥♥♥♥♥   2,♥♥♥♥♥   1,♥♥♥♥♥   5,X,X,♥♥♥♥♥   1,2,X,X,Yes,Yes,Yes,,,
397,FALSE,She's a Handsome Woman,Panic! at the Disco,2008,Sep 16 2008,Emo,M,English,DLC1/2,♥♥♥♥♥   1,♥♥♥♥♥   0,♥♥♥♥♥   3,X,X,♥♥♥♥♥   0,3,X,X,Yes,Yes,Yes,,,
398,FALSE,Natural Disaster,Plain White T's,2008,Sep 16 2008,Pop-Rock,M,English,DLC1/2,♥♥♥♥♥   2,♥♥♥♥♥   1,♥♥♥♥♥   2,X,X,♥♥♥♥♥   2,3,X,X,Yes,Yes,Yes,,,
399,FALSE,Wake Up Dead,Megadeth,1986,Sep 16 2008,Metal,M,English,DLC1/2,♥♥♥♥♥   6,♥♥♥♥♥   5,♥♥♥♥♥   5,X,X,♥♥♥♥♥   3,3,X,X,Yes,Yes,Yes,Unplug-DLC,,
400,FALSE,The Conjuring,Megadeth,1986,Sep 16 2008,Metal,M,English,DLC1/2,♥♥♥♥♥   5,♥♥♥♥♥   5,♥♥♥♥♥   5,X,X,♥♥♥♥♥   2,2,X,X,Yes,Yes,Yes,,,
401,FALSE,Devil's Island,Megadeth,1986,Sep 16 2008,Metal,M,English,DLC1/2,♥♥♥♥♥   6,♥♥♥♥♥   5,♥♥♥♥♥   5,X,X,♥♥♥♥♥   2,3,X,X,Yes,Yes,Yes,,,
402,FALSE,Good Mourning/Black Friday,Megadeth,1986,Sep 16 2008,Metal,M,English,DLC1/2,♥♥♥♥♥   6,♥♥♥♥♥   3,♥♥♥♥♥   6,X,X,♥♥♥♥♥   2,3,X,X,Yes,Yes,Yes,,,
403,FALSE,Bad Omen,Megadeth,1986,Sep 16 2008,Metal,M,English,DLC1/2,♥♥♥♥♥   6,♥♥♥♥♥   5,♥♥♥♥♥   5,X,X,♥♥♥♥♥   1,X,X,X,Yes,Yes,Yes,,,
404,FALSE,I Ain't Superstitious,Megadeth,1986,Sep 16 2008,Metal,M,English,DLC1/2,♥♥♥♥♥   5,♥♥♥♥♥   3,♥♥♥♥♥   5,X,X,♥♥♥♥♥   3,X,X,X,Yes,Yes,Yes,,,
405,FALSE,My Last Words,Megadeth,1986,Sep 16 2008,Metal,M,English,DLC1/2,♥♥♥♥♥   5,♥♥♥♥♥   5,♥♥♥♥♥   6,X,X,♥♥♥♥♥   2,3,X,X,Yes,Yes,Yes,,,
406,FALSE,Tom Sawyer (Original Version),Rush,1981,Sep 23 2008,Prog,M,English,DLC1/2,♥♥♥♥♥   3,♥♥♥♥♥   2,♥♥♥♥♥   5,X,X,♥♥♥♥♥   1,X,X,X,Yes,Yes,Yes,,,
407,FALSE,Red Barchetta,Rush,1981,Sep 23 2008,Prog,M,English,DLC1/2,♥♥♥♥♥   3,♥♥♥♥♥   2,♥♥♥♥♥   5,X,X,♥♥♥♥♥   2,X,X,X,Yes,Yes,Yes,"CRTP, Unplug-DLC",,
408,FALSE,YYZ,Rush,1981,Sep 23 2008,Prog,X,X,DLC1/2,♥♥♥♥♥   4,♥♥♥♥♥   4,♥♥♥♥♥   5,X,X,X,X,X,X,Yes,Yes,Yes,,,
409,FALSE,Limelight (Original Version),Rush,1981,Sep 23 2008,Prog,M,English,DLC1/2,♥♥♥♥♥   2,♥♥♥♥♥   2,♥♥♥♥♥   4,X,X,♥♥♥♥♥   1,2,X,X,Yes,Yes,Yes,,,
410,FALSE,The Camera Eye,Rush,1981,Sep 23 2008,Prog,M,English,DLC1/2,♥♥♥♥♥   4,♥♥♥♥♥   1,♥♥♥♥♥   5,X,X,♥♥♥♥♥   1,X,X,X,Yes,Yes,Yes,,,
411,FALSE,Witch Hunt (Part III of Fear),Rush,1981,Sep 23 2008,Prog,M,English,DLC1/2,♥♥♥♥♥   2,♥♥♥♥♥   0,♥♥♥♥♥   4,X,X,♥♥♥♥♥   1,X,X,X,Yes,Yes,Yes,,,
412,FALSE,Vital Signs,Rush,1981,Sep 23 2008,Prog,M,English,DLC1/2,♥♥♥♥♥   2,♥♥♥♥♥   3,♥♥♥♥♥   5,X,X,♥♥♥♥♥   0,X,X,X,Yes,Yes,Yes,,,
413,FALSE,Sorrow,Bad Religion,2002,Sep 23 2008,Punk,M,English,DLC1/2,♥♥♥♥♥   2,♥♥♥♥♥   3,♥♥♥♥♥   5,X,X,♥♥♥♥♥   1,3,X,X,Yes,Yes,Yes,,,
414,FALSE,She Sells Sanctuary,The Cult,1985,Sep 23 2008,Rock,M,English,DLC1/2,♥♥♥♥♥   1,♥♥♥♥♥   0,♥♥♥♥♥   1,X,X,♥♥♥♥♥   1,2,X,X,Yes,Yes,Yes,,,
415,FALSE,Bandages,Hot Hot Heat,2002,Sep 23 2008,Alternative,M,English,DLC1/2,♥♥♥♥♥   1,♥♥♥♥♥   1,♥♥♥♥♥   2,X,X,♥♥♥♥♥   1,2,X,X,Yes,Yes,Yes,,,
416,FALSE,Shoot the Runner,Kasabian,2006,Sep 23 2008,Indie Rock,M,English,DLC1/2,♥♥♥♥♥   1,♥♥♥♥♥   1,♥♥♥♥♥   1,X,X,♥♥♥♥♥   2,3,X,X,Yes,Yes,Yes,,,
417,FALSE,You're No Rock N Roll Fun,Sleater-Kinney,2000,Sep 23 2008,Indie Rock,F,English,DLC1/2,♥♥♥♥♥   1,♥♥♥♥♥   1,♥♥♥♥♥   2,X,X,♥♥♥♥♥   1,3,X,X,Yes,Yes,Yes,Unplug-DLC,,
418,FALSE,Love Spreads,The Stone Roses,1994,Sep 23 2008,Alternative,M,English,DLC1/2,♥♥♥♥♥   4,♥♥♥♥♥   3,♥♥♥♥♥   5,X,X,♥♥♥♥♥   3,3,X,X,Yes,Yes,Yes,"CRTP, Unplug-DLC",,
419,FALSE,The Power of Equality,Red Hot Chili Peppers,1991,Sep 30 2008,Alternative,M,English,DLC1/2,♥♥♥♥♥   3,♥♥♥♥♥   3,♥♥♥♥♥   4,X,X,♥♥♥♥♥   1,3,X,X,Yes,Yes,Yes,,Delisted,
420,FALSE,If You Have to Ask,Red Hot Chili Peppers,1991,Sep 30 2008,Alternative,M,English,DLC1/2,♥♥♥♥♥   3,♥♥♥♥♥   4,♥♥♥♥♥   4,X,X,♥♥♥♥♥   2,3,X,X,Yes,Yes,Yes,,Delisted,
421,FALSE,Breaking the Girl,Red Hot Chili Peppers,1991,Sep 30 2008,Alternative,M,English,DLC1/2,♥♥♥♥♥   3,♥♥♥♥♥   3,♥♥♥♥♥   4,X,X,♥♥♥♥♥   0,3,X,X,Yes,Yes,Yes,,Delisted,
422,FALSE,Funky Monks,Red Hot Chili Peppers,1991,Sep 30 2008,Alternative,M,English,DLC1/2,♥♥♥♥♥   3,♥♥♥♥♥   3,♥♥♥♥♥   2,X,X,♥♥♥♥♥   3,2,X,X,Yes,Yes,Yes,,Delisted,
423,FALSE,Suck My Kiss,Red Hot Chili Peppers,1991,Sep 30 2008,Alternative,M,English,DLC1/2,♥♥♥♥♥   4,♥♥♥♥♥   3,♥♥♥♥♥   3,X,X,♥♥♥♥♥   3,X,X,X,Yes,Yes,Yes,,Delisted,
424,FALSE,I Could Have Lied,Red Hot Chili Peppers,1991,Sep 30 2008,Alternative,M,English,DLC1/2,♥♥♥♥♥   0,♥♥♥♥♥   0,♥♥♥♥♥   0,X,X,♥♥♥♥♥   0,X,X,X,Yes,Yes,Yes,,Delisted,
425,FALSE,Mellowship Slinky in B Major,Red Hot Chili Peppers,1991,Sep 30 2008,Alternative,M,English,DLC1/2,♥♥♥♥♥   3,♥♥♥♥♥   3,♥♥♥♥♥   4,X,X,♥♥♥♥♥   3,3,X,X,Yes,Yes,Yes,,Delisted,
426,FALSE,The Righteous and the Wicked,Red Hot Chili Peppers,1991,Sep 30 2008,Alternative,M,English,DLC1/2,♥♥♥♥♥   3,♥♥♥♥♥   3,♥♥♥♥♥   2,X,X,♥♥♥♥♥   3,3,X,X,Yes,Yes,Yes,,Delisted,
427,FALSE,Blood Sugar Sex Magik,Red Hot Chili Peppers,1991,Sep 30 2008,Alternative,M,English,DLC1/2,♥♥♥♥♥   3,♥♥♥♥♥   3,♥♥♥♥♥   2,X,X,♥♥♥♥♥   2,X,X,X,Yes,Yes,Yes,,Delisted,
428,FALSE,Under the Bridge,Red Hot Chili Peppers,1991,Sep 30 2008,Alternative,M,English,DLC1/2,♥♥♥♥♥   1,♥♥♥♥♥   1,♥♥♥♥♥   0,X,X,♥♥♥♥♥   3,3,♥♥♥♥♥   5,♥♥♥♥♥   3,Yes,Yes,Yes,Unplug-DLC,Delisted,
429,FALSE,Naked in the Rain,Red Hot Chili Peppers,1991,Sep 30 2008,Alternative,M,English,DLC1/2,♥♥♥♥♥   3,♥♥♥♥♥   4,♥♥♥♥♥   4,X,X,♥♥♥♥♥   3,3,X,X,Yes,Yes,Yes,,Delisted,
430,FALSE,Apache Rose Peacock,Red Hot Chili Peppers,1991,Sep 30 2008,Alternative,M,English,DLC1/2,♥♥♥♥♥   3,♥♥♥♥♥   3,♥♥♥♥♥   1,X,X,♥♥♥♥♥   3,3,X,X,Yes,Yes,Yes,,Delisted,
431,FALSE,The Greeting Song,Red Hot Chili Peppers,1991,Sep 30 2008,Alternative,M,English,DLC1/2,♥♥♥♥♥   4,♥♥♥♥♥   3,♥♥♥♥♥   5,X,X,♥♥♥♥♥   3,3,X,X,Yes,Yes,Yes,,Delisted,
432,FALSE,My Lovely Man,Red Hot Chili Peppers,1991,Sep 30 2008,Alternative,M,English,DLC1/2,♥♥♥♥♥   4,♥♥♥♥♥   2,♥♥♥♥♥   5,X,X,♥♥♥♥♥   3,X,X,X,Yes,Yes,Yes,,Delisted,
433,FALSE,Sir Psycho Sexy,Red Hot Chili Peppers,1991,Sep 30 2008,Alternative,M,English,DLC1/2,♥♥♥♥♥   4,♥♥♥♥♥   2,♥♥♥♥♥   2,X,X,♥♥♥♥♥   3,3,X,X,Yes,Yes,Yes,,Delisted,
434,FALSE,They're Red Hot,Red Hot Chili Peppers,1991,Sep 30 2008,Alternative,M,English,DLC1/2,♥♥♥♥♥   5,♥♥♥♥♥   3,♥♥♥♥♥   6,X,X,♥♥♥♥♥   6,X,X,X,Yes,Yes,Yes,,Delisted,
435,FALSE,All Right Now,Free,1970,Oct 7 2008,Classic Rock,M,English,DLC1/2,♥♥♥♥♥   1,♥♥♥♥♥   0,♥♥♥♥♥   1,X,X,♥♥♥♥♥   6,3,X,X,Yes,Yes,Yes,CRTP,,
436,FALSE,Stop!,Against Me!,2007,Oct 7 2008,Punk,M,English,DLC1/2,♥♥♥♥♥   3,♥♥♥♥♥   0,♥♥♥♥♥   2,X,X,♥♥♥♥♥   0,3,X,X,Yes,Yes,Yes,,Singer has since transitioned so ingame gender is wrong,
437,FALSE,Bad to the Bone,George Thorogood & the Destroyers,1982,Oct 7 2008,Rock,M,English,DLC1/2,♥♥♥♥♥   3,♥♥♥♥♥   0,♥♥♥♥♥   3,X,X,♥♥♥♥♥   2,X,X,X,Yes,Yes,Yes,"CRTP, Mobile, iOS",,
438,FALSE,Cream and Bastards Rise,Harvey Danger,2005,Oct 7 2008,Alternative,M,English,DLC1/2,♥♥♥♥♥   2,♥♥♥♥♥   1,♥♥♥♥♥   3,X,X,♥♥♥♥♥   3,3,X,X,Yes,Yes,Yes,,,
439,FALSE,Nearly Lost You,Screaming Trees,1992,Oct 7 2008,Grunge,M,English,DLC1/2,♥♥♥♥♥   3,♥♥♥♥♥   1,♥♥♥♥♥   5,X,X,♥♥♥♥♥   0,3,X,X,Yes,Yes,Yes,,,
440,FALSE,Push It,Static-X,1999,Oct 7 2008,Nu-Metal,M,English,DLC1/2,♥♥♥♥♥   4,♥♥♥♥♥   0,♥♥♥♥♥   4,X,X,♥♥♥♥♥   1,2,X,X,Yes,Yes,Yes,,,
441,FALSE,Gone Away,The Offspring,1997,Oct 7 2008,Punk,M,English,DLC1/2,♥♥♥♥♥   0,♥♥♥♥♥   0,♥♥♥♥♥   2,X,X,♥♥♥♥♥   0,3,X,X,Yes,Yes,Yes,,,
442,FALSE,Pretty Fly (For a White Guy),The Offspring,1998,Oct 7 2008,Punk,M,English,DLC1/2,♥♥♥♥♥   3,♥♥♥♥♥   0,♥♥♥♥♥   3,X,X,♥♥♥♥♥   1,3,X,X,Yes,Yes,Yes,,,
443,FALSE,Self Esteem,The Offspring,1994,Oct 7 2008,Punk,M,English,DLC1/2,♥♥♥♥♥   1,♥♥♥♥♥   1,♥♥♥♥♥   2,X,X,♥♥♥♥♥   0,2,♥♥♥♥♥   2,♥♥♥♥♥   2,Yes,Yes,Yes,,,
444,FALSE,Dr. Feelgood,Mötley Crüe,1989,Oct 14 2008,Glam,M,English,DLC1/2,♥♥♥♥♥   4,♥♥♥♥♥   1,♥♥♥♥♥   3,X,X,♥♥♥♥♥   1,3,X,X,Yes,Yes,Yes,Unplug-DLC,,
445,FALSE,Slice of Your Pie,Mötley Crüe,1989,Oct 14 2008,Glam,M,English,DLC1/2,♥♥♥♥♥   4,♥♥♥♥♥   1,♥♥♥♥♥   4,X,X,♥♥♥♥♥   4,3,X,X,Yes,Yes,Yes,,,
446,FALSE,Rattlesnake Shake,Mötley Crüe,1989,Oct 14 2008,Glam,M,English,DLC1/2,♥♥♥♥♥   4,♥♥♥♥♥   1,♥♥♥♥♥   4,X,X,♥♥♥♥♥   2,3,X,X,Yes,Yes,Yes,,,
447,FALSE,Kickstart My Heart,Mötley Crüe,1989,Oct 14 2008,Glam,M,English,DLC1/2,♥♥♥♥♥   3,♥♥♥♥♥   1,♥♥♥♥♥   4,X,X,♥♥♥♥♥   1,3,♥♥♥♥♥   5,♥♥♥♥♥   3,Yes,Yes,Yes,,,
448,FALSE,Without You,Mötley Crüe,1989,Oct 14 2008,Glam,M,English,DLC1/2,♥♥♥♥♥   2,♥♥♥♥♥   1,♥♥♥♥♥   1,X,X,♥♥♥♥♥   0,2,X,X,Yes,Yes,Yes,,,
449,FALSE,Same Ol' Situation (S.O.S.),Mötley Crüe,1989,Oct 14 2008,Glam,M,English,DLC1/2,♥♥♥♥♥   2,♥♥♥♥♥   1,♥♥♥♥♥   3,X,X,♥♥♥♥♥   2,3,X,X,Yes,Yes,Yes,,,
450,FALSE,Sticky Sweet,Mötley Crüe,1989,Oct 14 2008,Glam,M,English,DLC1/2,♥♥♥♥♥   4,♥♥♥♥♥   1,♥♥♥♥♥   3,X,X,♥♥♥♥♥   4,3,X,X,Yes,Yes,Yes,,,
451,FALSE,She Goes Down,Mötley Crüe,1989,Oct 14 2008,Glam,M,English,DLC1/2,♥♥♥♥♥   3,♥♥♥♥♥   1,♥♥♥♥♥   3,X,X,♥♥♥♥♥   0,3,X,X,Yes,Yes,Yes,,,
452,FALSE,Don't Go Away Mad (Just Go Away),Mötley Crüe,1989,Oct 14 2008,Glam,M,English,DLC1/2,♥♥♥♥♥   3,♥♥♥♥♥   1,♥♥♥♥♥   3,X,X,♥♥♥♥♥   4,2,X,X,Yes,Yes,Yes,,,
453,FALSE,Time for Change,Mötley Crüe,1989,Oct 14 2008,Glam,M,English,DLC1/2,♥♥♥♥♥   2,♥♥♥♥♥   1,♥♥♥♥♥   1,X,X,♥♥♥♥♥   0,3,X,X,Yes,Yes,Yes,,,
454,FALSE,Breed,Nirvana,1991,Oct 21 2008,Grunge,M,English,DLC1/2,♥♥♥♥♥   4,♥♥♥♥♥   4,♥♥♥♥♥   4,X,X,♥♥♥♥♥   0,X,♥♥♥♥♥   2,♥♥♥♥♥   2,Yes,Yes,Yes,,,
455,FALSE,Lounge Act,Nirvana,1991,Oct 21 2008,Grunge,M,English,DLC1/2,♥♥♥♥♥   0,♥♥♥♥♥   2,♥♥♥♥♥   3,X,X,♥♥♥♥♥   1,X,♥♥♥♥♥   1,♥♥♥♥♥   3,Yes,Yes,Yes,,,
456,FALSE,On a Plain,Nirvana,1991,Oct 21 2008,Grunge,M,English,DLC1/2,♥♥♥♥♥   1,♥♥♥♥♥   2,♥♥♥♥♥   4,X,X,♥♥♥♥♥   0,3,♥♥♥♥♥   1,♥♥♥♥♥   3,Yes,Yes,Yes,,,
457,FALSE,Polly,Nirvana,1991,Oct 21 2008,Grunge,M,English,DLC1/2,♥♥♥♥♥   0,♥♥♥♥♥   0,♥♥♥♥♥   0,X,X,♥♥♥♥♥   0,2,♥♥♥♥♥   0,♥♥♥♥♥   0,Yes,Yes,Yes,,,
458,FALSE,Something in the Way,Nirvana,1991,Oct 21 2008,Grunge,M,English,DLC1/2,♥♥♥♥♥   0,♥♥♥♥♥   0,♥♥♥♥♥   0,X,X,♥♥♥♥♥   0,2,♥♥♥♥♥   0,♥♥♥♥♥   0,Yes,Yes,Yes,,,
459,FALSE,Stay Away,Nirvana,1991,Oct 21 2008,Grunge,M,English,DLC1/2,♥♥♥♥♥   3,♥♥♥♥♥   2,♥♥♥♥♥   5,X,X,♥♥♥♥♥   2,2,♥♥♥♥♥   2,♥♥♥♥♥   4,Yes,Yes,Yes,,,
460,FALSE,Territorial Pissings,Nirvana,1991,Oct 21 2008,Grunge,M,English,DLC1/2,♥♥♥♥♥   1,♥♥♥♥♥   4,♥♥♥♥♥   5,X,X,♥♥♥♥♥   0,X,♥♥♥♥♥   1,♥♥♥♥♥   3,Yes,Yes,Yes,,,
461,FALSE,Hong Kong Garden,Siouxsie and The Banshees,1981,Oct 28 2008,Pop-Rock,F,English,DLC1/2,♥♥♥♥♥   4,♥♥♥♥♥   1,♥♥♥♥♥   2,X,X,♥♥♥♥♥   0,X,X,X,Yes,Yes,Yes,,,
462,FALSE,Kiss Them for Me,Siouxsie and The Banshees,1991,Oct 28 2008,Pop-Rock,F,English,DLC1/2,♥♥♥♥♥   4,♥♥♥♥♥   3,♥♥♥♥♥   3,X,X,♥♥♥♥♥   0,3,X,X,Yes,Yes,Yes,CRTP,,
463,FALSE,The Killing Jar,Siouxsie and The Banshees,1988,Oct 28 2008,Pop-Rock,F,English,DLC1/2,♥♥♥♥♥   3,♥♥♥♥♥   1,♥♥♥♥♥   3,X,X,♥♥♥♥♥   2,X,X,X,Yes,Yes,Yes,Unplugged,,
464,FALSE,Dammit,Blink-182,1997,Oct 28 2008,Punk,M,English,DLC1/2,♥♥♥♥♥   3,♥♥♥♥♥   3,♥♥♥♥♥   5,X,X,♥♥♥♥♥   1,X,♥♥♥♥♥   1,♥♥♥♥♥   0,Yes,Yes,Yes,,,
465,FALSE,Well Thought Out Twinkles,Silversun Pickups,2006,Oct 28 2008,Indie Rock,M,English,DLC1/2,♥♥♥♥♥   3,♥♥♥♥♥   2,♥♥♥♥♥   4,X,X,♥♥♥♥♥   0,2,X,X,Yes,Yes,Yes,,,
466,FALSE,Melatonin,Silversun Pickups,2006,Oct 28 2008,Indie Rock,M,English,DLC1/2,♥♥♥♥♥   2,♥♥♥♥♥   1,♥♥♥♥♥   3,X,X,♥♥♥♥♥   1,2,X,X,Yes,Yes,Yes,,,
467,FALSE,Pretty in Pink,The Psychedelic Furs,1981,Oct 28 2008,New Wave,M,English,DLC1/2,♥♥♥♥♥   0,♥♥♥♥♥   1,♥♥♥♥♥   0,X,X,♥♥♥♥♥   1,X,X,X,Yes,Yes,Yes,,,
468,FALSE,Dune Buggy,The Presidents of the United States of America,1995,Nov 4 2008,Grunge,M,English,DLC1/2,♥♥♥♥♥   4,♥♥♥♥♥   5,♥♥♥♥♥   3,X,X,♥♥♥♥♥   2,3,X,X,Yes,Yes,Yes,,,
469,FALSE,Feather Pluck'n,The Presidents of the United States of America,1995,Nov 4 2008,Grunge,M,English,DLC1/2,♥♥♥♥♥   2,♥♥♥♥♥   5,♥♥♥♥♥   3,X,X,♥♥♥♥♥   3,3,X,X,Yes,Yes,Yes,,,
470,FALSE,Ladybug,The Presidents of the United States of America,2008,Nov 4 2008,Grunge,M,English,DLC1/2,♥♥♥♥♥   3,♥♥♥♥♥   5,♥♥♥♥♥   4,X,X,♥♥♥♥♥   3,3,X,X,Yes,Yes,Yes,"Mobile, iOS",,
471,FALSE,Use Me,Hinder,2008,Nov 4 2008,Rock,M,English,DLC1/2,♥♥♥♥♥   3,♥♥♥♥♥   2,♥♥♥♥♥   1,X,X,♥♥♥♥♥   1,3,X,X,Yes,Yes,Yes,,,
472,FALSE,I Don't Care,Fall Out Boy,2008,Nov 4 2008,Pop-Rock,M,English,DLC1/2,♥♥♥♥♥   1,♥♥♥♥♥   3,♥♥♥♥♥   3,X,X,♥♥♥♥♥   3,3,X,X,Yes,Yes,Yes,,,
473,FALSE,Ashes to Fire,Ghost Hounds,2008,Nov 6 2008,Rock,M,English,DLC1/2,♥♥♥♥♥   1,♥♥♥♥♥   1,♥♥♥♥♥   4,X,X,♥♥♥♥♥   2,3,X,X,Yes,Yes,Yes,,"Delisted, was only available via the Rock Band 2 free 20 songs pack, note for details",
474,FALSE,Bounce,The Cab,2008,Nov 6 2008,Pop-Rock,M,English,DLC1/2,♥♥♥♥♥   1,♥♥♥♥♥   1,♥♥♥♥♥   4,X,X,♥♥♥♥♥   1,3,X,X,Yes,Yes,Yes,,"Delisted, was only available via the Rock Band 2 free 20 songs pack, note for details",
475,FALSE,Burn You Down,Opiate for the Masses,2008,Nov 6 2008,Rock,M,English,DLC1/2,♥♥♥♥♥   2,♥♥♥♥♥   1,♥♥♥♥♥   2,X,X,♥♥♥♥♥   0,3,X,X,Yes,Yes,Yes,,"Delisted, was only available via the Rock Band 2 free 20 songs pack, note for details",
476,FALSE,Crazy Tuesday,Thenewno2,2008,Nov 6 2008,Pop-Rock,M,English,DLC1/2,♥♥♥♥♥   1,♥♥♥♥♥   0,♥♥♥♥♥   2,X,X,♥♥♥♥♥   2,3,X,X,Yes,Yes,Yes,,"Delisted, was only available via the Rock Band 2 free 20 songs pack, note for details",
477,FALSE,Database Corrupted,Dealership,2004,Nov 6 2008,Indie Rock,F,English,DLC1/2,♥♥♥♥♥   0,♥♥♥♥♥   1,♥♥♥♥♥   4,X,X,♥♥♥♥♥   1,2,X,X,Yes,Yes,Yes,,"Delisted, was only available via the Rock Band 2 free 20 songs pack, note for details",
478,FALSE,"Desperate Times, Desperate Measures",Underoath,2008,Nov 6 2008,Emo,M,English,DLC1/2,♥♥♥♥♥   4,♥♥♥♥♥   2,♥♥♥♥♥   5,X,X,♥♥♥♥♥   2,3,X,X,Yes,Yes,Yes,,"Delisted, was only available via the Rock Band 2 free 20 songs pack, note for details",
479,FALSE,Get It On,The Chevelles,2008,Nov 6 2008,Rock,M,English,DLC1/2,♥♥♥♥♥   4,♥♥♥♥♥   3,♥♥♥♥♥   4,X,X,♥♥♥♥♥   2,3,X,X,Yes,Yes,Yes,,"Delisted, was only available via the Rock Band 2 free 20 songs pack, note for details",
480,FALSE,Give It to Me,Cocktail Slippers,2006,Nov 6 2008,Indie Rock,F,English,DLC1/2,♥♥♥♥♥   2,♥♥♥♥♥   3,♥♥♥♥♥   3,X,X,♥♥♥♥♥   3,3,X,X,Yes,Yes,Yes,,"Delisted, was only available via the Rock Band 2 free 20 songs pack, note for details",
481,FALSE,I Wanna Be Your Man,Endeverafter,2007,Nov 6 2008,Rock,M,English,DLC1/2,♥♥♥♥♥   5,♥♥♥♥♥   4,♥♥♥♥♥   4,X,X,♥♥♥♥♥   2,3,X,X,Yes,Yes,Yes,,"Delisted, was only available via the Rock Band 2 free 20 songs pack, note for details",
482,FALSE,"I'm Gone, I'm Going",Lesley Roy,2008,Nov 6 2008,Pop-Rock,F,English,DLC1/2,♥♥♥♥♥   0,♥♥♥♥♥   2,♥♥♥♥♥   3,X,X,♥♥♥♥♥   2,3,X,X,Yes,Yes,Yes,,"Delisted, was only available via the Rock Band 2 free 20 songs pack, note for details",
483,FALSE,I.V.,X Japan,2008,Nov 6 2008,Metal,M,English,DLC1/2,♥♥♥♥♥   4,♥♥♥♥♥   2,♥♥♥♥♥   4,X,X,♥♥♥♥♥   2,3,X,X,Yes,Yes,Yes,,"Delisted, was only available via the Rock Band 2 free 20 songs pack, note for details",
484,FALSE,If I Ain't Got You,The Len Price 3,2007,Nov 6 2008,Rock,M,English,DLC1/2,♥♥♥♥♥   1,♥♥♥♥♥   2,♥♥♥♥♥   3,X,X,♥♥♥♥♥   2,3,X,X,Yes,Yes,Yes,,"Delisted, was only available via the Rock Band 2 free 20 songs pack, note for details",
485,FALSE,Like a Fool,Shaimus,2008,Nov 6 2008,Indie Rock,M,English,DLC1/2,♥♥♥♥♥   4,♥♥♥♥♥   4,♥♥♥♥♥   4,X,X,♥♥♥♥♥   3,3,X,X,Yes,Yes,Yes,,"Delisted, was only available via the Rock Band 2 free 20 songs pack, note for details",
486,FALSE,Magnetic Baby,Semi Precious Weapons,2008,Nov 6 2008,Glam,F,English,DLC1/2,♥♥♥♥♥   3,♥♥♥♥♥   2,♥♥♥♥♥   3,X,X,♥♥♥♥♥   0,3,X,X,Yes,Yes,Yes,,"Delisted, was only available via the Rock Band 2 free 20 songs pack, note for details",
487,FALSE,No Regrets,Authority Zero,2007,Nov 6 2008,Punk,M,English,DLC1/2,♥♥♥♥♥   3,♥♥♥♥♥   4,♥♥♥♥♥   5,X,X,♥♥♥♥♥   3,3,X,X,Yes,Yes,Yes,,"Delisted, was only available via the Rock Band 2 free 20 songs pack, note for details",
488,FALSE,Prequel to the Sequel,Between the Buried and Me,2007,Nov 6 2008,Prog,M,English,DLC1/2,♥♥♥♥♥   6,♥♥♥♥♥   6,♥♥♥♥♥   6,X,X,♥♥♥♥♥   0,2,X,X,Yes,Yes,Yes,,"Delisted, was only available via the Rock Band 2 free 20 songs pack, note for details",
489,FALSE,Sons and Daughters,The 88,2008,Nov 6 2008,Pop-Rock,M,English,DLC1/2,♥♥♥♥♥   2,♥♥♥♥♥   2,♥♥♥♥♥   3,X,X,♥♥♥♥♥   3,3,X,X,Yes,Yes,Yes,,"Delisted, was only available via the Rock Band 2 free 20 songs pack, note for details",
490,FALSE,The Feeling,Kutless,2008,Nov 6 2008,Rock,M,English,DLC1/2,♥♥♥♥♥   3,♥♥♥♥♥   5,♥♥♥♥♥   4,X,X,♥♥♥♥♥   2,3,X,X,Yes,Yes,Yes,,"Delisted, was only available via the Rock Band 2 free 20 songs pack, note for details",
491,FALSE,The Time Is Wrong,Tickle Me Pink,2008,Nov 6 2008,Emo,M,English,DLC1/2,♥♥♥♥♥   4,♥♥♥♥♥   2,♥♥♥♥♥   4,X,X,♥♥♥♥♥   2,3,X,X,Yes,Yes,Yes,,"Delisted, was only available via the Rock Band 2 free 20 songs pack, note for details",
492,FALSE,Young,Hollywood Undead,2008,Nov 6 2008,Nu-Metal,M,English,DLC1/2,♥♥♥♥♥   1,♥♥♥♥♥   2,♥♥♥♥♥   3,X,X,♥♥♥♥♥   2,3,X,X,Yes,Yes,Yes,,"Delisted, was only available via the Rock Band 2 free 20 songs pack, note for details",
493,FALSE,Doll,Foo Fighters,1997,Nov 11 2008,Alternative,M,English,DLC1/2,♥♥♥♥♥   0,♥♥♥♥♥   1,♥♥♥♥♥   0,X,X,♥♥♥♥♥   0,X,X,X,Yes,Yes,Yes,,,
494,FALSE,Monkey Wrench,Foo Fighters,1997,Nov 11 2008,Alternative,M,English,DLC1/2,♥♥♥♥♥   4,♥♥♥♥♥   4,♥♥♥♥♥   4,X,X,♥♥♥♥♥   0,3,♥♥♥♥♥   3,♥♥♥♥♥   3,Yes,Yes,Yes,Unplug-DLC,,
495,FALSE,"Hey, Johnny Park!",Foo Fighters,1997,Nov 11 2008,Alternative,M,English,DLC1/2,♥♥♥♥♥   3,♥♥♥♥♥   2,♥♥♥♥♥   3,X,X,♥♥♥♥♥   1,3,X,X,Yes,Yes,Yes,,,
496,FALSE,My Poor Brain,Foo Fighters,1997,Nov 11 2008,Alternative,M,English,DLC1/2,♥♥♥♥♥   3,♥♥♥♥♥   3,♥♥♥♥♥   1,X,X,♥♥♥♥♥   0,X,X,X,Yes,Yes,Yes,,,
497,FALSE,Wind Up,Foo Fighters,1997,Nov 11 2008,Alternative,M,English,DLC1/2,♥♥♥♥♥   3,♥♥♥♥♥   3,♥♥♥♥♥   3,X,X,♥♥♥♥♥   2,2,X,X,Yes,Yes,Yes,,,
498,FALSE,Up in Arms,Foo Fighters,1997,Nov 11 2008,Alternative,M,English,DLC1/2,♥♥♥♥♥   3,♥♥♥♥♥   3,♥♥♥♥♥   4,X,X,♥♥♥♥♥   3,X,X,X,Yes,Yes,Yes,,,
499,FALSE,My Hero,Foo Fighters,1997,Nov 11 2008,Alternative,M,English,DLC1/2,♥♥♥♥♥   3,♥♥♥♥♥   2,♥♥♥♥♥   4,X,X,♥♥♥♥♥   0,X,X,X,Yes,Yes,Yes,,,
500,FALSE,See You,Foo Fighters,1997,Nov 11 2008,Alternative,M,English,DLC1/2,♥♥♥♥♥   2,♥♥♥♥♥   3,♥♥♥♥♥   3,X,X,♥♥♥♥♥   1,2,X,X,Yes,Yes,Yes,,,
501,FALSE,Enough Space,Foo Fighters,1997,Nov 11 2008,Alternative,M,English,DLC1/2,♥♥♥♥♥   4,♥♥♥♥♥   3,♥♥♥♥♥   3,X,X,♥♥♥♥♥   3,X,X,X,Yes,Yes,Yes,,,
502,FALSE,February Stars,Foo Fighters,1997,Nov 11 2008,Alternative,M,English,DLC1/2,♥♥♥♥♥   0,♥♥♥♥♥   1,♥♥♥♥♥   2,X,X,♥♥♥♥♥   1,3,X,X,Yes,Yes,Yes,,,
503,FALSE,Walking After You,Foo Fighters,1997,Nov 11 2008,Alternative,M,English,DLC1/2,♥♥♥♥♥   3,♥♥♥♥♥   1,♥♥♥♥♥   0,X,X,♥♥♥♥♥   2,X,X,X,Yes,Yes,Yes,,,
504,FALSE,New Way Home,Foo Fighters,1997,Nov 11 2008,Alternative,M,English,DLC1/2,♥♥♥♥♥   3,♥♥♥♥♥   4,♥♥♥♥♥   4,X,X,♥♥♥♥♥   2,3,X,X,Yes,Yes,Yes,,,
505,FALSE,California über alles,Dead Kennedys,1987,Nov 18 2008,Punk,M,English,DLC1/2,♥♥♥♥♥   3,♥♥♥♥♥   3,♥♥♥♥♥   6,X,X,♥♥♥♥♥   3,3,X,X,Yes,Yes,Yes,"CRTP, Unplug-DLC",,
506,FALSE,Holiday in Cambodia,Dead Kennedys,1987,Nov 18 2008,Punk,M,English,DLC1/2,♥♥♥♥♥   4,♥♥♥♥♥   5,♥♥♥♥♥   5,X,X,♥♥♥♥♥   5,3,X,X,Yes,Yes,Yes,"CRTP, Unplugged",,
507,FALSE,Police Truck,Dead Kennedys,1987,Nov 18 2008,Punk,M,English,DLC1/2,♥♥♥♥♥   3,♥♥♥♥♥   5,♥♥♥♥♥   5,X,X,♥♥♥♥♥   5,3,X,X,Yes,Yes,Yes,,,
508,FALSE,Mica,Mission of Burma,1982,Nov 18 2008,Punk,M,English,DLC1/2,♥♥♥♥♥   3,♥♥♥♥♥   5,♥♥♥♥♥   5,X,X,♥♥♥♥♥   0,3,X,X,Yes,Yes,Yes,,,
509,FALSE,That's How I Escaped My Certain Fate,Mission of Burma,1982,Nov 18 2008,Punk,M,English,DLC1/2,♥♥♥♥♥   4,♥♥♥♥♥   4,♥♥♥♥♥   6,X,X,♥♥♥♥♥   0,2,X,X,Yes,Yes,Yes,,,
510,FALSE,That's When I Reach for My Revolver,Mission of Burma,1981,Nov 18 2008,Punk,M,English,DLC1/2,♥♥♥♥♥   3,♥♥♥♥♥   3,♥♥♥♥♥   4,X,X,♥♥♥♥♥   1,3,X,X,Yes,Yes,Yes,,,
511,FALSE,Forever,In This Moment,2008,Nov 18 2008,Metal,F,English,DLC1/2,♥♥♥♥♥   5,♥♥♥♥♥   4,♥♥♥♥♥   4,X,X,♥♥♥♥♥   1,3,X,X,Yes,Yes,Yes,MTP,,
512,FALSE,Closer,Lacuna Coil,2006,Nov 18 2008,Metal,F,English,DLC1/2,♥♥♥♥♥   0,♥♥♥♥♥   3,♥♥♥♥♥   2,X,X,♥♥♥♥♥   2,3,X,X,Yes,Yes,Yes,MTP,,
513,FALSE,Swamped,Lacuna Coil,2002,Nov 18 2008,Metal,F,English,DLC1/2,♥♥♥♥♥   2,♥♥♥♥♥   3,♥♥♥♥♥   1,X,X,♥♥♥♥♥   3,2,X,X,Yes,Yes,Yes,,,
514,FALSE,Gone,Crooked X,2008,Nov 18 2008,Rock,M,English,DLC1/2,♥♥♥♥♥   4,♥♥♥♥♥   4,♥♥♥♥♥   3,X,X,♥♥♥♥♥   1,2,X,X,Yes,Yes,Yes,,Delisted,
515,FALSE,Mr. Brightside,The Killers,2004,Nov 25 2008,Alternative,M,English,DLC1/2,♥♥♥♥♥   3,♥♥♥♥♥   2,♥♥♥♥♥   4,X,X,♥♥♥♥♥   2,X,X,X,Yes,Yes,Yes,"Unplugged, VR-DLC",,
516,FALSE,Spaceman,The Killers,2008,Nov 25 2008,Alternative,M,English,DLC1/2,♥♥♥♥♥   0,♥♥♥♥♥   2,♥♥♥♥♥   4,X,X,♥♥♥♥♥   3,3,X,X,Yes,Yes,Yes,,,
517,FALSE,Smile Like You Mean It,The Killers,2004,Nov 25 2008,Alternative,M,English,DLC1/2,♥♥♥♥♥   2,♥♥♥♥♥   2,♥♥♥♥♥   4,X,X,♥♥♥♥♥   0,3,X,X,Yes,Yes,Yes,,,
518,FALSE,Caprici Di Diablo,Yngwie Malmsteen's Rising Force,2008,Nov 25 2008,Metal,X,X,DLC1/2,♥♥♥♥♥   6,♥♥♥♥♥   5,♥♥♥♥♥   4,X,X,X,X,X,X,Yes,Yes,Yes,,,
519,FALSE,Damnation Game,Yngwie Malmsteen's Rising Force,2008,Nov 25 2008,Metal,M,English,DLC1/2,♥♥♥♥♥   6,♥♥♥♥♥   6,♥♥♥♥♥   4,X,X,♥♥♥♥♥   2,3,X,X,Yes,Yes,Yes,,,
520,FALSE,Red Devil,Yngwie Malmsteen's Rising Force,2008,Nov 25 2008,Metal,M,English,DLC1/2,♥♥♥♥♥   6,♥♥♥♥♥   3,♥♥♥♥♥   4,X,X,♥♥♥♥♥   1,3,X,X,Yes,Yes,Yes,MTP,,
521,FALSE,Jesus Christ Pose,Soundgarden,1991,Nov 25 2008,Grunge,M,English,DLC1/2,♥♥♥♥♥   4,♥♥♥♥♥   6,♥♥♥♥♥   5,X,X,♥♥♥♥♥   4,2,X,X,Yes,Yes,Yes,,,
522,FALSE,Pretty Noose,Soundgarden,1996,Nov 25 2008,Grunge,M,English,DLC1/2,♥♥♥♥♥   3,♥♥♥♥♥   4,♥♥♥♥♥   5,X,X,♥♥♥♥♥   2,2,♥♥♥♥♥   3,♥♥♥♥♥   3,Yes,Yes,Yes,,,
523,FALSE,Laid to Rest,Lamb of God,2004,Nov 25 2008,Metal,M,English,DLC1/2,♥♥♥♥♥   5,♥♥♥♥♥   6,♥♥♥♥♥   5,X,X,♥♥♥♥♥   0,2,X,X,Yes,Yes,Yes,"MTP, Unplugged",,
524,FALSE,Are You Dead Yet?,Children of Bodom,2005,Dec 2 2008,Metal,M,English,DLC1/2,♥♥♥♥♥   5,♥♥♥♥♥   4,♥♥♥♥♥   5,X,X,♥♥♥♥♥   1,3,X,X,Yes,Yes,Yes,MTP,,
525,FALSE,Tutto è possibile,Finley,2006,Dec 2 2008,Punk,M,Italian,DLC1/2,♥♥♥♥♥   4,♥♥♥♥♥   2,♥♥♥♥♥   4,X,X,♥♥♥♥♥   2,3,X,X,Yes,Yes,Yes,Mobile,,
526,FALSE,Hay Poco Rock N Roll,Platero y Tú,1994,Dec 2 2008,Rock,M,Spanish,DLC1/2,♥♥♥♥♥   4,♥♥♥♥♥   1,♥♥♥♥♥   0,X,X,♥♥♥♥♥   3,3,X,X,Yes,Yes,Yes,,,
527,FALSE,Tempted,Squeeze,1981,Dec 2 2008,New Wave,M,English,DLC1/2,♥♥♥♥♥   0,♥♥♥♥♥   0,♥♥♥♥♥   0,X,X,♥♥♥♥♥   3,3,X,X,Yes,Yes,Yes,Mobile,,
528,FALSE,"Ready, Set, Go!",Tokio Hotel,2007,Dec 2 2008,Pop-Rock,M,English,DLC1/2,♥♥♥♥♥   1,♥♥♥♥♥   0,♥♥♥♥♥   3,X,X,♥♥♥♥♥   2,3,X,X,Yes,Yes,Yes,,Delisted,
529,FALSE,Real World,All-American Rejects,2008,Dec 2 2008,Emo,M,English,DLC1/2,♥♥♥♥♥   2,♥♥♥♥♥   1,♥♥♥♥♥   3,X,X,♥♥♥♥♥   1,3,X,X,Yes,Yes,Yes,ReLd-DLC,,
530,FALSE,Headphones On,Miranda Cosgrove,2008,Dec 2 2008,Pop-Rock,F,English,DLC1/2,♥♥♥♥♥   2,♥♥♥♥♥   3,♥♥♥♥♥   3,X,X,♥♥♥♥♥   1,3,X,X,PS3/Xbox,PS3/Xbox,Yes,,,
531,FALSE,Body I Occupy,The Naked Brothers Band,2008,Dec 2 2008,Pop-Rock,M,English,DLC1/2,♥♥♥♥♥   1,♥♥♥♥♥   0,♥♥♥♥♥   4,X,X,♥♥♥♥♥   4,3,X,X,Yes,Yes,Yes,,Delisted,
532,FALSE,I Don't Want to Go to School,The Naked Brothers Band,2008,Dec 2 2008,Pop-Rock,M,English,DLC1/2,♥♥♥♥♥   2,♥♥♥♥♥   0,♥♥♥♥♥   2,X,X,♥♥♥♥♥   3,3,X,X,Yes,Yes,Yes,,Delisted,
533,FALSE,Just a Girl,No Doubt,1995,Dec 9 2008,Pop-Rock,F,English,DLC1/2,♥♥♥♥♥   3,♥♥♥♥♥   1,♥♥♥♥♥   3,X,X,♥♥♥♥♥   1,3,X,X,Yes,Yes,Yes,"Unplug-DLC, iOS-DLC, VR-DLC",,
534,FALSE,It's My Life,No Doubt,2003,Dec 9 2008,Pop-Rock,F,English,DLC1/2,♥♥♥♥♥   1,♥♥♥♥♥   1,♥♥♥♥♥   1,X,X,♥♥♥♥♥   0,2,X,X,Yes,Yes,Yes,,,
535,FALSE,Hey Baby,No Doubt,2003,Dec 9 2008,Pop-Rock,F,English,DLC1/2,♥♥♥♥♥   2,♥♥♥♥♥   0,♥♥♥♥♥   4,X,X,♥♥♥♥♥   2,3,X,X,Yes,Yes,Yes,,,
536,FALSE,Bathwater,No Doubt,2003,Dec 9 2008,Pop-Rock,F,English,DLC1/2,♥♥♥♥♥   1,♥♥♥♥♥   0,♥♥♥♥♥   3,X,X,♥♥♥♥♥   3,3,X,X,Yes,Yes,Yes,,,
537,FALSE,Sunday Morning,No Doubt,1995,Dec 9 2008,Pop-Rock,F,English,DLC1/2,♥♥♥♥♥   2,♥♥♥♥♥   1,♥♥♥♥♥   4,X,X,♥♥♥♥♥   1,3,X,X,Yes,Yes,Yes,,,
538,FALSE,Hella Good,No Doubt,2003,Dec 9 2008,Pop-Rock,F,English,DLC1/2,♥♥♥♥♥   2,♥♥♥♥♥   4,♥♥♥♥♥   3,X,X,♥♥♥♥♥   0,3,X,X,Yes,Yes,Yes,Reload,,
539,FALSE,Underneath It All,No Doubt,2003,Dec 9 2008,Pop-Rock,F,English,DLC1/2,♥♥♥♥♥   2,♥♥♥♥♥   0,♥♥♥♥♥   3,X,X,♥♥♥♥♥   1,3,X,X,Yes,Yes,Yes,ReLd-DLC,,
540,FALSE,Excuse Me Mr.,No Doubt,1995,Dec 9 2008,Pop-Rock,F,English,DLC1/2,♥♥♥♥♥   4,♥♥♥♥♥   4,♥♥♥♥♥   5,X,X,♥♥♥♥♥   3,3,X,X,Yes,Yes,Yes,Unplug-DLC,,
541,FALSE,Running,No Doubt,2003,Dec 9 2008,Pop-Rock,F,English,DLC1/2,♥♥♥♥♥   1,♥♥♥♥♥   0,♥♥♥♥♥   0,X,X,♥♥♥♥♥   1,3,X,X,Yes,Yes,Yes,,,
542,FALSE,Spiderwebs,No Doubt,1995,Dec 9 2008,Pop-Rock,F,English,DLC1/2,♥♥♥♥♥   2,♥♥♥♥♥   3,♥♥♥♥♥   3,X,X,♥♥♥♥♥   2,3,X,X,Yes,Yes,Yes,iOS-DLC,,
543,FALSE,Simple Kind of Life,No Doubt,2003,Dec 9 2008,Pop-Rock,F,English,DLC1/2,♥♥♥♥♥   2,♥♥♥♥♥   0,♥♥♥♥♥   3,X,X,♥♥♥♥♥   3,2,X,X,Yes,Yes,Yes,,,
544,FALSE,Don't Speak,No Doubt,1995,Dec 9 2008,Pop-Rock,F,English,DLC1/2,♥♥♥♥♥   3,♥♥♥♥♥   1,♥♥♥♥♥   3,X,X,♥♥♥♥♥   1,3,X,X,Yes,Yes,Yes,ReLd-DLC,,
545,FALSE,Ex-Girlfriend,No Doubt,2003,Dec 9 2008,Pop-Rock,F,English,DLC1/2,♥♥♥♥♥   3,♥♥♥♥♥   2,♥♥♥♥♥   4,X,X,♥♥♥♥♥   2,3,X,X,Yes,Yes,Yes,,,
546,FALSE,Mud on the Tires,Brad Paisley,2003,Dec 16 2008,Country,M,English,DLC1/2,♥♥♥♥♥   5,♥♥♥♥♥   0,♥♥♥♥♥   3,X,X,♥♥♥♥♥   2,3,X,X,Yes,Yes,Yes,CTP1,,
547,FALSE,Hillbilly Deluxe,Brooks & Dunn,2005,Dec 16 2008,Country,M,English,DLC1/2,♥♥♥♥♥   4,♥♥♥♥♥   2,♥♥♥♥♥   1,X,X,♥♥♥♥♥   2,3,X,X,Yes,Yes,Yes,CTP1,,
548,FALSE,Free and Easy (Down the Road I Go),Dierks Bentley,2006,Dec 16 2008,Country,M,English,DLC1/2,♥♥♥♥♥   5,♥♥♥♥♥   2,♥♥♥♥♥   4,X,X,♥♥♥♥♥   1,3,X,X,Yes,Yes,Yes,CTP1,,
549,FALSE,Sin Wagon,Dixie Chicks,1999,Dec 16 2008,Country,F,English,DLC1/2,♥♥♥♥♥   5,♥♥♥♥♥   3,♥♥♥♥♥   5,X,X,♥♥♥♥♥   4,2,X,X,Yes,Yes,Yes,"CTP1, Unplug-DLC",,
550,FALSE,Gunpowder & Lead,Miranda Lambert,2007,Dec 16 2008,Country,F,English,DLC1/2,♥♥♥♥♥   4,♥♥♥♥♥   2,♥♥♥♥♥   2,X,X,♥♥♥♥♥   3,3,X,X,Yes,Yes,Yes,CTP1,,
551,FALSE,Hanukkah Blessings,Barenaked Ladies,2004,Dec 23 2008,Rock,M,English/Hebrew,DLC1/2,♥♥♥♥♥   3,♥♥♥♥♥   0,♥♥♥♥♥   3,X,X,♥♥♥♥♥   1,3,X,X,Yes,Yes,Yes,,,
552,FALSE,Christmas Is the Time to Say I Love You,Billy Squier,1994,Dec 23 2008,Classic Rock,M,English,DLC1/2,♥♥♥♥♥   2,♥♥♥♥♥   0,♥♥♥♥♥   2,X,X,♥♥♥♥♥   2,X,X,X,Yes,Yes,Yes,ReLd-DLC,,
553,FALSE,Blue Christmas,The Pretenders,2008,Dec 23 2008,New Wave,F,English,DLC1/2,♥♥♥♥♥   4,♥♥♥♥♥   2,♥♥♥♥♥   4,X,X,♥♥♥♥♥   2,X,X,X,Yes,Yes,Yes,ReLd-DLC,,
554,FALSE,This Is a Call,Foo Fighters,1995,Dec 23 2008,Alternative,M,English,DLC1/2,♥♥♥♥♥   3,♥♥♥♥♥   3,♥♥♥♥♥   4,X,X,♥♥♥♥♥   1,2,X,X,Yes,Yes,Yes,iOS-DLC,,
555,FALSE,Times Like These,Foo Fighters,2002,Dec 23 2008,Alternative,M,English,DLC1/2,♥♥♥♥♥   3,♥♥♥♥♥   2,♥♥♥♥♥   3,X,X,♥♥♥♥♥   0,3,X,X,Yes,Yes,Yes,,,
556,FALSE,DOA,Foo Fighters,2005,Dec 23 2008,Alternative,M,English,DLC1/2,♥♥♥♥♥   2,♥♥♥♥♥   2,♥♥♥♥♥   4,X,X,♥♥♥♥♥   1,2,X,X,Yes,Yes,Yes,,,
557,FALSE,Space Truckin',Deep Purple,1972,Dec 30 2008,Prog,M,English,DLC1/2,♥♥♥♥♥   4,♥♥♥♥♥   2,♥♥♥♥♥   5,X,X,♥♥♥♥♥   5,X,X,X,Yes,Yes,Yes,,,
558,FALSE,Funk #49,James Gang,1970,Dec 30 2008,Classic Rock,M,English,DLC1/2,♥♥♥♥♥   4,♥♥♥♥♥   5,♥♥♥♥♥   5,X,X,♥♥♥♥♥   3,3,♥♥♥♥♥   3,♥♥♥♥♥   5,Yes,Yes,Yes,"CRTP, Unplug-DLC, Mobile, iOS-DLC",,
559,FALSE,Hymn 43,Jethro Tull,1971,Dec 30 2008,Prog,M,English,DLC1/2,♥♥♥♥♥   4,♥♥♥♥♥   2,♥♥♥♥♥   5,X,X,♥♥♥♥♥   4,X,X,X,Yes,Yes,Yes,"CRTP, Mobile, iOS",,
560,FALSE,Take Back the City,Snow Patrol,2008,Dec 30 2008,Alternative,M,English,DLC1/2,♥♥♥♥♥   3,♥♥♥♥♥   1,♥♥♥♥♥   3,X,X,♥♥♥♥♥   0,3,X,X,Yes,Yes,Yes,,,
561,FALSE,Claudette,Roy Orbison,1965,Jan 6 2009,Classic Rock,M,English,DLC1/2,♥♥♥♥♥   2,♥♥♥♥♥   0,♥♥♥♥♥   3,X,X,♥♥♥♥♥   1,X,X,X,Yes,Yes,Yes,,,
562,FALSE,In Dreams,Roy Orbison,1963,Jan 6 2009,Classic Rock,M,English,DLC1/2,♥♥♥♥♥   4,♥♥♥♥♥   0,♥♥♥♥♥   3,X,X,♥♥♥♥♥   2,3,X,X,Yes,Yes,Yes,,,
563,FALSE,Mean Woman Blues,Roy Orbison,1963,Jan 6 2009,Classic Rock,M,English,DLC1/2,♥♥♥♥♥   3,♥♥♥♥♥   1,♥♥♥♥♥   4,X,X,♥♥♥♥♥   2,3,X,X,Yes,Yes,Yes,ReLd-DLC,,
564,FALSE,"Oh, Pretty Woman",Roy Orbison,1964,Jan 6 2009,Classic Rock,M,English,DLC1/2,♥♥♥♥♥   3,♥♥♥♥♥   1,♥♥♥♥♥   2,X,X,♥♥♥♥♥   0,2,X,X,Yes,Yes,Yes,,,
565,FALSE,Ooby Dooby,Roy Orbison,1956,Jan 6 2009,Classic Rock,M,English,DLC1/2,♥♥♥♥♥   3,♥♥♥♥♥   1,♥♥♥♥♥   4,X,X,♥♥♥♥♥   1,X,X,X,Yes,Yes,Yes,,,
566,FALSE,You Got It,Roy Orbison,1989,Jan 6 2009,Classic Rock,M,English,DLC1/2,♥♥♥♥♥   2,♥♥♥♥♥   0,♥♥♥♥♥   2,X,X,♥♥♥♥♥   1,3,X,X,Yes,Yes,Yes,ReLd-DLC,,
567,FALSE,Are You Gonna Go My Way,Lenny Kravitz,1993,Jan 13 2009,Rock,M,English,DLC1/2,♥♥♥♥♥   4,♥♥♥♥♥   1,♥♥♥♥♥   2,X,X,♥♥♥♥♥   3,2,X,X,Yes,Yes,Yes,,,
568,FALSE,Freedom Train,Lenny Kravitz,1989,Jan 13 2009,Rock,M,English,DLC1/2,♥♥♥♥♥   3,♥♥♥♥♥   0,♥♥♥♥♥   3,X,X,♥♥♥♥♥   3,X,X,X,Yes,Yes,Yes,,,
569,FALSE,Let Love Rule,Lenny Kravitz,1989,Jan 13 2009,Rock,M,English,DLC1/2,♥♥♥♥♥   1,♥♥♥♥♥   1,♥♥♥♥♥   1,X,X,♥♥♥♥♥   3,3,X,X,Yes,Yes,Yes,"CRTP, iOS-DLC",,
570,FALSE,Mr. Cab Driver,Lenny Kravitz,1989,Jan 13 2009,Rock,M,English,DLC1/2,♥♥♥♥♥   3,♥♥♥♥♥   1,♥♥♥♥♥   1,X,X,♥♥♥♥♥   5,3,X,X,Yes,Yes,Yes,,,
571,FALSE,Megasus,Megasus,2009,Jan 13 2009,Metal,M,English,DLC1/2,♥♥♥♥♥   3,♥♥♥♥♥   2,♥♥♥♥♥   5,X,X,♥♥♥♥♥   1,X,X,X,Yes,Yes,Yes,ReLd-DLC,,
572,FALSE,Entangled,Honest Bob and the Factory-to-Dealer Incentives,2008,Jan 13 2009,Indie Rock,M,English,DLC1/2,♥♥♥♥♥   3,♥♥♥♥♥   1,♥♥♥♥♥   4,X,X,♥♥♥♥♥   1,3,X,X,Yes,Yes,Yes,"iOS-DLC, ReLd-DLC",,
573,FALSE,Space Cowboy,Steve Miller Band,1969,Jan 20 2009,Classic Rock,M,English,DLC1/2,♥♥♥♥♥   4,♥♥♥♥♥   2,♥♥♥♥♥   4,X,X,♥♥♥♥♥   0,3,X,X,Yes,Yes,Yes,,,
574,FALSE,Take the Money and Run,Steve Miller Band,1976,Jan 20 2009,Classic Rock,M,English,DLC1/2,♥♥♥♥♥   2,♥♥♥♥♥   2,♥♥♥♥♥   4,X,X,♥♥♥♥♥   3,3,X,X,Yes,Yes,Yes,"CRTP, Mobile, iOS",,
575,FALSE,The Joker,Steve Miller Band,1973,Jan 20 2009,Classic Rock,M,English,DLC1/2,♥♥♥♥♥   2,♥♥♥♥♥   2,♥♥♥♥♥   1,X,X,♥♥♥♥♥   1,2,X,X,Yes,Yes,Yes,CRTP,,
576,FALSE,I Stand Alone,Godsmack,2003,Jan 20 2009,Nu-Metal,M,English,DLC1/2,♥♥♥♥♥   2,♥♥♥♥♥   1,♥♥♥♥♥   4,X,X,♥♥♥♥♥   1,3,X,X,Yes,Yes,Yes,"MTP, Unplug-DLC",,
577,FALSE,Feed the Tree,Belly,1993,Jan 20 2009,Alternative,F,English,DLC1/2,♥♥♥♥♥   3,♥♥♥♥♥   3,♥♥♥♥♥   1,X,X,♥♥♥♥♥   2,2,X,X,Yes,Yes,Yes,Unplug-DLC,,
578,FALSE,Wind Me Up,Ghost Hounds,2008,Jan 20 2009,Rock,M,English,DLC1/2,♥♥♥♥♥   3,♥♥♥♥♥   2,♥♥♥♥♥   3,X,X,♥♥♥♥♥   2,3,X,X,Yes,Yes,Yes,,,
579,FALSE,Typical,Mute Math,2006,Jan 20 2009,Alternative,M,English,DLC1/2,♥♥♥♥♥   2,♥♥♥♥♥   4,♥♥♥♥♥   4,X,X,♥♥♥♥♥   2,3,X,X,Yes,Yes,Yes,Unplug-DLC,,
580,FALSE,War Zone,Rob Zombie,2008,Jan 20 2009,Nu-Metal,M,English,DLC1/2,♥♥♥♥♥   5,♥♥♥♥♥   2,♥♥♥♥♥   4,X,X,♥♥♥♥♥   0,3,X,X,Yes,Yes,Yes,,,
581,FALSE,Cold Rain and Snow,The Grateful Dead,1967,Jan 27 2009,Classic Rock,M,English,DLC1/2,♥♥♥♥♥   2,♥♥♥♥♥   4,♥♥♥♥♥   4,X,X,♥♥♥♥♥   1,2,X,X,Yes,Yes,Yes,,,
582,FALSE,Doin' That Rag,The Grateful Dead,1969,Jan 27 2009,Classic Rock,M,English,DLC1/2,♥♥♥♥♥   3,♥♥♥♥♥   4,♥♥♥♥♥   4,X,X,♥♥♥♥♥   6,X,X,X,Yes,Yes,Yes,,,
583,FALSE,Don't Ease Me In,The Grateful Dead,1980,Jan 27 2009,Classic Rock,M,English,DLC1/2,♥♥♥♥♥   3,♥♥♥♥♥   4,♥♥♥♥♥   4,X,X,♥♥♥♥♥   2,3,X,X,Yes,Yes,Yes,,,
584,FALSE,Fire on the Mountain,The Grateful Dead,1978,Jan 27 2009,Classic Rock,M,English,DLC1/2,♥♥♥♥♥   2,♥♥♥♥♥   1,♥♥♥♥♥   4,X,X,♥♥♥♥♥   1,3,X,X,Yes,Yes,Yes,,,
585,FALSE,Hell in a Bucket,The Grateful Dead,1987,Jan 27 2009,Classic Rock,M,English,DLC1/2,♥♥♥♥♥   3,♥♥♥♥♥   4,♥♥♥♥♥   4,X,X,♥♥♥♥♥   5,X,X,X,Yes,Yes,Yes,,,
586,FALSE,Uncle John's Band,The Grateful Dead,1970,Jan 27 2009,Classic Rock,M,English,DLC1/2,♥♥♥♥♥   3,♥♥♥♥♥   2,♥♥♥♥♥   3,X,X,♥♥♥♥♥   0,3,X,X,Yes,Yes,Yes,,,
587,FALSE,The Boys Are Back in Town (Live),Thin Lizzy,1977,Feb 3 2009,Classic Rock,M,English,DLC1/2,♥♥♥♥♥   5,♥♥♥♥♥   4,♥♥♥♥♥   4,X,X,♥♥♥♥♥   1,3,X,X,Yes,Yes,Yes,Unplug-DLC,,
588,FALSE,Cowboy Song (Live),Thin Lizzy,1977,Feb 3 2009,Classic Rock,M,English,DLC1/2,♥♥♥♥♥   5,♥♥♥♥♥   3,♥♥♥♥♥   4,X,X,♥♥♥♥♥   3,X,X,X,Yes,Yes,Yes,,,
589,FALSE,Jailbreak (Live),Thin Lizzy,1977,Feb 3 2009,Classic Rock,M,English,DLC1/2,♥♥♥♥♥   4,♥♥♥♥♥   2,♥♥♥♥♥   4,X,X,♥♥♥♥♥   2,X,X,X,Yes,Yes,Yes,,,
590,FALSE,Precious,The Pretenders,1980,Feb 3 2009,New Wave,F,English,DLC1/2,♥♥♥♥♥   4,♥♥♥♥♥   3,♥♥♥♥♥   3,X,X,♥♥♥♥♥   5,3,X,X,Yes,Yes,Yes,,,
591,FALSE,Hit Me With Your Best Shot,Pat Benatar,1980,Feb 3 2009,Classic Rock,F,English,DLC1/2,♥♥♥♥♥   3,♥♥♥♥♥   0,♥♥♥♥♥   3,X,X,♥♥♥♥♥   1,2,X,X,Yes,Yes,Yes,CRTP,,
592,FALSE,Break My Heart,Nikko,2009,Feb 3 2009,Pop-Rock,M,English,DLC1/2,♥♥♥♥♥   3,♥♥♥♥♥   3,♥♥♥♥♥   3,X,X,♥♥♥♥♥   2,3,X,X,Yes,Yes,Yes,,,
593,FALSE,Don't Tell Me,Nikko,2009,Feb 3 2009,Pop-Rock,M,English,DLC1/2,♥♥♥♥♥   3,♥♥♥♥♥   2,♥♥♥♥♥   4,X,X,♥♥♥♥♥   2,3,X,X,Yes,Yes,Yes,,,
594,FALSE,Creepin' Up the Backstairs,The Fratellis,2006,Feb 10 2009,Alternative,M,English,DLC1/2,♥♥♥♥♥   4,♥♥♥♥♥   4,♥♥♥♥♥   5,X,X,♥♥♥♥♥   6,3,X,X,Yes,Yes,Yes,,,
595,FALSE,Flathead,The Fratellis,2006,Feb 10 2009,Alternative,M,English,DLC1/2,♥♥♥♥♥   3,♥♥♥♥♥   4,♥♥♥♥♥   4,X,X,♥♥♥♥♥   3,3,X,X,Yes,Yes,Yes,Unplug-DLC,,
596,FALSE,Henrietta,The Fratellis,2006,Feb 10 2009,Alternative,M,English,DLC1/2,♥♥♥♥♥   3,♥♥♥♥♥   4,♥♥♥♥♥   3,X,X,♥♥♥♥♥   5,2,X,X,Yes,Yes,Yes,,,
597,FALSE,More Human than Human,White Zombie,1995,Feb 17 2009,Metal,M,English,DLC1/2,♥♥♥♥♥   0,♥♥♥♥♥   3,♥♥♥♥♥   5,X,X,♥♥♥♥♥   1,X,X,X,Yes,Yes,Yes,,,
598,FALSE,Black Sunshine,White Zombie,1992,Feb 17 2009,Metal,M,English,DLC1/2,♥♥♥♥♥   3,♥♥♥♥♥   4,♥♥♥♥♥   5,X,X,♥♥♥♥♥   4,3,X,X,Yes,Yes,Yes,Unplug-DLC,,
599,FALSE,Wasted Again,Turbonegro,2005,Feb 17 2009,Punk,M,English,DLC1/2,♥♥♥♥♥   3,♥♥♥♥♥   2,♥♥♥♥♥   4,X,X,♥♥♥♥♥   1,3,X,X,Yes,Yes,Yes,,,
600,FALSE,3 Dimes Down,Drive-By Truckers,2008,Feb 24 2009,Country,M,English,DLC1/2,♥♥♥♥♥   2,♥♥♥♥♥   2,♥♥♥♥♥   2,X,X,♥♥♥♥♥   3,3,X,X,Yes,Yes,Yes,CTP1,,
601,FALSE,Can't Let Go,Lucinda Williams,1998,Feb 24 2009,Country,F,English,DLC1/2,♥♥♥♥♥   2,♥♥♥♥♥   0,♥♥♥♥♥   3,X,X,♥♥♥♥♥   2,2,X,X,Yes,Yes,Yes,CTP1,,
602,FALSE,People Got a Lotta Nerve,Neko Case,2009,Feb 24 2009,Country,F,English,DLC1/2,♥♥♥♥♥   2,♥♥♥♥♥   0,♥♥♥♥♥   3,X,X,♥♥♥♥♥   2,3,X,X,Yes,Yes,Yes,,,
603,FALSE,Time Bomb (Live),Old 97's,2005,Feb 24 2009,Country,M,English,DLC1/2,♥♥♥♥♥   4,♥♥♥♥♥   3,♥♥♥♥♥   4,X,X,♥♥♥♥♥   3,2,X,X,Yes,Yes,Yes,,,
604,FALSE,Satellite Radio,Steve Earle,2007,Feb 24 2009,Country,M,English,DLC1/2,♥♥♥♥♥   4,♥♥♥♥♥   3,♥♥♥♥♥   3,X,X,♥♥♥♥♥   1,X,X,X,Yes,Yes,Yes,CTP1,,
605,FALSE,Futures,Jimmy Eat World,2004,Feb 24 2009,Pop-Rock,M,English,DLC1/2,♥♥♥♥♥   2,♥♥♥♥♥   2,♥♥♥♥♥   3,X,X,♥♥♥♥♥   1,3,X,X,Yes,Yes,Yes,,,
606,FALSE,Lucky Denver Mint,Jimmy Eat World,1999,Feb 24 2009,Pop-Rock,M,English,DLC1/2,♥♥♥♥♥   4,♥♥♥♥♥   2,♥♥♥♥♥   4,X,X,♥♥♥♥♥   0,3,X,X,Yes,Yes,Yes,,,
607,FALSE,Sweetness,Jimmy Eat World,2001,Feb 24 2009,Pop-Rock,M,English,DLC1/2,♥♥♥♥♥   3,♥♥♥♥♥   2,♥♥♥♥♥   4,X,X,♥♥♥♥♥   1,3,X,X,Yes,Yes,Yes,,,
608,FALSE,New,No Doubt,1999,Mar 3 2009,Pop-Rock,F,English,DLC1/2,♥♥♥♥♥   3,♥♥♥♥♥   1,♥♥♥♥♥   4,X,X,♥♥♥♥♥   3,2,X,X,Yes,Yes,Yes,,,
609,FALSE,Love Struck Baby,Stevie Ray Vaughan and Double Trouble,1983,Mar 3 2009,Blues,M,English,DLC1/2,♥♥♥♥♥   4,♥♥♥♥♥   4,♥♥♥♥♥   4,X,X,♥♥♥♥♥   2,X,X,X,Yes,Yes,Yes,,,
610,FALSE,Pride and Joy,Stevie Ray Vaughan and Double Trouble,1983,Mar 3 2009,Blues,M,English,DLC1/2,♥♥♥♥♥   5,♥♥♥♥♥   3,♥♥♥♥♥   3,X,X,♥♥♥♥♥   3,X,♥♥♥♥♥   3,♥♥♥♥♥   3,Yes,Yes,Yes,Unplug-DLC,,
611,FALSE,Texas Flood,Stevie Ray Vaughan and Double Trouble,1983,Mar 3 2009,Blues,M,English,DLC1/2,♥♥♥♥♥   5,♥♥♥♥♥   2,♥♥♥♥♥   2,X,X,♥♥♥♥♥   3,X,X,X,Yes,Yes,Yes,,,
612,FALSE,Tell Me,Stevie Ray Vaughan and Double Trouble,1983,Mar 3 2009,Blues,M,English,DLC1/2,♥♥♥♥♥   4,♥♥♥♥♥   3,♥♥♥♥♥   4,X,X,♥♥♥♥♥   4,X,X,X,Yes,Yes,Yes,,,
613,FALSE,Testify,Stevie Ray Vaughan and Double Trouble,1983,Mar 3 2009,Blues,X,X,DLC1/2,♥♥♥♥♥   6,♥♥♥♥♥   5,♥♥♥♥♥   4,X,X,X,X,X,X,Yes,Yes,Yes,,,
614,FALSE,Rude Mood,Stevie Ray Vaughan and Double Trouble,1983,Mar 3 2009,Blues,X,X,DLC1/2,♥♥♥♥♥   6,♥♥♥♥♥   6,♥♥♥♥♥   5,X,X,X,X,X,X,Yes,Yes,Yes,,,
615,FALSE,Mary Had a Little Lamb,Stevie Ray Vaughan and Double Trouble,1983,Mar 3 2009,Blues,M,English,DLC1/2,♥♥♥♥♥   4,♥♥♥♥♥   3,♥♥♥♥♥   2,X,X,♥♥♥♥♥   3,X,X,X,Yes,Yes,Yes,,,
616,FALSE,Dirty Pool,Stevie Ray Vaughan and Double Trouble,1983,Mar 3 2009,Blues,M,English,DLC1/2,♥♥♥♥♥   5,♥♥♥♥♥   2,♥♥♥♥♥   1,X,X,♥♥♥♥♥   4,X,X,X,Yes,Yes,Yes,,,
617,FALSE,I'm Cryin',Stevie Ray Vaughan and Double Trouble,1983,Mar 3 2009,Blues,M,English,DLC1/2,♥♥♥♥♥   5,♥♥♥♥♥   3,♥♥♥♥♥   3,X,X,♥♥♥♥♥   3,X,X,X,Yes,Yes,Yes,,,
618,FALSE,Lenny,Stevie Ray Vaughan and Double Trouble,1983,Mar 3 2009,Blues,X,X,DLC1/2,♥♥♥♥♥   5,♥♥♥♥♥   2,♥♥♥♥♥   0,X,X,X,X,X,X,Yes,Yes,Yes,,,
619,FALSE,All I Want,The Offspring,1997,Mar 10 2009,Punk,M,English,DLC1/2,♥♥♥♥♥   4,♥♥♥♥♥   3,♥♥♥♥♥   5,X,X,♥♥♥♥♥   2,3,X,X,Yes,Yes,Yes,Unplug-DLC,,
620,FALSE,The Kids Aren't Alright,The Offspring,1998,Mar 10 2009,Punk,M,English,DLC1/2,♥♥♥♥♥   3,♥♥♥♥♥   2,♥♥♥♥♥   4,X,X,♥♥♥♥♥   1,3,X,X,Yes,Yes,Yes,,,
621,FALSE,Losing My Religion,R.E.M.,1991,Mar 10 2009,Alternative,M,English,DLC1/2,♥♥♥♥♥   0,♥♥♥♥♥   1,♥♥♥♥♥   2,X,X,♥♥♥♥♥   1,3,X,X,Yes,Yes,Yes,Unplug-DLC,,
622,FALSE,The Way That It Shows,Richard Thompson,1994,Mar 10 2009,Rock,M,English,DLC1/2,♥♥♥♥♥   3,♥♥♥♥♥   2,♥♥♥♥♥   3,X,X,♥♥♥♥♥   2,X,X,X,Yes,Yes,Yes,,,
623,FALSE,Pick Up the Pieces,Average White Band,1974,Mar 17 2009,R&B/Soul/Funk,M,English,DLC1/2,♥♥♥♥♥   1,♥♥♥♥♥   0,♥♥♥♥♥   4,X,X,♥♥♥♥♥   1,3,X,X,Yes,Yes,Yes,,,
624,FALSE,Shining Star,"Earth, Wind & Fire",1975,Mar 17 2009,R&B/Soul/Funk,M,English,DLC1/2,♥♥♥♥♥   4,♥♥♥♥♥   3,♥♥♥♥♥   4,X,X,♥♥♥♥♥   4,3,X,X,Yes,Yes,Yes,,,
625,FALSE,Get Up (I Feel Like Being a) Sex Machine - Pt 1,James Brown,1970,Mar 17 2009,R&B/Soul/Funk,M,English,DLC1/2,♥♥♥♥♥   0,♥♥♥♥♥   3,♥♥♥♥♥   4,X,X,♥♥♥♥♥   5,3,X,X,Yes,Yes,Yes,,Delisted,
626,FALSE,Thrash Unreal,Against Me!,2007,Mar 17 2009,Punk,M,English,DLC1/2,♥♥♥♥♥   1,♥♥♥♥♥   2,♥♥♥♥♥   3,X,X,♥♥♥♥♥   2,3,X,X,Yes,Yes,Yes,,Singer has since transitioned so ingame gender is wrong,
627,FALSE,All the Things That Go to Make Heaven and Earth,The New Pornographers,2007,Mar 17 2009,Indie Rock,M,English,DLC1/2,♥♥♥♥♥   2,♥♥♥♥♥   3,♥♥♥♥♥   4,X,X,♥♥♥♥♥   2,3,X,X,Yes,Yes,Yes,,,
628,FALSE,Use It,The New Pornographers,2005,Mar 17 2009,Indie Rock,M,English,DLC1/2,♥♥♥♥♥   1,♥♥♥♥♥   2,♥♥♥♥♥   4,X,X,♥♥♥♥♥   3,3,X,X,Yes,Yes,Yes,,,
629,FALSE,Last Resort,Papa Roach,2000,Mar 17 2009,Nu-Metal,M,English,DLC1/2,♥♥♥♥♥   5,♥♥♥♥♥   1,♥♥♥♥♥   3,X,X,♥♥♥♥♥   1,2,X,X,Yes,Yes,Yes,,,
630,FALSE,Lifeline,Papa Roach,2009,Mar 17 2009,Nu-Metal,M,English,DLC1/2,♥♥♥♥♥   4,♥♥♥♥♥   1,♥♥♥♥♥   3,X,X,♥♥♥♥♥   1,3,X,X,Yes,Yes,Yes,,,
631,FALSE,Once,Pearl Jam,1991,Mar 24 2009,Grunge,M,English,DLC1/2,♥♥♥♥♥   4,♥♥♥♥♥   2,♥♥♥♥♥   4,X,X,♥♥♥♥♥   3,X,X,X,Yes,Yes,Yes,,,
632,FALSE,Even Flow,Pearl Jam,1991,Mar 24 2009,Grunge,M,English,DLC1/2,♥♥♥♥♥   4,♥♥♥♥♥   3,♥♥♥♥♥   4,X,X,♥♥♥♥♥   3,2,♥♥♥♥♥   4,♥♥♥♥♥   3,Yes,Yes,Yes,,Harms in RB3,
633,FALSE,Why Go,Pearl Jam,1991,Mar 24 2009,Grunge,M,English,DLC1/2,♥♥♥♥♥   5,♥♥♥♥♥   4,♥♥♥♥♥   4,X,X,♥♥♥♥♥   3,2,X,X,Yes,Yes,Yes,,Harms in RB3,
634,FALSE,Black,Pearl Jam,1991,Mar 24 2009,Grunge,M,English,DLC1/2,♥♥♥♥♥   3,♥♥♥♥♥   2,♥♥♥♥♥   3,X,X,♥♥♥♥♥   3,2,X,X,Yes,Yes,Yes,,Harms in RB3,
635,FALSE,Jeremy,Pearl Jam,1991,Mar 24 2009,Grunge,M,English,DLC1/2,♥♥♥♥♥   3,♥♥♥♥♥   3,♥♥♥♥♥   4,X,X,♥♥♥♥♥   3,2,X,X,Yes,Yes,Yes,Unplug-DLC,Harms in RB3,
636,FALSE,Oceans,Pearl Jam,1991,Mar 24 2009,Grunge,M,English,DLC1/2,♥♥♥♥♥   1,♥♥♥♥♥   1,♥♥♥♥♥   0,X,X,♥♥♥♥♥   2,2,X,X,Yes,Yes,Yes,,Harms in RB3,
637,FALSE,Porch,Pearl Jam,1991,Mar 24 2009,Grunge,M,English,DLC1/2,♥♥♥♥♥   4,♥♥♥♥♥   4,♥♥♥♥♥   4,X,X,♥♥♥♥♥   3,X,X,X,Yes,Yes,Yes,,,
638,FALSE,Garden,Pearl Jam,1991,Mar 24 2009,Grunge,M,English,DLC1/2,♥♥♥♥♥   5,♥♥♥♥♥   2,♥♥♥♥♥   3,X,X,♥♥♥♥♥   3,2,X,X,Yes,Yes,Yes,,Harms in RB3,
639,FALSE,Deep,Pearl Jam,1991,Mar 24 2009,Grunge,M,English,DLC1/2,♥♥♥♥♥   4,♥♥♥♥♥   2,♥♥♥♥♥   4,X,X,♥♥♥♥♥   3,3,X,X,Yes,Yes,Yes,,Harms in RB3,
640,FALSE,Release,Pearl Jam,1991,Mar 24 2009,Grunge,M,English,DLC1/2,♥♥♥♥♥   2,♥♥♥♥♥   0,♥♥♥♥♥   2,X,X,♥♥♥♥♥   1,X,X,X,Yes,Yes,Yes,,,
641,FALSE,Master/Slave,Pearl Jam,1991,Mar 24 2009,Grunge,X,X,DLC1/2,♥♥♥♥♥   0,♥♥♥♥♥   0,♥♥♥♥♥   0,X,X,X,X,X,X,Yes,Yes,Yes,,,
642,FALSE,Don't Stop Believing,Journey,1981,Mar 31 2009,Classic Rock,M,English,DLC1/2,♥♥♥♥♥   3,♥♥♥♥♥   1,♥♥♥♥♥   3,X,X,♥♥♥♥♥   2,3,X,X,Yes,Yes,Yes,,Delisted,
643,FALSE,Heartbreaker,Pat Benatar,1979,Mar 31 2009,Classic Rock,F,English,DLC1/2,♥♥♥♥♥   4,♥♥♥♥♥   2,♥♥♥♥♥   4,X,X,♥♥♥♥♥   2,3,X,X,Yes,Yes,Yes,"Unplug-DLC, Reload",,
644,FALSE,Geraldine,Glasvegas,2008,Mar 31 2009,Alternative,M,English,DLC1/2,♥♥♥♥♥   0,♥♥♥♥♥   0,♥♥♥♥♥   1,X,X,♥♥♥♥♥   0,3,X,X,Yes,Yes,Yes,,,
645,FALSE,C'mon C'mon,The Von Bondies,2004,Mar 31 2009,Alternative,M,English,DLC1/2,♥♥♥♥♥   3,♥♥♥♥♥   1,♥♥♥♥♥   4,X,X,♥♥♥♥♥   1,3,X,X,Yes,Yes,Yes,,,
646,FALSE,I Can't Keep My Eyes Off of You,SpongeBob SquarePants,2009,Mar 31 2009,Novelty,M,English,DLC1/2,♥♥♥♥♥   3,♥♥♥♥♥   1,♥♥♥♥♥   3,X,X,♥♥♥♥♥   2,2,X,X,Yes,Yes,Yes,,,
647,FALSE,The Best Day Ever,SpongeBob SquarePants,2009,Mar 31 2009,Novelty,M,English,DLC1/2,♥♥♥♥♥   2,♥♥♥♥♥   1,♥♥♥♥♥   2,X,X,♥♥♥♥♥   1,3,X,X,Yes,Yes,Yes,,,
648,FALSE,Where's Gary?,SpongeBob SquarePants,2009,Mar 31 2009,Novelty,M,English,DLC1/2,♥♥♥♥♥   3,♥♥♥♥♥   1,♥♥♥♥♥   4,X,X,♥♥♥♥♥   1,3,X,X,Yes,Yes,Yes,,,
649,FALSE,New Slang,The Shins,2001,Apr 7 2009,Indie Rock,M,English,DLC1/2,♥♥♥♥♥   2,♥♥♥♥♥   0,♥♥♥♥♥   0,X,X,♥♥♥♥♥   2,X,X,X,Yes,Yes,Yes,,,
650,FALSE,Warriors of Time,Black Tide,2008,Apr 7 2009,Metal,M,English,DLC1/2,♥♥♥♥♥   6,♥♥♥♥♥   4,♥♥♥♥♥   5,X,X,♥♥♥♥♥   1,3,X,X,Yes,Yes,Yes,,,
651,FALSE,Waking the Demon,Bullet for My Valentine,2008,Apr 7 2009,Metal,M,English,DLC1/2,♥♥♥♥♥   6,♥♥♥♥♥   4,♥♥♥♥♥   5,X,X,♥♥♥♥♥   1,3,X,X,Yes,Yes,Yes,"MTP, Unplug-DLC",,
652,FALSE,Beer for My Horses,Toby Keith,2002,Apr 7 2009,Country,M,English,DLC1/2,♥♥♥♥♥   3,♥♥♥♥♥   1,♥♥♥♥♥   3,X,X,♥♥♥♥♥   1,3,X,X,Yes,Yes,Yes,,,
653,FALSE,I Love This Bar,Toby Keith,2003,Apr 7 2009,Country,M,English,DLC1/2,♥♥♥♥♥   2,♥♥♥♥♥   0,♥♥♥♥♥   2,X,X,♥♥♥♥♥   1,3,X,X,Yes,Yes,Yes,,,
654,FALSE,She's a Hottie,Toby Keith,2008,Apr 7 2009,Country,M,English,DLC1/2,♥♥♥♥♥   3,♥♥♥♥♥   1,♥♥♥♥♥   3,X,X,♥♥♥♥♥   1,2,X,X,Yes,Yes,Yes,,,
655,FALSE,Should've Been a Cowboy,Toby Keith,1993,Apr 7 2009,Country,M,English,DLC1/2,♥♥♥♥♥   2,♥♥♥♥♥   1,♥♥♥♥♥   3,X,X,♥♥♥♥♥   1,3,X,X,Yes,Yes,Yes,,,
656,FALSE,Who's Your Daddy?,Toby Keith,2002,Apr 7 2009,Country,M,English,DLC1/2,♥♥♥♥♥   3,♥♥♥♥♥   1,♥♥♥♥♥   3,X,X,♥♥♥♥♥   1,3,X,X,Yes,Yes,Yes,,,
657,FALSE,How Do You Like Me Now?!,Toby Keith,1999,Apr 7 2009,Country,M,English,DLC1/2,♥♥♥♥♥   3,♥♥♥♥♥   1,♥♥♥♥♥   3,X,X,♥♥♥♥♥   1,3,X,X,Yes,Yes,Yes,,,
658,FALSE,Chinese Democracy ,Guns N' Roses,2008,Apr 14 2009,Rock,M,English,DLC1/2,♥♥♥♥♥   5,♥♥♥♥♥   1,♥♥♥♥♥   3,X,X,♥♥♥♥♥   3,3,X,X,Yes,Yes,Yes,,Delisted,
659,FALSE,Better,Guns N' Roses,2008,Apr 14 2009,Rock,M,English,DLC1/2,♥♥♥♥♥   4,♥♥♥♥♥   1,♥♥♥♥♥   3,X,X,♥♥♥♥♥   5,3,X,X,Yes,Yes,Yes,,,
660,FALSE,Street of Dreams,Guns N' Roses,2008,Apr 14 2009,Rock,M,English,DLC1/2,♥♥♥♥♥   4,♥♥♥♥♥   2,♥♥♥♥♥   3,X,X,♥♥♥♥♥   5,3,X,X,Yes,Yes,Yes,,,
661,FALSE,If the World,Guns N' Roses,2008,Apr 14 2009,Rock,M,English,DLC1/2,♥♥♥♥♥   4,♥♥♥♥♥   2,♥♥♥♥♥   4,X,X,♥♥♥♥♥   2,X,X,X,Yes,Yes,Yes,,,
662,FALSE,There Was a Time,Guns N' Roses,2008,Apr 14 2009,Rock,M,English,DLC1/2,♥♥♥♥♥   6,♥♥♥♥♥   3,♥♥♥♥♥   4,X,X,♥♥♥♥♥   4,3,X,X,Yes,Yes,Yes,,,
663,FALSE,Catcher in the Rye,Guns N' Roses,2008,Apr 14 2009,Rock,M,English,DLC1/2,♥♥♥♥♥   4,♥♥♥♥♥   3,♥♥♥♥♥   4,X,X,♥♥♥♥♥   3,3,X,X,Yes,Yes,Yes,,,
664,FALSE,Scraped,Guns N' Roses,2008,Apr 14 2009,Rock,M,English,DLC1/2,♥♥♥♥♥   5,♥♥♥♥♥   3,♥♥♥♥♥   3,X,X,♥♥♥♥♥   2,3,X,X,Yes,Yes,Yes,,Delisted,
665,FALSE,Riad N' the Bedouins,Guns N' Roses,2008,Apr 14 2009,Rock,M,English,DLC1/2,♥♥♥♥♥   5,♥♥♥♥♥   4,♥♥♥♥♥   4,X,X,♥♥♥♥♥   5,3,X,X,Yes,Yes,Yes,Unplug-DLC,,
666,FALSE,Sorry,Guns N' Roses,2008,Apr 14 2009,Rock,M,English,DLC1/2,♥♥♥♥♥   4,♥♥♥♥♥   1,♥♥♥♥♥   4,X,X,♥♥♥♥♥   1,3,X,X,Yes,Yes,Yes,,,
667,FALSE,I.R.S.,Guns N' Roses,2008,Apr 14 2009,Rock,M,English,DLC1/2,♥♥♥♥♥   5,♥♥♥♥♥   1,♥♥♥♥♥   3,X,X,♥♥♥♥♥   3,X,X,X,Yes,Yes,Yes,,,
668,FALSE,Madagascar,Guns N' Roses,2008,Apr 14 2009,Rock,M,English,DLC1/2,♥♥♥♥♥   4,♥♥♥♥♥   1,♥♥♥♥♥   4,X,X,♥♥♥♥♥   1,3,X,X,Yes,Yes,Yes,,,
669,FALSE,This I Love,Guns N' Roses,2008,Apr 14 2009,Rock,M,English,DLC1/2,♥♥♥♥♥   3,♥♥♥♥♥   0,♥♥♥♥♥   0,X,X,♥♥♥♥♥   1,2,X,X,Yes,Yes,Yes,,,
670,FALSE,Prostitute,Guns N' Roses,2008,Apr 14 2009,Rock,M,English,DLC1/2,♥♥♥♥♥   5,♥♥♥♥♥   1,♥♥♥♥♥   4,X,X,♥♥♥♥♥   1,2,X,X,Yes,Yes,Yes,,,
671,FALSE,Ridin' the Storm Out,REO Speedwagon,1973,Apr 21 2009,Classic Rock,M,English,DLC1/2,♥♥♥♥♥   5,♥♥♥♥♥   2,♥♥♥♥♥   4,X,X,♥♥♥♥♥   2,3,X,X,Yes,Yes,Yes,,,
672,FALSE,Roll with the Changes,REO Speedwagon,1978,Apr 21 2009,Classic Rock,M,English,DLC1/2,♥♥♥♥♥   4,♥♥♥♥♥   3,♥♥♥♥♥   3,X,X,♥♥♥♥♥   3,3,X,X,Yes,Yes,Yes,,,
673,FALSE,Take It on the Run,REO Speedwagon,1988,Apr 21 2009,Classic Rock,M,English,DLC1/2,♥♥♥♥♥   3,♥♥♥♥♥   2,♥♥♥♥♥   2,X,X,♥♥♥♥♥   3,3,X,X,Yes,Yes,Yes,,,
674,FALSE,Blue Collar Man (Long Nights),Styx,1978,Apr 21 2009,Classic Rock,M,English,DLC1/2,♥♥♥♥♥   4,♥♥♥♥♥   2,♥♥♥♥♥   4,X,X,♥♥♥♥♥   4,3,X,X,Yes,Yes,Yes,,Delisted,
675,FALSE,Renegade,Styx,1978,Apr 21 2009,Classic Rock,M,English,DLC1/2,♥♥♥♥♥   5,♥♥♥♥♥   2,♥♥♥♥♥   4,X,X,♥♥♥♥♥   4,3,X,X,Yes,Yes,Yes,Unplug-DLC,Delisted,
676,FALSE,Too Much Time on My Hands,Styx,1981,Apr 21 2009,Classic Rock,M,English,DLC1/2,♥♥♥♥♥   3,♥♥♥♥♥   2,♥♥♥♥♥   4,X,X,♥♥♥♥♥   4,3,X,X,Yes,Yes,Yes,,Delisted,
677,FALSE,Can't Stop Rockin',Styx/REO Speedwagon,2009,Apr 21 2009,Classic Rock,M,English,DLC1/2,♥♥♥♥♥   5,♥♥♥♥♥   2,♥♥♥♥♥   3,X,X,♥♥♥♥♥   4,3,X,X,Yes,Yes,Yes,,,
678,FALSE,Alone in My Head,Hautewerk,2006,Apr 21 2009,Indie Rock,M,English,DLC1/2,♥♥♥♥♥   2,♥♥♥♥♥   1,♥♥♥♥♥   0,X,X,♥♥♥♥♥   0,3,X,X,Yes,Yes,Yes,,,
679,FALSE,I Know Where You Came From,Hautewerk,2006,Apr 21 2009,Indie Rock,M,English,DLC1/2,♥♥♥♥♥   2,♥♥♥♥♥   1,♥♥♥♥♥   0,X,X,♥♥♥♥♥   0,3,X,X,Yes,Yes,Yes,,,
680,FALSE,Stop Start Again,Hautewerk,2006,Apr 21 2009,Indie Rock,M,English,DLC1/2,♥♥♥♥♥   2,♥♥♥♥♥   0,♥♥♥♥♥   3,X,X,♥♥♥♥♥   1,3,X,X,Yes,Yes,Yes,,,
681,FALSE,Up the Beach,Jane's Addiction,1988,Apr 28 2009,Alternative,M,English,DLC1/2,♥♥♥♥♥   2,♥♥♥♥♥   1,♥♥♥♥♥   3,X,X,♥♥♥♥♥   2,2,X,X,Yes,Yes,Yes,,,
682,FALSE,Ocean Size,Jane's Addiction,1988,Apr 28 2009,Alternative,M,English,DLC1/2,♥♥♥♥♥   5,♥♥♥♥♥   1,♥♥♥♥♥   3,X,X,♥♥♥♥♥   2,2,X,X,Yes,Yes,Yes,,,
683,FALSE,Had a Dad,Jane's Addiction,1988,Apr 28 2009,Alternative,M,English,DLC1/2,♥♥♥♥♥   5,♥♥♥♥♥   3,♥♥♥♥♥   4,X,X,♥♥♥♥♥   2,2,X,X,Yes,Yes,Yes,Unplug-DLC,,
684,FALSE,"Ted, Just Admit It...",Jane's Addiction,1988,Apr 28 2009,Alternative,M,English,DLC1/2,♥♥♥♥♥   4,♥♥♥♥♥   1,♥♥♥♥♥   6,X,X,♥♥♥♥♥   3,3,X,X,Yes,Yes,Yes,,,
685,FALSE,Standing in the Shower... Thinking,Jane's Addiction,1988,Apr 28 2009,Alternative,M,English,DLC1/2,♥♥♥♥♥   5,♥♥♥♥♥   4,♥♥♥♥♥   4,X,X,♥♥♥♥♥   3,3,X,X,Yes,Yes,Yes,,,
686,FALSE,Summertime Rolls,Jane's Addiction,1988,Apr 28 2009,Alternative,M,English,DLC1/2,♥♥♥♥♥   2,♥♥♥♥♥   1,♥♥♥♥♥   2,X,X,♥♥♥♥♥   1,3,X,X,Yes,Yes,Yes,,,
687,FALSE,Idiots Rule,Jane's Addiction,1988,Apr 28 2009,Alternative,M,English,DLC1/2,♥♥♥♥♥   4,♥♥♥♥♥   3,♥♥♥♥♥   4,X,X,♥♥♥♥♥   2,2,X,X,Yes,Yes,Yes,,,
688,FALSE,Jane Says,Jane's Addiction,1988,Apr 28 2009,Alternative,M,English,DLC1/2,♥♥♥♥♥   2,♥♥♥♥♥   0,♥♥♥♥♥   0,X,X,♥♥♥♥♥   2,3,♥♥♥♥♥   1,♥♥♥♥♥   0,Yes,Yes,Yes,,,
689,FALSE,Thank You Boys,Jane's Addiction,1988,Apr 28 2009,Alternative,M,English,DLC1/2,♥♥♥♥♥   1,♥♥♥♥♥   1,♥♥♥♥♥   3,X,X,♥♥♥♥♥   0,X,X,X,Yes,Yes,Yes,,,
690,FALSE,Pig's in Zen,Jane's Addiction,1988,Apr 28 2009,Alternative,M,English,DLC1/2,♥♥♥♥♥   3,♥♥♥♥♥   3,♥♥♥♥♥   4,X,X,♥♥♥♥♥   3,X,X,X,Yes,Yes,Yes,,,
691,FALSE,Take Me Out,Franz Ferdinand,2004,May 5 2009,Alternative,M,English,DLC1/2,♥♥♥♥♥   3,♥♥♥♥♥   0,♥♥♥♥♥   4,X,X,♥♥♥♥♥   1,3,X,X,Yes,Yes,Yes,,,
692,FALSE,Lucid Dreams,Franz Ferdinand,2009,May 5 2009,Alternative,M,English,DLC1/2,♥♥♥♥♥   3,♥♥♥♥♥   3,♥♥♥♥♥   4,X,X,♥♥♥♥♥   4,3,X,X,Yes,Yes,Yes,Unplug-DLC,,
693,FALSE,Do You Want To,Franz Ferdinand,2005,May 5 2009,Alternative,M,English,DLC1/2,♥♥♥♥♥   2,♥♥♥♥♥   1,♥♥♥♥♥   4,X,X,♥♥♥♥♥   1,3,X,X,Yes,Yes,Yes,,,
694,FALSE,Smooth Criminal,Alien Ant Farm,2001,May 5 2009,Rock,M,English,DLC1/2,♥♥♥♥♥   4,♥♥♥♥♥   2,♥♥♥♥♥   5,X,X,♥♥♥♥♥   4,3,X,X,Yes,Yes,Yes,Unplug-DLC,Delisted,
695,FALSE,Blue Sky,The Allman Brothers Band,1972,May 5 2009,Southern Rock,M,English,DLC1/2,♥♥♥♥♥   5,♥♥♥♥♥   3,♥♥♥♥♥   5,X,X,♥♥♥♥♥   1,2,X,X,Yes,Yes,Yes,,,
696,FALSE,Midnight Rider,The Allman Brothers Band,1970,May 5 2009,Southern Rock,M,English,DLC1/2,♥♥♥♥♥   2,♥♥♥♥♥   1,♥♥♥♥♥   3,X,X,♥♥♥♥♥   2,2,X,X,Yes,Yes,Yes,,,
697,FALSE,Drain the Blood,The Distillers,2003,May 5 2009,Punk,F,English,DLC1/2,♥♥♥♥♥   2,♥♥♥♥♥   1,♥♥♥♥♥   3,X,X,♥♥♥♥♥   3,3,X,X,Yes,Yes,Yes,,,
698,FALSE,Naked Eye,Luscious Jackson,1996,May 5 2009,Alternative,F,English,DLC1/2,♥♥♥♥♥   0,♥♥♥♥♥   0,♥♥♥♥♥   4,X,X,♥♥♥♥♥   1,3,X,X,Yes,Yes,Yes,,,
699,FALSE,Idealistic Types,Prong,2007,May 5 2009,Metal,M,English,DLC1/2,♥♥♥♥♥   6,♥♥♥♥♥   5,♥♥♥♥♥   4,X,X,♥♥♥♥♥   1,3,X,X,Yes,Yes,Yes,,,
700,FALSE,The Banishment,Prong,2007,May 5 2009,Metal,M,English,DLC1/2,♥♥♥♥♥   5,♥♥♥♥♥   4,♥♥♥♥♥   4,X,X,♥♥♥♥♥   1,2,X,X,Yes,Yes,Yes,,,
701,FALSE,Bad Luck,Social Distortion,1992,May 12 2009,Punk,M,English,DLC1/2,♥♥♥♥♥   1,♥♥♥♥♥   0,♥♥♥♥♥   1,X,X,♥♥♥♥♥   0,3,X,X,Yes,Yes,Yes,,,
702,FALSE,Ring of Fire,Social Distortion,1990,May 12 2009,Punk,M,English,DLC1/2,♥♥♥♥♥   2,♥♥♥♥♥   0,♥♥♥♥♥   4,X,X,♥♥♥♥♥   0,X,X,X,Yes,Yes,Yes,,,
703,FALSE,Story of My Life,Social Distortion,1990,May 12 2009,Punk,M,English,DLC1/2,♥♥♥♥♥   2,♥♥♥♥♥   1,♥♥♥♥♥   2,X,X,♥♥♥♥♥   0,3,X,X,Yes,Yes,Yes,,,
704,FALSE,Stricken,Disturbed,2005,May 12 2009,Nu-Metal,M,English,DLC1/2,♥♥♥♥♥   5,♥♥♥♥♥   3,♥♥♥♥♥   4,X,X,♥♥♥♥♥   3,X,X,X,Yes,Yes,Yes,,,
705,FALSE,Stupify,Disturbed,2000,May 12 2009,Nu-Metal,M,English,DLC1/2,♥♥♥♥♥   3,♥♥♥♥♥   2,♥♥♥♥♥   4,X,X,♥♥♥♥♥   3,3,X,X,Yes,Yes,Yes,,,
706,FALSE,Black Friday,Steely Dan,1975,May 12 2009,Classic Rock,M,English,DLC1/2,♥♥♥♥♥   4,♥♥♥♥♥   3,♥♥♥♥♥   4,X,X,♥♥♥♥♥   2,3,X,X,Yes,Yes,Yes,,,
707,FALSE,My Old School,Steely Dan,1973,May 12 2009,Classic Rock,M,English,DLC1/2,♥♥♥♥♥   6,♥♥♥♥♥   3,♥♥♥♥♥   4,X,X,♥♥♥♥♥   1,3,X,X,Yes,Yes,Yes,Unplug-DLC,,
708,FALSE,Radio Radio,Elvis Costello,1978,May 12 2009,Rock,M,English,DLC1/2,♥♥♥♥♥   2,♥♥♥♥♥   2,♥♥♥♥♥   4,X,X,♥♥♥♥♥   2,3,X,X,Yes,Yes,Yes,,,
709,FALSE,School's Out (Live),Alice Cooper,1995,May 19 2009,Rock,M,English,DLC1/2,♥♥♥♥♥   6,♥♥♥♥♥   2,♥♥♥♥♥   4,X,X,♥♥♥♥♥   2,3,X,X,Yes,Yes,Yes,,,
710,FALSE,I'm Eighteen (Live),Alice Cooper,1995,May 19 2009,Rock,M,English,DLC1/2,♥♥♥♥♥   4,♥♥♥♥♥   2,♥♥♥♥♥   3,X,X,♥♥♥♥♥   3,3,X,X,Yes,Yes,Yes,,,
711,FALSE,Billion Dollar Babies (Live),Alice Cooper,1995,May 19 2009,Rock,M,English,DLC1/2,♥♥♥♥♥   5,♥♥♥♥♥   3,♥♥♥♥♥   5,X,X,♥♥♥♥♥   4,X,X,X,Yes,Yes,Yes,,,
712,FALSE,Poison,Alice Cooper,1989,May 19 2009,Rock,M,English,DLC1/2,♥♥♥♥♥   4,♥♥♥♥♥   2,♥♥♥♥♥   1,X,X,♥♥♥♥♥   1,3,X,X,Yes,Yes,Yes,,,
713,FALSE,Under My Wheels (Live),Alice Cooper,1995,May 19 2009,Rock,M,English,DLC1/2,♥♥♥♥♥   6,♥♥♥♥♥   2,♥♥♥♥♥   5,X,X,♥♥♥♥♥   3,X,X,X,Yes,Yes,Yes,,,
714,FALSE,Vengeance is Mine,Alice Cooper,2008,May 19 2009,Rock,M,English,DLC1/2,♥♥♥♥♥   6,♥♥♥♥♥   2,♥♥♥♥♥   3,X,X,♥♥♥♥♥   1,3,X,X,Yes,Yes,Yes,,,
715,FALSE,Liar (It Takes One to Know One),Taking Back Sunday,2006,May 19 2009,Emo,M,English,DLC1/2,♥♥♥♥♥   3,♥♥♥♥♥   2,♥♥♥♥♥   4,X,X,♥♥♥♥♥   2,2,X,X,Yes,Yes,Yes,,,
716,FALSE,MakeDamnSure,Taking Back Sunday,2006,May 19 2009,Emo,M,English,DLC1/2,♥♥♥♥♥   2,♥♥♥♥♥   1,♥♥♥♥♥   3,X,X,♥♥♥♥♥   2,3,X,X,Yes,Yes,Yes,,,
717,FALSE,What's It Feel Like to Be a Ghost?,Taking Back Sunday,2006,May 19 2009,Emo,M,English,DLC1/2,♥♥♥♥♥   3,♥♥♥♥♥   1,♥♥♥♥♥   3,X,X,♥♥♥♥♥   2,2,X,X,Yes,Yes,Yes,,,
718,FALSE,Kids Don't Follow,The Replacements,1982,May 19 2009,Punk,M,English,DLC1/2,♥♥♥♥♥   5,♥♥♥♥♥   3,♥♥♥♥♥   5,X,X,♥♥♥♥♥   3,X,X,X,Yes,Yes,Yes,,,
719,FALSE,Cuz U R Next,Ministry,2008,May 26 2009,Metal,M,English,DLC1/2,♥♥♥♥♥   6,♥♥♥♥♥   5,♥♥♥♥♥   5,X,X,♥♥♥♥♥   1,2,X,X,Yes,Yes,Yes,,,
720,FALSE,LiesLiesLies,Ministry,2006,May 26 2009,Metal,M,English,DLC1/2,♥♥♥♥♥   5,♥♥♥♥♥   5,♥♥♥♥♥   5,X,X,♥♥♥♥♥   1,3,X,X,Yes,Yes,Yes,,,
721,FALSE,The Great Satan,Ministry,2006,May 26 2009,Metal,M,English,DLC1/2,♥♥♥♥♥   6,♥♥♥♥♥   4,♥♥♥♥♥   5,X,X,♥♥♥♥♥   1,2,X,X,Yes,Yes,Yes,,,
722,FALSE,She's Not There,The Zombies,1965,May 26 2009,Classic Rock,M,English,DLC1/2,♥♥♥♥♥   2,♥♥♥♥♥   1,♥♥♥♥♥   3,X,X,♥♥♥♥♥   2,3,X,X,Yes,Yes,Yes,Unplug-DLC,,
723,FALSE,Tell Her No,The Zombies,1965,May 26 2009,Classic Rock,M,English,DLC1/2,♥♥♥♥♥   2,♥♥♥♥♥   1,♥♥♥♥♥   3,X,X,♥♥♥♥♥   2,3,X,X,Yes,Yes,Yes,,,
724,FALSE,Linger,The Cranberries,1993,May 26 2009,Alternative,F,English,DLC1/2,♥♥♥♥♥   1,♥♥♥♥♥   0,♥♥♥♥♥   3,X,X,♥♥♥♥♥   1,3,X,X,Yes,Yes,Yes,,,
725,FALSE,Shimmer & Shine,Ben Harper and Relentless7,2009,Jun 2 2009,Alternative,M,English,DLC1/2,♥♥♥♥♥   3,♥♥♥♥♥   3,♥♥♥♥♥   4,X,X,♥♥♥♥♥   4,3,X,X,Yes,Yes,Yes,,,
726,FALSE,A Favor House Atlantic,Coheed and Cambria,2004,Jun 2 2009,Prog,M,English,DLC1/2,♥♥♥♥♥   3,♥♥♥♥♥   2,♥♥♥♥♥   4,X,X,♥♥♥♥♥   1,2,X,X,Yes,Yes,Yes,Unplug-DLC,,
727,FALSE,The Running Free,Coheed and Cambria,2007,Jun 2 2009,Prog,M,English,DLC1/2,♥♥♥♥♥   3,♥♥♥♥♥   2,♥♥♥♥♥   4,X,X,♥♥♥♥♥   3,3,X,X,Yes,Yes,Yes,,,
728,FALSE,Wilson (Live),Phish,1995,Jun 2 2009,Rock,M,English,DLC1/2,♥♥♥♥♥   4,♥♥♥♥♥   3,♥♥♥♥♥   5,X,X,♥♥♥♥♥   2,3,X,X,Yes,Yes,Yes,,,
729,FALSE,Steady at the Wheel,Shooter Jennings,2005,Jun 2 2009,Country,M,English,DLC1/2,♥♥♥♥♥   3,♥♥♥♥♥   2,♥♥♥♥♥   3,X,X,♥♥♥♥♥   3,2,X,X,Yes,Yes,Yes,,,
730,FALSE,Wolf Like Me,TV on the Radio,2006,Jun 2 2009,Indie Rock,M,English,DLC1/2,♥♥♥♥♥   2,♥♥♥♥♥   2,♥♥♥♥♥   4,X,X,♥♥♥♥♥   3,3,X,X,Yes,Yes,Yes,,,
731,FALSE,Aces High (Live),Iron Maiden,2008,Jun 9 2009,Metal,M,English,DLC1/2,♥♥♥♥♥   5,♥♥♥♥♥   4,♥♥♥♥♥   4,X,X,♥♥♥♥♥   3,X,X,X,Yes,Yes,Yes,,,
732,FALSE,2 Minutes to Midnight,Iron Maiden,1984,Jun 9 2009,Metal,M,English,DLC1/2,♥♥♥♥♥   5,♥♥♥♥♥   4,♥♥♥♥♥   5,X,X,♥♥♥♥♥   4,3,X,X,Yes,Yes,Yes,,,
733,FALSE,The Trooper,Iron Maiden,1983,Jun 9 2009,Metal,M,English,DLC1/2,♥♥♥♥♥   6,♥♥♥♥♥   5,♥♥♥♥♥   5,X,X,♥♥♥♥♥   3,2,X,X,Yes,Yes,Yes,Unplug-DLC,,
734,FALSE,Wasted Years,Iron Maiden,1986,Jun 9 2009,Metal,M,English,DLC1/2,♥♥♥♥♥   6,♥♥♥♥♥   4,♥♥♥♥♥   4,X,X,♥♥♥♥♥   2,2,X,X,Yes,Yes,Yes,,,
735,FALSE,The Number of the Beast (Original Version),Iron Maiden,1982,Jun 9 2009,Metal,M,English,DLC1/2,♥♥♥♥♥   6,♥♥♥♥♥   5,♥♥♥♥♥   5,X,X,♥♥♥♥♥   4,2,X,X,Yes,Yes,Yes,Unplug-DLC,,
736,FALSE,Run to the Hills (Original Version),Iron Maiden,1982,Jun 9 2009,Metal,M,English,DLC1/2,♥♥♥♥♥   6,♥♥♥♥♥   6,♥♥♥♥♥   6,X,X,♥♥♥♥♥   4,3,X,X,Yes,Yes,Yes,VR-DLC,,
737,FALSE,Can I Play with Madness,Iron Maiden,1988,Jun 9 2009,Metal,M,English,DLC1/2,♥♥♥♥♥   5,♥♥♥♥♥   4,♥♥♥♥♥   4,X,X,♥♥♥♥♥   4,2,X,X,Yes,Yes,Yes,,,
738,FALSE,The Clairvoyant,Iron Maiden,1988,Jun 9 2009,Metal,M,English,DLC1/2,♥♥♥♥♥   5,♥♥♥♥♥   4,♥♥♥♥♥   5,X,X,♥♥♥♥♥   3,X,X,X,Yes,Yes,Yes,,,
739,FALSE,Powerslave,Iron Maiden,1984,Jun 9 2009,Metal,M,English,DLC1/2,♥♥♥♥♥   5,♥♥♥♥♥   4,♥♥♥♥♥   5,X,X,♥♥♥♥♥   4,2,X,X,Yes,Yes,Yes,,,
740,FALSE,Fear of the Dark (Live),Iron Maiden,2008,Jun 9 2009,Metal,M,English,DLC1/2,♥♥♥♥♥   6,♥♥♥♥♥   5,♥♥♥♥♥   5,X,X,♥♥♥♥♥   4,X,X,X,Yes,Yes,Yes,,,
741,FALSE,Hallowed Be Thy Name (Live),Iron Maiden,2008,Jun 9 2009,Metal,M,English,DLC1/2,♥♥♥♥♥   6,♥♥♥♥♥   4,♥♥♥♥♥   5,X,X,♥♥♥♥♥   4,X,X,X,Yes,Yes,Yes,,,
742,FALSE,Iron Maiden (Live),Iron Maiden,2008,Jun 9 2009,Metal,M,English,DLC1/2,♥♥♥♥♥   5,♥♥♥♥♥   4,♥♥♥♥♥   5,X,X,♥♥♥♥♥   4,3,X,X,Yes,Yes,Yes,,,
743,FALSE,Bring Me to Life,Evanescence,2003,Jun 16 2009,Nu-Metal,F,English,DLC1/2,♥♥♥♥♥   2,♥♥♥♥♥   3,♥♥♥♥♥   3,X,X,♥♥♥♥♥   2,3,X,X,Yes,Yes,Yes,"Unplug-DLC, iOS-DLC",,
744,FALSE,Call Me When You're Sober,Evanescence,2006,Jun 16 2009,Nu-Metal,F,English,DLC1/2,♥♥♥♥♥   2,♥♥♥♥♥   2,♥♥♥♥♥   3,X,X,♥♥♥♥♥   2,2,X,X,Yes,Yes,Yes,Reload,,
745,FALSE,Weight of the World,Evanescence,2006,Jun 16 2009,Nu-Metal,F,English,DLC1/2,♥♥♥♥♥   3,♥♥♥♥♥   3,♥♥♥♥♥   4,X,X,♥♥♥♥♥   2,3,X,X,Yes,Yes,Yes,,,
746,FALSE,Back from the Dead,Spinal Tap,2009,Jun 16 2009,Metal,M,English,DLC1/2,♥♥♥♥♥   5,♥♥♥♥♥   2,♥♥♥♥♥   3,X,X,♥♥♥♥♥   2,3,X,X,Yes,Yes,Yes,Unplug-DLC,Delisted,
747,FALSE,Rock 'n' Roll Nightmare,Spinal Tap,2009,Jun 16 2009,Metal,M,English,DLC1/2,♥♥♥♥♥   2,♥♥♥♥♥   1,♥♥♥♥♥   3,X,X,♥♥♥♥♥   2,3,X,X,Yes,Yes,Yes,,Delisted,
748,FALSE,Saucy Jack,Spinal Tap,2009,Jun 16 2009,Metal,M,English,DLC1/2,♥♥♥♥♥   2,♥♥♥♥♥   0,♥♥♥♥♥   3,X,X,♥♥♥♥♥   3,3,X,X,Yes,Yes,Yes,,Delisted,
749,FALSE,Warmer Than Hell,Spinal Tap,2009,Jun 16 2009,Metal,M,English,DLC1/2,♥♥♥♥♥   2,♥♥♥♥♥   3,♥♥♥♥♥   4,X,X,♥♥♥♥♥   3,3,X,X,Yes,Yes,Yes,,Delisted,
750,FALSE,The Downfall of Us All,A Day to Remember,2009,Jun 23 2009,Punk,M,English,DLC1/2,♥♥♥♥♥   2,♥♥♥♥♥   3,♥♥♥♥♥   3,X,X,♥♥♥♥♥   2,3,X,X,Yes,Yes,Yes,,,
751,FALSE,21st Century (Digital Boy),Bad Religion,1990,Jun 23 2009,Punk,M,English,DLC1/2,♥♥♥♥♥   2,♥♥♥♥♥   2,♥♥♥♥♥   3,X,X,♥♥♥♥♥   2,3,X,X,Yes,Yes,Yes,,,
752,FALSE,"I Didn't Say I Was Powerful, I Said I Was a Wizard",Chiodos,2007,Jun 23 2009,Emo,M,English,DLC1/2,♥♥♥♥♥   3,♥♥♥♥♥   2,♥♥♥♥♥   3,X,X,♥♥♥♥♥   3,3,X,X,Yes,Yes,Yes,,,
753,FALSE,The Flood,Escape the Fate,2008,Jun 23 2009,Emo,M,English,DLC1/2,♥♥♥♥♥   4,♥♥♥♥♥   3,♥♥♥♥♥   4,X,X,♥♥♥♥♥   2,3,X,X,Yes,Yes,Yes,,,
754,FALSE,Reinventing Your Exit,Underoath,2004,Jun 23 2009,Emo,M,English,DLC1/2,♥♥♥♥♥   2,♥♥♥♥♥   2,♥♥♥♥♥   3,X,X,♥♥♥♥♥   2,3,X,X,Yes,Yes,Yes,,,
755,FALSE,Little of Your Time,Maroon 5,2007,Jun 23 2009,Pop-Rock,M,English,DLC1/2,♥♥♥♥♥   1,♥♥♥♥♥   1,♥♥♥♥♥   1,X,X,♥♥♥♥♥   3,3,X,X,Yes,Yes,Yes,,,
756,FALSE,Makes Me Wonder,Maroon 5,2007,Jun 23 2009,Pop-Rock,M,English,DLC1/2,♥♥♥♥♥   1,♥♥♥♥♥   1,♥♥♥♥♥   2,X,X,♥♥♥♥♥   3,3,X,X,Yes,Yes,Yes,,,
757,FALSE,Wake Up Call,Maroon 5,2007,Jun 23 2009,Pop-Rock,M,English,DLC1/2,♥♥♥♥♥   0,♥♥♥♥♥   1,♥♥♥♥♥   3,X,X,♥♥♥♥♥   3,3,X,X,Yes,Yes,Yes,,,
758,FALSE,Brother,Pearl Jam,2009,Jun 23 2009,Grunge,M,English,DLC1/2,♥♥♥♥♥   4,♥♥♥♥♥   2,♥♥♥♥♥   4,X,X,♥♥♥♥♥   3,3,X,X,Yes,Yes,Yes,,Harms in RB3,
759,FALSE,Alive (Live: Drop in the Park),Pearl Jam,2009,Jun 23 2009,Grunge,M,English,DLC1/2,♥♥♥♥♥   5,♥♥♥♥♥   3,♥♥♥♥♥   4,X,X,♥♥♥♥♥   3,X,X,X,Yes,Yes,Yes,,,
760,FALSE,State of Love and Trust (Live: Drop in the Park),Pearl Jam,2009,Jun 23 2009,Grunge,M,English,DLC1/2,♥♥♥♥♥   5,♥♥♥♥♥   3,♥♥♥♥♥   4,X,X,♥♥♥♥♥   3,X,X,X,Yes,Yes,Yes,,,
761,FALSE,"Blue Morning, Blue Day",Foreigner,1978,Jun 30 2009,Classic Rock,M,English,DLC1/2,♥♥♥♥♥   2,♥♥♥♥♥   2,♥♥♥♥♥   3,X,X,♥♥♥♥♥   3,3,X,X,Yes,Yes,Yes,,,
762,FALSE,Feels Like the First Time,Foreigner,1979,Jun 30 2009,Classic Rock,M,English,DLC1/2,♥♥♥♥♥   5,♥♥♥♥♥   2,♥♥♥♥♥   3,X,X,♥♥♥♥♥   3,3,X,X,Yes,Yes,Yes,,,
763,FALSE,Headknocker,Foreigner,1977,Jun 30 2009,Classic Rock,M,English,DLC1/2,♥♥♥♥♥   1,♥♥♥♥♥   1,♥♥♥♥♥   3,X,X,♥♥♥♥♥   3,3,X,X,Yes,Yes,Yes,Unplug-DLC,,
764,FALSE,Weapon of Choice,Black Rebel Motorcycle Club,2007,Jun 30 2009,Alternative,M,English,DLC1/2,♥♥♥♥♥   4,♥♥♥♥♥   3,♥♥♥♥♥   3,X,X,♥♥♥♥♥   2,3,X,X,Yes,Yes,Yes,,,
765,FALSE,Sweet Talk,Dear and the Headlights,2007,Jun 30 2009,Indie Rock,M,English,DLC1/2,♥♥♥♥♥   3,♥♥♥♥♥   2,♥♥♥♥♥   3,X,X,♥♥♥♥♥   3,2,X,X,Yes,Yes,Yes,,,
766,FALSE,"Hey John, What's Your Name Again?",The Devil Wears Prada,2007,Jun 30 2009,Metal,M,English,DLC1/2,♥♥♥♥♥   4,♥♥♥♥♥   3,♥♥♥♥♥   4,X,X,♥♥♥♥♥   1,3,X,X,Yes,Yes,Yes,,,
767,FALSE,Image of the Invisible,Thrice,2005,Jun 30 2009,Rock,M,English,DLC1/2,♥♥♥♥♥   4,♥♥♥♥♥   4,♥♥♥♥♥   5,X,X,♥♥♥♥♥   2,3,X,X,Yes,Yes,Yes,,,
768,FALSE,21 Guns,Green Day,2009,Jul 7 2009,Rock,M,English,DLC1/2,♥♥♥♥♥   0,♥♥♥♥♥   1,♥♥♥♥♥   1,X,X,♥♥♥♥♥   0,3,X,X,Yes,Yes,Yes,GDRB,Harms in RB3,
769,FALSE,East Jesus Nowhere,Green Day,2009,Jul 7 2009,Rock,M,English,DLC1/2,♥♥♥♥♥   4,♥♥♥♥♥   1,♥♥♥♥♥   3,X,X,♥♥♥♥♥   2,3,X,X,Yes,Yes,Yes,GDRB,Harms in RB3,
770,FALSE,Know Your Enemy,Green Day,2009,Jul 7 2009,Rock,M,English,DLC1/2,♥♥♥♥♥   1,♥♥♥♥♥   1,♥♥♥♥♥   3,X,X,♥♥♥♥♥   1,3,X,X,Yes,Yes,Yes,"Unplug-DLC, GDRB",Harms in RB3,
771,FALSE,Conquer All,Behemoth,2004,Jul 7 2009,Metal,M,English,DLC1/2,♥♥♥♥♥   5,♥♥♥♥♥   5,♥♥♥♥♥   6,X,X,♥♥♥♥♥   0,3,X,X,Yes,Yes,Yes,,,
772,FALSE,What a Horrible Night to Have a Curse,The Black Dahlia Murder,2007,Jul 7 2009,Metal,M,English,DLC1/2,♥♥♥♥♥   6,♥♥♥♥♥   6,♥♥♥♥♥   6,X,X,♥♥♥♥♥   0,3,X,X,Yes,Yes,Yes,,,
773,FALSE,Hammer Smashed Face,Cannibal Corpse,1992,Jul 7 2009,Metal,M,English,DLC1/2,♥♥♥♥♥   6,♥♥♥♥♥   6,♥♥♥♥♥   6,X,X,♥♥♥♥♥   0,2,X,X,Yes,Yes,Yes,,,
774,FALSE,Empire of the Gun,God Forbid,2009,Jul 7 2009,Metal,M,English,DLC1/2,♥♥♥♥♥   6,♥♥♥♥♥   4,♥♥♥♥♥   6,X,X,♥♥♥♥♥   1,3,X,X,Yes,Yes,Yes,,,
775,FALSE,Embedded,Job for a Cowboy,2007,Jul 7 2009,Metal,M,English,DLC1/2,♥♥♥♥♥   6,♥♥♥♥♥   5,♥♥♥♥♥   6,X,X,♥♥♥♥♥   0,2,X,X,Yes,Yes,Yes,,,
776,FALSE,Disposable Teens,Marilyn Manson,2000,Jul 7 2009,Metal,M,English,DLC1/2,♥♥♥♥♥   1,♥♥♥♥♥   2,♥♥♥♥♥   3,X,X,♥♥♥♥♥   2,3,X,X,Yes,Yes,Yes,,,
777,FALSE,Black Magic,Slayer,1983,Jul 7 2009,Metal,M,English,DLC1/2,♥♥♥♥♥   6,♥♥♥♥♥   6,♥♥♥♥♥   5,X,X,♥♥♥♥♥   2,X,X,X,Yes,Yes,Yes,,,
778,FALSE,This Is Exile,Whitechapel,2008,Jul 7 2009,Metal,M,English,DLC1/2,♥♥♥♥♥   5,♥♥♥♥♥   5,♥♥♥♥♥   6,X,X,♥♥♥♥♥   0,3,X,X,Yes,Yes,Yes,,,
779,FALSE,All Going Out Together,Big Dipper,1987,Jul 14 2009,Indie Rock,M,English,DLC1/2,♥♥♥♥♥   2,♥♥♥♥♥   1,♥♥♥♥♥   3,X,X,♥♥♥♥♥   2,3,X,X,Yes,Yes,Yes,,,
780,FALSE,She's Fetching,Big Dipper,1987,Jul 14 2009,Indie Rock,M,English,DLC1/2,♥♥♥♥♥   2,♥♥♥♥♥   1,♥♥♥♥♥   2,X,X,♥♥♥♥♥   2,3,X,X,Yes,Yes,Yes,,,
781,FALSE,Younger Bums,Big Dipper,1987,Jul 14 2009,Indie Rock,M,English,DLC1/2,♥♥♥♥♥   2,♥♥♥♥♥   2,♥♥♥♥♥   2,X,X,♥♥♥♥♥   2,3,X,X,Yes,Yes,Yes,,,
782,FALSE,Dissident Aggressor (Live),Judas Priest,2009,Jul 14 2009,Metal,M,English,DLC1/2,♥♥♥♥♥   4,♥♥♥♥♥   4,♥♥♥♥♥   5,X,X,♥♥♥♥♥   2,X,X,X,Yes,Yes,Yes,,,
783,FALSE,Eat Me Alive (Live),Judas Priest,2009,Jul 14 2009,Metal,M,English,DLC1/2,♥♥♥♥♥   6,♥♥♥♥♥   3,♥♥♥♥♥   4,X,X,♥♥♥♥♥   1,X,X,X,Yes,Yes,Yes,,,
784,FALSE,Prophecy (Live),Judas Priest,2009,Jul 14 2009,Metal,M,English,DLC1/2,♥♥♥♥♥   5,♥♥♥♥♥   2,♥♥♥♥♥   3,X,X,♥♥♥♥♥   1,3,X,X,Yes,Yes,Yes,,,
785,FALSE,Hang You from the Heavens,The Dead Weather,2009,Jul 14 2009,Alternative,F,English,DLC1/2,♥♥♥♥♥   0,♥♥♥♥♥   1,♥♥♥♥♥   4,X,X,♥♥♥♥♥   2,X,X,X,Yes,Yes,Yes,,,
786,FALSE,No Hassle Night,The Dead Weather,2009,Jul 14 2009,Alternative,F,English,DLC1/2,♥♥♥♥♥   0,♥♥♥♥♥   1,♥♥♥♥♥   6,X,X,♥♥♥♥♥   2,X,X,X,Yes,Yes,Yes,,,
787,FALSE,Treat Me Like Your Mother,The Dead Weather,2009,Jul 14 2009,Alternative,F,English,DLC1/2,♥♥♥♥♥   3,♥♥♥♥♥   3,♥♥♥♥♥   4,X,X,♥♥♥♥♥   3,3,X,X,Yes,Yes,Yes,,,
788,FALSE,Crawl,Kings of Leon,2008,Jul 21 2009,Rock,M,English,DLC1/2,♥♥♥♥♥   4,♥♥♥♥♥   3,♥♥♥♥♥   3,X,X,♥♥♥♥♥   3,2,X,X,Yes,Yes,Yes,,,
789,FALSE,Molly's Chambers,Kings of Leon,2003,Jul 21 2009,Rock,M,English,DLC1/2,♥♥♥♥♥   4,♥♥♥♥♥   2,♥♥♥♥♥   4,X,X,♥♥♥♥♥   4,2,X,X,Yes,Yes,Yes,,,
790,FALSE,Sex on Fire,Kings of Leon,2008,Jul 21 2009,Rock,M,English,DLC1/2,♥♥♥♥♥   3,♥♥♥♥♥   1,♥♥♥♥♥   3,X,X,♥♥♥♥♥   2,X,X,X,Yes,Yes,Yes,,,
791,FALSE,Last One to Die,Rancid,2009,Jul 21 2009,Punk,M,English,DLC1/2,♥♥♥♥♥   1,♥♥♥♥♥   1,♥♥♥♥♥   3,X,X,♥♥♥♥♥   1,3,X,X,Yes,Yes,Yes,,,
792,FALSE,Ruby Soho,Rancid,1995,Jul 21 2009,Punk,M,English,DLC1/2,♥♥♥♥♥   3,♥♥♥♥♥   2,♥♥♥♥♥   3,X,X,♥♥♥♥♥   1,3,X,X,Yes,Yes,Yes,,,
793,FALSE,Time Bomb,Rancid,1995,Jul 21 2009,Punk,M,English,DLC1/2,♥♥♥♥♥   4,♥♥♥♥♥   3,♥♥♥♥♥   3,X,X,♥♥♥♥♥   0,3,X,X,Yes,Yes,Yes,,,
794,FALSE,Prayer of the Refugee,Rise Against,2006,Jul 21 2009,Punk,M,English,DLC1/2,♥♥♥♥♥   3,♥♥♥♥♥   3,♥♥♥♥♥   4,X,X,♥♥♥♥♥   2,3,X,X,Yes,Yes,Yes,,,
795,FALSE,Re-Education (Through Labor),Rise Against,2008,Jul 21 2009,Punk,M,English,DLC1/2,♥♥♥♥♥   3,♥♥♥♥♥   2,♥♥♥♥♥   3,X,X,♥♥♥♥♥   2,3,X,X,Yes,Yes,Yes,,,
796,FALSE,Savior,Rise Against,2008,Jul 21 2009,Punk,M,English,DLC1/2,♥♥♥♥♥   3,♥♥♥♥♥   3,♥♥♥♥♥   4,X,X,♥♥♥♥♥   3,3,X,X,Yes,Yes,Yes,,,
797,FALSE,Sweetness & Light,Lush,1990,Jul 21 2009,Alternative,F,English,DLC1/2,♥♥♥♥♥   1,♥♥♥♥♥   1,♥♥♥♥♥   3,X,X,♥♥♥♥♥   0,2,X,X,Yes,Yes,Yes,,,
798,FALSE,Down,Blink-182,2003,Jul 28 2009,Punk,M,English,DLC1/2,♥♥♥♥♥   1,♥♥♥♥♥   1,♥♥♥♥♥   4,X,X,♥♥♥♥♥   1,3,X,X,Yes,Yes,Yes,,,
799,FALSE,Feeling This,Blink-182,2003,Jul 28 2009,Punk,M,English,DLC1/2,♥♥♥♥♥   1,♥♥♥♥♥   3,♥♥♥♥♥   4,X,X,♥♥♥♥♥   2,3,X,X,Yes,Yes,Yes,,,
800,FALSE,The Rock Show,Blink-182,2001,Jul 28 2009,Punk,M,English,DLC1/2,♥♥♥♥♥   3,♥♥♥♥♥   3,♥♥♥♥♥   5,X,X,♥♥♥♥♥   2,3,X,X,Yes,Yes,Yes,Unplug-DLC,,
801,FALSE,"100,000 Years (Live)",Kiss,1975,Jul 28 2009,Classic Rock,M,English,DLC1/2,♥♥♥♥♥   5,♥♥♥♥♥   4,♥♥♥♥♥   5,X,X,♥♥♥♥♥   3,X,X,X,Yes,Yes,Yes,,,
802,FALSE,Deuce (Live),Kiss,1975,Jul 28 2009,Classic Rock,M,English,DLC1/2,♥♥♥♥♥   5,♥♥♥♥♥   3,♥♥♥♥♥   5,X,X,♥♥♥♥♥   3,2,X,X,Yes,Yes,Yes,,,
803,FALSE,Parasite (Live),Kiss,1975,Jul 28 2009,Classic Rock,M,English,DLC1/2,♥♥♥♥♥   5,♥♥♥♥♥   4,♥♥♥♥♥   5,X,X,♥♥♥♥♥   3,2,X,X,Yes,Yes,Yes,,,
804,FALSE,My Name Is Jonas,Weezer,1994,Jul 28 2009,Alternative,M,English,DLC1/2,♥♥♥♥♥   4,♥♥♥♥♥   1,♥♥♥♥♥   3,X,X,♥♥♥♥♥   2,3,X,X,Yes,Yes,Yes,,,
805,FALSE,Pork and Beans,Weezer,2008,Jul 28 2009,Alternative,M,English,DLC1/2,♥♥♥♥♥   0,♥♥♥♥♥   1,♥♥♥♥♥   1,X,X,♥♥♥♥♥   1,3,X,X,Yes,Yes,Yes,,,
806,FALSE,Undone - The Sweater Song,Weezer,1994,Jul 28 2009,Alternative,M,English,DLC1/2,♥♥♥♥♥   1,♥♥♥♥♥   1,♥♥♥♥♥   4,X,X,♥♥♥♥♥   2,2,X,X,Yes,Yes,Yes,,,
807,FALSE,Out Here All Night,Damone,2006,Jul 28 2009,Rock,F,English,DLC1/2,♥♥♥♥♥   4,♥♥♥♥♥   3,♥♥♥♥♥   5,X,X,♥♥♥♥♥   2,3,X,X,Yes,Yes,Yes,,,
808,FALSE,(Funky) Sex Farm,Spinal Tap,2009,Aug 4 2009,Metal,M,English,DLC1/2,♥♥♥♥♥   3,♥♥♥♥♥   2,♥♥♥♥♥   3,X,X,♥♥♥♥♥   3,3,X,X,Yes,Yes,Yes,,Delisted,
809,FALSE,(Listen to the) Flower People (Reggae Stylee),Spinal Tap,2009,Aug 4 2009,Metal,M,English,DLC1/2,♥♥♥♥♥   0,♥♥♥♥♥   1,♥♥♥♥♥   4,X,X,♥♥♥♥♥   3,3,X,X,Yes,Yes,Yes,,Delisted,
810,FALSE,America,Spinal Tap,2009,Aug 4 2009,Metal,M,English,DLC1/2,♥♥♥♥♥   3,♥♥♥♥♥   2,♥♥♥♥♥   4,X,X,♥♥♥♥♥   3,2,X,X,Yes,Yes,Yes,,Delisted,
811,FALSE,Big Bottom,Spinal Tap,2009,Aug 4 2009,Metal,M,English,DLC1/2,♥♥♥♥♥   1,♥♥♥♥♥   1,♥♥♥♥♥   3,X,X,♥♥♥♥♥   3,X,X,X,Yes,Yes,Yes,,Delisted,
812,FALSE,Cups and Cakes,Spinal Tap,2009,Aug 4 2009,Metal,M,English,DLC1/2,♥♥♥♥♥   0,♥♥♥♥♥   0,♥♥♥♥♥   0,X,X,♥♥♥♥♥   1,3,X,X,Yes,Yes,Yes,,Delisted,
813,FALSE,Gimme Some Money,Spinal Tap,2009,Aug 4 2009,Metal,M,English,DLC1/2,♥♥♥♥♥   2,♥♥♥♥♥   1,♥♥♥♥♥   3,X,X,♥♥♥♥♥   1,3,X,X,Yes,Yes,Yes,,Delisted,
814,FALSE,Heavy Duty,Spinal Tap,2009,Aug 4 2009,Metal,M,English,DLC1/2,♥♥♥♥♥   4,♥♥♥♥♥   1,♥♥♥♥♥   3,X,X,♥♥♥♥♥   2,3,X,X,Yes,Yes,Yes,,Delisted,
815,FALSE,Hell Hole,Spinal Tap,2009,Aug 4 2009,Metal,M,English,DLC1/2,♥♥♥♥♥   4,♥♥♥♥♥   1,♥♥♥♥♥   3,X,X,♥♥♥♥♥   2,3,X,X,Yes,Yes,Yes,,Delisted,
816,FALSE,Rock 'n' Roll Creation,Spinal Tap,2009,Aug 4 2009,Metal,M,English,DLC1/2,♥♥♥♥♥   3,♥♥♥♥♥   2,♥♥♥♥♥   4,X,X,♥♥♥♥♥   3,3,X,X,Yes,Yes,Yes,,Delisted,
817,FALSE,Stonehenge,Spinal Tap,2009,Aug 4 2009,Metal,M,English,DLC1/2,♥♥♥♥♥   4,♥♥♥♥♥   1,♥♥♥♥♥   4,X,X,♥♥♥♥♥   3,3,X,X,Yes,Yes,Yes,,Delisted,
818,FALSE,Tonight I'm Gonna Rock You Tonight,Spinal Tap,2009,Aug 4 2009,Metal,M,English,DLC1/2,♥♥♥♥♥   4,♥♥♥♥♥   2,♥♥♥♥♥   4,X,X,♥♥♥♥♥   3,3,X,X,Yes,Yes,Yes,,Delisted,
819,FALSE,Clint Eastwood,Gorillaz,2001,Aug 11 2009,Hip-Hop/Rap,M,English,DLC1/2,♥♥♥♥♥   5,♥♥♥♥♥   1,♥♥♥♥♥   2,X,X,♥♥♥♥♥   2,3,X,X,Yes,Yes,Yes,,,
820,FALSE,Feel Good Inc.,Gorillaz,2005,Aug 11 2009,Hip-Hop/Rap,M,English,DLC1/2,♥♥♥♥♥   2,♥♥♥♥♥   1,♥♥♥♥♥   3,X,X,♥♥♥♥♥   1,3,X,X,Yes,Yes,Yes,,,
821,FALSE,Re-Hash,Gorillaz,2001,Aug 11 2009,Hip-Hop/Rap,M,English,DLC1/2,♥♥♥♥♥   2,♥♥♥♥♥   2,♥♥♥♥♥   4,X,X,♥♥♥♥♥   3,3,X,X,Yes,Yes,Yes,,,
822,FALSE,Piece of My Heart,Janis Joplin,1968,Aug 11 2009,Classic Rock,F,English,DLC1/2,♥♥♥♥♥   2,♥♥♥♥♥   3,♥♥♥♥♥   4,X,X,♥♥♥♥♥   4,3,X,X,Yes,Yes,Yes,,,
823,FALSE,Chest Fever (Live),The Band,1972,Aug 11 2009,Classic Rock,M,English,DLC1/2,♥♥♥♥♥   4,♥♥♥♥♥   3,♥♥♥♥♥   4,X,X,♥♥♥♥♥   4,3,X,X,Yes,Yes,Yes,,,
824,FALSE,White Rabbit,Jefferson Airplane,1967,Aug 11 2009,Classic Rock,F,English,DLC1/2,♥♥♥♥♥   0,♥♥♥♥♥   2,♥♥♥♥♥   4,X,X,♥♥♥♥♥   2,X,X,X,Yes,Yes,Yes,,,
825,FALSE,Magic Bus (Live at Leeds),The Who,1970,Aug 11 2009,Classic Rock,M,English,DLC1/2,♥♥♥♥♥   5,♥♥♥♥♥   5,♥♥♥♥♥   5,X,X,♥♥♥♥♥   5,3,X,X,Yes,Yes,Yes,,,
826,FALSE,No Rain,Blind Melon,1992,Aug 18 2009,Alternative,M,English,DLC1/2,♥♥♥♥♥   4,♥♥♥♥♥   3,♥♥♥♥♥   4,X,X,♥♥♥♥♥   3,2,X,X,Yes,Yes,Yes,,,
827,FALSE,There's No Other Way,Blur,1991,Aug 18 2009,Alternative,M,English,DLC1/2,♥♥♥♥♥   4,♥♥♥♥♥   2,♥♥♥♥♥   4,X,X,♥♥♥♥♥   2,3,X,X,Yes,Yes,Yes,,,
828,FALSE,I'm Shipping Up to Boston,Dropkick Murphys,2005,Aug 18 2009,Punk,M,English,DLC1/2,♥♥♥♥♥   3,♥♥♥♥♥   2,♥♥♥♥♥   4,X,X,♥♥♥♥♥   1,3,X,X,Yes,Yes,Yes,Unplug-DLC,,
829,FALSE,Inside Out,Eve 6,1998,Aug 18 2009,Alternative,M,English,DLC1/2,♥♥♥♥♥   1,♥♥♥♥♥   2,♥♥♥♥♥   4,X,X,♥♥♥♥♥   2,3,♥♥♥♥♥   3,♥♥♥♥♥   1,Yes,Yes,Yes,,,
830,FALSE,I Predict a Riot,Kaiser Chiefs,2005,Aug 18 2009,Indie Rock,M,English,DLC1/2,♥♥♥♥♥   1,♥♥♥♥♥   2,♥♥♥♥♥   4,X,X,♥♥♥♥♥   2,3,X,X,Yes,Yes,Yes,,,
831,FALSE,All My Life,Foo Fighters,2002,Aug 18 2009,Alternative,M,English,DLC1/2,♥♥♥♥♥   2,♥♥♥♥♥   2,♥♥♥♥♥   4,X,X,♥♥♥♥♥   2,2,X,X,Yes,Yes,Yes,,,
832,FALSE,I'll Stick Around,Foo Fighters,1995,Aug 18 2009,Alternative,M,English,DLC1/2,♥♥♥♥♥   3,♥♥♥♥♥   1,♥♥♥♥♥   4,X,X,♥♥♥♥♥   2,2,X,X,Yes,Yes,Yes,,,
833,FALSE,Lonely as You,Foo Fighters,2002,Aug 18 2009,Alternative,M,English,DLC1/2,♥♥♥♥♥   2,♥♥♥♥♥   2,♥♥♥♥♥   4,X,X,♥♥♥♥♥   2,3,X,X,Yes,Yes,Yes,Unplug-DLC,,
834,FALSE,Mony Mony,Billy Idol,1981,Aug 25 2009,Rock,M,English,DLC1/2,♥♥♥♥♥   0,♥♥♥♥♥   1,♥♥♥♥♥   2,X,X,♥♥♥♥♥   2,3,X,X,Yes,Yes,Yes,,,
835,FALSE,Rebel Yell,Billy Idol,1983,Aug 25 2009,Rock,M,English,DLC1/2,♥♥♥♥♥   4,♥♥♥♥♥   1,♥♥♥♥♥   3,X,X,♥♥♥♥♥   2,X,X,X,Yes,Yes,Yes,,,
836,FALSE,Don't Stop,Fleetwood Mac,1977,Aug 25 2009,Classic Rock,M,English,DLC1/2,♥♥♥♥♥   1,♥♥♥♥♥   3,♥♥♥♥♥   3,X,X,♥♥♥♥♥   4,2,X,X,Yes,Yes,Yes,,Delisted,
837,FALSE,World Turning,Fleetwood Mac,1975,Aug 25 2009,Classic Rock,F,English,DLC1/2,♥♥♥♥♥   5,♥♥♥♥♥   4,♥♥♥♥♥   4,X,X,♥♥♥♥♥   3,3,X,X,Yes,Yes,Yes,,Delisted,
838,FALSE,She's a Genius,Jet,2009,Aug 25 2009,Rock,M,English,DLC1/2,♥♥♥♥♥   3,♥♥♥♥♥   2,♥♥♥♥♥   5,X,X,♥♥♥♥♥   2,3,X,X,Yes,Yes,Yes,,,
839,FALSE,I Won't Back Down,Tom Petty,1989,Aug 25 2009,Rock,M,English,DLC1/2,♥♥♥♥♥   0,♥♥♥♥♥   1,♥♥♥♥♥   1,X,X,♥♥♥♥♥   2,3,X,X,Yes,Yes,Yes,,,
840,FALSE,Runnin' Down a Dream,Tom Petty,1989,Aug 25 2009,Rock,M,English,DLC1/2,♥♥♥♥♥   5,♥♥♥♥♥   1,♥♥♥♥♥   3,X,X,♥♥♥♥♥   1,3,X,X,Yes,Yes,Yes,VR-DLC,,
841,FALSE,Bat Country,Avenged Sevenfold,2005,Sep 1 2009,Metal,M,English,DLC1/2,♥♥♥♥♥   6,♥♥♥♥♥   4,♥♥♥♥♥   5,X,X,♥♥♥♥♥   4,3,X,X,Yes,Yes,Yes,,,
842,FALSE,Town Called Malice,The Jam,1982,Sep 1 2009,New Wave,M,English,DLC1/2,♥♥♥♥♥   4,♥♥♥♥♥   3,♥♥♥♥♥   4,X,X,♥♥♥♥♥   2,2,X,X,Yes,Yes,Yes,,,
843,FALSE,Going Underground,The Jam,1980,Sep 1 2009,New Wave,M,English,DLC1/2,♥♥♥♥♥   4,♥♥♥♥♥   4,♥♥♥♥♥   4,X,X,♥♥♥♥♥   4,3,X,X,Yes,Yes,Yes,,,
844,FALSE,Supersonic (Live),Oasis,1994,Sep 1 2009,Rock,M,English,DLC1/2,♥♥♥♥♥   3,♥♥♥♥♥   1,♥♥♥♥♥   3,X,X,♥♥♥♥♥   1,X,X,X,Yes,Yes,Yes,,,
845,FALSE,Guerrilla Radio,Rage Against the Machine,1999,Sep 1 2009,Alternative,M,English,DLC1/2,♥♥♥♥♥   2,♥♥♥♥♥   3,♥♥♥♥♥   4,X,X,♥♥♥♥♥   0,2,X,X,Yes,Yes,Yes,,,
846,FALSE,And She Was,Talking Heads,1985,Sep 1 2009,New Wave,M,English,DLC1/2,♥♥♥♥♥   2,♥♥♥♥♥   1,♥♥♥♥♥   1,X,X,♥♥♥♥♥   2,3,X,X,Yes,Yes,Yes,,,
847,FALSE,Crosseyed and Painless,Talking Heads,1980,Sep 1 2009,New Wave,M,English,DLC1/2,♥♥♥♥♥   1,♥♥♥♥♥   1,♥♥♥♥♥   1,X,X,♥♥♥♥♥   4,3,X,X,Yes,Yes,Yes,,,
848,FALSE,Girlfriend Is Better,Talking Heads,1983,Sep 1 2009,New Wave,M,English,DLC1/2,♥♥♥♥♥   3,♥♥♥♥♥   3,♥♥♥♥♥   4,X,X,♥♥♥♥♥   4,3,X,X,Yes,Yes,Yes,,,
849,FALSE,Once in a Lifetime,Talking Heads,1980,Sep 1 2009,New Wave,M,English,DLC1/2,♥♥♥♥♥   4,♥♥♥♥♥   0,♥♥♥♥♥   4,X,X,♥♥♥♥♥   2,3,X,X,Yes,Yes,Yes,,,
850,FALSE,Take Me to the River,Talking Heads,1978,Sep 1 2009,New Wave,M,English,DLC1/2,♥♥♥♥♥   1,♥♥♥♥♥   1,♥♥♥♥♥   0,X,X,♥♥♥♥♥   3,X,X,X,Yes,Yes,Yes,,,
851,FALSE,Less Talk More Rokk,Freezepop,2007,Sep 8 2009,Pop/Dance/Electronic,F,English,DLC1/2,♥♥♥♥♥   5,♥♥♥♥♥   3,♥♥♥♥♥   4,X,X,♥♥♥♥♥   2,2,X,X,Yes,Yes,Yes,Unplugged,Was first available in Unplugged,
852,FALSE,Get Ready 2 Rokk,Freezepop,2000,Sep 8 2009,Pop/Dance/Electronic,F,English,DLC1/2,♥♥♥♥♥   6,♥♥♥♥♥   4,♥♥♥♥♥   4,X,X,♥♥♥♥♥   1,2,X,X,Yes,Yes,Yes,,,
853,FALSE,Science Genius Girl,Freezepop,2000,Sep 8 2009,Pop/Dance/Electronic,F,English,DLC1/2,♥♥♥♥♥   0,♥♥♥♥♥   3,♥♥♥♥♥   5,X,X,♥♥♥♥♥   1,3,X,X,Yes,Yes,Yes,iOS-DLC,,
854,FALSE,Re: Your Brains,Jonathan Coulton,2006,Sep 8 2009,Pop-Rock,M,English,DLC1/2,♥♥♥♥♥   0,♥♥♥♥♥   1,♥♥♥♥♥   1,X,X,♥♥♥♥♥   2,3,X,X,Yes,Yes,Yes,,,
855,FALSE,Origin of Species,MC Frontalot,2007,Sep 8 2009,Hip-Hop/Rap,M,English,DLC1/2,♥♥♥♥♥   4,♥♥♥♥♥   1,♥♥♥♥♥   4,X,X,♥♥♥♥♥   2,3,X,X,Yes,Yes,Yes,,,
856,FALSE,Opening Band,Paul and Storm,2005,Sep 8 2009,Pop-Rock,M,English,DLC1/2,♥♥♥♥♥   4,♥♥♥♥♥   1,♥♥♥♥♥   4,X,X,♥♥♥♥♥   2,2,X,X,Yes,Yes,Yes,,,
857,FALSE,Kryptonite,3 Doors Down,2000,Sep 8 2009,Rock,M,English,DLC1/2,♥♥♥♥♥   2,♥♥♥♥♥   0,♥♥♥♥♥   3,X,X,♥♥♥♥♥   0,2,X,X,Yes,Yes,Yes,"Unplugged, Reload",Was first available in Unplugged,
858,FALSE,Miss Murder,AFI,2006,Sep 8 2009,Emo,M,English,DLC1/2,♥♥♥♥♥   3,♥♥♥♥♥   3,♥♥♥♥♥   3,X,X,♥♥♥♥♥   2,3,X,X,Yes,Yes,Yes,Unplugged,Was first available in Unplugged,
859,FALSE,Gasoline,Audioslave,2002,Sep 8 2009,Rock,M,English,DLC1/2,♥♥♥♥♥   3,♥♥♥♥♥   1,♥♥♥♥♥   3,X,X,♥♥♥♥♥   1,2,X,X,Yes,Yes,Yes,Unplugged,Was first available in Unplugged,
860,FALSE,ABC,The Jackson 5,1970,Sep 8 2009,Pop-Rock,M,English,DLC1/2,♥♥♥♥♥   0,♥♥♥♥♥   3,♥♥♥♥♥   2,X,X,♥♥♥♥♥   6,3,X,X,Yes,Yes,Yes,Unplugged,Was first available in Unplugged,
861,FALSE,666,Anvil,1982,Sep 15 2009,Metal,M,English,DLC1/2,♥♥♥♥♥   5,♥♥♥♥♥   5,♥♥♥♥♥   5,X,X,♥♥♥♥♥   2,3,X,X,Yes,Yes,Yes,,,
862,FALSE,Metal on Metal,Anvil,1982,Sep 15 2009,Metal,M,English,DLC1/2,♥♥♥♥♥   3,♥♥♥♥♥   3,♥♥♥♥♥   4,X,X,♥♥♥♥♥   1,3,X,X,Yes,Yes,Yes,,,
863,FALSE,This is Thirteen,Anvil,2007,Sep 15 2009,Metal,M,English,DLC1/2,♥♥♥♥♥   3,♥♥♥♥♥   3,♥♥♥♥♥   3,X,X,♥♥♥♥♥   0,X,X,X,Yes,Yes,Yes,,,
864,FALSE,Pick Me Up,Dinosaur Jr.,2007,Sep 15 2009,Alternative,M,English,DLC1/2,♥♥♥♥♥   5,♥♥♥♥♥   4,♥♥♥♥♥   4,X,X,♥♥♥♥♥   2,X,X,X,Yes,Yes,Yes,,Delisted,
865,FALSE,The Wagon,Dinosaur Jr.,1991,Sep 15 2009,Alternative,M,English,DLC1/2,♥♥♥♥♥   4,♥♥♥♥♥   4,♥♥♥♥♥   4,X,X,♥♥♥♥♥   3,3,X,X,Yes,Yes,Yes,,Delisted,
866,FALSE,Hand Me Down World,The Guess Who,1970,Sep 15 2009,Classic Rock,M,English,DLC1/2,♥♥♥♥♥   2,♥♥♥♥♥   2,♥♥♥♥♥   4,X,X,♥♥♥♥♥   4,3,X,X,Yes,Yes,Yes,,,
867,FALSE,No Time,The Guess Who,1970,Sep 15 2009,Classic Rock,M,English,DLC1/2,♥♥♥♥♥   4,♥♥♥♥♥   1,♥♥♥♥♥   4,X,X,♥♥♥♥♥   3,3,X,X,Yes,Yes,Yes,,,
868,FALSE,Rock Your Socks,Tenacious D,2001,Sep 15 2009,Rock,M,English,DLC1/2,♥♥♥♥♥   4,♥♥♥♥♥   3,♥♥♥♥♥   4,X,X,♥♥♥♥♥   1,2,X,X,Yes,Yes,Yes,Unplugged,Was first available in Unplugged,
869,FALSE,Tribute,Tenacious D,2001,Sep 15 2009,Rock,M,English,DLC1/2,♥♥♥♥♥   5,♥♥♥♥♥   4,♥♥♥♥♥   4,X,X,♥♥♥♥♥   5,2,X,X,Yes,Yes,Yes,,,
870,FALSE,Gonna See My Friend,Pearl Jam,2009,Sep 20 2009,Grunge,M,English,DLC1/2,♥♥♥♥♥   3,♥♥♥♥♥   3,♥♥♥♥♥   4,X,X,♥♥♥♥♥   3,3,X,X,Yes,Yes,Yes,,Harms in RB3,
871,FALSE,Got Some,Pearl Jam,2009,Sep 20 2009,Grunge,M,English,DLC1/2,♥♥♥♥♥   2,♥♥♥♥♥   2,♥♥♥♥♥   4,X,X,♥♥♥♥♥   4,3,X,X,Yes,Yes,Yes,,Harms in RB3,
872,FALSE,The Fixer,Pearl Jam,2009,Sep 20 2009,Grunge,M,English,DLC1/2,♥♥♥♥♥   3,♥♥♥♥♥   2,♥♥♥♥♥   4,X,X,♥♥♥♥♥   4,2,X,X,Yes,Yes,Yes,iOS-DLC,Harms in RB3,
873,FALSE,Johnny Guitar,Pearl Jam,2009,Sep 20 2009,Grunge,M,English,DLC1/2,♥♥♥♥♥   1,♥♥♥♥♥   3,♥♥♥♥♥   3,X,X,♥♥♥♥♥   3,3,X,X,Yes,Yes,Yes,,Harms in RB3,
874,FALSE,Just Breathe,Pearl Jam,2009,Sep 20 2009,Grunge,M,English,DLC1/2,♥♥♥♥♥   5,♥♥♥♥♥   1,♥♥♥♥♥   2,X,X,♥♥♥♥♥   2,2,X,X,Yes,Yes,Yes,iOS-DLC,Harms in RB3,
875,FALSE,Amongst the Waves,Pearl Jam,2009,Sep 20 2009,Grunge,M,English,DLC1/2,♥♥♥♥♥   3,♥♥♥♥♥   2,♥♥♥♥♥   3,X,X,♥♥♥♥♥   3,X,X,X,Yes,Yes,Yes,,,
876,FALSE,Unthought Known,Pearl Jam,2009,Sep 20 2009,Grunge,M,English,DLC1/2,♥♥♥♥♥   2,♥♥♥♥♥   2,♥♥♥♥♥   3,X,X,♥♥♥♥♥   4,3,X,X,Yes,Yes,Yes,,Harms in RB3,
877,FALSE,Supersonic,Pearl Jam,2009,Sep 20 2009,Grunge,M,English,DLC1/2,♥♥♥♥♥   4,♥♥♥♥♥   3,♥♥♥♥♥   4,X,X,♥♥♥♥♥   3,3,X,X,Yes,Yes,Yes,,Harms in RB3,
878,FALSE,Speed of Sound,Pearl Jam,2009,Sep 20 2009,Grunge,M,English,DLC1/2,♥♥♥♥♥   2,♥♥♥♥♥   2,♥♥♥♥♥   3,X,X,♥♥♥♥♥   3,3,X,X,Yes,Yes,Yes,,Harms in RB3,
879,FALSE,Force of Nature,Pearl Jam,2009,Sep 20 2009,Grunge,M,English,DLC1/2,♥♥♥♥♥   3,♥♥♥♥♥   2,♥♥♥♥♥   3,X,X,♥♥♥♥♥   3,X,X,X,Yes,Yes,Yes,,,
880,FALSE,The End,Pearl Jam,2009,Sep 20 2009,Grunge,M,English,DLC1/2,♥♥♥♥♥   4,♥♥♥♥♥   2,X,X,X,♥♥♥♥♥   2,X,X,X,Yes,Yes,Yes,,,
881,FALSE,A Looking in View,Alice in Chains,2009,Sep 29 2009,Grunge,M,English,DLC1/2,♥♥♥♥♥   2,♥♥♥♥♥   2,♥♥♥♥♥   3,X,X,♥♥♥♥♥   1,3,X,X,Yes,Yes,Yes,,,
882,FALSE,Check My Brain,Alice in Chains,2009,Sep 29 2009,Grunge,M,English,DLC1/2,♥♥♥♥♥   2,♥♥♥♥♥   1,♥♥♥♥♥   3,X,X,♥♥♥♥♥   2,3,X,X,Yes,Yes,Yes,,,
883,FALSE,No Excuses,Alice in Chains,1994,Sep 29 2009,Grunge,M,English,DLC1/2,♥♥♥♥♥   2,♥♥♥♥♥   2,♥♥♥♥♥   4,X,X,♥♥♥♥♥   2,3,X,X,Yes,Yes,Yes,,,
884,FALSE,Rooster,Alice in Chains,1992,Sep 29 2009,Grunge,M,English,DLC1/2,♥♥♥♥♥   0,♥♥♥♥♥   2,♥♥♥♥♥   3,X,X,♥♥♥♥♥   2,2,♥♥♥♥♥   1,♥♥♥♥♥   1,Yes,Yes,Yes,,,
885,FALSE,Would?,Alice in Chains,1992,Sep 29 2009,Grunge,M,English,DLC1/2,♥♥♥♥♥   3,♥♥♥♥♥   3,♥♥♥♥♥   4,X,X,♥♥♥♥♥   3,2,X,X,Yes,Yes,Yes,Unplugged,Was first available in Unplugged,
886,FALSE,I Will Not Bow,Breaking Benjamin,2009,Sep 29 2009,Rock,M,English,DLC1/2,♥♥♥♥♥   4,♥♥♥♥♥   4,♥♥♥♥♥   4,X,X,♥♥♥♥♥   2,3,X,X,Yes,Yes,Yes,,,
887,FALSE,So Cold,Breaking Benjamin,2004,Sep 29 2009,Rock,M,English,DLC1/2,♥♥♥♥♥   3,♥♥♥♥♥   4,♥♥♥♥♥   4,X,X,♥♥♥♥♥   2,2,X,X,Yes,Yes,Yes,,,
888,FALSE,The Diary of Jane,Breaking Benjamin,2006,Sep 29 2009,Rock,M,English,DLC1/2,♥♥♥♥♥   2,♥♥♥♥♥   4,♥♥♥♥♥   4,X,X,♥♥♥♥♥   3,3,X,X,Yes,Yes,Yes,,,
889,FALSE,U Suck,Just Kait,2009,Sep 29 2009,Rock,F,English,DLC1/2,♥♥♥♥♥   1,♥♥♥♥♥   2,♥♥♥♥♥   3,X,X,♥♥♥♥♥   2,3,X,X,Yes,Yes,Yes,,Delisted,
890,FALSE,Hey Dude,Kula Shaker,1996,Sep 29 2009,Alternative,M,English,DLC1/2,♥♥♥♥♥   4,♥♥♥♥♥   5,♥♥♥♥♥   5,X,X,♥♥♥♥♥   3,3,X,X,Yes,Yes,Yes,,,
891,FALSE,Knight on the Town,Kula Shaker,1996,Sep 29 2009,Alternative,M,English,DLC1/2,♥♥♥♥♥   5,♥♥♥♥♥   4,♥♥♥♥♥   4,X,X,♥♥♥♥♥   1,3,X,X,Yes,Yes,Yes,,,
892,FALSE,Many Shades of Black,The Raconteurs,2008,Oct 6 2009,Rock,M,English,DLC1/2,♥♥♥♥♥   4,♥♥♥♥♥   2,♥♥♥♥♥   4,X,X,♥♥♥♥♥   3,3,X,X,Yes,Yes,Yes,,,
893,FALSE,Salute Your Solution,The Raconteurs,2008,Oct 6 2009,Rock,M,English,DLC1/2,♥♥♥♥♥   4,♥♥♥♥♥   3,♥♥♥♥♥   4,X,X,♥♥♥♥♥   3,2,X,X,Yes,Yes,Yes,,,
894,FALSE,"Steady, As She Goes",The Raconteurs,2006,Oct 6 2009,Rock,M,English,DLC1/2,♥♥♥♥♥   1,♥♥♥♥♥   1,♥♥♥♥♥   3,X,X,♥♥♥♥♥   3,2,X,X,Yes,Yes,Yes,,,
895,FALSE,Dance Epidemic,Electric Six,2006,Oct 6 2009,Rock,M,English,DLC1/2,♥♥♥♥♥   3,♥♥♥♥♥   2,♥♥♥♥♥   4,X,X,♥♥♥♥♥   4,3,X,X,Yes,Yes,Yes,,Delisted,
896,FALSE,Gay Bar,Electric Six,2003,Oct 6 2009,Rock,M,English,DLC1/2,♥♥♥♥♥   3,♥♥♥♥♥   3,♥♥♥♥♥   4,X,X,♥♥♥♥♥   0,2,X,X,Yes,Yes,Yes,,Delisted,
897,FALSE,I Don't Like You,Electric Six,2007,Oct 6 2009,Rock,M,English,DLC1/2,♥♥♥♥♥   4,♥♥♥♥♥   3,♥♥♥♥♥   4,X,X,♥♥♥♥♥   5,3,X,X,Yes,Yes,Yes,,Delisted,
898,FALSE,Head Over Feet,Alanis Morissette,1995,Oct 6 2009,Alternative,F,English,DLC1/2,♥♥♥♥♥   2,♥♥♥♥♥   1,♥♥♥♥♥   4,X,X,♥♥♥♥♥   3,2,X,X,Yes,Yes,Yes,,,
899,FALSE,Ironic,Alanis Morissette,1995,Oct 6 2009,Alternative,F,English,DLC1/2,♥♥♥♥♥   2,♥♥♥♥♥   2,♥♥♥♥♥   3,X,X,♥♥♥♥♥   3,2,X,X,Yes,Yes,Yes,,,
900,FALSE,Handlebars,Flobots,2008,Oct 6 2009,Hip-Hop/Rap,M,English,DLC1/2,♥♥♥♥♥   2,♥♥♥♥♥   2,♥♥♥♥♥   4,X,X,♥♥♥♥♥   1,3,X,X,Yes,Yes,Yes,,,
901,FALSE,(We Are) The Road Crew '08,Motörhead,1980,Oct 13 2009,Metal,M,English,DLC1/2,♥♥♥♥♥   5,♥♥♥♥♥   5,♥♥♥♥♥   4,X,X,♥♥♥♥♥   1,3,X,X,Yes,Yes,Yes,,,
902,FALSE,The Metal,Tenacious D,2006,Oct 13 2009,Rock,M,English,DLC1/2,♥♥♥♥♥   5,♥♥♥♥♥   4,♥♥♥♥♥   5,X,X,♥♥♥♥♥   3,3,X,X,Yes,Yes,Yes,,,
903,FALSE,More Than Meets the Eye,Testament,2008,Oct 13 2009,Metal,M,English,DLC1/2,♥♥♥♥♥   6,♥♥♥♥♥   6,♥♥♥♥♥   5,X,X,♥♥♥♥♥   2,3,X,X,Yes,Yes,Yes,,,
904,FALSE,Show Me the Way,Black Tide,2008,Oct 13 2009,Metal,M,English,DLC1/2,♥♥♥♥♥   4,♥♥♥♥♥   4,♥♥♥♥♥   4,X,X,♥♥♥♥♥   3,3,X,X,Yes,Yes,Yes,Unplugged,Was first available in Unplugged,
905,FALSE,What's My Age Again?,Blink-182,1999,Oct 13 2009,Punk,M,English,DLC1/2,♥♥♥♥♥   3,♥♥♥♥♥   1,♥♥♥♥♥   3,X,X,♥♥♥♥♥   0,3,X,X,Yes,Yes,Yes,"Unplugged, ReLd-DLC, VR-DLC",Was first available in Unplugged,
906,FALSE,Satch Boogie,Joe Satriani,1987,Oct 13 2009,Rock,X,X,DLC1/2,♥♥♥♥♥   6,♥♥♥♥♥   4,♥♥♥♥♥   5,X,X,X,X,X,X,Yes,Yes,Yes,,,
907,FALSE,Surfing with the Alien,Joe Satriani,1987,Oct 13 2009,Rock,X,X,DLC1/2,♥♥♥♥♥   6,♥♥♥♥♥   4,♥♥♥♥♥   3,X,X,X,X,X,X,Yes,Yes,Yes,,,
908,FALSE,Icarus - Borne on Wings of Steel (Live),Kansas,1978,Oct 13 2009,Prog,M,English,DLC1/2,♥♥♥♥♥   6,♥♥♥♥♥   4,♥♥♥♥♥   4,X,X,♥♥♥♥♥   2,2,X,X,Yes,Yes,Yes,,,
909,FALSE,Point of Know Return (Live),Kansas,1978,Oct 13 2009,Prog,M,English,DLC1/2,♥♥♥♥♥   5,♥♥♥♥♥   3,♥♥♥♥♥   3,X,X,♥♥♥♥♥   3,2,X,X,Yes,Yes,Yes,,,
910,FALSE,Andres,L7,1994,Oct 13 2009,Grunge,F,English,DLC1/2,♥♥♥♥♥   1,♥♥♥♥♥   1,♥♥♥♥♥   3,X,X,♥♥♥♥♥   1,3,X,X,Yes,Yes,Yes,,,
911,FALSE,Another One Bites the Dust,Queen,1980,Oct 20 2009,Classic Rock,M,English,DLC1/2,♥♥♥♥♥   1,♥♥♥♥♥   1,♥♥♥♥♥   1,X,X,♥♥♥♥♥   3,2,X,X,Yes,Yes,Yes,,,
912,FALSE,Crazy Little Thing Called Love,Queen,1980,Oct 20 2009,Classic Rock,M,English,DLC1/2,♥♥♥♥♥   3,♥♥♥♥♥   4,♥♥♥♥♥   4,X,X,♥♥♥♥♥   2,3,X,X,Yes,Yes,Yes,,,
913,FALSE,One Vision,Queen,1986,Oct 20 2009,Classic Rock,M,English,DLC1/2,♥♥♥♥♥   4,♥♥♥♥♥   4,♥♥♥♥♥   5,♥♥♥♥♥   1,♥♥♥♥♥   1,♥♥♥♥♥   4,3,♥♥♥♥♥   4,♥♥♥♥♥   2,Yes,Yes,Yes,,RB3 Version Available,
914,FALSE,Fat Bottomed Girls,Queen,1978,Oct 20 2009,Classic Rock,M,English,DLC1/2,♥♥♥♥♥   3,♥♥♥♥♥   1,♥♥♥♥♥   3,X,X,♥♥♥♥♥   3,3,X,X,Yes,Yes,Yes,,,
915,FALSE,I Want It All,Queen,1989,Oct 20 2009,Classic Rock,M,English,DLC1/2,♥♥♥♥♥   5,♥♥♥♥♥   3,♥♥♥♥♥   4,♥♥♥♥♥   6,♥♥♥♥♥   6,♥♥♥♥♥   4,3,♥♥♥♥♥   4,♥♥♥♥♥   1,Yes,Yes,Yes,,RB3 Version Available,
916,FALSE,I Want to Break Free (RB2 Version),Queen,1984,Oct 20 2009,Classic Rock,M,English,DLC1/2,♥♥♥♥♥   2,♥♥♥♥♥   1,♥♥♥♥♥   3,X,X,♥♥♥♥♥   3,X,♥♥♥♥♥   1,♥♥♥♥♥   2,Yes,Yes,No,,"RB3 Version Available, Rock Band 2 Version Has a Different Guitar Chart",
917,FALSE,Killer Queen,Queen,1974,Oct 20 2009,Classic Rock,M,English,DLC1/2,♥♥♥♥♥   3,♥♥♥♥♥   3,♥♥♥♥♥   2,♥♥♥♥♥   4,♥♥♥♥♥   4,♥♥♥♥♥   6,3,♥♥♥♥♥   3,♥♥♥♥♥   3,Yes,Yes,Yes,,RB3 Version Available,
918,FALSE,Somebody to Love (RB2 Version),Queen,1976,Oct 20 2009,Classic Rock,M,English,DLC1/2,♥♥♥♥♥   2,♥♥♥♥♥   2,♥♥♥♥♥   3,X,X,♥♥♥♥♥   6,X,♥♥♥♥♥   4,♥♥♥♥♥   3,Yes,Yes,No,,"RB3 Version Available, Rock Band 2 Version Has a Different Guitar Chart",
919,FALSE,Tie Your Mother Down,Queen,1976,Oct 20 2009,Classic Rock,M,English,DLC1/2,♥♥♥♥♥   4,♥♥♥♥♥   4,♥♥♥♥♥   4,X,X,♥♥♥♥♥   4,3,X,X,Yes,Yes,Yes,,,
920,FALSE,Under Pressure,Queen,1983,Oct 20 2009,Classic Rock,M,English,DLC1/2,♥♥♥♥♥   1,♥♥♥♥♥   3,♥♥♥♥♥   4,♥♥♥♥♥   2,♥♥♥♥♥   2,♥♥♥♥♥   4,3,♥♥♥♥♥   3,♥♥♥♥♥   2,Yes,Yes,Yes,,RB3 Version Available,
921,FALSE,Dragula,Rob Zombie,1998,Oct 27 2009,Nu-Metal,M,English,DLC1/2,♥♥♥♥♥   3,♥♥♥♥♥   2,♥♥♥♥♥   4,X,X,♥♥♥♥♥   1,2,X,X,Yes,Yes,Yes,,,
922,FALSE,Burn,Rob Zombie,2009,Oct 27 2009,Nu-Metal,M,English,DLC1/2,♥♥♥♥♥   4,♥♥♥♥♥   4,♥♥♥♥♥   3,X,X,♥♥♥♥♥   1,3,X,X,Yes,Yes,Yes,,,
923,FALSE,Superbeast,Rob Zombie,1998,Oct 27 2009,Nu-Metal,M,English,DLC1/2,♥♥♥♥♥   2,♥♥♥♥♥   1,♥♥♥♥♥   4,X,X,♥♥♥♥♥   1,3,X,X,Yes,Yes,Yes,,,
924,FALSE,White Unicorn,Wolfmother,2005,Oct 27 2009,Rock,M,English,DLC1/2,♥♥♥♥♥   4,♥♥♥♥♥   4,♥♥♥♥♥   4,X,X,♥♥♥♥♥   2,2,X,X,Yes,Yes,Yes,iOS-DLC,,
925,FALSE,New Moon Rising,Wolfmother,2009,Oct 27 2009,Rock,M,English,DLC1/2,♥♥♥♥♥   4,♥♥♥♥♥   4,♥♥♥♥♥   4,X,X,♥♥♥♥♥   4,3,X,X,Yes,Yes,Yes,,,
926,FALSE,Pilgrim,Wolfmother,2009,Oct 27 2009,Rock,M,English,DLC1/2,♥♥♥♥♥   5,♥♥♥♥♥   3,♥♥♥♥♥   4,X,X,♥♥♥♥♥   3,3,X,X,Yes,Yes,Yes,,,
927,FALSE,Sundial,Wolfmother,2009,Oct 27 2009,Rock,M,English,DLC1/2,♥♥♥♥♥   4,♥♥♥♥♥   4,♥♥♥♥♥   4,X,X,♥♥♥♥♥   3,X,X,X,Yes,Yes,Yes,,,
928,FALSE,Woman,Wolfmother,2005,Oct 27 2009,Rock,M,English,DLC1/2,♥♥♥♥♥   5,♥♥♥♥♥   4,♥♥♥♥♥   4,X,X,♥♥♥♥♥   3,X,X,X,Yes,Yes,Yes,,,
929,FALSE,Rock Me,Liz Phair,2003,Oct 27 2009,Pop-Rock,F,English,DLC1/2,♥♥♥♥♥   1,♥♥♥♥♥   1,♥♥♥♥♥   3,X,X,♥♥♥♥♥   3,3,X,X,Yes,Yes,Yes,,,
930,FALSE,Best of Me,Morningwood,2009,Oct 27 2009,Pop-Rock,F,English,DLC1/2,♥♥♥♥♥   2,♥♥♥♥♥   2,♥♥♥♥♥   4,X,X,♥♥♥♥♥   1,3,X,X,Yes,Yes,Yes,iOS-DLC,Delisted,
931,FALSE,Sugarbaby,Morningwood,2009,Oct 27 2009,Pop-Rock,F,English,DLC1/2,♥♥♥♥♥   1,♥♥♥♥♥   2,♥♥♥♥♥   4,X,X,♥♥♥♥♥   2,3,X,X,Yes,Yes,Yes,,Delisted,
932,FALSE,Best of You,Foo Fighters,2005,Nov 3 2009,Alternative,M,English,DLC1/2,♥♥♥♥♥   3,♥♥♥♥♥   3,♥♥♥♥♥   4,X,X,♥♥♥♥♥   1,2,X,X,Yes,Yes,Yes,,,
933,FALSE,The Pretender,Foo Fighters,2007,Nov 3 2009,Alternative,M,English,DLC1/2,♥♥♥♥♥   4,♥♥♥♥♥   3,♥♥♥♥♥   4,X,X,♥♥♥♥♥   3,3,♥♥♥♥♥   3,♥♥♥♥♥   3,Yes,Yes,Yes,VR-DLC,,
934,FALSE,Wheels,Foo Fighters,2009,Nov 3 2009,Alternative,M,English,DLC1/2,♥♥♥♥♥   1,♥♥♥♥♥   2,♥♥♥♥♥   1,X,X,♥♥♥♥♥   2,3,X,X,Yes,Yes,Yes,,,
935,FALSE,Word Forward,Foo Fighters,2009,Nov 3 2009,Alternative,M,English,DLC1/2,♥♥♥♥♥   1,♥♥♥♥♥   2,♥♥♥♥♥   4,X,X,♥♥♥♥♥   2,3,X,X,Yes,Yes,Yes,,,
936,FALSE,About a Girl,Nirvana,1989,Nov 3 2009,Grunge,M,English,DLC1/2,♥♥♥♥♥   3,♥♥♥♥♥   2,♥♥♥♥♥   3,X,X,♥♥♥♥♥   2,2,X,X,Yes,Yes,Yes,,,
937,FALSE,Blew,Nirvana,1989,Nov 3 2009,Grunge,M,English,DLC1/2,♥♥♥♥♥   3,♥♥♥♥♥   3,♥♥♥♥♥   3,X,X,♥♥♥♥♥   1,2,X,X,Yes,Yes,Yes,,,
938,FALSE,School,Nirvana,1989,Nov 3 2009,Grunge,M,English,DLC1/2,♥♥♥♥♥   5,♥♥♥♥♥   3,♥♥♥♥♥   4,X,X,♥♥♥♥♥   3,X,X,X,Yes,Yes,Yes,,,
939,FALSE,Fake Friends,Joan Jett & The Blackhearts,1983,Nov 3 2009,Punk,F,English,DLC1/2,♥♥♥♥♥   4,♥♥♥♥♥   4,♥♥♥♥♥   4,X,X,♥♥♥♥♥   1,3,X,X,Yes,Yes,Yes,,Delisted,
940,FALSE,A Day Like This,SpongeBob SquarePants,2009,Nov 10 2009,Novelty,M,English,DLC1/2,♥♥♥♥♥   1,♥♥♥♥♥   1,♥♥♥♥♥   2,X,X,♥♥♥♥♥   2,3,X,X,Yes,Yes,Yes,,,
941,FALSE,Employee of the Month,SpongeBob SquarePants,2006,Nov 10 2009,Novelty,M,English,DLC1/2,♥♥♥♥♥   2,♥♥♥♥♥   1,♥♥♥♥♥   3,X,X,♥♥♥♥♥   1,3,X,X,Yes,Yes,Yes,,,
942,FALSE,Ridin' the Hook,SpongeBob SquarePants,2006,Nov 10 2009,Novelty,M,English,DLC1/2,♥♥♥♥♥   2,♥♥♥♥♥   2,♥♥♥♥♥   3,X,X,♥♥♥♥♥   2,3,X,X,Yes,Yes,Yes,,,
943,FALSE,Dead Leaves and the Dirty Ground,The White Stripes,2001,Nov 10 2009,Rock,M,English,DLC1/2,♥♥♥♥♥   3,♥♥♥♥♥   3,♥♥♥♥♥   0,X,X,♥♥♥♥♥   3,X,♥♥♥♥♥   1,♥♥♥♥♥   2,Yes,Yes,Yes,,,
944,FALSE,"Girl, You Have No Faith in Medicine",The White Stripes,2003,Nov 10 2009,Rock,M,English,DLC1/2,♥♥♥♥♥   3,♥♥♥♥♥   4,♥♥♥♥♥   3,X,X,♥♥♥♥♥   3,X,X,X,Yes,Yes,Yes,,,
945,FALSE,Icky Thump,The White Stripes,2007,Nov 10 2009,Rock,M,English,DLC1/2,♥♥♥♥♥   6,♥♥♥♥♥   4,♥♥♥♥♥   1,X,X,♥♥♥♥♥   3,X,X,X,Yes,Yes,Yes,,,
946,FALSE,Smash It Up (Part II),The Damned,1979,Nov 10 2009,Punk,M,English,DLC1/2,♥♥♥♥♥   4,♥♥♥♥♥   2,♥♥♥♥♥   4,X,X,♥♥♥♥♥   1,3,X,X,Yes,Yes,Yes,,,
947,FALSE,Club Foot,Kasabian,2004,Nov 10 2009,Indie Rock,M,English,DLC1/2,♥♥♥♥♥   1,♥♥♥♥♥   2,♥♥♥♥♥   4,X,X,♥♥♥♥♥   1,2,X,X,Yes,Yes,Yes,,,
948,FALSE,Beautiful Thieves,AFI,2009,Nov 17 2009,Emo,M,English,DLC1/2,♥♥♥♥♥   3,♥♥♥♥♥   3,♥♥♥♥♥   4,X,X,♥♥♥♥♥   2,3,X,X,Yes,Yes,Yes,,,
949,FALSE,End Transmission,AFI,2009,Nov 17 2009,Emo,M,English,DLC1/2,♥♥♥♥♥   2,♥♥♥♥♥   2,♥♥♥♥♥   3,X,X,♥♥♥♥♥   3,2,X,X,Yes,Yes,Yes,,,
950,FALSE,Love Like Winter,AFI,2006,Nov 17 2009,Emo,M,English,DLC1/2,♥♥♥♥♥   3,♥♥♥♥♥   2,♥♥♥♥♥   4,X,X,♥♥♥♥♥   2,3,X,X,Yes,Yes,Yes,,,
951,FALSE,Medicate,AFI,2009,Nov 17 2009,Emo,M,English,DLC1/2,♥♥♥♥♥   3,♥♥♥♥♥   3,♥♥♥♥♥   4,X,X,♥♥♥♥♥   3,3,X,X,Yes,Yes,Yes,,,
952,FALSE,The Leaving Song Pt. II,AFI,2003,Nov 17 2009,Emo,M,English,DLC1/2,♥♥♥♥♥   3,♥♥♥♥♥   3,♥♥♥♥♥   4,X,X,♥♥♥♥♥   2,3,X,X,Yes,Yes,Yes,,,
953,FALSE,Walk Like An Egyptian,The Bangles,1986,Nov 17 2009,Rock,F,English,DLC1/2,♥♥♥♥♥   4,♥♥♥♥♥   2,♥♥♥♥♥   4,X,X,♥♥♥♥♥   1,3,X,X,Yes,Yes,Yes,,,
954,FALSE,New Fang,Them Crooked Vultures,2009,Nov 17 2009,Rock,M,English,DLC1/2,♥♥♥♥♥   3,♥♥♥♥♥   3,♥♥♥♥♥   5,X,X,♥♥♥♥♥   3,X,X,X,Yes,Yes,Yes,,,
955,FALSE,A Thing About You (Live),Tom Petty and the Heartbreakers,2009,Nov 24 2009,Rock,M,English,DLC1/2,♥♥♥♥♥   3,♥♥♥♥♥   3,♥♥♥♥♥   4,X,X,♥♥♥♥♥   3,3,X,X,Yes,Yes,Yes,,,
956,FALSE,American Girl (Live),Tom Petty and the Heartbreakers,2009,Nov 24 2009,Rock,M,English,DLC1/2,♥♥♥♥♥   6,♥♥♥♥♥   3,♥♥♥♥♥   4,X,X,♥♥♥♥♥   3,3,X,X,Yes,Yes,Yes,,,
957,FALSE,Even the Losers (Live),Tom Petty and the Heartbreakers,2009,Nov 24 2009,Rock,M,English,DLC1/2,♥♥♥♥♥   3,♥♥♥♥♥   3,♥♥♥♥♥   4,X,X,♥♥♥♥♥   3,2,X,X,Yes,Yes,Yes,,,
958,FALSE,Here Comes My Girl (Live),Tom Petty and the Heartbreakers,2009,Nov 24 2009,Rock,M,English,DLC1/2,♥♥♥♥♥   4,♥♥♥♥♥   3,♥♥♥♥♥   4,X,X,♥♥♥♥♥   2,2,X,X,Yes,Yes,Yes,,,
959,FALSE,Mary Jane's Last Dance (Live),Tom Petty and the Heartbreakers,2009,Nov 24 2009,Rock,M,English,DLC1/2,♥♥♥♥♥   4,♥♥♥♥♥   2,♥♥♥♥♥   4,X,X,♥♥♥♥♥   2,2,X,X,Yes,Yes,Yes,,,
960,FALSE,Refugee (Live),Tom Petty and the Heartbreakers,2009,Nov 24 2009,Rock,M,English,DLC1/2,♥♥♥♥♥   5,♥♥♥♥♥   2,♥♥♥♥♥   4,X,X,♥♥♥♥♥   2,3,X,X,Yes,Yes,Yes,,,
961,FALSE,Miss Independent,Kelly Clarkson,2003,Nov 24 2009,Pop/Dance/Electronic,F,English,DLC1/2,♥♥♥♥♥   2,♥♥♥♥♥   0,♥♥♥♥♥   3,X,X,♥♥♥♥♥   4,3,X,X,Yes,Yes,Yes,,,
962,FALSE,Who Knew,P!nk,2006,Nov 24 2009,Pop-Rock,F,English,DLC1/2,♥♥♥♥♥   2,♥♥♥♥♥   1,♥♥♥♥♥   0,X,X,♥♥♥♥♥   4,2,X,X,Yes,Yes,Yes,,,
963,FALSE,Our Lips Are Sealed,Go-Go's,1981,Nov 24 2009,Pop-Rock,F,English,DLC1/2,♥♥♥♥♥   0,♥♥♥♥♥   1,♥♥♥♥♥   2,X,X,♥♥♥♥♥   1,3,X,X,Yes,Yes,Yes,,,
964,FALSE,Come As You Are (Live from MTV Unplugged),Nirvana,1994,Dec 1 2009,Grunge,M,English,DLC1/2,♥♥♥♥♥   2,♥♥♥♥♥   2,♥♥♥♥♥   3,X,X,♥♥♥♥♥   1,2,♥♥♥♥♥   1,♥♥♥♥♥   1,Yes,Yes,Yes,,,
965,FALSE,Lithium (Live at Reading),Nirvana,1991,Dec 1 2009,Grunge,M,English,DLC1/2,♥♥♥♥♥   3,♥♥♥♥♥   1,♥♥♥♥♥   3,X,X,♥♥♥♥♥   2,X,♥♥♥♥♥   4,♥♥♥♥♥   2,Yes,Yes,Yes,,,
966,FALSE,Smells Like Teen Spirit,Nirvana,1991,Dec 1 2009,Grunge,M,English,DLC1/2,♥♥♥♥♥   2,♥♥♥♥♥   3,♥♥♥♥♥   4,X,X,♥♥♥♥♥   3,X,♥♥♥♥♥   1,♥♥♥♥♥   1,Yes,Yes,Yes,VR,,
967,FALSE,(You Can Still) Rock in America,Night Ranger,1983,Dec 1 2009,Rock,M,English,DLC1/2,♥♥♥♥♥   5,♥♥♥♥♥   3,♥♥♥♥♥   3,X,X,♥♥♥♥♥   3,3,X,X,Yes,Yes,Yes,,,
968,FALSE,Don't Tell Me You Love Me,Night Ranger,1982,Dec 1 2009,Rock,M,English,DLC1/2,♥♥♥♥♥   6,♥♥♥♥♥   3,♥♥♥♥♥   4,X,X,♥♥♥♥♥   3,3,X,X,Yes,Yes,Yes,,,
969,FALSE,You're Gonna Hear From Me,Night Ranger,2008,Dec 1 2009,Rock,M,English,DLC1/2,♥♥♥♥♥   5,♥♥♥♥♥   3,♥♥♥♥♥   5,X,X,♥♥♥♥♥   3,3,X,X,Yes,Yes,Yes,,Delisted,
970,FALSE,Duality,Slipknot,2004,Dec 8 2009,Nu-Metal,M,English,DLC1/2,♥♥♥♥♥   4,♥♥♥♥♥   4,♥♥♥♥♥   5,X,X,♥♥♥♥♥   2,3,X,X,Yes,Yes,Yes,,,
971,FALSE,Psychosocial,Slipknot,2008,Dec 8 2009,Nu-Metal,M,English,DLC1/2,♥♥♥♥♥   6,♥♥♥♥♥   4,♥♥♥♥♥   5,X,X,♥♥♥♥♥   2,3,X,X,Yes,Yes,Yes,,,
972,FALSE,Sulfur,Slipknot,2008,Dec 8 2009,Nu-Metal,M,English,DLC1/2,♥♥♥♥♥   6,♥♥♥♥♥   5,♥♥♥♥♥   5,X,X,♥♥♥♥♥   3,3,X,X,Yes,Yes,Yes,,,
973,FALSE,I Am a Rock,Simon & Garfunkel,1966,Dec 8 2009,Classic Rock,M,English,DLC1/2,♥♥♥♥♥   3,♥♥♥♥♥   1,♥♥♥♥♥   3,X,X,♥♥♥♥♥   2,2,X,X,Yes,Yes,Yes,,,
974,FALSE,The Sounds of Silence,Simon & Garfunkel,1966,Dec 8 2009,Classic Rock,M,English,DLC1/2,♥♥♥♥♥   3,♥♥♥♥♥   0,♥♥♥♥♥   2,X,X,♥♥♥♥♥   2,2,X,X,Yes,Yes,Yes,,,
975,FALSE,Dreaming of Love,Lights Resolve,2009,Dec 8 2009,Indie Rock,M,English,DLC1/2,♥♥♥♥♥   3,♥♥♥♥♥   2,♥♥♥♥♥   4,X,X,♥♥♥♥♥   5,3,X,X,PS3/Xbox,PS3/Xbox,Yes,,Delisted,
976,FALSE,Christian's Inferno,Green Day,2009,Dec 15 2009,Rock,M,English,DLC1/2,♥♥♥♥♥   2,♥♥♥♥♥   2,♥♥♥♥♥   3,X,X,♥♥♥♥♥   1,2,X,X,Yes,Yes,Yes,GDRB,Harms in RB3,
977,FALSE,Last of the American Girls,Green Day,2009,Dec 15 2009,Rock,M,English,DLC1/2,♥♥♥♥♥   2,♥♥♥♥♥   1,♥♥♥♥♥   2,X,X,♥♥♥♥♥   1,3,X,X,Yes,Yes,Yes,GDRB,Harms in RB3,
978,FALSE,¡Viva la Gloria!,Green Day,2009,Dec 15 2009,Rock,M,English,DLC1/2,♥♥♥♥♥   2,♥♥♥♥♥   1,♥♥♥♥♥   4,X,X,♥♥♥♥♥   3,2,X,X,Yes,Yes,Yes,GDRB,Harms in RB3,
979,FALSE,Kings and Queens,30 Seconds to Mars,2009,Dec 15 2009,Emo,M,English,DLC1/2,♥♥♥♥♥   2,♥♥♥♥♥   1,♥♥♥♥♥   5,X,X,♥♥♥♥♥   3,3,X,X,Yes,Yes,Yes,,,
980,FALSE,This Is War,30 Seconds to Mars,2009,Dec 15 2009,Emo,M,English,DLC1/2,♥♥♥♥♥   3,♥♥♥♥♥   1,♥♥♥♥♥   5,X,X,♥♥♥♥♥   3,3,X,X,Yes,Yes,Yes,,,
981,FALSE,Gives You Hell,All-American Rejects,2008,Dec 15 2009,Emo,M,English,DLC1/2,♥♥♥♥♥   2,♥♥♥♥♥   1,♥♥♥♥♥   3,X,X,♥♥♥♥♥   2,2,X,X,Yes,Yes,Yes,,,
982,FALSE,(If You're Wondering If I Want You To) I Want You To,Weezer,2009,Dec 22 2009,Alternative,M,English,DLC1/2,♥♥♥♥♥   4,♥♥♥♥♥   4,♥♥♥♥♥   4,X,X,♥♥♥♥♥   2,3,X,X,Yes,Yes,Yes,,,
983,FALSE,Beverly Hills,Weezer,2005,Dec 22 2009,Alternative,M,English,DLC1/2,♥♥♥♥♥   2,♥♥♥♥♥   0,♥♥♥♥♥   1,X,X,♥♥♥♥♥   0,3,X,X,Yes,Yes,Yes,,,
984,FALSE,Let It All Hang Out,Weezer,2009,Dec 22 2009,Alternative,M,English,DLC1/2,♥♥♥♥♥   2,♥♥♥♥♥   1,♥♥♥♥♥   3,X,X,♥♥♥♥♥   1,3,X,X,Yes,Yes,Yes,,,
985,FALSE,Build a Bridge,Limp Bizkit,2003,Dec 22 2009,Nu-Metal,M,English,DLC1/2,♥♥♥♥♥   3,♥♥♥♥♥   2,♥♥♥♥♥   3,X,X,♥♥♥♥♥   1,2,X,X,Yes,Yes,Yes,,,
986,FALSE,A Lot Like Me,The Offspring,2008,Dec 22 2009,Punk,M,English,DLC1/2,♥♥♥♥♥   2,♥♥♥♥♥   2,♥♥♥♥♥   4,X,X,♥♥♥♥♥   2,3,X,X,Yes,Yes,Yes,,,
987,FALSE,Ocean Avenue,Yellowcard,2003,Dec 22 2009,Emo,M,English,DLC1/2,♥♥♥♥♥   3,♥♥♥♥♥   2,♥♥♥♥♥   4,X,X,♥♥♥♥♥   2,3,X,X,Yes,Yes,Yes,,,
988,FALSE,Any Man of Mine,Shania Twain,1995,Dec 29 2009,Country,F,English,DLC1/2,♥♥♥♥♥   3,♥♥♥♥♥   2,♥♥♥♥♥   2,X,X,♥♥♥♥♥   4,3,X,X,Yes,Yes,Yes,CTP1,Was Initially released in Country Track Pack 1 before later becoming DLC,
989,FALSE,Cry Lonely,Cross Canadian Ragweed,2007,Dec 29 2009,Country,M,English,DLC1/2,♥♥♥♥♥   0,♥♥♥♥♥   1,♥♥♥♥♥   2,X,X,♥♥♥♥♥   2,2,X,X,Yes,Yes,Yes,CTP1,Was Initially released in Country Track Pack 1 before later becoming DLC,
990,FALSE,Good Time,Alan Jackson,2008,Dec 29 2009,Country,M,English,DLC1/2,♥♥♥♥♥   4,♥♥♥♥♥   1,♥♥♥♥♥   4,X,X,♥♥♥♥♥   1,3,X,X,Yes,Yes,Yes,CTP1,Was Initially released in Country Track Pack 1 before later becoming DLC,
991,FALSE,I Told You So,Keith Urban,2006,Dec 29 2009,Country,M,English,DLC1/2,♥♥♥♥♥   2,♥♥♥♥♥   1,♥♥♥♥♥   4,X,X,♥♥♥♥♥   2,3,X,X,Yes,Yes,Yes,CTP1,Was Initially released in Country Track Pack 1 before later becoming DLC,
992,FALSE,She's Country,Jason Aldean,2009,Dec 29 2009,Country,M,English,DLC1/2,♥♥♥♥♥   3,♥♥♥♥♥   2,♥♥♥♥♥   2,X,X,♥♥♥♥♥   3,3,X,X,Yes,Yes,Yes,CTP1,Was Initially released in Country Track Pack 1 before later becoming DLC,
993,FALSE,The Gambler,Kenny Rogers,1978,Dec 29 2009,Country,M,English,DLC1/2,♥♥♥♥♥   3,♥♥♥♥♥   0,♥♥♥♥♥   1,X,X,♥♥♥♥♥   1,3,X,X,Yes,Yes,Yes,CTP1,Was Initially released in Country Track Pack 1 before later becoming DLC,
994,FALSE,This One's for the Girls,Martina McBride,2003,Dec 29 2009,Country,F,English,DLC1/2,♥♥♥♥♥   1,♥♥♥♥♥   2,♥♥♥♥♥   2,X,X,♥♥♥♥♥   1,3,X,X,Yes,Yes,Yes,CTP1,Was Initially released in Country Track Pack 1 before later becoming DLC,
995,FALSE,Band on the Run (Live),Paul McCartney,2009,Jan 5 2010,Rock,M,English,DLC1/2,♥♥♥♥♥   3,♥♥♥♥♥   2,♥♥♥♥♥   4,X,X,♥♥♥♥♥   3,3,X,X,Yes,Yes,Yes,,,
996,FALSE,Jet (Live),Paul McCartney,2009,Jan 5 2010,Rock,M,English,DLC1/2,♥♥♥♥♥   3,♥♥♥♥♥   2,♥♥♥♥♥   4,X,X,♥♥♥♥♥   3,3,X,X,Yes,Yes,Yes,,,
997,FALSE,Sing the Changes (Live),Paul McCartney,2009,Jan 5 2010,Rock,M,English,DLC1/2,♥♥♥♥♥   2,♥♥♥♥♥   1,♥♥♥♥♥   3,X,X,♥♥♥♥♥   1,3,X,X,Yes,Yes,Yes,,,
998,FALSE,Adam's Song,Blink-182,1999,Jan 5 2010,Punk,M,English,DLC1/2,♥♥♥♥♥   1,♥♥♥♥♥   3,♥♥♥♥♥   4,X,X,♥♥♥♥♥   2,2,X,X,Yes,Yes,Yes,ReLd-DLC,,
999,FALSE,First Date,Blink-182,2001,Jan 5 2010,Punk,M,English,DLC1/2,♥♥♥♥♥   1,♥♥♥♥♥   2,♥♥♥♥♥   5,X,X,♥♥♥♥♥   2,2,X,X,Yes,Yes,Yes,,,
1000,FALSE,I Miss You,Blink-182,2003,Jan 5 2010,Punk,M,English,DLC1/2,♥♥♥♥♥   2,♥♥♥♥♥   1,♥♥♥♥♥   3,X,X,♥♥♥♥♥   2,3,X,X,Yes,Yes,Yes,,,
1001,FALSE,Love My Way,The Psychedelic Furs,1982,Jan 5 2010,New Wave,M,English,DLC1/2,♥♥♥♥♥   0,♥♥♥♥♥   1,♥♥♥♥♥   1,X,X,♥♥♥♥♥   2,2,X,X,Yes,Yes,Yes,,,
1002,FALSE,Sister Europe,The Psychedelic Furs,1980,Jan 5 2010,New Wave,M,English,DLC1/2,♥♥♥♥♥   0,♥♥♥♥♥   1,♥♥♥♥♥   0,X,X,♥♥♥♥♥   2,X,X,X,Yes,Yes,Yes,,,
1003,FALSE,Rock 'n' Roll High School,Ramones,1978,Jan 5 2010,Punk,M,English,DLC1/2,♥♥♥♥♥   3,♥♥♥♥♥   2,♥♥♥♥♥   4,X,X,♥♥♥♥♥   1,3,X,X,Yes,Yes,Yes,,,
1004,FALSE,Grind,Alice in Chains,1995,Jan 12 2010,Grunge,M,English,DLC1/2,♥♥♥♥♥   4,♥♥♥♥♥   1,♥♥♥♥♥   1,X,X,♥♥♥♥♥   2,2,X,X,Yes,Yes,Yes,,,
1005,FALSE,Heaven Beside You,Alice in Chains,1995,Jan 12 2010,Grunge,M,English,DLC1/2,♥♥♥♥♥   3,♥♥♥♥♥   2,♥♥♥♥♥   2,X,X,♥♥♥♥♥   3,3,X,X,Yes,Yes,Yes,,,
1006,FALSE,Last of My Kind,Alice in Chains,2009,Jan 12 2010,Grunge,M,English,DLC1/2,♥♥♥♥♥   3,♥♥♥♥♥   2,♥♥♥♥♥   4,X,X,♥♥♥♥♥   3,3,X,X,Yes,Yes,Yes,,,
1007,FALSE,We Die Young,Alice in Chains,1990,Jan 12 2010,Grunge,M,English,DLC1/2,♥♥♥♥♥   4,♥♥♥♥♥   3,♥♥♥♥♥   3,X,X,♥♥♥♥♥   3,2,X,X,Yes,Yes,Yes,,,
1008,FALSE,Your Decision,Alice in Chains,2009,Jan 12 2010,Grunge,M,English,DLC1/2,♥♥♥♥♥   2,♥♥♥♥♥   1,♥♥♥♥♥   2,X,X,♥♥♥♥♥   1,3,X,X,Yes,Yes,Yes,Reload,,
1009,FALSE,A Woman in Love (It's Not Me) (Live),Tom Petty and the Heartbreakers,2009,Jan 19 2010,Rock,M,English,DLC1/2,♥♥♥♥♥   4,♥♥♥♥♥   2,♥♥♥♥♥   4,X,X,♥♥♥♥♥   2,2,X,X,Yes,Yes,Yes,,Delisted,
1010,FALSE,Breakdown (Live),Tom Petty and the Heartbreakers,2009,Jan 19 2010,Rock,M,English,DLC1/2,♥♥♥♥♥   2,♥♥♥♥♥   2,♥♥♥♥♥   3,X,X,♥♥♥♥♥   1,3,X,X,Yes,Yes,Yes,,,
1011,FALSE,Century City (Live),Tom Petty and the Heartbreakers,2009,Jan 19 2010,Rock,M,English,DLC1/2,♥♥♥♥♥   3,♥♥♥♥♥   3,♥♥♥♥♥   4,X,X,♥♥♥♥♥   3,3,X,X,Yes,Yes,Yes,,Delisted,
1012,FALSE,Jammin' Me (Live),Tom Petty and the Heartbreakers,2009,Jan 19 2010,Rock,M,English,DLC1/2,♥♥♥♥♥   3,♥♥♥♥♥   3,♥♥♥♥♥   2,X,X,♥♥♥♥♥   3,2,X,X,Yes,Yes,Yes,,Delisted,
1013,FALSE,Nightwatchman (Live),Tom Petty and the Heartbreakers,2009,Jan 19 2010,Rock,M,English,DLC1/2,♥♥♥♥♥   4,♥♥♥♥♥   3,♥♥♥♥♥   4,X,X,♥♥♥♥♥   2,2,X,X,Yes,Yes,Yes,,Delisted,
1014,FALSE,The Waiting (Live),Tom Petty and the Heartbreakers,2009,Jan 19 2010,Rock,M,English,DLC1/2,♥♥♥♥♥   2,♥♥♥♥♥   2,♥♥♥♥♥   4,X,X,♥♥♥♥♥   2,3,X,X,Yes,Yes,Yes,,Delisted,
1015,FALSE,1901,Phoenix,2009,Jan 19 2010,Alternative,M,English,DLC1/2,♥♥♥♥♥   3,♥♥♥♥♥   2,♥♥♥♥♥   4,X,X,♥♥♥♥♥   3,X,X,X,Yes,Yes,Yes,,,
1016,FALSE,Lisztomania,Phoenix,2009,Jan 19 2010,Alternative,M,English,DLC1/2,♥♥♥♥♥   4,♥♥♥♥♥   2,♥♥♥♥♥   4,X,X,♥♥♥♥♥   4,X,X,X,Yes,Yes,Yes,,,
1017,FALSE,Blue Jeans,Silvertide,2004,Jan 19 2010,Rock,M,English,DLC1/2,♥♥♥♥♥   4,♥♥♥♥♥   3,♥♥♥♥♥   4,X,X,♥♥♥♥♥   3,3,X,X,Yes,Yes,Yes,,,
1018,FALSE,Bulls on Parade,Rage Against the Machine,1996,Jan 26 2010,Alternative,M,English,DLC1/2,♥♥♥♥♥   1,♥♥♥♥♥   1,♥♥♥♥♥   2,X,X,♥♥♥♥♥   2,X,X,X,Yes,Yes,Yes,MTP,Was Initially released in Metal Track Pack before later becoming DLC,
1019,FALSE,Hair of the Dog,Nazareth,1975,Jan 26 2010,Rock,M,English,DLC1/2,♥♥♥♥♥   1,♥♥♥♥♥   1,♥♥♥♥♥   3,X,X,♥♥♥♥♥   1,3,X,X,Yes,Yes,Yes,MTP,"Delisted, Was Initially released in Metal Track Pack before later becoming DLC, Still Available in MTP",
1020,FALSE,Killed by Death '08,Motörhead,2008,Jan 26 2010,Metal,M,English,DLC1/2,♥♥♥♥♥   5,♥♥♥♥♥   2,♥♥♥♥♥   3,X,X,♥♥♥♥♥   2,2,X,X,Yes,Yes,Yes,MTP,Was Initially released in Metal Track Pack before later becoming DLC,
1021,FALSE,Levitate,I Mother Earth,1993,Jan 26 2010,Alternative,M,English,DLC1/2,♥♥♥♥♥   5,♥♥♥♥♥   4,♥♥♥♥♥   4,X,X,♥♥♥♥♥   2,2,X,X,Yes,Yes,Yes,MTP,"Delisted, Was Initially released in Metal Track Pack before later becoming DLC, Still Available in MTP",
1022,FALSE,Master of the Universe,Hawkwind,1971,Jan 26 2010,Rock,M,English,DLC1/2,♥♥♥♥♥   2,♥♥♥♥♥   0,♥♥♥♥♥   4,X,X,♥♥♥♥♥   0,X,X,X,Yes,Yes,Yes,MTP,"Delisted, Was Initially released in Metal Track Pack before later becoming DLC, Still Available in MTP",
1023,FALSE,Transmaniacon MC,Blue Öyster Cult,1972,Jan 26 2010,Classic Rock,M,English,DLC1/2,♥♥♥♥♥   5,♥♥♥♥♥   3,♥♥♥♥♥   5,X,X,♥♥♥♥♥   3,X,X,X,Yes,Yes,Yes,MTP,Was Initially released in Metal Track Pack before later becoming DLC,
1024,FALSE,Godzilla,Blue Öyster Cult,1977,Jan 26 2010,Classic Rock,M,English,DLC1/2,♥♥♥♥♥   4,♥♥♥♥♥   1,♥♥♥♥♥   4,X,X,♥♥♥♥♥   1,3,X,X,Yes,Yes,Yes,,,
1025,FALSE,Gone,Montgomery Gentry,2004,Feb 2 2010,Country,M,English,DLC1/2,♥♥♥♥♥   0,♥♥♥♥♥   2,♥♥♥♥♥   3,X,X,♥♥♥♥♥   3,3,X,X,Yes,Yes,Yes,CTP1,Was Initially released in Country Track Pack 1 before later becoming DLC,
1026,FALSE,Me and My Gang,Rascal Flatts,2006,Feb 2 2010,Country,M,English,DLC1/2,♥♥♥♥♥   4,♥♥♥♥♥   1,♥♥♥♥♥   4,X,X,♥♥♥♥♥   5,3,X,X,Yes,Yes,Yes,CTP1,Was Initially released in Country Track Pack 1 before later becoming DLC,
1027,FALSE,On the Road Again,Willie Nelson,1980,Feb 2 2010,Country,M,English,DLC1/2,♥♥♥♥♥   3,♥♥♥♥♥   0,♥♥♥♥♥   4,X,X,♥♥♥♥♥   1,2,X,X,Yes,Yes,Yes,CTP1,Was Initially released in Country Track Pack 1 before later becoming DLC,
1028,FALSE,She Thinks My Tractor's Sexy,Kenny Chesney,1999,Feb 2 2010,Country,M,English,DLC1/2,♥♥♥♥♥   2,♥♥♥♥♥   1,♥♥♥♥♥   3,X,X,♥♥♥♥♥   3,3,X,X,Yes,Yes,Yes,CTP1,Was Initially released in Country Track Pack 1 before later becoming DLC,
1029,FALSE,Swing,Trace Adkins,2006,Feb 2 2010,Country,M,English,DLC1/2,♥♥♥♥♥   4,♥♥♥♥♥   1,♥♥♥♥♥   4,X,X,♥♥♥♥♥   2,3,X,X,Yes,Yes,Yes,CTP1,Was Initially released in Country Track Pack 1 before later becoming DLC,
1030,FALSE,Suds in the Bucket,Sara Evans,2003,Feb 2 2010,Country,F,English,DLC1/2,♥♥♥♥♥   2,♥♥♥♥♥   0,♥♥♥♥♥   2,X,X,♥♥♥♥♥   2,3,X,X,Yes,Yes,Yes,CTP1,Was Initially released in Country Track Pack 1 before later becoming DLC,
1031,FALSE,The Who Super Bowl S-mashup,The Who,2010,Feb 7 2010,Classic Rock,M,English,DLC1/2,♥♥♥♥♥   5,♥♥♥♥♥   4,♥♥♥♥♥   5,X,X,♥♥♥♥♥   3,3,X,X,Yes,Yes,Yes,,,
1032,FALSE,Holy Wars... The Punishment Due,Megadeth,1990,Feb 9 2010,Metal,M,English,DLC1/2,♥♥♥♥♥   6,♥♥♥♥♥   6,♥♥♥♥♥   5,X,X,♥♥♥♥♥   4,2,X,X,Yes,Yes,Yes,,,
1033,FALSE,Hangar 18,Megadeth,1990,Feb 9 2010,Metal,M,English,DLC1/2,♥♥♥♥♥   6,♥♥♥♥♥   5,♥♥♥♥♥   5,X,X,♥♥♥♥♥   2,X,X,X,Yes,Yes,Yes,VR,,
1034,FALSE,Take No Prisoners,Megadeth,1990,Feb 9 2010,Metal,M,English,DLC1/2,♥♥♥♥♥   6,♥♥♥♥♥   6,♥♥♥♥♥   6,X,X,♥♥♥♥♥   3,3,X,X,Yes,Yes,Yes,,,
1035,FALSE,Five Magics,Megadeth,1990,Feb 9 2010,Metal,M,English,DLC1/2,♥♥♥♥♥   6,♥♥♥♥♥   6,♥♥♥♥♥   5,X,X,♥♥♥♥♥   4,3,X,X,Yes,Yes,Yes,,,
1036,FALSE,Poison Was the Cure,Megadeth,1990,Feb 9 2010,Metal,M,English,DLC1/2,♥♥♥♥♥   6,♥♥♥♥♥   4,♥♥♥♥♥   5,X,X,♥♥♥♥♥   4,X,X,X,Yes,Yes,Yes,,,
1037,FALSE,Lucretia,Megadeth,1990,Feb 9 2010,Metal,M,English,DLC1/2,♥♥♥♥♥   5,♥♥♥♥♥   5,♥♥♥♥♥   4,X,X,♥♥♥♥♥   4,3,X,X,Yes,Yes,Yes,,,
1038,FALSE,Tornado of Souls,Megadeth,1990,Feb 9 2010,Metal,M,English,DLC1/2,♥♥♥♥♥   6,♥♥♥♥♥   5,♥♥♥♥♥   5,X,X,♥♥♥♥♥   2,3,X,X,Yes,Yes,Yes,,,
1039,FALSE,Dawn Patrol,Megadeth,1990,Feb 9 2010,Metal,M,English,DLC1/2,X,♥♥♥♥♥   1,♥♥♥♥♥   3,X,X,♥♥♥♥♥   0,X,X,X,Yes,Yes,Yes,,,
1040,FALSE,Rust In Peace... Polaris,Megadeth,1990,Feb 9 2010,Metal,M,English,DLC1/2,♥♥♥♥♥   6,♥♥♥♥♥   6,♥♥♥♥♥   5,X,X,♥♥♥♥♥   3,2,X,X,Yes,Yes,Yes,,,
1041,FALSE,(Sittin' on the) Dock of the Bay (Take 2),Otis Redding,1967,Feb 16 2010,R&B/Soul/Funk,M,English,DLC1/2,♥♥♥♥♥   1,♥♥♥♥♥   0,♥♥♥♥♥   0,X,X,♥♥♥♥♥   4,X,X,X,Yes,Yes,Yes,,,
1042,FALSE,Fa-Fa-Fa-Fa-Fa (Sad Song),Otis Redding,1966,Feb 16 2010,R&B/Soul/Funk,M,English,DLC1/2,♥♥♥♥♥   1,♥♥♥♥♥   0,♥♥♥♥♥   0,X,X,♥♥♥♥♥   5,2,X,X,Yes,Yes,Yes,,,
1043,FALSE,I'm Sick Y'all,Otis Redding,1966,Feb 16 2010,R&B/Soul/Funk,M,English,DLC1/2,♥♥♥♥♥   2,♥♥♥♥♥   0,♥♥♥♥♥   3,X,X,♥♥♥♥♥   4,X,X,X,Yes,Yes,Yes,,,
1044,FALSE,I've Got Dreams to Remember,Otis Redding,1968,Feb 16 2010,R&B/Soul/Funk,M,English,DLC1/2,♥♥♥♥♥   0,♥♥♥♥♥   0,♥♥♥♥♥   0,X,X,♥♥♥♥♥   5,X,X,X,Yes,Yes,Yes,,,
1045,FALSE,Love Man,Otis Redding,1969,Feb 16 2010,R&B/Soul/Funk,M,English,DLC1/2,♥♥♥♥♥   1,♥♥♥♥♥   2,♥♥♥♥♥   3,X,X,♥♥♥♥♥   5,X,X,X,Yes,Yes,Yes,,,
1046,FALSE,Weightless,All Time Low,2009,Feb 16 2010,Emo,M,English,DLC1/2,♥♥♥♥♥   3,♥♥♥♥♥   1,♥♥♥♥♥   4,X,X,♥♥♥♥♥   2,3,X,X,Yes,Yes,Yes,,,
1047,FALSE,Fascination,Alphabeat,2007,Feb 16 2010,Pop-Rock,F,English,DLC1/2,♥♥♥♥♥   5,♥♥♥♥♥   2,♥♥♥♥♥   3,X,X,♥♥♥♥♥   5,3,X,X,Yes,Yes,Yes,,,
1048,FALSE,Stray Cat Strut,Brian Setzer,1982,Feb 16 2010,Rock,M,English,DLC1/2,♥♥♥♥♥   2,♥♥♥♥♥   3,♥♥♥♥♥   3,X,X,♥♥♥♥♥   1,3,X,X,Yes,Yes,Yes,,,
1049,FALSE,Let Forever Be,The Chemical Brothers,1998,Feb 16 2010,Pop/Dance/Electronic,M,English,DLC1/2,♥♥♥♥♥   1,♥♥♥♥♥   3,♥♥♥♥♥   4,X,X,♥♥♥♥♥   2,2,X,X,Yes,Yes,Yes,,,
1050,FALSE,Heartkiller,HIM,2010,Feb 23 2010,Alternative,M,English,DLC1/2,♥♥♥♥♥   2,♥♥♥♥♥   1,♥♥♥♥♥   3,X,X,♥♥♥♥♥   3,3,X,X,Yes,Yes,Yes,,,
1051,FALSE,Ode to Solitude,HIM,2010,Feb 23 2010,Alternative,M,English,DLC1/2,♥♥♥♥♥   2,♥♥♥♥♥   3,♥♥♥♥♥   3,X,X,♥♥♥♥♥   4,3,X,X,Yes,Yes,Yes,,,
1052,FALSE,Wings of a Butterfly,HIM,2005,Feb 23 2010,Alternative,M,English,DLC1/2,♥♥♥♥♥   1,♥♥♥♥♥   1,♥♥♥♥♥   3,X,X,♥♥♥♥♥   2,3,X,X,Yes,Yes,Yes,,,
1053,FALSE,Distracted,KSM,2009,Feb 23 2010,Pop-Rock,F,English,DLC1/2,♥♥♥♥♥   1,♥♥♥♥♥   1,♥♥♥♥♥   3,X,X,♥♥♥♥♥   3,3,X,X,Yes,Yes,Yes,,,
1054,FALSE,The Dope Show,Marilyn Manson,1998,Feb 23 2010,Metal,M,English,DLC1/2,♥♥♥♥♥   1,♥♥♥♥♥   1,♥♥♥♥♥   3,X,X,♥♥♥♥♥   3,3,X,X,Yes,Yes,Yes,,,
1055,FALSE,Just for Tonight,One Night Only,2008,Feb 23 2010,Pop-Rock,M,English,DLC1/2,♥♥♥♥♥   3,♥♥♥♥♥   1,♥♥♥♥♥   4,X,X,♥♥♥♥♥   1,3,X,X,Yes,Yes,Yes,,,
1056,FALSE,Walking on the Moon,The Police,1979,Feb 23 2010,Rock,M,English,DLC1/2,♥♥♥♥♥   0,♥♥♥♥♥   1,♥♥♥♥♥   4,X,X,♥♥♥♥♥   1,3,X,X,Yes,Yes,Yes,,,
1057,FALSE,Meaning of Life,Disturbed,2000,Mar 2 2010,Nu-Metal,M,English,DLC1/2,♥♥♥♥♥   4,♥♥♥♥♥   3,♥♥♥♥♥   4,X,X,♥♥♥♥♥   3,3,X,X,Yes,Yes,Yes,,,
1058,FALSE,The Game,Disturbed,2000,Mar 2 2010,Nu-Metal,M,English,DLC1/2,♥♥♥♥♥   4,♥♥♥♥♥   3,♥♥♥♥♥   4,X,X,♥♥♥♥♥   4,X,X,X,Yes,Yes,Yes,,,
1059,FALSE,Voices,Disturbed,2000,Mar 2 2010,Nu-Metal,M,English,DLC1/2,♥♥♥♥♥   4,♥♥♥♥♥   3,♥♥♥♥♥   4,X,X,♥♥♥♥♥   3,3,X,X,Yes,Yes,Yes,,,
1060,FALSE,Third Floor Story,The Mother Hips,2009,Mar 2 2010,Rock,M,English,DLC1/2,♥♥♥♥♥   4,♥♥♥♥♥   3,♥♥♥♥♥   2,X,X,♥♥♥♥♥   4,3,X,X,Yes,Yes,Yes,,,
1061,FALSE,White Falcon Fuzz,The Mother Hips,2009,Mar 2 2010,Rock,M,English,DLC1/2,♥♥♥♥♥   4,♥♥♥♥♥   3,♥♥♥♥♥   2,X,X,♥♥♥♥♥   4,3,X,X,Yes,Yes,Yes,,,
1062,FALSE,Panic Switch,Silversun Pickups,2009,Mar 2 2010,Indie Rock,M,English,DLC1/2,♥♥♥♥♥   4,♥♥♥♥♥   1,♥♥♥♥♥   5,X,X,♥♥♥♥♥   3,3,X,X,Yes,Yes,Yes,,Delisted,
1063,FALSE,Sort Of,Silversun Pickups,2009,Mar 2 2010,Indie Rock,M,English,DLC1/2,♥♥♥♥♥   4,♥♥♥♥♥   2,♥♥♥♥♥   5,X,X,♥♥♥♥♥   3,3,X,X,Yes,Yes,Yes,,Delisted,
1064,FALSE,Downfall,Trust Company,2002,Mar 2 2010,Nu-Metal,M,English,DLC1/2,♥♥♥♥♥   4,♥♥♥♥♥   3,♥♥♥♥♥   4,X,X,♥♥♥♥♥   2,3,X,X,Yes,Yes,Yes,,,
1065,FALSE,Decent Days and Nights,The Futureheads,2004,Mar 9 2010,Punk,M,English,DLC1/2,♥♥♥♥♥   3,♥♥♥♥♥   2,♥♥♥♥♥   4,X,X,♥♥♥♥♥   3,3,X,X,Yes,Yes,Yes,,,
1066,FALSE,Hounds of Love,The Futureheads,2004,Mar 9 2010,Punk,M,English,DLC1/2,♥♥♥♥♥   3,♥♥♥♥♥   1,♥♥♥♥♥   3,X,X,♥♥♥♥♥   3,3,X,X,Yes,Yes,Yes,,,
1067,FALSE,Walk Away,James Gang,1971,Mar 9 2010,Classic Rock,M,English,DLC1/2,♥♥♥♥♥   3,♥♥♥♥♥   2,♥♥♥♥♥   4,X,X,♥♥♥♥♥   3,3,X,X,Yes,Yes,Yes,,,
1068,FALSE,The Hockey Theme,Neil Peart,2010,Mar 9 2010,Novelty,X,X,DLC1/2,♥♥♥♥♥   1,♥♥♥♥♥   1,♥♥♥♥♥   5,X,X,X,X,X,X,Yes,Yes,Yes,,,
1069,FALSE,All of This,Shaimus,2006,Mar 9 2010,Indie Rock,M,English,DLC1/2,♥♥♥♥♥   5,♥♥♥♥♥   1,♥♥♥♥♥   3,X,X,♥♥♥♥♥   4,3,X,X,Yes,Yes,Yes,,,
1070,FALSE,Tie You Down,Shaimus,2008,Mar 9 2010,Indie Rock,M,English,DLC1/2,♥♥♥♥♥   3,♥♥♥♥♥   3,♥♥♥♥♥   4,X,X,♥♥♥♥♥   4,3,X,X,Yes,Yes,Yes,,,
1071,FALSE,Fell in Love with a Girl,The White Stripes,2001,Mar 9 2010,Rock,M,English,DLC1/2,♥♥♥♥♥   3,X,♥♥♥♥♥   0,X,X,♥♥♥♥♥   3,X,X,X,Yes,Yes,Yes,,,
1072,FALSE,Seven Nation Army,The White Stripes,2003,Mar 9 2010,Rock,M,English,DLC1/2,♥♥♥♥♥   2,♥♥♥♥♥   1,♥♥♥♥♥   0,X,X,♥♥♥♥♥   2,X,X,X,Yes,Yes,Yes,VR-DLC,,
1073,FALSE,You Don't Know What Love Is (You Just Do as You're Told),The White Stripes,2007,Mar 9 2010,Rock,M,English,DLC1/2,♥♥♥♥♥   2,♥♥♥♥♥   2,♥♥♥♥♥   0,X,X,♥♥♥♥♥   3,2,X,X,Yes,Yes,Yes,,,
1074,FALSE,Bad Romance,Lady Gaga,2009,Mar 16 2010,Pop/Dance/Electronic,F,English,DLC1/2,♥♥♥♥♥   1,♥♥♥♥♥   3,♥♥♥♥♥   2,X,X,♥♥♥♥♥   3,3,X,X,Yes,Yes,Yes,,,
1075,FALSE,Monster,Lady Gaga,2009,Mar 16 2010,Pop/Dance/Electronic,F,English,DLC1/2,♥♥♥♥♥   2,♥♥♥♥♥   0,♥♥♥♥♥   1,X,X,♥♥♥♥♥   3,3,X,X,Yes,Yes,Yes,,,
1076,FALSE,Poker Face,Lady Gaga,2008,Mar 16 2010,Pop/Dance/Electronic,F,English,DLC1/2,♥♥♥♥♥   1,♥♥♥♥♥   0,♥♥♥♥♥   0,X,X,♥♥♥♥♥   2,3,X,X,Yes,Yes,Yes,,,
1077,FALSE,Just Dance,Lady Gaga,2008,Mar 16 2010,Pop/Dance/Electronic,F,English,DLC1/2,♥♥♥♥♥   1,♥♥♥♥♥   0,♥♥♥♥♥   0,X,X,♥♥♥♥♥   4,3,X,X,Yes,Yes,Yes,,,
1078,FALSE,Lady Gaga's Poker Face (South Park Version),Eric Cartman,2009,Mar 16 2010,Novelty,M,English,DLC1/2,♥♥♥♥♥   1,♥♥♥♥♥   0,♥♥♥♥♥   0,X,X,♥♥♥♥♥   2,3,X,X,Yes,Yes,Yes,,,
1079,FALSE,It's Not My Time,3 Doors Down,2008,Mar 16 2010,Rock,M,English,DLC1/2,♥♥♥♥♥   3,♥♥♥♥♥   1,♥♥♥♥♥   3,X,X,♥♥♥♥♥   3,2,X,X,Yes,Yes,Yes,,,
1080,FALSE,Control,Mute Math,2006,Mar 16 2010,Alternative,M,English,DLC1/2,♥♥♥♥♥   2,♥♥♥♥♥   3,♥♥♥♥♥   5,X,X,♥♥♥♥♥   2,3,X,X,Yes,Yes,Yes,,,
1081,FALSE,Oh Yeah,The Subways,2005,Mar 16 2010,Alternative,M,English,DLC1/2,♥♥♥♥♥   3,♥♥♥♥♥   1,♥♥♥♥♥   4,X,X,♥♥♥♥♥   2,2,X,X,Yes,Yes,Yes,,,
1082,FALSE,Rock & Roll Queen,The Subways,2005,Mar 16 2010,Alternative,M,English,DLC1/2,♥♥♥♥♥   2,♥♥♥♥♥   1,♥♥♥♥♥   3,X,X,♥♥♥♥♥   1,3,X,X,Yes,Yes,Yes,,,
1083,FALSE,Blue Spark,X,1982,Mar 23 2010,Punk,M,English,DLC1/2,♥♥♥♥♥   2,♥♥♥♥♥   2,♥♥♥♥♥   2,X,X,♥♥♥♥♥   3,2,X,X,Yes,Yes,Yes,,,
1084,FALSE,The Hungry Wolf,X,1982,Mar 23 2010,Punk,M,English,DLC1/2,♥♥♥♥♥   3,♥♥♥♥♥   4,♥♥♥♥♥   4,X,X,♥♥♥♥♥   3,3,X,X,Yes,Yes,Yes,,,
1085,FALSE,I Must Not Think Bad Thoughts,X,1983,Mar 23 2010,Punk,M,English,DLC1/2,♥♥♥♥♥   4,♥♥♥♥♥   3,♥♥♥♥♥   5,X,X,♥♥♥♥♥   2,2,X,X,Yes,Yes,Yes,,,
1086,FALSE,Los Angeles,X,1980,Mar 23 2010,Punk,M,English,DLC1/2,♥♥♥♥♥   3,♥♥♥♥♥   3,♥♥♥♥♥   4,X,X,♥♥♥♥♥   3,2,X,X,Yes,Yes,Yes,,,
1087,FALSE,Am I Crazy,Little Fish,2010,Mar 23 2010,Indie Rock,F,English,DLC1/2,♥♥♥♥♥   3,♥♥♥♥♥   2,♥♥♥♥♥   4,X,X,♥♥♥♥♥   4,X,X,X,PS3/Xbox,PS3/Xbox,Yes,ReLd-DLC,Delisted,
1088,FALSE,Bang Bang,Little Fish,2010,Mar 23 2010,Indie Rock,F,English,DLC1/2,♥♥♥♥♥   3,♥♥♥♥♥   2,♥♥♥♥♥   0,X,X,♥♥♥♥♥   3,3,X,X,Yes,Yes,Yes,,Delisted,
1089,FALSE,Darling Dear,Little Fish,2010,Mar 23 2010,Indie Rock,F,English,DLC1/2,♥♥♥♥♥   3,♥♥♥♥♥   2,♥♥♥♥♥   3,X,X,♥♥♥♥♥   4,3,X,X,Yes,Yes,Yes,,Delisted,
1090,FALSE,Outer Space,Ace Frehley,2009,Mar 23 2010,Metal,M,English,DLC1/2,♥♥♥♥♥   4,♥♥♥♥♥   2,♥♥♥♥♥   3,X,X,♥♥♥♥♥   2,2,X,X,Yes,Yes,Yes,,Delisted,
1091,FALSE,All-American Girl,Carrie Underwood,2007,Mar 23 2010,Country,F,English,DLC1/2,♥♥♥♥♥   2,♥♥♥♥♥   2,♥♥♥♥♥   3,X,X,♥♥♥♥♥   3,3,X,X,Yes,Yes,Yes,,,
1092,FALSE,Stop and Stare,OneRepublic,2007,Mar 23 2010,Pop-Rock,M,English,DLC1/2,♥♥♥♥♥   2,♥♥♥♥♥   1,♥♥♥♥♥   0,X,X,♥♥♥♥♥   3,3,X,X,Yes,Yes,Yes,,,
1093,FALSE,Up From the Skies,The Jimi Hendrix Experience,1967,Mar 30 2010,Classic Rock,M,English,DLC1/2,♥♥♥♥♥   5,♥♥♥♥♥   4,♥♥♥♥♥   2,X,X,♥♥♥♥♥   5,X,X,X,Yes,Yes,Yes,,,
1094,FALSE,Spanish Castle Magic,The Jimi Hendrix Experience,1967,Mar 30 2010,Classic Rock,M,English,DLC1/2,♥♥♥♥♥   5,♥♥♥♥♥   3,♥♥♥♥♥   4,X,X,♥♥♥♥♥   3,X,X,X,Yes,Yes,Yes,,,
1095,FALSE,Wait Until Tomorrow,The Jimi Hendrix Experience,1967,Mar 30 2010,Classic Rock,M,English,DLC1/2,♥♥♥♥♥   6,♥♥♥♥♥   3,♥♥♥♥♥   3,X,X,♥♥♥♥♥   5,3,X,X,Yes,Yes,Yes,,,
1096,FALSE,Ain't No Telling,The Jimi Hendrix Experience,1967,Mar 30 2010,Classic Rock,M,English,DLC1/2,♥♥♥♥♥   4,♥♥♥♥♥   3,♥♥♥♥♥   4,X,X,♥♥♥♥♥   3,3,X,X,Yes,Yes,Yes,,,
1097,FALSE,Little Wing,The Jimi Hendrix Experience,1967,Mar 30 2010,Classic Rock,M,English,DLC1/2,♥♥♥♥♥   4,♥♥♥♥♥   2,♥♥♥♥♥   3,X,X,♥♥♥♥♥   3,X,♥♥♥♥♥   6,♥♥♥♥♥   1,Yes,Yes,Yes,,,
1098,FALSE,If 6 Was 9,The Jimi Hendrix Experience,1967,Mar 30 2010,Classic Rock,M,English,DLC1/2,♥♥♥♥♥   5,♥♥♥♥♥   5,♥♥♥♥♥   6,X,X,♥♥♥♥♥   3,2,X,X,Yes,Yes,Yes,,,
1099,FALSE,You Got Me Floatin',The Jimi Hendrix Experience,1967,Mar 30 2010,Classic Rock,M,English,DLC1/2,♥♥♥♥♥   5,♥♥♥♥♥   4,♥♥♥♥♥   6,X,X,♥♥♥♥♥   3,3,X,X,Yes,Yes,Yes,,,
1100,FALSE,Castles Made of Sand,The Jimi Hendrix Experience,1967,Mar 30 2010,Classic Rock,M,English,DLC1/2,♥♥♥♥♥   4,♥♥♥♥♥   3,♥♥♥♥♥   3,X,X,♥♥♥♥♥   3,X,X,X,Yes,Yes,Yes,,,
1101,FALSE,She's So Fine,The Jimi Hendrix Experience,1967,Mar 30 2010,Classic Rock,M,English,DLC1/2,♥♥♥♥♥   4,♥♥♥♥♥   3,♥♥♥♥♥   4,X,X,♥♥♥♥♥   1,3,X,X,Yes,Yes,Yes,,,
1102,FALSE,One Rainy Wish,The Jimi Hendrix Experience,1967,Mar 30 2010,Classic Rock,M,English,DLC1/2,♥♥♥♥♥   4,♥♥♥♥♥   3,♥♥♥♥♥   5,X,X,♥♥♥♥♥   3,X,X,X,Yes,Yes,Yes,,,
1103,FALSE,Little Miss Lover,The Jimi Hendrix Experience,1967,Mar 30 2010,Classic Rock,M,English,DLC1/2,♥♥♥♥♥   5,♥♥♥♥♥   3,♥♥♥♥♥   4,X,X,♥♥♥♥♥   4,3,X,X,Yes,Yes,Yes,,,
1104,FALSE,Bold as Love,The Jimi Hendrix Experience,1967,Mar 30 2010,Classic Rock,M,English,DLC1/2,♥♥♥♥♥   5,♥♥♥♥♥   3,♥♥♥♥♥   4,X,X,♥♥♥♥♥   5,X,X,X,Yes,Yes,Yes,,,
1105,FALSE,Valleys of Neptune,Jimi Hendrix,2010,Mar 30 2010,Classic Rock,M,English,DLC1/2,♥♥♥♥♥   5,♥♥♥♥♥   3,♥♥♥♥♥   5,X,X,♥♥♥♥♥   3,X,X,X,Yes,Yes,Yes,,,
1106,FALSE,Feel Good Drag,Anberlin,2008,Apr 6 2010,Alternative,M,English,DLC1/2,♥♥♥♥♥   4,♥♥♥♥♥   2,♥♥♥♥♥   3,X,X,♥♥♥♥♥   3,3,X,X,Yes,Yes,Yes,,,
1107,FALSE,Live Life Loud,Hawk Nelson,2009,Apr 6 2010,Pop-Rock,M,English,DLC1/2,♥♥♥♥♥   1,♥♥♥♥♥   2,♥♥♥♥♥   4,X,X,♥♥♥♥♥   3,3,X,X,Yes,Yes,Yes,,,
1108,FALSE,Monster,Skillet,2009,Apr 6 2010,Rock,M,English,DLC1/2,♥♥♥♥♥   2,♥♥♥♥♥   1,♥♥♥♥♥   3,X,X,♥♥♥♥♥   2,3,X,X,Yes,Yes,Yes,,,
1109,FALSE,Stand in the Rain,Superchick,2006,Apr 6 2010,Pop-Rock,F,English,DLC1/2,♥♥♥♥♥   2,♥♥♥♥♥   1,♥♥♥♥♥   4,X,X,♥♥♥♥♥   2,3,X,X,Yes,Yes,Yes,,Delisted,
1110,FALSE,Meant to Live,Switchfoot,2003,Apr 6 2010,Alternative,M,English,DLC1/2,♥♥♥♥♥   3,♥♥♥♥♥   1,♥♥♥♥♥   3,X,X,♥♥♥♥♥   2,3,X,X,Yes,Yes,Yes,,,
1111,FALSE,Fire It Up,Thousand Foot Krutch,2009,Apr 6 2010,Nu-Metal,M,English,DLC1/2,♥♥♥♥♥   4,♥♥♥♥♥   1,♥♥♥♥♥   4,X,X,♥♥♥♥♥   3,2,X,X,Yes,Yes,Yes,,,
1112,FALSE,Empty Walls,Serj Tankian,2007,Apr 13 2010,Nu-Metal,M,English,DLC1/2,♥♥♥♥♥   4,♥♥♥♥♥   3,♥♥♥♥♥   5,X,X,♥♥♥♥♥   4,3,X,X,Yes,Yes,Yes,,,
1113,FALSE,Sky Is Over,Serj Tankian,2007,Apr 13 2010,Nu-Metal,M,English,DLC1/2,♥♥♥♥♥   3,♥♥♥♥♥   3,♥♥♥♥♥   4,X,X,♥♥♥♥♥   3,3,X,X,Yes,Yes,Yes,,,
1114,FALSE,All-Star,Smash Mouth,1999,Apr 13 2010,Pop-Rock,M,English,DLC1/2,♥♥♥♥♥   1,♥♥♥♥♥   0,♥♥♥♥♥   4,X,X,♥♥♥♥♥   2,3,X,X,Yes,Yes,Yes,,,
1115,FALSE,Blood on My Hands,The Used,2009,Apr 13 2010,Emo,M,English,DLC1/2,♥♥♥♥♥   4,♥♥♥♥♥   3,♥♥♥♥♥   4,X,X,♥♥♥♥♥   3,3,X,X,Yes,Yes,Yes,,,
1116,FALSE,Born to Quit,The Used,2009,Apr 13 2010,Emo,M,English,DLC1/2,♥♥♥♥♥   4,♥♥♥♥♥   2,♥♥♥♥♥   4,X,X,♥♥♥♥♥   3,3,X,X,Yes,Yes,Yes,,,
1117,FALSE,The Taste of Ink,The Used,2002,Apr 13 2010,Emo,M,English,DLC1/2,♥♥♥♥♥   3,♥♥♥♥♥   2,♥♥♥♥♥   4,X,X,♥♥♥♥♥   3,2,X,X,Yes,Yes,Yes,,,
1118,FALSE,Guns of Summer,Coheed and Cambria,2010,Apr 20 2010,Prog,M,English,DLC1/2,♥♥♥♥♥   6,♥♥♥♥♥   3,♥♥♥♥♥   6,X,X,♥♥♥♥♥   5,3,X,X,Yes,Yes,Yes,,,
1119,FALSE,Here We Are Juggernaut,Coheed and Cambria,2010,Apr 20 2010,Prog,M,English,DLC1/2,♥♥♥♥♥   4,♥♥♥♥♥   3,♥♥♥♥♥   5,X,X,♥♥♥♥♥   3,3,X,X,Yes,Yes,Yes,,,
1120,FALSE,The Broken,Coheed and Cambria,2010,Apr 20 2010,Prog,M,English,DLC1/2,♥♥♥♥♥   5,♥♥♥♥♥   4,♥♥♥♥♥   5,X,X,♥♥♥♥♥   4,3,X,X,Yes,Yes,Yes,,,
1121,FALSE,Peek-a-Boo,Siouxsie and The Banshees,1988,Apr 20 2010,Pop-Rock,F,English,DLC1/2,♥♥♥♥♥   2,♥♥♥♥♥   1,♥♥♥♥♥   4,X,X,♥♥♥♥♥   3,3,X,X,Yes,Yes,Yes,,,
1122,FALSE,Sun Hits the Sky,Supergrass,1997,Apr 20 2010,Alternative,M,English,DLC1/2,♥♥♥♥♥   3,♥♥♥♥♥   3,♥♥♥♥♥   4,X,X,♥♥♥♥♥   2,2,X,X,Yes,Yes,Yes,,,
1123,FALSE,American Music,Violent Femmes,1991,Apr 20 2010,Alternative,M,English,DLC1/2,♥♥♥♥♥   3,♥♥♥♥♥   4,♥♥♥♥♥   4,X,X,♥♥♥♥♥   3,3,X,X,Yes,Yes,Yes,,,
1124,FALSE,Again,Flyleaf,2009,Apr 27 2010,Nu-Metal,F,English,DLC1/2,♥♥♥♥♥   3,♥♥♥♥♥   2,♥♥♥♥♥   3,X,X,♥♥♥♥♥   3,3,X,X,Yes,Yes,Yes,,,
1125,FALSE,Tomorrow,Silverchair,1995,Apr 27 2010,Alternative,M,English,DLC1/2,♥♥♥♥♥   3,♥♥♥♥♥   1,♥♥♥♥♥   4,X,X,♥♥♥♥♥   2,X,X,X,Yes,Yes,Yes,,,
1126,FALSE,Thunderbirds Are Go!,Busted,2004,Apr 27 2010,Pop-Rock,M,English,DLC1/2,♥♥♥♥♥   3,♥♥♥♥♥   4,♥♥♥♥♥   3,X,X,♥♥♥♥♥   2,3,X,X,Yes,Yes,Yes,,,
1127,FALSE,Different People,No Doubt,1995,May 4 2010,Pop-Rock,F,English,DLC1/2,♥♥♥♥♥   4,♥♥♥♥♥   4,♥♥♥♥♥   5,X,X,♥♥♥♥♥   3,2,X,X,Yes,Yes,Yes,,,
1128,FALSE,End It on This,No Doubt,1995,May 4 2010,Pop-Rock,F,English,DLC1/2,♥♥♥♥♥   3,♥♥♥♥♥   2,♥♥♥♥♥   4,X,X,♥♥♥♥♥   3,3,X,X,Yes,Yes,Yes,,,
1129,FALSE,Happy Now?,No Doubt,1995,May 4 2010,Pop-Rock,F,English,DLC1/2,♥♥♥♥♥   3,♥♥♥♥♥   2,♥♥♥♥♥   3,X,X,♥♥♥♥♥   4,3,X,X,Yes,Yes,Yes,,,
1130,FALSE,Hey You,No Doubt,1995,May 4 2010,Pop-Rock,F,English,DLC1/2,♥♥♥♥♥   2,♥♥♥♥♥   3,♥♥♥♥♥   4,X,X,♥♥♥♥♥   3,3,X,X,Yes,Yes,Yes,,,
1131,FALSE,Sixteen,No Doubt,1995,May 4 2010,Pop-Rock,F,English,DLC1/2,♥♥♥♥♥   4,♥♥♥♥♥   3,♥♥♥♥♥   4,X,X,♥♥♥♥♥   3,3,X,X,Yes,Yes,Yes,,,
1132,FALSE,The Climb,No Doubt,1995,May 4 2010,Pop-Rock,F,English,DLC1/2,♥♥♥♥♥   1,♥♥♥♥♥   1,♥♥♥♥♥   5,X,X,♥♥♥♥♥   3,3,X,X,Yes,Yes,Yes,,,
1133,FALSE,Tragic Kingdom,No Doubt,1995,May 4 2010,Pop-Rock,F,English,DLC1/2,♥♥♥♥♥   5,♥♥♥♥♥   4,♥♥♥♥♥   5,X,X,♥♥♥♥♥   4,3,X,X,Yes,Yes,Yes,,,
1134,FALSE,World Go 'Round,No Doubt,1995,May 4 2010,Pop-Rock,F,English,DLC1/2,♥♥♥♥♥   3,♥♥♥♥♥   3,♥♥♥♥♥   4,X,X,♥♥♥♥♥   4,3,X,X,Yes,Yes,Yes,,,
1135,FALSE,You Can Do It,No Doubt,1995,May 4 2010,Pop-Rock,F,English,DLC1/2,♥♥♥♥♥   4,♥♥♥♥♥   3,♥♥♥♥♥   5,X,X,♥♥♥♥♥   3,3,X,X,Yes,Yes,Yes,,,
1136,FALSE,According to You,Orianthi,2009,May 4 2010,Pop-Rock,F,English,DLC1/2,♥♥♥♥♥   5,♥♥♥♥♥   1,♥♥♥♥♥   2,X,X,♥♥♥♥♥   2,3,X,X,Yes,Yes,Yes,,,
1137,FALSE,Dearest (I'm So Sorry),Picture Me Broken,2010,May 4 2010,Metal,F,English,DLC1/2,♥♥♥♥♥   5,♥♥♥♥♥   3,♥♥♥♥♥   4,X,X,♥♥♥♥♥   3,3,X,X,Yes,Yes,Yes,ReLd-DLC,Delisted,
1138,FALSE,Breaking the Law (Live),Judas Priest,2010,May 11 2010,Metal,M,English,DLC1/2,♥♥♥♥♥   4,♥♥♥♥♥   2,♥♥♥♥♥   4,X,X,♥♥♥♥♥   3,X,X,X,Yes,Yes,Yes,,,
1139,FALSE,Rapid Fire (Live),Judas Priest,2010,May 11 2010,Metal,M,English,DLC1/2,♥♥♥♥♥   5,♥♥♥♥♥   3,♥♥♥♥♥   4,X,X,♥♥♥♥♥   2,X,X,X,Yes,Yes,Yes,,,
1140,FALSE,Metal Gods (Live),Judas Priest,2010,May 11 2010,Metal,M,English,DLC1/2,♥♥♥♥♥   3,♥♥♥♥♥   2,♥♥♥♥♥   4,X,X,♥♥♥♥♥   3,X,X,X,Yes,Yes,Yes,,,
1141,FALSE,Grinder (Live),Judas Priest,2010,May 11 2010,Metal,M,English,DLC1/2,♥♥♥♥♥   4,♥♥♥♥♥   1,♥♥♥♥♥   4,X,X,♥♥♥♥♥   2,X,X,X,Yes,Yes,Yes,,,
1142,FALSE,United (Live),Judas Priest,2010,May 11 2010,Metal,M,English,DLC1/2,♥♥♥♥♥   0,♥♥♥♥♥   1,♥♥♥♥♥   1,X,X,♥♥♥♥♥   2,3,X,X,Yes,Yes,Yes,,,
1143,FALSE,Living After Midnight (Live),Judas Priest,2010,May 11 2010,Metal,M,English,DLC1/2,♥♥♥♥♥   3,♥♥♥♥♥   2,♥♥♥♥♥   4,X,X,♥♥♥♥♥   2,3,X,X,Yes,Yes,Yes,,,
1144,FALSE,You Don't Have to Be Old to Be Wise (Live),Judas Priest,2010,May 11 2010,Metal,M,English,DLC1/2,♥♥♥♥♥   3,♥♥♥♥♥   1,♥♥♥♥♥   3,X,X,♥♥♥♥♥   2,3,X,X,Yes,Yes,Yes,,,
1145,FALSE,The Rage (Live),Judas Priest,2010,May 11 2010,Metal,M,English,DLC1/2,♥♥♥♥♥   4,♥♥♥♥♥   2,♥♥♥♥♥   3,X,X,♥♥♥♥♥   3,X,X,X,Yes,Yes,Yes,,,
1146,FALSE,Steeler (Live),Judas Priest,2010,May 11 2010,Metal,M,English,DLC1/2,♥♥♥♥♥   5,♥♥♥♥♥   3,♥♥♥♥♥   5,X,X,♥♥♥♥♥   2,X,X,X,Yes,Yes,Yes,,,
1147,FALSE,Beat It on Down the Line,The Grateful Dead,1967,May 18 2010,Classic Rock,M,English,DLC1/2,♥♥♥♥♥   4,♥♥♥♥♥   4,♥♥♥♥♥   4,X,X,♥♥♥♥♥   3,3,X,X,Yes,Yes,Yes,,,
1148,FALSE,Cumberland Blues,The Grateful Dead,1970,May 18 2010,Classic Rock,M,English,DLC1/2,♥♥♥♥♥   5,♥♥♥♥♥   3,♥♥♥♥♥   4,X,X,♥♥♥♥♥   3,3,X,X,Yes,Yes,Yes,,,
1149,FALSE,Scarlet Begonias,The Grateful Dead,1974,May 18 2010,Classic Rock,M,English,DLC1/2,♥♥♥♥♥   4,♥♥♥♥♥   3,♥♥♥♥♥   4,X,X,♥♥♥♥♥   3,3,X,X,Yes,Yes,Yes,,,
1150,FALSE,Throwing Stones,The Grateful Dead,1987,May 18 2010,Classic Rock,M,English,DLC1/2,♥♥♥♥♥   3,♥♥♥♥♥   3,♥♥♥♥♥   4,X,X,♥♥♥♥♥   3,3,X,X,Yes,Yes,Yes,,,
1151,FALSE,Touch of Grey,The Grateful Dead,1987,May 18 2010,Classic Rock,M,English,DLC1/2,♥♥♥♥♥   3,♥♥♥♥♥   3,♥♥♥♥♥   4,X,X,♥♥♥♥♥   2,3,X,X,Yes,Yes,Yes,,,
1152,FALSE,U.S. Blues,The Grateful Dead,1974,May 18 2010,Classic Rock,M,English,DLC1/2,♥♥♥♥♥   4,♥♥♥♥♥   3,♥♥♥♥♥   5,X,X,♥♥♥♥♥   3,3,X,X,Yes,Yes,Yes,,,
1153,FALSE,A Girl Like You,The Smithereens,1989,May 18 2010,Rock,M,English,DLC1/2,♥♥♥♥♥   4,♥♥♥♥♥   1,♥♥♥♥♥   2,X,X,♥♥♥♥♥   2,2,X,X,Yes,Yes,Yes,,,
1154,FALSE,Only a Memory,The Smithereens,1988,May 18 2010,Rock,M,English,DLC1/2,♥♥♥♥♥   2,♥♥♥♥♥   1,♥♥♥♥♥   2,X,X,♥♥♥♥♥   1,3,X,X,Yes,Yes,Yes,,,
1155,FALSE,The Great Southern Trendkill,Pantera,1996,May 25 2010,Metal,M,English,DLC1/2,♥♥♥♥♥   6,♥♥♥♥♥   3,♥♥♥♥♥   5,X,X,♥♥♥♥♥   0,2,X,X,Yes,Yes,Yes,,,
1156,FALSE,War Nerve,Pantera,1996,May 25 2010,Metal,M,English,DLC1/2,♥♥♥♥♥   4,♥♥♥♥♥   3,♥♥♥♥♥   5,X,X,♥♥♥♥♥   2,2,X,X,Yes,Yes,Yes,,,
1157,FALSE,Drag the Waters,Pantera,1996,May 25 2010,Metal,M,English,DLC1/2,♥♥♥♥♥   5,♥♥♥♥♥   3,♥♥♥♥♥   4,X,X,♥♥♥♥♥   3,3,X,X,Yes,Yes,Yes,,,
1158,FALSE,10's,Pantera,1996,May 25 2010,Metal,M,English,DLC1/2,♥♥♥♥♥   5,♥♥♥♥♥   2,♥♥♥♥♥   3,X,X,♥♥♥♥♥   3,2,X,X,Yes,Yes,Yes,,,
1159,FALSE,13 Steps to Nowhere,Pantera,1996,May 25 2010,Metal,M,English,DLC1/2,♥♥♥♥♥   5,♥♥♥♥♥   4,♥♥♥♥♥   6,X,X,♥♥♥♥♥   4,3,X,X,Yes,Yes,Yes,,,
1160,FALSE,Suicide Note Pt. II,Pantera,1996,May 25 2010,Metal,M,English,DLC1/2,♥♥♥♥♥   5,♥♥♥♥♥   4,♥♥♥♥♥   6,X,X,♥♥♥♥♥   0,X,X,X,Yes,Yes,Yes,,,
1161,FALSE,Living Through Me (Hell's Wrath),Pantera,1996,May 25 2010,Metal,M,English,DLC1/2,♥♥♥♥♥   5,♥♥♥♥♥   4,♥♥♥♥♥   5,X,X,♥♥♥♥♥   2,3,X,X,Yes,Yes,Yes,,,
1162,FALSE,Floods,Pantera,1996,May 25 2010,Metal,M,English,DLC1/2,♥♥♥♥♥   5,♥♥♥♥♥   3,♥♥♥♥♥   3,X,X,♥♥♥♥♥   2,2,X,X,Yes,Yes,Yes,,,
1163,FALSE,The Underground in America,Pantera,1996,May 25 2010,Metal,M,English,DLC1/2,♥♥♥♥♥   5,♥♥♥♥♥   4,♥♥♥♥♥   6,X,X,♥♥♥♥♥   1,3,X,X,Yes,Yes,Yes,,,
1164,FALSE,(Reprise) Sandblasted Skin,Pantera,1996,May 25 2010,Metal,M,English,DLC1/2,♥♥♥♥♥   5,♥♥♥♥♥   3,♥♥♥♥♥   6,X,X,♥♥♥♥♥   0,2,X,X,Yes,Yes,Yes,,,
1165,FALSE,Alive,P.O.D.,2001,Jun 1 2010,Nu-Metal,M,English,DLC1/2,♥♥♥♥♥   2,♥♥♥♥♥   1,♥♥♥♥♥   4,X,X,♥♥♥♥♥   1,3,X,X,Yes,Yes,Yes,,,
1166,FALSE,Trouble Comes Running,Spoon,2010,Jun 1 2010,Indie Rock,M,English,DLC1/2,♥♥♥♥♥   3,♥♥♥♥♥   3,♥♥♥♥♥   3,X,X,♥♥♥♥♥   3,3,X,X,Yes,Yes,Yes,,,
1167,FALSE,Don't You Evah,Spoon,2007,Jun 1 2010,Indie Rock,M,English,DLC1/2,♥♥♥♥♥   1,♥♥♥♥♥   0,♥♥♥♥♥   1,X,X,♥♥♥♥♥   2,3,X,X,Yes,Yes,Yes,,,
1168,FALSE,I Turn My Camera On,Spoon,2005,Jun 1 2010,Indie Rock,M,English,DLC1/2,♥♥♥♥♥   0,♥♥♥♥♥   0,♥♥♥♥♥   1,X,X,♥♥♥♥♥   3,3,X,X,Yes,Yes,Yes,,,
1169,FALSE,Got Nuffin,Spoon,2010,Jun 1 2010,Indie Rock,M,English,DLC1/2,♥♥♥♥♥   3,♥♥♥♥♥   3,♥♥♥♥♥   1,X,X,♥♥♥♥♥   3,2,X,X,Yes,Yes,Yes,,,
1170,FALSE,Cherry Waves,Deftones,2006,Jun 8 2010,Nu-Metal,M,English,DLC1/2,♥♥♥♥♥   2,♥♥♥♥♥   3,♥♥♥♥♥   4,X,X,♥♥♥♥♥   4,3,X,X,Yes,Yes,Yes,,,
1171,FALSE,Hole in the Earth,Deftones,2006,Jun 8 2010,Nu-Metal,M,English,DLC1/2,♥♥♥♥♥   3,♥♥♥♥♥   2,♥♥♥♥♥   4,X,X,♥♥♥♥♥   3,2,X,X,Yes,Yes,Yes,,,
1172,FALSE,Minerva,Deftones,2003,Jun 8 2010,Nu-Metal,M,English,DLC1/2,♥♥♥♥♥   1,♥♥♥♥♥   2,♥♥♥♥♥   1,X,X,♥♥♥♥♥   3,2,X,X,Yes,Yes,Yes,,,
1173,FALSE,The Great Escape,Boys Like Girls,2006,Jun 8 2010,Emo,M,English,DLC1/2,♥♥♥♥♥   3,♥♥♥♥♥   1,♥♥♥♥♥   4,X,X,♥♥♥♥♥   3,3,X,X,Yes,Yes,Yes,,,
1174,FALSE,Rock Ready,Crown of Thorns,2009,Jun 8 2010,Rock,M,English,DLC1/2,♥♥♥♥♥   5,♥♥♥♥♥   3,♥♥♥♥♥   3,X,X,♥♥♥♥♥   3,3,X,X,Yes,Yes,Yes,,,
1175,FALSE,Crazy Babies,Ozzy Osbourne,1988,Jun 15 2010,Metal,M,English,DLC1/2,♥♥♥♥♥   5,♥♥♥♥♥   1,♥♥♥♥♥   4,X,X,♥♥♥♥♥   3,3,X,X,Yes,Yes,Yes,,,
1176,FALSE,Diggin' Me Down,Ozzy Osbourne,2010,Jun 15 2010,Metal,M,English,DLC1/2,♥♥♥♥♥   5,♥♥♥♥♥   4,♥♥♥♥♥   5,X,X,♥♥♥♥♥   3,3,X,X,Yes,Yes,Yes,,,
1177,FALSE,I Don't Wanna Stop,Ozzy Osbourne,2007,Jun 15 2010,Metal,M,English,DLC1/2,♥♥♥♥♥   5,♥♥♥♥♥   3,♥♥♥♥♥   3,X,X,♥♥♥♥♥   3,3,X,X,Yes,Yes,Yes,,,
1178,FALSE,Let Me Hear You Scream,Ozzy Osbourne,2010,Jun 15 2010,Metal,M,English,DLC1/2,♥♥♥♥♥   5,♥♥♥♥♥   5,♥♥♥♥♥   5,X,X,♥♥♥♥♥   2,3,X,X,Yes,Yes,Yes,,,
1179,FALSE,No More Tears,Ozzy Osbourne,1991,Jun 15 2010,Metal,M,English,DLC1/2,♥♥♥♥♥   5,♥♥♥♥♥   3,♥♥♥♥♥   3,X,X,♥♥♥♥♥   1,3,X,X,Yes,Yes,Yes,,,
1180,FALSE,Soul Sucker,Ozzy Osbourne,2010,Jun 15 2010,Metal,M,English,DLC1/2,♥♥♥♥♥   5,♥♥♥♥♥   2,♥♥♥♥♥   4,X,X,♥♥♥♥♥   3,3,X,X,Yes,Yes,Yes,,,
1181,FALSE,Can't Be Tamed,Miley Cyrus,2010,Jun 22 2010,Pop/Dance/Electronic,F,English,DLC1/2,♥♥♥♥♥   6,♥♥♥♥♥   0,♥♥♥♥♥   3,X,X,♥♥♥♥♥   3,3,X,X,Yes,Yes,Yes,,,
1182,FALSE,7 Things,Miley Cyrus,2008,Jun 22 2010,Pop/Dance/Electronic,F,English,DLC1/2,♥♥♥♥♥   2,♥♥♥♥♥   1,♥♥♥♥♥   4,X,X,♥♥♥♥♥   3,2,X,X,Yes,Yes,Yes,,,
1183,FALSE,Fly on the Wall,Miley Cyrus,2008,Jun 22 2010,Pop/Dance/Electronic,F,English,DLC1/2,♥♥♥♥♥   2,♥♥♥♥♥   2,♥♥♥♥♥   3,X,X,♥♥♥♥♥   2,3,X,X,Yes,Yes,Yes,,,
1184,FALSE,See You Again,Miley Cyrus,2007,Jun 22 2010,Pop/Dance/Electronic,F,English,DLC1/2,♥♥♥♥♥   2,♥♥♥♥♥   0,♥♥♥♥♥   3,X,X,♥♥♥♥♥   2,3,X,X,Yes,Yes,Yes,,,
1185,FALSE,Start All Over,Miley Cyrus,2007,Jun 22 2010,Pop/Dance/Electronic,F,English,DLC1/2,♥♥♥♥♥   2,♥♥♥♥♥   1,♥♥♥♥♥   3,X,X,♥♥♥♥♥   3,3,X,X,Yes,Yes,Yes,,,
1186,FALSE,Burn It to the Ground,Nickelback,2008,Jun 29 2010,Rock,M,English,DLC1/2,♥♥♥♥♥   5,♥♥♥♥♥   3,♥♥♥♥♥   3,X,X,♥♥♥♥♥   3,3,X,X,Yes,Yes,Yes,,,
1187,FALSE,Figured You Out,Nickelback,2003,Jun 29 2010,Rock,M,English,DLC1/2,♥♥♥♥♥   3,♥♥♥♥♥   1,♥♥♥♥♥   4,X,X,♥♥♥♥♥   3,3,X,X,Yes,Yes,Yes,,,
1188,FALSE,Never Again,Nickelback,2001,Jun 29 2010,Rock,M,English,DLC1/2,♥♥♥♥♥   3,♥♥♥♥♥   1,♥♥♥♥♥   3,X,X,♥♥♥♥♥   3,2,X,X,Yes,Yes,Yes,,,
1189,FALSE,Photograph,Nickelback,2005,Jun 29 2010,Rock,M,English,DLC1/2,♥♥♥♥♥   1,♥♥♥♥♥   0,♥♥♥♥♥   3,X,X,♥♥♥♥♥   2,3,X,X,Yes,Yes,Yes,,,
1190,FALSE,Rockstar,Nickelback,2005,Jun 29 2010,Rock,M,English,DLC1/2,♥♥♥♥♥   2,♥♥♥♥♥   1,♥♥♥♥♥   3,X,X,♥♥♥♥♥   3,3,X,X,Yes,Yes,Yes,,,
1191,FALSE,This Afternoon,Nickelback,2008,Jun 29 2010,Rock,M,English,DLC1/2,♥♥♥♥♥   3,♥♥♥♥♥   1,♥♥♥♥♥   4,X,X,♥♥♥♥♥   3,3,X,X,Yes,Yes,Yes,,,
1192,FALSE,Bad Moon Rising,Creedence Clearwater Revival,1969,Jul 6 2010,Southern Rock,M,English,DLC1/2,♥♥♥♥♥   3,♥♥♥♥♥   1,♥♥♥♥♥   1,X,X,♥♥♥♥♥   2,X,♥♥♥♥♥   2,♥♥♥♥♥   0,Yes,Yes,Yes,,,
1193,FALSE,Born on the Bayou,Creedence Clearwater Revival,1969,Jul 6 2010,Southern Rock,M,English,DLC1/2,♥♥♥♥♥   3,♥♥♥♥♥   2,♥♥♥♥♥   3,X,X,♥♥♥♥♥   2,X,X,X,Yes,Yes,Yes,,,
1194,FALSE,Down on the Corner,Creedence Clearwater Revival,1969,Jul 6 2010,Southern Rock,M,English,DLC1/2,♥♥♥♥♥   3,♥♥♥♥♥   1,♥♥♥♥♥   3,X,X,♥♥♥♥♥   3,3,X,X,Yes,Yes,Yes,,,
1195,FALSE,Fortunate Son (Original Version),Creedence Clearwater Revival,1969,Jul 6 2010,Southern Rock,M,English,DLC1/2,♥♥♥♥♥   3,♥♥♥♥♥   2,♥♥♥♥♥   3,X,X,♥♥♥♥♥   3,X,♥♥♥♥♥   2,♥♥♥♥♥   1,Yes,Yes,Yes,,,
1196,FALSE,Green River,Creedence Clearwater Revival,1969,Jul 6 2010,Southern Rock,M,English,DLC1/2,♥♥♥♥♥   3,♥♥♥♥♥   1,♥♥♥♥♥   1,X,X,♥♥♥♥♥   2,X,X,X,Yes,Yes,Yes,,,
1197,FALSE,I Heard It Through the Grapevine,Creedence Clearwater Revival,1970,Jul 6 2010,Southern Rock,M,English,DLC1/2,♥♥♥♥♥   4,♥♥♥♥♥   4,♥♥♥♥♥   4,X,X,♥♥♥♥♥   3,3,X,X,Yes,Yes,Yes,,,
1198,FALSE,Lookin' Out My Back Door,Creedence Clearwater Revival,1970,Jul 6 2010,Southern Rock,M,English,DLC1/2,♥♥♥♥♥   2,♥♥♥♥♥   1,♥♥♥♥♥   1,X,X,♥♥♥♥♥   3,X,X,X,Yes,Yes,Yes,,,
1199,FALSE,Proud Mary,Creedence Clearwater Revival,1969,Jul 6 2010,Southern Rock,M,English,DLC1/2,♥♥♥♥♥   3,♥♥♥♥♥   1,♥♥♥♥♥   3,X,X,♥♥♥♥♥   1,3,X,X,Yes,Yes,Yes,,,
1200,FALSE,Run Through the Jungle,Creedence Clearwater Revival,1970,Jul 6 2010,Southern Rock,M,English,DLC1/2,♥♥♥♥♥   2,♥♥♥♥♥   2,♥♥♥♥♥   2,X,X,♥♥♥♥♥   2,X,X,X,Yes,Yes,Yes,,,
1201,FALSE,Travelin' Band,Creedence Clearwater Revival,1970,Jul 6 2010,Southern Rock,M,English,DLC1/2,♥♥♥♥♥   4,♥♥♥♥♥   3,♥♥♥♥♥   4,X,X,♥♥♥♥♥   3,X,X,X,Yes,Yes,Yes,,,
1202,FALSE,Up Around the Bend,Creedence Clearwater Revival,1970,Jul 6 2010,Southern Rock,M,English,DLC1/2,♥♥♥♥♥   2,♥♥♥♥♥   1,♥♥♥♥♥   3,X,X,♥♥♥♥♥   2,3,X,X,Yes,Yes,Yes,,,
1203,FALSE,Who'll Stop the Rain,Creedence Clearwater Revival,1970,Jul 6 2010,Southern Rock,M,English,DLC1/2,♥♥♥♥♥   2,♥♥♥♥♥   1,♥♥♥♥♥   3,X,X,♥♥♥♥♥   1,3,X,X,Yes,Yes,Yes,,,
1204,FALSE,Get Out,The Vines,2008,Jul 13 2010,Rock,M,English,DLC1/2,♥♥♥♥♥   2,♥♥♥♥♥   2,♥♥♥♥♥   3,X,X,♥♥♥♥♥   1,3,X,X,Yes,Yes,Yes,,,
1205,FALSE,He's a Rocker,The Vines,2008,Jul 13 2010,Rock,M,English,DLC1/2,♥♥♥♥♥   2,♥♥♥♥♥   2,♥♥♥♥♥   3,X,X,♥♥♥♥♥   1,3,X,X,Yes,Yes,Yes,,,
1206,FALSE,Orange Amber,The Vines,2008,Jul 13 2010,Rock,M,English,DLC1/2,♥♥♥♥♥   1,♥♥♥♥♥   1,♥♥♥♥♥   3,X,X,♥♥♥♥♥   2,3,X,X,Yes,Yes,Yes,,,
1207,FALSE,Outtathaway,The Vines,2002,Jul 13 2010,Rock,M,English,DLC1/2,♥♥♥♥♥   3,♥♥♥♥♥   3,♥♥♥♥♥   4,X,X,♥♥♥♥♥   2,3,X,X,Yes,Yes,Yes,,,
1208,FALSE,Ride,The Vines,2004,Jul 13 2010,Rock,M,English,DLC1/2,♥♥♥♥♥   3,♥♥♥♥♥   2,♥♥♥♥♥   3,X,X,♥♥♥♥♥   2,3,X,X,Yes,Yes,Yes,,,
1209,FALSE,Future Perfect Tense,Sweet Billy Pilgrim,2009,Jul 13 2010,Indie Rock,M,English,DLC1/2,♥♥♥♥♥   4,♥♥♥♥♥   2,♥♥♥♥♥   2,X,X,♥♥♥♥♥   1,2,X,X,Yes,Yes,Yes,,Delisted,
1210,FALSE,New Dark Ages,Bad Religion,2007,Jul 20 2010,Punk,M,English,DLC1/2,♥♥♥♥♥   5,♥♥♥♥♥   4,♥♥♥♥♥   4,X,X,♥♥♥♥♥   2,3,X,X,Yes,Yes,Yes,,,
1211,FALSE,No Control,Bad Religion,1989,Jul 20 2010,Punk,M,English,DLC1/2,♥♥♥♥♥   4,♥♥♥♥♥   4,♥♥♥♥♥   4,X,X,♥♥♥♥♥   3,3,X,X,Yes,Yes,Yes,,,
1212,FALSE,1969,The Stooges,1969,Jul 20 2010,Rock,M,English,DLC1/2,♥♥♥♥♥   4,♥♥♥♥♥   2,♥♥♥♥♥   3,X,X,♥♥♥♥♥   2,X,X,X,Yes,Yes,Yes,,,
1213,FALSE,I Wanna Be Your Dog,The Stooges,1969,Jul 20 2010,Rock,M,English,DLC1/2,♥♥♥♥♥   2,♥♥♥♥♥   2,♥♥♥♥♥   2,X,X,♥♥♥♥♥   1,X,X,X,Yes,Yes,Yes,,,
1214,FALSE,No Fun,The Stooges,1969,Jul 20 2010,Rock,M,English,DLC1/2,♥♥♥♥♥   3,♥♥♥♥♥   2,♥♥♥♥♥   3,X,X,♥♥♥♥♥   2,X,X,X,Yes,Yes,Yes,,,
1215,FALSE,A Dios le Pido,Juanes,2002,Jul 27 2010,Pop-Rock,M,Spanish,DLC1/2,♥♥♥♥♥   4,♥♥♥♥♥   1,♥♥♥♥♥   3,X,X,♥♥♥♥♥   3,3,X,X,Yes,Yes,Yes,,,
1216,FALSE,Fíjate Bien,Juanes,2000,Jul 27 2010,Pop-Rock,M,Spanish,DLC1/2,♥♥♥♥♥   4,♥♥♥♥♥   2,♥♥♥♥♥   3,X,X,♥♥♥♥♥   2,3,X,X,Yes,Yes,Yes,,,
1217,FALSE,Gotas de Agua Dulce,Juanes,2007,Jul 27 2010,Pop-Rock,M,Spanish,DLC1/2,♥♥♥♥♥   2,♥♥♥♥♥   1,♥♥♥♥♥   3,X,X,♥♥♥♥♥   3,3,X,X,Yes,Yes,Yes,,,
1218,FALSE,La Camisa Negra,Juanes,2004,Jul 27 2010,Pop-Rock,M,Spanish,DLC1/2,♥♥♥♥♥   3,♥♥♥♥♥   2,♥♥♥♥♥   3,X,X,♥♥♥♥♥   3,3,X,X,Yes,Yes,Yes,,,
1219,FALSE,Mala Gente,Juanes,2002,Jul 27 2010,Pop-Rock,M,Spanish,DLC1/2,♥♥♥♥♥   4,♥♥♥♥♥   2,♥♥♥♥♥   3,X,X,♥♥♥♥♥   3,3,X,X,Yes,Yes,Yes,,,
1220,FALSE,Yerbatero,Juanes,2010,Jul 27 2010,Pop-Rock,M,Spanish,DLC1/2,♥♥♥♥♥   3,♥♥♥♥♥   2,♥♥♥♥♥   3,X,X,♥♥♥♥♥   3,3,X,X,Yes,Yes,Yes,,,
1221,FALSE,Nightmare,Avenged Sevenfold,2010,Jul 27 2010,Metal,M,English,DLC1/2,♥♥♥♥♥   5,♥♥♥♥♥   5,♥♥♥♥♥   5,X,X,♥♥♥♥♥   3,3,X,X,Yes,Yes,Yes,,,
1222,FALSE,Seize the Day,Avenged Sevenfold,2005,Jul 27 2010,Metal,M,English,DLC1/2,♥♥♥♥♥   6,♥♥♥♥♥   2,♥♥♥♥♥   3,X,X,♥♥♥♥♥   3,3,X,X,Yes,Yes,Yes,,,
1223,FALSE,Scream,Avenged Sevenfold,2007,Jul 27 2010,Metal,M,English,DLC1/2,♥♥♥♥♥   6,♥♥♥♥♥   3,♥♥♥♥♥   5,X,X,♥♥♥♥♥   3,3,X,X,Yes,Yes,Yes,,,
1224,FALSE,Rapture,Blondie,1980,Aug 3 2010,New Wave,F,English,DLC1/2,♥♥♥♥♥   3,♥♥♥♥♥   3,♥♥♥♥♥   4,X,X,♥♥♥♥♥   1,X,X,X,Yes,Yes,Yes,,,
1225,FALSE,Jesus Freak,DC Talk,1995,Aug 3 2010,Alternative,M,English,DLC1/2,♥♥♥♥♥   3,♥♥♥♥♥   2,♥♥♥♥♥   3,X,X,♥♥♥♥♥   2,3,X,X,Yes,Yes,Yes,,,
1226,FALSE,The Perfect Crime #2,The Decemberists,2006,Aug 3 2010,Indie Rock,M,English,DLC1/2,♥♥♥♥♥   2,♥♥♥♥♥   2,♥♥♥♥♥   4,X,X,♥♥♥♥♥   2,3,X,X,Yes,Yes,Yes,,,
1227,FALSE,I Only Want You,Eagles of Death Metal,2004,Aug 3 2010,Rock,M,English,DLC1/2,♥♥♥♥♥   3,♥♥♥♥♥   4,♥♥♥♥♥   3,X,X,♥♥♥♥♥   3,3,X,X,Yes,Yes,Yes,,,
1228,FALSE,Saturday Morning,EELS,2003,Aug 3 2010,Indie Rock,M,English,DLC1/2,♥♥♥♥♥   2,♥♥♥♥♥   2,♥♥♥♥♥   3,X,X,♥♥♥♥♥   2,2,X,X,Yes,Yes,Yes,,,
1229,FALSE,Love Addict,Family Force 5,2006,Aug 3 2010,Rock,M,English,DLC1/2,♥♥♥♥♥   1,♥♥♥♥♥   2,♥♥♥♥♥   3,X,X,♥♥♥♥♥   3,3,X,X,Yes,Yes,Yes,,,
1230,FALSE,Sturm & Drang,KMFDM,2002,Aug 3 2010,Metal,M,English/German,DLC1/2,♥♥♥♥♥   4,♥♥♥♥♥   4,♥♥♥♥♥   3,X,X,♥♥♥♥♥   1,3,X,X,Yes,Yes,Yes,,Delisted,
1231,FALSE,Bulletproof,La Roux,2009,Aug 3 2010,Pop/Dance/Electronic,F,English,DLC1/2,♥♥♥♥♥   5,♥♥♥♥♥   1,♥♥♥♥♥   4,X,X,♥♥♥♥♥   3,3,X,X,Yes,Yes,Yes,,,
1232,FALSE,Jesus Built My Hotrod,Ministry,1992,Aug 10 2010,Metal,M,English,DLC1/2,♥♥♥♥♥   4,♥♥♥♥♥   4,♥♥♥♥♥   4,X,X,♥♥♥♥♥   1,3,X,X,Yes,Yes,Yes,,,
1233,FALSE,Stigmata,Ministry,1988,Aug 10 2010,Metal,M,English,DLC1/2,♥♥♥♥♥   3,♥♥♥♥♥   0,♥♥♥♥♥   5,X,X,♥♥♥♥♥   2,2,X,X,Yes,Yes,Yes,,,
1234,FALSE,Thieves,Ministry,1989,Aug 10 2010,Metal,M,English,DLC1/2,♥♥♥♥♥   5,♥♥♥♥♥   3,♥♥♥♥♥   5,X,X,♥♥♥♥♥   1,3,X,X,Yes,Yes,Yes,,,
1235,FALSE,Strange Times,The Black Keys,2008,Aug 17 2010,Rock,M,English,DLC1/2,♥♥♥♥♥   3,♥♥♥♥♥   3,♥♥♥♥♥   1,X,X,♥♥♥♥♥   2,3,X,X,Yes,Yes,Yes,,,
1236,FALSE,I Got Mine,The Black Keys,2008,Aug 17 2010,Rock,M,English,DLC1/2,♥♥♥♥♥   3,♥♥♥♥♥   2,♥♥♥♥♥   1,X,X,♥♥♥♥♥   2,3,X,X,Yes,Yes,Yes,,,
1237,FALSE,Your Touch,The Black Keys,2006,Aug 17 2010,Rock,M,English,DLC1/2,♥♥♥♥♥   2,X,♥♥♥♥♥   0,X,X,♥♥♥♥♥   2,X,X,X,Yes,Yes,Yes,,,
1238,FALSE,Animal,Neon Trees,2010,Aug 17 2010,Pop-Rock,M,English,DLC1/2,♥♥♥♥♥   0,♥♥♥♥♥   2,♥♥♥♥♥   2,X,X,♥♥♥♥♥   2,3,X,X,Yes,Yes,Yes,,,
1239,FALSE,Sins of My Youth,Neon Trees,2010,Aug 17 2010,Pop-Rock,M,English,DLC1/2,♥♥♥♥♥   2,♥♥♥♥♥   1,♥♥♥♥♥   3,X,X,♥♥♥♥♥   3,3,X,X,Yes,Yes,Yes,,,
1240,FALSE,1983,Neon Trees,2010,Aug 17 2010,Pop-Rock,M,English,DLC1/2,♥♥♥♥♥   1,♥♥♥♥♥   2,♥♥♥♥♥   2,X,X,♥♥♥♥♥   3,3,X,X,Yes,Yes,Yes,,,
1241,FALSE,Asylum,Disturbed,2010,Aug 24 2010,Nu-Metal,M,English,DLC1/2,♥♥♥♥♥   4,♥♥♥♥♥   3,♥♥♥♥♥   5,X,X,♥♥♥♥♥   3,3,X,X,Yes,Yes,Yes,,,
1242,FALSE,The Animal,Disturbed,2010,Aug 24 2010,Nu-Metal,M,English,DLC1/2,♥♥♥♥♥   4,♥♥♥♥♥   4,♥♥♥♥♥   5,X,X,♥♥♥♥♥   3,3,X,X,Yes,Yes,Yes,,,
1243,FALSE,Another Way to Die,Disturbed,2010,Aug 24 2010,Nu-Metal,M,English,DLC1/2,♥♥♥♥♥   5,♥♥♥♥♥   4,♥♥♥♥♥   5,X,X,♥♥♥♥♥   3,3,X,X,Yes,Yes,Yes,,,
1244,FALSE,Mountain Man,Crash Kings,2009,Aug 24 2010,Rock,M,English,DLC1/2,♥♥♥♥♥   3,♥♥♥♥♥   3,♥♥♥♥♥   3,X,X,♥♥♥♥♥   3,X,X,X,Yes,Yes,Yes,,,
1245,FALSE,Seasons,The Veer Union,2009,Aug 24 2010,Rock,M,English,DLC1/2,♥♥♥♥♥   4,♥♥♥♥♥   4,♥♥♥♥♥   4,X,X,♥♥♥♥♥   3,3,X,X,Yes,Yes,Yes,,Delisted,
1246,FALSE,Bury Me Alive,We Are The Fallen,2010,Aug 24 2010,Metal,F,English,DLC1/2,♥♥♥♥♥   2,♥♥♥♥♥   1,♥♥♥♥♥   4,X,X,♥♥♥♥♥   3,3,X,X,Yes,Yes,Yes,,,
1247,FALSE,What Was I Thinkin',Dierks Bentley,2003,Aug 31 2010,Country,M,English,DLC1/2,♥♥♥♥♥   4,♥♥♥♥♥   3,♥♥♥♥♥   3,X,X,♥♥♥♥♥   2,2,X,X,Yes,Yes,Yes,,,
1248,FALSE,Hell on the Heart,Eric Church,2009,Aug 31 2010,Country,M,English,DLC1/2,♥♥♥♥♥   1,♥♥♥♥♥   1,♥♥♥♥♥   2,X,X,♥♥♥♥♥   4,2,X,X,Yes,Yes,Yes,,,
1249,FALSE,Women,Jamey Johnson,2008,Aug 31 2010,Country,M,English,DLC1/2,♥♥♥♥♥   4,♥♥♥♥♥   1,♥♥♥♥♥   2,X,X,♥♥♥♥♥   3,2,X,X,Yes,Yes,Yes,,,
1250,FALSE,Would You Go With Me,Josh Turner,2006,Aug 31 2010,Country,M,English,DLC1/2,♥♥♥♥♥   4,♥♥♥♥♥   2,♥♥♥♥♥   4,X,X,♥♥♥♥♥   3,3,X,X,Yes,Yes,Yes,,,
1251,FALSE,Days Go By,Keith Urban,2004,Aug 31 2010,Country,M,English,DLC1/2,♥♥♥♥♥   3,♥♥♥♥♥   2,♥♥♥♥♥   3,X,X,♥♥♥♥♥   3,2,X,X,Yes,Yes,Yes,,,
1252,FALSE,Lookin' for a Good Time,Lady Antebellum,2008,Aug 31 2010,Country,F,English,DLC1/2,♥♥♥♥♥   2,♥♥♥♥♥   3,♥♥♥♥♥   3,X,X,♥♥♥♥♥   4,3,X,X,Yes,Yes,Yes,,,
1253,FALSE,Rebound,Laura Bell Bundy,2010,Aug 31 2010,Country,F,English,DLC1/2,♥♥♥♥♥   3,♥♥♥♥♥   1,♥♥♥♥♥   3,X,X,♥♥♥♥♥   3,3,X,X,Yes,Yes,Yes,,,
1254,FALSE,Fancy,Reba McEntire,1990,Aug 31 2010,Country,F,English,DLC1/2,♥♥♥♥♥   2,♥♥♥♥♥   1,♥♥♥♥♥   3,X,X,♥♥♥♥♥   4,3,X,X,Yes,Yes,Yes,,,
1255,FALSE,It Happens,Sugarland,2008,Aug 31 2010,Country,F,English,DLC1/2,♥♥♥♥♥   4,♥♥♥♥♥   2,♥♥♥♥♥   3,X,X,♥♥♥♥♥   4,3,X,X,Yes,Yes,Yes,,,
1256,FALSE,Beautiful,Snoop Dogg,2010,Sep 7 2010,Hip-Hop/Rap,M,English,DLC1/2,♥♥♥♥♥   1,♥♥♥♥♥   1,♥♥♥♥♥   2,X,X,♥♥♥♥♥   3,3,X,X,Yes,Yes,Yes,,Rock Band Mix,
1257,FALSE,Drop It Like It's Hot,Snoop Dogg,2010,Sep 7 2010,Hip-Hop/Rap,M,English,DLC1/2,♥♥♥♥♥   4,♥♥♥♥♥   1,♥♥♥♥♥   3,X,X,♥♥♥♥♥   1,3,X,X,Yes,Yes,Yes,,Rock Band Mix,
1258,FALSE,Ridin' in My Chevy,Snoop Dogg,2010,Sep 7 2010,Hip-Hop/Rap,M,English,DLC1/2,♥♥♥♥♥   3,♥♥♥♥♥   1,♥♥♥♥♥   4,X,X,♥♥♥♥♥   0,3,X,X,Yes,Yes,Yes,,Rock Band Mix,
1259,FALSE,Sensual Seduction,Snoop Dogg,2010,Sep 7 2010,Hip-Hop/Rap,M,English,DLC1/2,♥♥♥♥♥   1,♥♥♥♥♥   1,♥♥♥♥♥   4,X,X,♥♥♥♥♥   3,3,X,X,Yes,Yes,Yes,,Rock Band Mix,
1260,FALSE,Snoop's Upside Ya Head,Snoop Dogg,2010,Sep 7 2010,Hip-Hop/Rap,M,English,DLC1/2,♥♥♥♥♥   3,♥♥♥♥♥   1,♥♥♥♥♥   1,X,X,♥♥♥♥♥   2,3,X,X,Yes,Yes,Yes,,"Rock Band Mix, Delisted",
1261,FALSE,Tha Shiznit,Snoop Dogg,2010,Sep 7 2010,Hip-Hop/Rap,M,English,DLC1/2,♥♥♥♥♥   4,♥♥♥♥♥   1,♥♥♥♥♥   3,X,X,♥♥♥♥♥   2,3,X,X,Yes,Yes,Yes,,Rock Band Mix,
1262,FALSE,That's tha Homie,Snoop Dogg,2010,Sep 7 2010,Hip-Hop/Rap,M,English,DLC1/2,♥♥♥♥♥   4,♥♥♥♥♥   1,♥♥♥♥♥   5,X,X,♥♥♥♥♥   1,3,X,X,Yes,Yes,Yes,,Rock Band Mix,
1263,FALSE,Who Am I (What's My Name)?,Snoop Dogg,2010,Sep 7 2010,Hip-Hop/Rap,M,English,DLC1/2,♥♥♥♥♥   3,♥♥♥♥♥   1,♥♥♥♥♥   3,X,X,♥♥♥♥♥   3,3,X,X,Yes,Yes,Yes,,Rock Band Mix,
1264,FALSE,Holy Diver,Dio,1983,Sep 14 2010,Metal,M,English,DLC1/2,♥♥♥♥♥   5,♥♥♥♥♥   3,♥♥♥♥♥   4,X,X,♥♥♥♥♥   3,2,X,X,Yes,Yes,Yes,,,
1265,FALSE,Stand Up and Shout,Dio,1983,Sep 14 2010,Metal,M,English,DLC1/2,♥♥♥♥♥   6,♥♥♥♥♥   4,♥♥♥♥♥   4,X,X,♥♥♥♥♥   3,3,X,X,Yes,Yes,Yes,,,
1266,FALSE,Nirvana,Juliana Hatfield,1992,Sep 14 2010,Indie Rock,F,English,DLC1/2,♥♥♥♥♥   3,♥♥♥♥♥   2,♥♥♥♥♥   3,X,X,♥♥♥♥♥   3,2,X,X,Yes,Yes,Yes,,,
1267,FALSE,"Irish Blood, English Heart",Morrissey,2004,Sep 14 2010,Indie Rock,M,English,DLC1/2,♥♥♥♥♥   4,♥♥♥♥♥   2,♥♥♥♥♥   3,X,X,♥♥♥♥♥   2,2,X,X,Yes,Yes,Yes,,,
1268,FALSE,Straight Lines,Silverchair,2007,Sep 14 2010,Alternative,M,English,DLC1/2,♥♥♥♥♥   2,♥♥♥♥♥   1,♥♥♥♥♥   2,X,X,♥♥♥♥♥   3,X,X,X,Yes,Yes,Yes,,Delisted,
1269,FALSE,This Charming Man,The Smiths,1987,Sep 14 2010,Indie Rock,M,English,DLC1/2,♥♥♥♥♥   4,♥♥♥♥♥   3,♥♥♥♥♥   2,X,X,♥♥♥♥♥   1,X,X,X,Yes,Yes,Yes,,,
1270,FALSE,Writing on the Walls,Underoath,2006,Sep 14 2010,Emo,M,English,DLC1/2,♥♥♥♥♥   4,♥♥♥♥♥   2,♥♥♥♥♥   4,X,X,♥♥♥♥♥   2,3,X,X,Yes,Yes,Yes,,,
1271,FALSE,Is This Love,Bob Marley and the Wailers,1978,Sep 21 2010,Reggae/Ska,M,English,DLC1/2,♥♥♥♥♥   3,♥♥♥♥♥   3,♥♥♥♥♥   3,X,X,♥♥♥♥♥   2,3,X,X,Yes,Yes,Yes,,,
1272,FALSE,"No Woman, No Cry",Bob Marley and the Wailers,1975,Sep 21 2010,Reggae/Ska,M,English,DLC1/2,♥♥♥♥♥   3,♥♥♥♥♥   1,♥♥♥♥♥   3,X,X,♥♥♥♥♥   3,3,X,X,Yes,Yes,Yes,,,
1273,FALSE,Could You Be Loved,Bob Marley and the Wailers,1980,Sep 21 2010,Reggae/Ska,M,English,DLC1/2,♥♥♥♥♥   4,♥♥♥♥♥   3,♥♥♥♥♥   4,X,X,♥♥♥♥♥   3,3,X,X,Yes,Yes,Yes,,,
1274,FALSE,Three Little Birds,Bob Marley and the Wailers,1977,Sep 21 2010,Reggae/Ska,M,English,DLC1/2,♥♥♥♥♥   2,♥♥♥♥♥   2,♥♥♥♥♥   3,X,X,♥♥♥♥♥   3,3,X,X,Yes,Yes,Yes,,,
1275,FALSE,Buffalo Soldier,Bob Marley and the Wailers,1983,Sep 21 2010,Reggae/Ska,M,English,DLC1/2,♥♥♥♥♥   1,♥♥♥♥♥   1,♥♥♥♥♥   3,X,X,♥♥♥♥♥   2,3,X,X,Yes,Yes,Yes,,,
1276,FALSE,Stir It Up,Bob Marley and the Wailers,1973,Sep 21 2010,Reggae/Ska,M,English,DLC1/2,♥♥♥♥♥   2,♥♥♥♥♥   1,♥♥♥♥♥   2,X,X,♥♥♥♥♥   3,3,X,X,Yes,Yes,Yes,,,
1277,FALSE,One Love/People Get Ready,Bob Marley and the Wailers,1977,Sep 21 2010,Reggae/Ska,M,English,DLC1/2,♥♥♥♥♥   1,♥♥♥♥♥   1,♥♥♥♥♥   3,X,X,♥♥♥♥♥   3,3,X,X,Yes,Yes,Yes,,,
1278,FALSE,I Shot the Sheriff,Bob Marley and the Wailers,1973,Sep 21 2010,Reggae/Ska,M,English,DLC1/2,♥♥♥♥♥   2,♥♥♥♥♥   3,♥♥♥♥♥   4,X,X,♥♥♥♥♥   4,3,X,X,Yes,Yes,Yes,,,
1279,FALSE,Waiting in Vain,Bob Marley and the Wailers,1977,Sep 21 2010,Reggae/Ska,M,English,DLC1/2,♥♥♥♥♥   2,♥♥♥♥♥   1,♥♥♥♥♥   3,X,X,♥♥♥♥♥   3,3,X,X,Yes,Yes,Yes,,,
1280,FALSE,Redemption Song,Bob Marley and the Wailers,1980,Sep 21 2010,Reggae/Ska,M,English,DLC1/2,♥♥♥♥♥   1,X,X,X,X,♥♥♥♥♥   2,X,X,X,Yes,Yes,Yes,,,
1281,FALSE,Satisfy My Soul,Bob Marley and the Wailers,1978,Sep 21 2010,Reggae/Ska,M,English,DLC1/2,♥♥♥♥♥   0,♥♥♥♥♥   2,♥♥♥♥♥   2,X,X,♥♥♥♥♥   3,3,X,X,Yes,Yes,Yes,,,
1282,FALSE,Exodus,Bob Marley and the Wailers,1977,Sep 21 2010,Reggae/Ska,M,English,DLC1/2,♥♥♥♥♥   2,♥♥♥♥♥   2,♥♥♥♥♥   3,X,X,♥♥♥♥♥   3,3,X,X,Yes,Yes,Yes,,,
1283,FALSE,Jamming,Bob Marley and the Wailers,1977,Sep 21 2010,Reggae/Ska,M,English,DLC1/2,♥♥♥♥♥   3,♥♥♥♥♥   2,♥♥♥♥♥   3,X,X,♥♥♥♥♥   3,3,X,X,Yes,Yes,Yes,,,
1284,FALSE,Among The Living,Anthrax,1987,Sep 28 2010,Metal,M,English,DLC1/2,♥♥♥♥♥   5,♥♥♥♥♥   6,♥♥♥♥♥   5,X,X,♥♥♥♥♥   3,3,X,X,Yes,Yes,Yes,,,
1285,FALSE,I'm the Man,Anthrax,1987,Sep 28 2010,Metal,M,English,DLC1/2,♥♥♥♥♥   2,X,♥♥♥♥♥   3,X,X,♥♥♥♥♥   1,3,X,X,Yes,Yes,Yes,,,
1286,FALSE,Indians,Anthrax,1987,Sep 28 2010,Metal,M,English,DLC1/2,♥♥♥♥♥   5,♥♥♥♥♥   5,♥♥♥♥♥   5,X,X,♥♥♥♥♥   3,3,X,X,Yes,Yes,Yes,,,
1287,FALSE,Madhouse (Live),Anthrax,1987,Sep 28 2010,Metal,M,English,DLC1/2,♥♥♥♥♥   4,♥♥♥♥♥   5,♥♥♥♥♥   5,X,X,♥♥♥♥♥   4,2,X,X,Yes,Yes,Yes,,,
1288,FALSE,Metal Thrashing Mad (Live),Anthrax,1987,Sep 28 2010,Metal,M,English,DLC1/2,♥♥♥♥♥   6,♥♥♥♥♥   5,♥♥♥♥♥   5,X,X,♥♥♥♥♥   4,X,X,X,Yes,Yes,Yes,,,
1289,FALSE,I'm Not Okay (I Promise),My Chemical Romance,2004,Sep 28 2010,Emo,M,English,DLC1/2,♥♥♥♥♥   3,♥♥♥♥♥   3,♥♥♥♥♥   4,X,X,♥♥♥♥♥   3,3,X,X,Yes,Yes,Yes,,,
1290,FALSE,Welcome to the Black Parade,My Chemical Romance,2006,Sep 28 2010,Emo,M,English,DLC1/2,♥♥♥♥♥   3,♥♥♥♥♥   3,♥♥♥♥♥   4,X,X,♥♥♥♥♥   3,3,X,X,Yes,Yes,Yes,,,
1291,FALSE,Closer to the Edge,30 Seconds to Mars,2009,Sep 28 2010,Emo,M,English,DLC1/2,♥♥♥♥♥   1,♥♥♥♥♥   5,♥♥♥♥♥   4,X,X,♥♥♥♥♥   3,3,X,X,Yes,Yes,Yes,,,
1292,FALSE,Coffin Nails,Atreyu,2009,Sep 28 2010,Metal,M,English,DLC1/2,♥♥♥♥♥   2,♥♥♥♥♥   3,♥♥♥♥♥   4,X,X,♥♥♥♥♥   3,3,X,X,Yes,Yes,Yes,,,
1293,FALSE,Out of Line,Buckcherry,2006,Sep 28 2010,Rock,M,English,DLC1/2,♥♥♥♥♥   2,♥♥♥♥♥   3,♥♥♥♥♥   2,X,X,♥♥♥♥♥   0,3,X,X,Yes,Yes,Yes,,,
1294,FALSE,Listen to the Music,The Doobie Brothers,1972,Sep 28 2010,Classic Rock,M,English,DLC1/2,♥♥♥♥♥   5,♥♥♥♥♥   1,♥♥♥♥♥   4,X,X,♥♥♥♥♥   3,3,X,X,Yes,Yes,Yes,,,
1295,FALSE,Long Train Runnin',The Doobie Brothers,1973,Sep 28 2010,Classic Rock,M,English,DLC1/2,♥♥♥♥♥   4,♥♥♥♥♥   3,♥♥♥♥♥   4,X,X,♥♥♥♥♥   3,3,X,X,Yes,Yes,Yes,,,
1296,FALSE,Driver 8,R.E.M.,1985,Oct 5 2010,Alternative,M,English,DLC1/2,♥♥♥♥♥   2,♥♥♥♥♥   3,♥♥♥♥♥   3,X,X,♥♥♥♥♥   2,2,X,X,Yes,Yes,Yes,,,
1297,FALSE,It's the End of the World as We Know It,R.E.M.,1987,Oct 5 2010,Alternative,M,English,DLC1/2,♥♥♥♥♥   2,♥♥♥♥♥   2,♥♥♥♥♥   3,X,X,♥♥♥♥♥   3,3,X,X,Yes,Yes,Yes,,,
1298,FALSE,Living Well Is the Best Revenge,R.E.M.,2008,Oct 5 2010,Alternative,M,English,DLC1/2,♥♥♥♥♥   3,♥♥♥♥♥   3,♥♥♥♥♥   3,X,X,♥♥♥♥♥   2,3,X,X,Yes,Yes,Yes,,,
1299,FALSE,Radio Free Europe,R.E.M.,1983,Oct 5 2010,Alternative,M,English,DLC1/2,♥♥♥♥♥   2,♥♥♥♥♥   3,♥♥♥♥♥   3,X,X,♥♥♥♥♥   2,2,X,X,Yes,Yes,Yes,,,
1300,FALSE,Stand,R.E.M.,1988,Oct 5 2010,Alternative,M,English,DLC1/2,♥♥♥♥♥   3,♥♥♥♥♥   3,♥♥♥♥♥   2,X,X,♥♥♥♥♥   3,3,X,X,Yes,Yes,Yes,,,
1301,FALSE,Superman,R.E.M.,1986,Oct 5 2010,Alternative,M,English,DLC1/2,♥♥♥♥♥   3,♥♥♥♥♥   3,♥♥♥♥♥   3,X,X,♥♥♥♥♥   1,3,X,X,Yes,Yes,Yes,,,
1302,FALSE,These Days,R.E.M.,1986,Oct 5 2010,Alternative,M,English,DLC1/2,♥♥♥♥♥   2,♥♥♥♥♥   2,♥♥♥♥♥   3,X,X,♥♥♥♥♥   2,3,X,X,Yes,Yes,Yes,,,
1303,FALSE,"What's the Frequency, Kenneth?",R.E.M.,1994,Oct 5 2010,Alternative,M,English,DLC1/2,♥♥♥♥♥   2,♥♥♥♥♥   1,♥♥♥♥♥   2,X,X,♥♥♥♥♥   3,2,X,X,Yes,Yes,Yes,,,
1304,FALSE,Children of the Revolution,T. Rex,1973,Oct 5 2010,Glam,M,English,DLC1/2,♥♥♥♥♥   1,♥♥♥♥♥   1,♥♥♥♥♥   2,X,X,♥♥♥♥♥   2,3,X,X,Yes,Yes,Yes,,,
1305,FALSE,Cosmic Dancer,T. Rex,1971,Oct 5 2010,Glam,M,English,DLC1/2,♥♥♥♥♥   1,♥♥♥♥♥   3,♥♥♥♥♥   3,X,X,♥♥♥♥♥   1,3,X,X,Yes,Yes,Yes,,,
1306,FALSE,Jeepster,T. Rex,1971,Oct 5 2010,Glam,M,English,DLC1/2,♥♥♥♥♥   4,♥♥♥♥♥   0,♥♥♥♥♥   2,X,X,♥♥♥♥♥   2,X,X,X,Yes,Yes,Yes,,,
1307,FALSE,Purple Haze,The Jimi Hendrix Experience,1967,Oct 12 2010,Classic Rock,M,English,DLC1/2,♥♥♥♥♥   4,♥♥♥♥♥   3,♥♥♥♥♥   4,X,X,♥♥♥♥♥   4,3,♥♥♥♥♥   6,♥♥♥♥♥   3,Yes,Yes,Yes,,,
1308,FALSE,Manic Depression,The Jimi Hendrix Experience,1967,Oct 12 2010,Classic Rock,M,English,DLC1/2,♥♥♥♥♥   5,♥♥♥♥♥   3,♥♥♥♥♥   5,X,X,♥♥♥♥♥   4,X,X,X,Yes,Yes,Yes,,,
1309,FALSE,Hey Joe (Live),The Jimi Hendrix Experience,1967,Oct 12 2010,Classic Rock,M,English,DLC1/2,♥♥♥♥♥   4,♥♥♥♥♥   3,♥♥♥♥♥   5,X,X,♥♥♥♥♥   5,X,X,X,Yes,Yes,Yes,,,
1310,FALSE,Love or Confusion,The Jimi Hendrix Experience,1967,Oct 12 2010,Classic Rock,M,English,DLC1/2,♥♥♥♥♥   4,♥♥♥♥♥   3,♥♥♥♥♥   4,X,X,♥♥♥♥♥   4,X,X,X,Yes,Yes,Yes,,,
1311,FALSE,May This Be Love,The Jimi Hendrix Experience,1967,Oct 12 2010,Classic Rock,M,English,DLC1/2,♥♥♥♥♥   4,♥♥♥♥♥   2,♥♥♥♥♥   4,X,X,♥♥♥♥♥   2,2,X,X,Yes,Yes,Yes,,,
1312,FALSE,The Wind Cries Mary,The Jimi Hendrix Experience,1967,Oct 12 2010,Classic Rock,M,English,DLC1/2,♥♥♥♥♥   3,♥♥♥♥♥   2,♥♥♥♥♥   3,X,X,♥♥♥♥♥   5,X,X,X,Yes,Yes,Yes,,,
1313,FALSE,Fire (Live),Jimi Hendrix,1967,Oct 12 2010,Classic Rock,M,English,DLC1/2,♥♥♥♥♥   6,♥♥♥♥♥   4,♥♥♥♥♥   5,X,X,♥♥♥♥♥   4,X,X,X,Yes,Yes,Yes,,,
1314,FALSE,3rd Stone from the Sun,The Jimi Hendrix Experience,1967,Oct 12 2010,Classic Rock,M,English,DLC1/2,♥♥♥♥♥   4,♥♥♥♥♥   2,♥♥♥♥♥   5,X,X,♥♥♥♥♥   0,3,X,X,Yes,Yes,Yes,,,
1315,FALSE,Foxey Lady,The Jimi Hendrix Experience,1967,Oct 12 2010,Classic Rock,M,English,DLC1/2,♥♥♥♥♥   4,♥♥♥♥♥   2,♥♥♥♥♥   4,X,X,♥♥♥♥♥   3,2,X,X,Yes,Yes,Yes,,,
1316,FALSE,Are You Experienced?,The Jimi Hendrix Experience,1967,Oct 12 2010,Classic Rock,M,English,DLC1/2,♥♥♥♥♥   4,♥♥♥♥♥   2,♥♥♥♥♥   4,X,X,♥♥♥♥♥   3,2,X,X,Yes,Yes,Yes,,,
1317,FALSE,Stone Free,Jimi Hendrix,2010,Oct 12 2010,Classic Rock,M,English,DLC1/2,♥♥♥♥♥   5,♥♥♥♥♥   4,♥♥♥♥♥   5,X,X,♥♥♥♥♥   5,3,X,X,Yes,Yes,Yes,,,
1318,FALSE,Highway Chile,The Jimi Hendrix Experience,1967,Oct 12 2010,Classic Rock,M,English,DLC1/2,♥♥♥♥♥   4,♥♥♥♥♥   3,♥♥♥♥♥   5,X,X,♥♥♥♥♥   5,X,X,X,Yes,Yes,Yes,,,
1319,FALSE,Big Empty,Stone Temple Pilots,1994,Oct 19 2010,Alternative,M,English,DLC1/2,♥♥♥♥♥   2,♥♥♥♥♥   2,♥♥♥♥♥   4,X,X,♥♥♥♥♥   2,2,X,X,Yes,Yes,Yes,,,
1320,FALSE,Crackerman,Stone Temple Pilots,1992,Oct 19 2010,Alternative,M,English,DLC1/2,♥♥♥♥♥   3,♥♥♥♥♥   3,♥♥♥♥♥   3,X,X,♥♥♥♥♥   3,2,X,X,Yes,Yes,Yes,,,
1321,FALSE,Creep,Stone Temple Pilots,1992,Oct 19 2010,Alternative,M,English,DLC1/2,♥♥♥♥♥   1,♥♥♥♥♥   1,♥♥♥♥♥   2,X,X,♥♥♥♥♥   1,2,X,X,Yes,Yes,Yes,,,
1322,FALSE,Dead & Bloated,Stone Temple Pilots,1992,Oct 19 2010,Alternative,M,English,DLC1/2,♥♥♥♥♥   2,♥♥♥♥♥   1,♥♥♥♥♥   3,X,X,♥♥♥♥♥   3,2,X,X,Yes,Yes,Yes,,,
1323,FALSE,Huckleberry Crumble,Stone Temple Pilots,2010,Oct 19 2010,Alternative,M,English,DLC1/2,♥♥♥♥♥   3,♥♥♥♥♥   2,♥♥♥♥♥   3,X,X,♥♥♥♥♥   3,3,X,X,Yes,Yes,Yes,,,
1324,FALSE,Trippin' on a Hole in a Paper Heart,Stone Temple Pilots,1996,Oct 19 2010,Alternative,M,English,DLC1/2,♥♥♥♥♥   5,♥♥♥♥♥   4,♥♥♥♥♥   4,X,X,♥♥♥♥♥   3,2,X,X,Yes,Yes,Yes,,,
1325,FALSE,Bleed American,Jimmy Eat World,2001,Oct 19 2010,Pop-Rock,M,English,DLC1/2,♥♥♥♥♥   3,♥♥♥♥♥   1,♥♥♥♥♥   3,X,X,♥♥♥♥♥   2,3,X,X,Yes,Yes,Yes,,,
1326,FALSE,My Best Theory,Jimmy Eat World,2010,Oct 19 2010,Pop-Rock,M,English,DLC1/2,♥♥♥♥♥   1,♥♥♥♥♥   1,♥♥♥♥♥   4,X,X,♥♥♥♥♥   2,3,X,X,Yes,Yes,Yes,,,
1327,FALSE,Pain,Jimmy Eat World,2004,Oct 19 2010,Pop-Rock,M,English,DLC1/2,♥♥♥♥♥   2,♥♥♥♥♥   1,♥♥♥♥♥   3,X,X,♥♥♥♥♥   2,3,X,X,Yes,Yes,Yes,,,
1328,FALSE,Rock Band Network Megamix 01,Various Artists,2010,Aug 31 2010,Other,F,English,DLC1/2,♥♥♥♥♥   5,♥♥♥♥♥   4,♥♥♥♥♥   5,X,X,♥♥♥♥♥   3,3,X,X,Xbox Only,Xbox Only,Xbox Only,,,
1329,FALSE,Back in Black (Live),AC/DC,1992,Dec 12 2008,Classic Rock,M,English,AC/DC TP,♥♥♥♥♥   4,♥♥♥♥♥   1,♥♥♥♥♥   0,X,X,♥♥♥♥♥   3,3,X,X,Import Only,Import Only,Import Only,AC/DC TP,Only Available Through Exporting the AC/DC Track Pack,
1330,FALSE,Dirty Deeds Done Dirt Cheap (Live),AC/DC,1992,Dec 12 2008,Classic Rock,M,English,AC/DC TP,♥♥♥♥♥   5,♥♥♥♥♥   1,♥♥♥♥♥   3,X,X,♥♥♥♥♥   1,3,X,X,Import Only,Import Only,Import Only,AC/DC TP,Only Available Through Exporting the AC/DC Track Pack,
1331,FALSE,Fire Your Guns (Live),AC/DC,1992,Dec 12 2008,Classic Rock,M,English,AC/DC TP,♥♥♥♥♥   4,♥♥♥♥♥   1,♥♥♥♥♥   4,X,X,♥♥♥♥♥   4,3,X,X,Import Only,Import Only,Import Only,AC/DC TP,Only Available Through Exporting the AC/DC Track Pack,
1332,FALSE,For Those About to Rock (We Salute You) (Live),AC/DC,1992,Dec 12 2008,Classic Rock,M,English,AC/DC TP,♥♥♥♥♥   5,♥♥♥♥♥   3,♥♥♥♥♥   4,X,X,♥♥♥♥♥   2,3,X,X,Import Only,Import Only,Import Only,AC/DC TP,Only Available Through Exporting the AC/DC Track Pack,
1333,FALSE,Heatseeker (Live),AC/DC,1992,Dec 12 2008,Classic Rock,M,English,AC/DC TP,♥♥♥♥♥   3,♥♥♥♥♥   2,♥♥♥♥♥   3,X,X,♥♥♥♥♥   4,3,X,X,Import Only,Import Only,Import Only,AC/DC TP,Only Available Through Exporting the AC/DC Track Pack,
1334,FALSE,Hell Ain't a Bad Place to Be (Live),AC/DC,1992,Dec 12 2008,Classic Rock,M,English,AC/DC TP,♥♥♥♥♥   1,♥♥♥♥♥   1,♥♥♥♥♥   0,X,X,♥♥♥♥♥   3,X,X,X,Import Only,Import Only,Import Only,AC/DC TP,Only Available Through Exporting the AC/DC Track Pack,
1335,FALSE,Hells Bells (Live),AC/DC,1992,Dec 12 2008,Classic Rock,M,English,AC/DC TP,♥♥♥♥♥   4,♥♥♥♥♥   1,♥♥♥♥♥   2,X,X,♥♥♥♥♥   2,3,X,X,Import Only,Import Only,Import Only,AC/DC TP,Only Available Through Exporting the AC/DC Track Pack,
1336,FALSE,High Voltage (Live),AC/DC,1992,Dec 12 2008,Classic Rock,M,English,AC/DC TP,♥♥♥♥♥   5,♥♥♥♥♥   4,♥♥♥♥♥   0,X,X,♥♥♥♥♥   6,3,X,X,Import Only,Import Only,Import Only,AC/DC TP,Only Available Through Exporting the AC/DC Track Pack,
1337,FALSE,Highway to Hell (Live),AC/DC,1992,Dec 12 2008,Classic Rock,M,English,AC/DC TP,♥♥♥♥♥   4,♥♥♥♥♥   0,♥♥♥♥♥   0,X,X,♥♥♥♥♥   2,3,X,X,Import Only,Import Only,Import Only,AC/DC TP,Only Available Through Exporting the AC/DC Track Pack,
1338,FALSE,Jailbreak (Live),AC/DC,1992,Dec 12 2008,Classic Rock,M,English,AC/DC TP,♥♥♥♥♥   4,♥♥♥♥♥   2,♥♥♥♥♥   4,X,X,♥♥♥♥♥   3,3,X,X,Import Only,Import Only,Import Only,AC/DC TP,Only Available Through Exporting the AC/DC Track Pack,
1339,FALSE,Let There Be Rock (Live),AC/DC,1992,Dec 12 2008,Classic Rock,M,English,AC/DC TP,♥♥♥♥♥   5,♥♥♥♥♥   3,♥♥♥♥♥   5,X,X,♥♥♥♥♥   4,X,X,X,Import Only,Import Only,Import Only,AC/DC TP,Only Available Through Exporting the AC/DC Track Pack; Studio Version In RB2,
1340,FALSE,Moneytalks (Live),AC/DC,1992,Dec 12 2008,Classic Rock,M,English,AC/DC TP,♥♥♥♥♥   2,♥♥♥♥♥   1,♥♥♥♥♥   0,X,X,♥♥♥♥♥   1,3,X,X,Import Only,Import Only,Import Only,AC/DC TP,Only Available Through Exporting the AC/DC Track Pack,
1341,FALSE,Shoot to Thrill (Live),AC/DC,1992,Dec 12 2008,Classic Rock,M,English,AC/DC TP,♥♥♥♥♥   4,♥♥♥♥♥   2,♥♥♥♥♥   3,X,X,♥♥♥♥♥   3,X,X,X,Import Only,Import Only,Import Only,AC/DC TP,Only Available Through Exporting the AC/DC Track Pack,
1342,FALSE,T.N.T. (Live),AC/DC,1992,Dec 12 2008,Classic Rock,M,English,AC/DC TP,♥♥♥♥♥   3,♥♥♥♥♥   1,♥♥♥♥♥   0,X,X,♥♥♥♥♥   1,3,X,X,Import Only,Import Only,Import Only,AC/DC TP,Only Available Through Exporting the AC/DC Track Pack,
1343,FALSE,The Jack (Live),AC/DC,1992,Dec 12 2008,Classic Rock,M,English,AC/DC TP,♥♥♥♥♥   2,♥♥♥♥♥   1,♥♥♥♥♥   1,X,X,♥♥♥♥♥   5,3,X,X,Import Only,Import Only,Import Only,AC/DC TP,Only Available Through Exporting the AC/DC Track Pack,
1344,FALSE,Thunderstruck (Live),AC/DC,1992,Dec 12 2008,Classic Rock,M,English,AC/DC TP,♥♥♥♥♥   4,♥♥♥♥♥   1,♥♥♥♥♥   3,X,X,♥♥♥♥♥   2,3,X,X,Import Only,Import Only,Import Only,AC/DC TP,Only Available Through Exporting the AC/DC Track Pack,
1345,FALSE,Whole Lotta Rosie (Live),AC/DC,1992,Dec 12 2008,Classic Rock,M,English,AC/DC TP,♥♥♥♥♥   4,♥♥♥♥♥   3,♥♥♥♥♥   4,X,X,♥♥♥♥♥   3,X,X,X,Import Only,Import Only,Import Only,AC/DC TP,Only Available Through Exporting the AC/DC Track Pack,
1346,FALSE,You Shook Me All Night Long (Live),AC/DC,1992,Dec 12 2008,Classic Rock,M,English,AC/DC TP,♥♥♥♥♥   0,♥♥♥♥♥   1,♥♥♥♥♥   2,X,X,♥♥♥♥♥   3,3,X,X,Import Only,Import Only,Import Only,AC/DC TP,Only Available Through Exporting the AC/DC Track Pack,
1347,FALSE,Brain Stew / Jaded,Green Day,1995,Jun 8 2010,Punk,M,English,GDRB,♥♥♥♥♥   4,♥♥♥♥♥   4,♥♥♥♥♥   5,X,X,♥♥♥♥♥   3,2,X,X,Import Only,Yes,Yes,GDRB,Only Availble Through Import in RB1/2. Become DLC in RB3 Era (no upgrades),
1348,FALSE,Good Riddance (Time of Your Life),Green Day,1997,Jun 8 2010,Punk,M,English,GDRB,♥♥♥♥♥   4,♥♥♥♥♥   2,X,X,X,♥♥♥♥♥   2,X,X,X,Import Only,Yes,Yes,GDRB,Only Availble Through Import in RB1/2. Become DLC in RB3 Era (no upgrades),
1349,FALSE,Warning,Green Day,2000,Jun 8 2010,Rock,M,English,GDRB,♥♥♥♥♥   0,♥♥♥♥♥   1,♥♥♥♥♥   2,X,X,♥♥♥♥♥   1,2,X,X,Import Only,Yes,Yes,GDRB,Only Availble Through Import in RB1/2. Become DLC in RB3 Era (no upgrades),
1350,FALSE,Minority,Green Day,2000,Jun 8 2010,Rock,M,English,GDRB,♥♥♥♥♥   3,♥♥♥♥♥   2,♥♥♥♥♥   4,X,X,♥♥♥♥♥   1,3,X,X,Import Only,Yes,Yes,GDRB,Only Availble Through Import in RB1/2. Become DLC in RB3 Era (no upgrades),
1351,FALSE,Geek Stink Breath,Green Day,1995,Jun 8 2010,Punk,M,English,GDRB,♥♥♥♥♥   3,♥♥♥♥♥   2,♥♥♥♥♥   2,X,X,♥♥♥♥♥   3,2,X,X,Import Only,Yes,Yes,GDRB,Only Availble Through Import in RB1/2. Become DLC in RB3 Era (no upgrades),
1352,FALSE,Nice Guys Finish Last,Green Day,1997,Jun 8 2010,Punk,M,English,GDRB,♥♥♥♥♥   2,♥♥♥♥♥   3,♥♥♥♥♥   4,X,X,♥♥♥♥♥   2,2,X,X,Import Only,Yes,Yes,GDRB,Only Availble Through Import in RB1/2. Become DLC in RB3 Era (no upgrades),
1353,FALSE,Hitchin' a Ride,Green Day,1997,Jun 8 2010,Punk,M,English,GDRB,♥♥♥♥♥   4,♥♥♥♥♥   3,♥♥♥♥♥   4,X,X,♥♥♥♥♥   3,2,X,X,Import Only,Yes,Yes,GDRB,Only Availble Through Import in RB1/2. Become DLC in RB3 Era (no upgrades),
1354,FALSE,Song of the Century,Green Day,2009,Jun 8 2010,Rock,M,English,GDRB,X,X,X,X,X,♥♥♥♥♥   1,X,X,X,Import Only,Yes,Yes,GDRB,Only Availble Through Import in RB1/2. Become DLC in RB3 Era (no upgrades),
1355,FALSE,21st Century Breakdown,Green Day,2009,Jun 8 2010,Rock,M,English,GDRB,♥♥♥♥♥   4,♥♥♥♥♥   3,♥♥♥♥♥   5,X,X,♥♥♥♥♥   3,3,X,X,Import Only,Yes,Yes,GDRB,Only Availble Through Import in RB1/2. Become DLC in RB3 Era (no upgrades),
1356,FALSE,Before the Lobotomy,Green Day,2009,Jun 8 2010,Rock,M,English,GDRB,♥♥♥♥♥   2,♥♥♥♥♥   1,♥♥♥♥♥   4,X,X,♥♥♥♥♥   3,3,X,X,Import Only,Yes,Yes,GDRB,Only Availble Through Import in RB1/2. Become DLC in RB3 Era (no upgrades),
1357,FALSE,Last Night on Earth,Green Day,2009,Jun 8 2010,Rock,M,English,GDRB,♥♥♥♥♥   0,♥♥♥♥♥   0,♥♥♥♥♥   0,X,X,♥♥♥♥♥   1,2,X,X,Import Only,Yes,Yes,GDRB,Only Availble Through Import in RB1/2. Become DLC in RB3 Era (no upgrades),
1358,FALSE,Peacemaker,Green Day,2009,Jun 8 2010,Rock,M,English,GDRB,♥♥♥♥♥   2,♥♥♥♥♥   3,♥♥♥♥♥   5,X,X,♥♥♥♥♥   3,3,X,X,Import Only,Yes,Yes,GDRB,Only Availble Through Import in RB1/2. Become DLC in RB3 Era (no upgrades),
1359,FALSE,Murder City,Green Day,2009,Jun 8 2010,Rock,M,English,GDRB,♥♥♥♥♥   2,♥♥♥♥♥   2,♥♥♥♥♥   4,X,X,♥♥♥♥♥   3,2,X,X,Import Only,Yes,Yes,GDRB,Only Availble Through Import in RB1/2. Become DLC in RB3 Era (no upgrades),
1360,FALSE,¿Viva la Gloria? (Little Girl),Green Day,2009,Jun 8 2010,Rock,M,English,GDRB,♥♥♥♥♥   1,♥♥♥♥♥   1,♥♥♥♥♥   2,X,X,♥♥♥♥♥   3,3,X,X,Import Only,Yes,Yes,GDRB,Only Availble Through Import in RB1/2. Become DLC in RB3 Era (no upgrades),
1361,FALSE,Restless Heart Syndrome,Green Day,2009,Jun 8 2010,Rock,M,English,GDRB,♥♥♥♥♥   2,♥♥♥♥♥   1,♥♥♥♥♥   2,X,X,♥♥♥♥♥   2,3,X,X,Import Only,Yes,Yes,GDRB,Only Availble Through Import in RB1/2. Become DLC in RB3 Era (no upgrades),
1362,FALSE,Horseshoes and Handgrenades,Green Day,2009,Jun 8 2010,Rock,M,English,GDRB,♥♥♥♥♥   3,♥♥♥♥♥   2,♥♥♥♥♥   3,X,X,♥♥♥♥♥   2,2,X,X,Import Only,Yes,Yes,GDRB,Only Availble Through Import in RB1/2. Become DLC in RB3 Era (no upgrades),
1363,FALSE,The Static Age,Green Day,2009,Jun 8 2010,Rock,M,English,GDRB,♥♥♥♥♥   3,♥♥♥♥♥   2,♥♥♥♥♥   4,X,X,♥♥♥♥♥   2,3,X,X,Import Only,Yes,Yes,GDRB,Only Availble Through Import in RB1/2. Become DLC in RB3 Era (no upgrades),
1364,FALSE,American Eulogy,Green Day,2009,Jun 8 2010,Rock,M,English,GDRB,♥♥♥♥♥   2,♥♥♥♥♥   2,♥♥♥♥♥   4,X,X,♥♥♥♥♥   3,3,X,X,Import Only,Yes,Yes,GDRB,Only Availble Through Import in RB1/2. Become DLC in RB3 Era (no upgrades),
1365,FALSE,See the Light,Green Day,2009,Jun 8 2010,Rock,M,English,GDRB,♥♥♥♥♥   2,♥♥♥♥♥   2,♥♥♥♥♥   4,X,X,♥♥♥♥♥   1,2,X,X,Import Only,Yes,Yes,GDRB,Only Availble Through Import in RB1/2. Become DLC in RB3 Era (no upgrades),
1366,FALSE,American Idiot,Green Day,2004,Jun 8 2010,Rock,M,English,GDRB,♥♥♥♥♥   3,♥♥♥♥♥   2,♥♥♥♥♥   4,X,X,♥♥♥♥♥   2,X,♥♥♥♥♥   3,♥♥♥♥♥   2,Import Only,Yes,Yes,GDRB,Only Availble Through Import in RB1/2. Become DLC in RB3 Era (no upgrades),
1367,FALSE,Jesus of Suburbia,Green Day,2004,Jun 8 2010,Rock,M,English,GDRB,♥♥♥♥♥   4,♥♥♥♥♥   3,♥♥♥♥♥   4,X,X,♥♥♥♥♥   4,3,X,X,Import Only,Yes,Yes,GDRB,Only Availble Through Import in RB1/2. Become DLC in RB3 Era (no upgrades),
1368,FALSE,Holiday,Green Day,2004,Jun 8 2010,Rock,M,English,GDRB,♥♥♥♥♥   2,♥♥♥♥♥   1,♥♥♥♥♥   4,X,X,♥♥♥♥♥   3,3,X,X,Import Only,Yes,Yes,"GDRB, VR",Only Availble Through Import in RB1/2. Become DLC in RB3 Era (no upgrades),
1369,FALSE,Boulevard of Broken Dreams,Green Day,2004,Jun 8 2010,Rock,M,English,GDRB,♥♥♥♥♥   2,♥♥♥♥♥   1,♥♥♥♥♥   0,X,X,♥♥♥♥♥   1,2,X,X,Import Only,Yes,Yes,GDRB,Only Availble Through Import in RB1/2. Become DLC in RB3 Era (no upgrades),
1370,FALSE,Are We the Waiting / St. Jimmy,Green Day,2004,Jun 8 2010,Rock,M,English,GDRB,♥♥♥♥♥   4,♥♥♥♥♥   4,♥♥♥♥♥   5,X,X,♥♥♥♥♥   3,3,X,X,Import Only,Yes,Yes,GDRB,Only Availble Through Import in RB1/2. Become DLC in RB3 Era (no upgrades),
1371,FALSE,Give Me Novacaine / She's a Rebel,Green Day,2004,Jun 8 2010,Rock,M,English,GDRB,♥♥♥♥♥   3,♥♥♥♥♥   2,♥♥♥♥♥   4,X,X,♥♥♥♥♥   3,2,X,X,Import Only,Yes,Yes,GDRB,Only Availble Through Import in RB1/2. Become DLC in RB3 Era (no upgrades),
1372,FALSE,Extraordinary Girl,Green Day,2004,Jun 8 2010,Rock,M,English,GDRB,♥♥♥♥♥   1,♥♥♥♥♥   1,♥♥♥♥♥   2,X,X,♥♥♥♥♥   2,2,X,X,Import Only,Yes,Yes,GDRB,Only Availble Through Import in RB1/2. Become DLC in RB3 Era (no upgrades),
1373,FALSE,Letterbomb,Green Day,2004,Jun 8 2010,Rock,M,English,GDRB,♥♥♥♥♥   4,♥♥♥♥♥   3,♥♥♥♥♥   4,X,X,♥♥♥♥♥   4,2,X,X,Import Only,Yes,Yes,GDRB,Only Availble Through Import in RB1/2. Become DLC in RB3 Era (no upgrades),
1374,FALSE,Wake Me Up When September Ends,Green Day,2004,Jun 8 2010,Rock,M,English,GDRB,♥♥♥♥♥   1,♥♥♥♥♥   1,♥♥♥♥♥   1,X,X,♥♥♥♥♥   1,X,X,X,Import Only,Yes,Yes,GDRB,Only Availble Through Import in RB1/2. Become DLC in RB3 Era (no upgrades),
1375,FALSE,Homecoming,Green Day,2004,Jun 8 2010,Rock,M,English,GDRB,♥♥♥♥♥   4,♥♥♥♥♥   4,♥♥♥♥♥   5,X,X,♥♥♥♥♥   4,3,X,X,Import Only,Yes,Yes,GDRB,Only Availble Through Import in RB1/2. Become DLC in RB3 Era (no upgrades),
1376,FALSE,Whatsername,Green Day,2004,Jun 8 2010,Rock,M,English,GDRB,♥♥♥♥♥   2,♥♥♥♥♥   2,♥♥♥♥♥   1,X,X,♥♥♥♥♥   2,X,X,X,Import Only,Yes,Yes,GDRB,Only Availble Through Import in RB1/2. Become DLC in RB3 Era (no upgrades),
1377,FALSE,Burnout,Green Day,1994,Jun 8 2010,Punk,M,English,GDRB,♥♥♥♥♥   3,♥♥♥♥♥   3,♥♥♥♥♥   5,X,X,♥♥♥♥♥   2,3,X,X,Import Only,Yes,Yes,GDRB,Only Availble Through Import in RB1/2. Become DLC in RB3 Era (no upgrades),
1378,FALSE,Having a Blast,Green Day,1994,Jun 8 2010,Punk,M,English,GDRB,♥♥♥♥♥   3,♥♥♥♥♥   3,♥♥♥♥♥   4,X,X,♥♥♥♥♥   4,2,X,X,Import Only,Yes,Yes,GDRB,Only Availble Through Import in RB1/2. Become DLC in RB3 Era (no upgrades),
1379,FALSE,Chump,Green Day,1994,Jun 8 2010,Punk,M,English,GDRB,♥♥♥♥♥   4,♥♥♥♥♥   4,♥♥♥♥♥   5,X,X,♥♥♥♥♥   3,2,X,X,Import Only,Yes,Yes,GDRB,Only Availble Through Import in RB1/2. Become DLC in RB3 Era (no upgrades),
1380,FALSE,Longview,Green Day,1994,Jun 8 2010,Punk,M,English,GDRB,♥♥♥♥♥   3,♥♥♥♥♥   3,♥♥♥♥♥   4,X,X,♥♥♥♥♥   3,2,X,X,Import Only,Yes,Yes,GDRB,Only Availble Through Import in RB1/2. Become DLC in RB3 Era (no upgrades),
1381,FALSE,Welcome to Paradise,Green Day,1994,Jun 8 2010,Punk,M,English,GDRB,♥♥♥♥♥   4,♥♥♥♥♥   4,♥♥♥♥♥   5,X,X,♥♥♥♥♥   2,2,X,X,Import Only,Yes,Yes,GDRB,Only Availble Through Import in RB1/2. Become DLC in RB3 Era (no upgrades),
1382,FALSE,Pulling Teeth,Green Day,1994,Jun 8 2010,Punk,M,English,GDRB,♥♥♥♥♥   1,♥♥♥♥♥   1,♥♥♥♥♥   2,X,X,♥♥♥♥♥   3,2,X,X,Import Only,Yes,Yes,GDRB,Only Availble Through Import in RB1/2. Become DLC in RB3 Era (no upgrades),
1383,FALSE,Basket Case,Green Day,1994,Jun 8 2010,Punk,M,English,GDRB,♥♥♥♥♥   4,♥♥♥♥♥   3,♥♥♥♥♥   4,X,X,♥♥♥♥♥   1,2,X,X,Import Only,Yes,Yes,"GDRB, VR-DLC",Only Availble Through Import in RB1/2. Become DLC in RB3 Era (no upgrades),
1384,FALSE,She,Green Day,1994,Jun 8 2010,Punk,M,English,GDRB,♥♥♥♥♥   3,♥♥♥♥♥   3,♥♥♥♥♥   4,X,X,♥♥♥♥♥   2,2,X,X,Import Only,Yes,Yes,GDRB,Only Availble Through Import in RB1/2. Become DLC in RB3 Era (no upgrades),
1385,FALSE,Sassafras Roots,Green Day,1994,Jun 8 2010,Punk,M,English,GDRB,♥♥♥♥♥   2,♥♥♥♥♥   3,♥♥♥♥♥   4,X,X,♥♥♥♥♥   1,2,X,X,Import Only,Yes,Yes,GDRB,Only Availble Through Import in RB1/2. Become DLC in RB3 Era (no upgrades),
1386,FALSE,When I Come Around,Green Day,1994,Jun 8 2010,Punk,M,English,GDRB,♥♥♥♥♥   1,♥♥♥♥♥   3,♥♥♥♥♥   3,X,X,♥♥♥♥♥   3,2,♥♥♥♥♥   1,♥♥♥♥♥   3,Import Only,Yes,Yes,GDRB,Only Availble Through Import in RB1/2. Become DLC in RB3 Era (no upgrades),
1387,FALSE,Coming Clean,Green Day,1994,Jun 8 2010,Punk,M,English,GDRB,♥♥♥♥♥   3,♥♥♥♥♥   3,♥♥♥♥♥   4,X,X,♥♥♥♥♥   3,X,X,X,Import Only,Yes,Yes,GDRB,Only Availble Through Import in RB1/2. Become DLC in RB3 Era (no upgrades),
1388,FALSE,Emenius Sleepus,Green Day,1994,Jun 8 2010,Punk,M,English,GDRB,♥♥♥♥♥   3,♥♥♥♥♥   3,♥♥♥♥♥   5,X,X,♥♥♥♥♥   2,2,X,X,Import Only,Yes,Yes,GDRB,Only Availble Through Import in RB1/2. Become DLC in RB3 Era (no upgrades),
1389,FALSE,In the End,Green Day,1994,Jun 8 2010,Punk,M,English,GDRB,♥♥♥♥♥   4,♥♥♥♥♥   1,♥♥♥♥♥   5,X,X,♥♥♥♥♥   4,2,X,X,Import Only,Yes,Yes,GDRB,Only Availble Through Import in RB1/2. Become DLC in RB3 Era (no upgrades),
1390,FALSE,F.O.D.,Green Day,1994,Jun 8 2010,Punk,M,English,GDRB,♥♥♥♥♥   3,♥♥♥♥♥   1,♥♥♥♥♥   4,X,X,♥♥♥♥♥   3,2,X,X,Import Only,Yes,Yes,GDRB,Only Availble Through Import in RB1/2. Become DLC in RB3 Era (no upgrades),
1391,FALSE,Single White Female,Chely Wright,1999,Feb 1 2011,Country,F,English,CTP2,♥♥♥♥♥   2,♥♥♥♥♥   2,♥♥♥♥♥   2,♥♥♥♥♥   4,♥♥♥♥♥   4,♥♥♥♥♥   2,3,X,X,Import Only,Yes,Yes,CTP2,Only Availble Through Import in RB1/2. Become DLC in RB3 Era (with upgrades),
1392,FALSE,Giddy On Up,Laura Bell Bundy,2010,Feb 1 2011,Country,F,English,CTP2,♥♥♥♥♥   5,♥♥♥♥♥   3,♥♥♥♥♥   3,♥♥♥♥♥   1,♥♥♥♥♥   0,♥♥♥♥♥   3,3,X,X,Import Only,Yes,Yes,CTP2,Only Availble Through Import in RB1/2. Become DLC in RB3 Era (with upgrades),
1393,FALSE,The Night The Lights Went Out in Georgia,Reba McEntire,1991,Feb 1 2011,Country,F,English,CTP2,♥♥♥♥♥   2,♥♥♥♥♥   4,♥♥♥♥♥   3,♥♥♥♥♥   4,♥♥♥♥♥   6,♥♥♥♥♥   3,3,X,X,Import Only,Yes,Yes,CTP2,Only Availble Through Import in RB1/2. Become DLC in RB3 Era (with upgrades),
1394,FALSE,Party for Two (With Billy Currington),Shania Twain,2004,Feb 1 2011,Country,F,English,CTP2,♥♥♥♥♥   1,♥♥♥♥♥   1,♥♥♥♥♥   2,♥♥♥♥♥   1,♥♥♥♥♥   0,♥♥♥♥♥   4,3,X,X,Import Only,Yes,Yes,CTP2,Only Availble Through Import in RB1/2. Become DLC in RB3 Era (with upgrades),
1395,FALSE,Settlin',Sugarland,2006,Feb 1 2011,Country,F,English,CTP2,♥♥♥♥♥   2,♥♥♥♥♥   2,♥♥♥♥♥   2,♥♥♥♥♥   4,♥♥♥♥♥   4,♥♥♥♥♥   3,3,X,X,Import Only,Yes,Yes,CTP2,Only Availble Through Import in RB1/2. Become DLC in RB3 Era (with upgrades),
1396,FALSE,That's How Country Boys Roll,Billy Currington,2008,Feb 1 2011,Country,M,English,CTP2,♥♥♥♥♥   4,♥♥♥♥♥   2,♥♥♥♥♥   3,♥♥♥♥♥   4,♥♥♥♥♥   5,♥♥♥♥♥   3,2,X,X,Import Only,Yes,Yes,CTP2,Only Availble Through Import in RB1/2. Become DLC in RB3 Era (with upgrades),
1397,FALSE,Awful Beautiful Life,Darryl Worley,2004,Feb 1 2011,Country,M,English,CTP2,♥♥♥♥♥   4,♥♥♥♥♥   1,♥♥♥♥♥   4,♥♥♥♥♥   4,♥♥♥♥♥   6,♥♥♥♥♥   3,3,X,X,Import Only,Yes,Yes,CTP2,Only Availble Through Import in RB1/2. Become DLC in RB3 Era (with upgrades),
1398,FALSE,Man of Me,Gary Allan,2001,Feb 1 2011,Country,M,English,CTP2,♥♥♥♥♥   3,♥♥♥♥♥   1,♥♥♥♥♥   2,♥♥♥♥♥   4,♥♥♥♥♥   5,♥♥♥♥♥   3,3,X,X,Import Only,Yes,Yes,CTP2,Only Availble Through Import in RB1/2. Become DLC in RB3 Era (with upgrades),
1399,FALSE,TWANG,George Strait,2009,Feb 1 2011,Country,M,English,CTP2,♥♥♥♥♥   4,♥♥♥♥♥   2,♥♥♥♥♥   2,♥♥♥♥♥   5,♥♥♥♥♥   6,♥♥♥♥♥   3,3,X,X,Import Only,Yes,Yes,CTP2,Only Availble Through Import in RB1/2. Become DLC in RB3 Era (with upgrades),
1400,FALSE,Ring of Fire,Johnny Cash,1963,Feb 1 2011,Country,M,English,CTP2,♥♥♥♥♥   1,♥♥♥♥♥   1,♥♥♥♥♥   4,♥♥♥♥♥   6,♥♥♥♥♥   4,♥♥♥♥♥   2,X,X,X,Import Only,Yes,Yes,CTP2,Only Availble Through Import in RB1/2. Become DLC in RB3 Era (with upgrades),
1401,FALSE,Backwoods,Justin Moore,2009,Feb 1 2011,Country,M,English,CTP2,♥♥♥♥♥   2,♥♥♥♥♥   3,♥♥♥♥♥   2,♥♥♥♥♥   4,♥♥♥♥♥   3,♥♥♥♥♥   3,3,X,X,Import Only,Yes,Yes,CTP2,Only Availble Through Import in RB1/2. Become DLC in RB3 Era (with upgrades),
1402,FALSE,Alright,Darius Rucker,2008,Feb 1 2011,Country,M,English,CTP2,♥♥♥♥♥   1,♥♥♥♥♥   2,♥♥♥♥♥   4,♥♥♥♥♥   4,♥♥♥♥♥   4,♥♥♥♥♥   2,3,X,X,Import Only,Yes,Yes,CTP2,Only Availble Through Import in RB1/2. Become DLC in RB3 Era (with upgrades),
1403,FALSE,Sideways,Dierks Bentley,2009,Feb 1 2011,Country,M,English,CTP2,♥♥♥♥♥   3,♥♥♥♥♥   2,♥♥♥♥♥   2,X,X,♥♥♥♥♥   3,3,X,X,Import Only,Yes,Yes,CTP2,Only Availble Through Import in RB1/2. Become DLC in RB3 Era (with upgrades),
1404,FALSE,Kiss a Girl,Keith Urban,2009,Feb 1 2011,Country,M,English,CTP2,♥♥♥♥♥   3,♥♥♥♥♥   2,♥♥♥♥♥   2,♥♥♥♥♥   5,♥♥♥♥♥   4,♥♥♥♥♥   3,3,X,X,Import Only,Yes,Yes,CTP2,Only Availble Through Import in RB1/2. Become DLC in RB3 Era (with upgrades),
1405,FALSE,Perfect Day,Lady Antebellum,2010,Feb 1 2011,Country,F,English,CTP2,♥♥♥♥♥   5,♥♥♥♥♥   3,♥♥♥♥♥   4,♥♥♥♥♥   5,♥♥♥♥♥   5,♥♥♥♥♥   2,3,X,X,Import Only,Yes,Yes,CTP2,Only Availble Through Import in RB1/2. Become DLC in RB3 Era (with upgrades),
1406,FALSE,Rain Is a Good Thing,Luke Bryan,2009,Feb 1 2011,Country,M,English,CTP2,♥♥♥♥♥   4,♥♥♥♥♥   1,♥♥♥♥♥   4,♥♥♥♥♥   4,♥♥♥♥♥   3,♥♥♥♥♥   3,2,X,X,Import Only,Yes,Yes,CTP2,Only Availble Through Import in RB1/2. Become DLC in RB3 Era (with upgrades),
1407,FALSE,Mama Tried,Merle Haggard,1968,Feb 1 2011,Country,M,English,CTP2,♥♥♥♥♥   4,♥♥♥♥♥   1,♥♥♥♥♥   3,X,X,♥♥♥♥♥   2,3,X,X,Import Only,Yes,Yes,CTP2,Only Availble Through Import in RB1/2. Become DLC in RB3 Era (with upgrades),
1408,FALSE,Ride,Trace Adkins,2006,Feb 1 2011,Country,M,English,CTP2,♥♥♥♥♥   4,♥♥♥♥♥   3,♥♥♥♥♥   4,♥♥♥♥♥   6,♥♥♥♥♥   5,♥♥♥♥♥   3,3,♥♥♥♥♥   0,♥♥♥♥♥   0,Import Only,Yes,Yes,CTP2,"Only Availble Through Import in RB1/2. Become DLC in RB3 Era (with upgrades), Has Broken Tiers on Protar and Bass (shows as 4 dot in the store, but 0 in game)",
1409,FALSE,Intentional Heartache,Dwight Yoakam,2005,Feb 1 2011,Country,M,English,CTP2,♥♥♥♥♥   4,♥♥♥♥♥   1,♥♥♥♥♥   3,♥♥♥♥♥   5,♥♥♥♥♥   4,♥♥♥♥♥   2,3,X,X,Import Only,Yes,Yes,CTP2,Only Availble Through Import in RB1/2. Become DLC in RB3 Era (with upgrades),
1410,FALSE,Crazy Town,Jason Aldean,2009,Feb 1 2011,Country,M,English,CTP2,♥♥♥♥♥   4,♥♥♥♥♥   2,♥♥♥♥♥   3,♥♥♥♥♥   4,♥♥♥♥♥   4,♥♥♥♥♥   3,3,X,X,Import Only,Yes,Yes,CTP2,Only Availble Through Import in RB1/2. Become DLC in RB3 Era (with upgrades),
1411,FALSE,Summer Nights,Rascal Flatts,2009,Feb 1 2011,Country,M,English,CTP2,♥♥♥♥♥   4,♥♥♥♥♥   4,♥♥♥♥♥   4,♥♥♥♥♥   4,♥♥♥♥♥   4,♥♥♥♥♥   4,3,X,X,Import Only,Yes,Yes,CTP2,Only Availble Through Import in RB1/2. Become DLC in RB3 Era (with upgrades),
1412,FALSE,A Drug Against War,KMFDM,1993,Mar 4 2010,Metal,M,English,RBN1,♥♥♥♥♥   5.5,♥♥♥♥♥   4,♥♥♥♥♥   4,X,X,♥♥♥♥♥   0,X,X,X,Yes,Yes,No,,No Pro Drums,
1413,FALSE,Angel Lust,Fake Shark – Real Zombie!,2009,Mar 4 2010,Alternative,M,English,RBN1,♥♥♥♥♥   3,♥♥♥♥♥   2,♥♥♥♥♥   5,X,X,♥♥♥♥♥   3,X,X,X,PS3/Xbox,PS3/Xbox,No,,No Pro Drums,
1414,FALSE,Another California Song,Zack Wilson,2009,Mar 4 2010,Rock,M,English,RBN1,♥♥♥♥♥   4,♥♥♥♥♥   3,♥♥♥♥♥   2,X,X,♥♥♥♥♥   1,X,X,X,Xbox Only,Xbox Only,No,,No Pro Drums,
1415,FALSE,Arigato,Gandhi,2009,Mar 4 2010,Rock,M,Spanish,RBN1,♥♥♥♥♥   3,♥♥♥♥♥   3,♥♥♥♥♥   3,X,X,♥♥♥♥♥   1,X,X,X,Xbox Only,Xbox Only,No,,No Pro Drums,
1416,FALSE,Australia,The Shins,2007,Mar 4 2010,Indie Rock,M,English,RBN1,♥♥♥♥♥   3,♥♥♥♥♥   2,♥♥♥♥♥   2,X,X,♥♥♥♥♥   4,X,X,X,Yes,Yes,Yes,,"No Pro Drums (In RB3, does in RB4)",
1417,FALSE,Backyard Buildyard,Steve and Lindley Band,2008,Mar 4 2010,Indie Rock,F,English,RBN1,♥♥♥♥♥   1,♥♥♥♥♥   2,♥♥♥♥♥   1,X,X,♥♥♥♥♥   3,X,X,X,Xbox Only,Xbox Only,No,,,
1418,FALSE,Battles and Brotherhood,3 Inches of Blood,2009,Mar 4 2010,Metal,M,English,RBN1,♥♥♥♥♥   4,♥♥♥♥♥   3,♥♥♥♥♥   6,X,X,♥♥♥♥♥   3,X,X,X,Yes,Yes,Yes,,"No Pro Drums (In RB3, does in RB4)",
1419,FALSE,Buried Cold,Rose of Jericho,2007,Mar 4 2010,Pop-Rock,F,English,RBN1,♥♥♥♥♥   2,♥♥♥♥♥   1,♥♥♥♥♥   4,♥♥♥♥♥   3,♥♥♥♥♥   3,♥♥♥♥♥   5,2,X,X,PS3/Xbox,PS3/Xbox,No,,"RB3 Version Available, No Pro Drums On Original Version",
1420,FALSE,Burn It Down,Five Finger Death Punch,2009,Mar 4 2010,Metal,M,English,RBN1,♥♥♥♥♥   6,♥♥♥♥♥   5,♥♥♥♥♥   5,X,X,♥♥♥♥♥   0,X,X,X,Yes,Yes,Yes,,"No Pro Drums (In RB3, does in RB4)",
1421,FALSE,California,The Kimberly Trip,2009,Mar 4 2010,Pop-Rock,F,English,RBN1,♥♥♥♥♥   3,♥♥♥♥♥   2,♥♥♥♥♥   3,X,X,♥♥♥♥♥   2,X,X,X,Xbox Only,Xbox Only,No,,No Pro Drums,
1422,FALSE,Can I Stay,Stephanie Hatfield and Hot Mess,2009,Mar 4 2010,Rock,F,English,RBN1,♥♥♥♥♥   0,♥♥♥♥♥   1,♥♥♥♥♥   3,X,X,♥♥♥♥♥   1,X,X,X,PS3/Xbox,PS3/Xbox,No,,No Pro Drums,
1423,FALSE,Cease and Desist,The Main Drag,2009,Mar 4 2010,Indie Rock,M,English,RBN1,♥♥♥♥♥   3,♥♥♥♥♥   1,♥♥♥♥♥   5,X,X,♥♥♥♥♥   3,X,X,X,Xbox Only,Xbox Only,No,,"No Pro Drums, Singer has since transitioned so ingame gender is wrong",
1424,FALSE,Children of December,The Slip,2006,Mar 4 2010,Rock,M,English,RBN1,♥♥♥♥♥   3,♥♥♥♥♥   2,♥♥♥♥♥   5,X,X,♥♥♥♥♥   3,X,X,X,PS3/Xbox,PS3/Xbox,No,,No Pro Drums,
1425,FALSE,Creepy Doll,Jonathan Coulton,2006,Mar 4 2010,Pop-Rock,M,English,RBN1,♥♥♥♥♥   1,♥♥♥♥♥   1,♥♥♥♥♥   3,X,X,♥♥♥♥♥   1,3,X,X,Yes,Yes,Yes,,"No Pro Drums (In RB3, does in RB4)",
1426,FALSE,Crushed Beyond Dust,Skeletonwitch,2009,Mar 4 2010,Metal,M,English,RBN1,♥♥♥♥♥   5.5,♥♥♥♥♥   3,♥♥♥♥♥   5.5,X,X,♥♥♥♥♥   0,X,X,X,Yes,Yes,No,,No Pro Drums,
1427,FALSE,Day of Mourning,Despised Icon,2009,Mar 4 2010,Metal,M,English,RBN1,♥♥♥♥♥   5,♥♥♥♥♥   5,♥♥♥♥♥   5,X,X,♥♥♥♥♥   0,X,X,X,Yes,Yes,Yes,,"No Pro Drums (In RB3, does in RB4)",
1428,FALSE,Disengage,Suicide Silence,2009,Mar 4 2010,Metal,M,English,RBN1,♥♥♥♥♥   4,♥♥♥♥♥   3,♥♥♥♥♥   6,X,X,♥♥♥♥♥   3,X,X,X,Yes,Yes,Yes,ReLd-DLC,"No Pro Drums (In RB3, does in RB4)",
1429,FALSE,Don't Let Me Down (Slowly),The Main Drag,2009,Mar 4 2010,Indie Rock,M,English,RBN1,♥♥♥♥♥   4,♥♥♥♥♥   4,♥♥♥♥♥   5,X,X,♥♥♥♥♥   4,3,X,X,Yes,Yes,Yes,,"No Pro Drums (In RB3, does in RB4), Singer has since transitioned so ingame gender is wrong",
1430,FALSE,Dove Nets,The Main Drag,2007,Mar 4 2010,Indie Rock,M,English,RBN1,♥♥♥♥♥   4,♥♥♥♥♥   3,♥♥♥♥♥   4,X,X,♥♥♥♥♥   3,X,X,X,PS3/Xbox,PS3/Xbox,No,,No Pro Drums,
1431,FALSE,Drunken Lullabies (Live),Flogging Molly,2010,Mar 4 2010,Alternative,M,English,RBN1,♥♥♥♥♥   4,♥♥♥♥♥   4,♥♥♥♥♥   5,X,X,♥♥♥♥♥   2,3,X,X,Yes,Yes,Yes,ReLd-DLC,"No Pro Drums (In RB3, does in RB4)",
1432,FALSE,End Quote,Full-Source,2009,Mar 4 2010,New Wave,M,English,RBN1,♥♥♥♥♥   0,♥♥♥♥♥   0,♥♥♥♥♥   0,X,X,♥♥♥♥♥   0,X,X,X,Xbox Only,Xbox Only,No,,,
1433,FALSE,Even Rats,The Slip,2006,Mar 4 2010,Rock,M,English,RBN1,♥♥♥♥♥   2,♥♥♥♥♥   3,♥♥♥♥♥   5,X,X,♥♥♥♥♥   3.5,X,X,X,Yes,Yes,No,,No Pro Drums,
1434,FALSE,Fade Away,Of Last Resort,2009,Mar 4 2010,Rock,M,English,RBN1,♥♥♥♥♥   5.5,♥♥♥♥♥   3,♥♥♥♥♥   4,X,X,♥♥♥♥♥   3,X,X,X,Xbox Only,Xbox Only,No,,,
1435,FALSE,Far Away from Heaven,Free Spirit,2009,Mar 4 2010,Rock,M,English,RBN1,♥♥♥♥♥   3,♥♥♥♥♥   0,♥♥♥♥♥   1,♥♥♥♥♥   1,♥♥♥♥♥   1,♥♥♥♥♥   2,3,X,X,PS3/Xbox,PS3/Xbox,No,,RB3 Version Available,
1436,FALSE,Fight Back,Ron Wasserman,2010,Mar 4 2010,Rock,M,English,RBN1,♥♥♥♥♥   4,♥♥♥♥♥   2,♥♥♥♥♥   4,X,X,♥♥♥♥♥   1,X,X,X,Xbox Only,Xbox Only,No,,No Pro Drums,
1437,FALSE,For the Love of God (Live),Steve Vai,2009,Mar 4 2010,Rock,X,X,RBN1,♥♥♥♥♥   6,♥♥♥♥♥   2,♥♥♥♥♥   3,X,X,X,X,X,X,Yes,Yes,Yes,,"No Pro Drums (In RB3, does in RB4)",
1438,FALSE,Fortune,Kristin Hersh,2010,Mar 4 2010,Indie Rock,F,English,RBN1,♥♥♥♥♥   2,♥♥♥♥♥   1,♥♥♥♥♥   1,X,X,♥♥♥♥♥   3.5,X,X,X,Xbox Only,Xbox Only,No,,,
1439,FALSE,Get the Hell Out of Here,Steve Vai,2002,Mar 4 2010,Rock,X,X,RBN1,♥♥♥♥♥   5.5,♥♥♥♥♥   3,♥♥♥♥♥   2,X,X,X,X,X,X,Yes,Yes,No,,No Pro Drums,
1440,FALSE,Give,The Cold Goodnight,2009,Mar 4 2010,Alternative,F,English,RBN1,♥♥♥♥♥   3,♥♥♥♥♥   3,♥♥♥♥♥   3,X,X,♥♥♥♥♥   3,X,X,X,Xbox Only,Xbox Only,No,,,
1441,FALSE,Goth Girls,MC Frontalot,2005,Mar 4 2010,Other,M,English,RBN1,♥♥♥♥♥   4,♥♥♥♥♥   2,♥♥♥♥♥   4,X,X,♥♥♥♥♥   3,X,X,X,Yes,Yes,No,,No Pro Drums,
1442,FALSE,Grumpytown,Speck,2007,Mar 4 2010,Emo,M,English,RBN1,♥♥♥♥♥   2,♥♥♥♥♥   1,♥♥♥♥♥   3,X,X,♥♥♥♥♥   2,X,X,X,Xbox Only,Xbox Only,No,,No Pro Drums,
1443,FALSE,He Sleeps in a Grove,Amberian Dawn,2009,Mar 4 2010,Metal,F,English,RBN1,♥♥♥♥♥   5.5,♥♥♥♥♥   4.5,♥♥♥♥♥   5,X,X,♥♥♥♥♥   3,X,X,X,Yes,Yes,No,,No Pro Drums,
1444,FALSE,Heimdalsgate Like a Promethean Curse,of Montreal,2007,Mar 4 2010,Indie Rock,M,English,RBN1,♥♥♥♥♥   2,♥♥♥♥♥   1,♥♥♥♥♥   3,X,X,♥♥♥♥♥   4,X,X,X,Xbox Only,Xbox Only,Yes,,"No Pro Drums (In RB3, does in RB4)",
1445,FALSE,Homosuperior,The Main Drag,2009,Mar 4 2010,Indie Rock,M,English,RBN1,♥♥♥♥♥   4,♥♥♥♥♥   2,♥♥♥♥♥   3,X,X,♥♥♥♥♥   4.5,X,X,X,PS3/Xbox,PS3/Xbox,No,,"No Pro Drums, Singer has since transitioned so ingame gender is wrong",
1446,FALSE,Horses in Heaven,Fake Shark – Real Zombie!,2009,Mar 4 2010,Alternative,M,English,RBN1,♥♥♥♥♥   3,♥♥♥♥♥   3,♥♥♥♥♥   4,X,X,♥♥♥♥♥   4.5,X,X,X,Xbox Only,Xbox Only,No,,No Pro Drums,
1447,FALSE,How We'd Look on Paper,The Main Drag,2007,Mar 4 2010,Indie Rock,M,English,RBN1,♥♥♥♥♥   4,♥♥♥♥♥   4,♥♥♥♥♥   5,X,X,♥♥♥♥♥   3,X,X,X,Yes,Yes,Yes,,"No Pro Drums (In RB3, does in RB4), Singer has since transitioned so ingame gender is wrong",
1448,FALSE,Hyperbole,Glass Hammer,2009,Mar 4 2010,Prog,F,English,RBN1,♥♥♥♥♥   3,♥♥♥♥♥   4,♥♥♥♥♥   4,X,X,♥♥♥♥♥   2,X,X,X,Xbox Only,Xbox Only,No,,No Pro Drums,
1449,FALSE,Icarus' Song,Furly,2007,Mar 4 2010,Rock,M,English,RBN1,♥♥♥♥♥   2,♥♥♥♥♥   1,♥♥♥♥♥   4,X,X,♥♥♥♥♥   3,X,X,X,Yes,Yes,No,,No Pro Drums,
1450,FALSE,If Not Now When,Color Theory,2008,Mar 4 2010,Pop/Dance/Electronic,M,English,RBN1,♥♥♥♥♥   0,♥♥♥♥♥   1,♥♥♥♥♥   4,X,X,♥♥♥♥♥   3,X,X,X,Xbox Only,Xbox Only,No,,No Pro Drums,
1451,FALSE,If Trucks Drank Beer,Error 404 feat. CJ Watson,2009,Mar 4 2010,Country,M,English,RBN1,♥♥♥♥♥   4,♥♥♥♥♥   2,♥♥♥♥♥   1,X,X,♥♥♥♥♥   3,X,X,X,Xbox Only,Xbox Only,No,,No Pro Drums,
1452,FALSE,Ikea,Jonathan Coulton,2003,Mar 4 2010,Rock,M,English,RBN1,♥♥♥♥♥   2,♥♥♥♥♥   2,♥♥♥♥♥   2,X,X,♥♥♥♥♥   2,X,X,X,Yes,Yes,Yes,,"No Pro Drums (In RB3, does in RB4)",
1453,FALSE,In Memories,Giant Target,2009,Mar 4 2010,Punk,M,English,RBN1,♥♥♥♥♥   3,♥♥♥♥♥   2,♥♥♥♥♥   5,X,X,♥♥♥♥♥   3,X,X,X,Xbox Only,Xbox Only,No,,No Pro Drums,
1454,FALSE,Inside Out,Nick Gallant,2009,Mar 4 2010,Alternative,M,English,RBN1,♥♥♥♥♥   3,♥♥♥♥♥   2,♥♥♥♥♥   2,X,X,♥♥♥♥♥   2,X,X,X,Xbox Only,Xbox Only,No,,No Pro Drums,
1455,FALSE,It's Good,The Humans,2009,Mar 4 2010,Rock,M,English,RBN1,♥♥♥♥♥   3,♥♥♥♥♥   4,♥♥♥♥♥   4,X,X,♥♥♥♥♥   3,X,X,X,Xbox Only,Xbox Only,No,,No Pro Drums,
1456,FALSE,"It's Not You, It's Everyone",Full-Source,2009,Mar 4 2010,New Wave,M,English,RBN1,♥♥♥♥♥   3,♥♥♥♥♥   0,♥♥♥♥♥   3,X,X,♥♥♥♥♥   2,X,X,X,Xbox Only,Xbox Only,No,,,
1457,FALSE,Juke Joint Jezebel,KMFDM,1995,Mar 4 2010,Metal,M,English,RBN1,♥♥♥♥♥   4,♥♥♥♥♥   4.5,♥♥♥♥♥   4,X,X,♥♥♥♥♥   2,X,X,X,Yes,Yes,No,,,
1458,FALSE,Kick Some Ass '09,Stroke 9,2010,Mar 4 2010,Rock,M,English,RBN1,♥♥♥♥♥   1,♥♥♥♥♥   1,♥♥♥♥♥   2,X,X,♥♥♥♥♥   1,X,X,X,Yes,Yes,Yes,,"No Pro Drums (In RB3, does in RB4)",
1459,FALSE,Lady in a Blue Dress,Senses Fail,2004,Mar 4 2010,Rock,M,English,RBN1,♥♥♥♥♥   1,♥♥♥♥♥   1,♥♥♥♥♥   3,X,X,♥♥♥♥♥   2,X,X,X,Yes,Yes,Yes,,"No Pro Drums (In RB3, does in RB4)",
1460,FALSE,Lemon Juice,Scratching the Itch,2009,Mar 4 2010,Rock,M,English,RBN1,♥♥♥♥♥   3,♥♥♥♥♥   4,♥♥♥♥♥   5,X,X,♥♥♥♥♥   3.5,X,X,X,Xbox Only,Xbox Only,No,,No Pro Drums,
1461,FALSE,Lilith in Libra,You Shriek,2009,Mar 4 2010,New Wave,M,English,RBN1,♥♥♥♥♥   1,♥♥♥♥♥   1,♥♥♥♥♥   4,X,X,♥♥♥♥♥   2,X,X,X,Xbox Only,Xbox Only,No,,No Pro Drums,
1462,FALSE,Limousine,Stars of Boulevard,2009,Mar 4 2010,Rock,M,English,RBN1,♥♥♥♥♥   4,♥♥♥♥♥   2,♥♥♥♥♥   3,X,X,♥♥♥♥♥   3.5,X,X,X,Xbox Only,Xbox Only,No,,No Pro Drums,
1463,FALSE,Liquid Smog (StompBox Remix),WaveGroup feat. Becca Neun,2009,Mar 4 2010,Rock,F,English,RBN1,♥♥♥♥♥   5,♥♥♥♥♥   2,♥♥♥♥♥   1,X,X,♥♥♥♥♥   2,X,X,X,Xbox Only,Xbox Only,No,,No Pro Drums,
1464,FALSE,Little Black Backpack '09,Stroke 9,2010,Mar 4 2010,Rock,M,English,RBN1,♥♥♥♥♥   2,♥♥♥♥♥   2,♥♥♥♥♥   3,X,X,♥♥♥♥♥   2,X,X,X,Yes,Yes,Yes,,"No Pro Drums (In RB3, does in RB4)",
1465,FALSE,Liverpool Judies,The Fisticuffs,2009,Mar 4 2010,Punk,M,English,RBN1,♥♥♥♥♥   5,♥♥♥♥♥   2,♥♥♥♥♥   5,X,X,♥♥♥♥♥   2,X,X,X,Xbox Only,Xbox Only,No,,No Pro Drums,
1466,FALSE,Love During Wartime,The Main Drag,2007,Mar 4 2010,Indie Rock,M,English,RBN1,♥♥♥♥♥   5,♥♥♥♥♥   3,♥♥♥♥♥   3,X,X,♥♥♥♥♥   3.5,X,X,X,PS3/Xbox,PS3/Xbox,No,,"No Pro Drums, Singer has since transitioned so ingame gender is wrong",
1467,FALSE,Mechanical Love,In This Moment,2008,Mar 4 2010,Metal,F,English,RBN1,♥♥♥♥♥   2,♥♥♥♥♥   3,♥♥♥♥♥   3,X,X,♥♥♥♥♥   2,3,X,X,Yes,Yes,Yes,,"No Pro Drums (In RB3, does in RB4)",
1468,FALSE,Megatron,The Main Drag,2009,Mar 4 2010,Indie Rock,M,English,RBN1,♥♥♥♥♥   3,♥♥♥♥♥   4.5,♥♥♥♥♥   3,X,X,♥♥♥♥♥   2,X,X,X,PS3/Xbox,PS3/Xbox,No,,Singer has since transitioned so ingame gender is wrong,
1469,FALSE,Mississippi Kite,Kristin Hersh,2010,Mar 4 2010,Indie Rock,F,English,RBN1,♥♥♥♥♥   2,♥♥♥♥♥   2,♥♥♥♥♥   1,X,X,♥♥♥♥♥   2,X,X,X,Xbox Only,Xbox Only,No,,No Pro Drums,
1470,FALSE,Moonboy,The Dirty Love Band,2010,Mar 4 2010,Rock,M,English,RBN1,♥♥♥♥♥   3,♥♥♥♥♥   1,♥♥♥♥♥   4,X,X,♥♥♥♥♥   2,X,X,X,Xbox Only,Xbox Only,No,,No Pro Drums,
1471,FALSE,Nancy Drew,Pink Flag,2008,Mar 4 2010,Punk,F,English,RBN1,♥♥♥♥♥   3,♥♥♥♥♥   2,♥♥♥♥♥   4,X,X,♥♥♥♥♥   3.5,X,X,X,Xbox Only,Xbox Only,No,,No Pro Drums,
1472,FALSE,No Direction,Longwave,2008,Mar 4 2010,Alternative,M,English,RBN1,♥♥♥♥♥   3,♥♥♥♥♥   1,♥♥♥♥♥   4,X,X,♥♥♥♥♥   2,X,X,X,PS3/Xbox,PS3/Xbox,No,,No Pro Drums,
1473,FALSE,No Heroes,You Shriek,2010,Mar 4 2010,New Wave,M,English,RBN1,♥♥♥♥♥   2,♥♥♥♥♥   4,♥♥♥♥♥   4,X,X,♥♥♥♥♥   1,X,X,X,Xbox Only,Xbox Only,No,,No Pro Drums,
1474,FALSE,Not My Fault,Ultra Saturday,2010,Mar 4 2010,Punk,M,English,RBN1,♥♥♥♥♥   5,♥♥♥♥♥   4,♥♥♥♥♥   4,X,X,♥♥♥♥♥   3.5,X,X,X,Xbox Only,Xbox Only,No,,No Pro Drums,
1475,FALSE,Ox,Zack Wilson,2010,Mar 4 2010,R&B/Soul/Funk,M,English,RBN1,♥♥♥♥♥   1,♥♥♥♥♥   1,♥♥♥♥♥   1,X,X,♥♥♥♥♥   2,X,X,X,Xbox Only,Xbox Only,No,,No Pro Drums,
1476,FALSE,Paper Valentines,James William Roy,2010,Mar 4 2010,Indie Rock,M,English,RBN1,♥♥♥♥♥   2,♥♥♥♥♥   2,♥♥♥♥♥   2,X,X,♥♥♥♥♥   0,X,X,X,Xbox Only,Xbox Only,No,,No Pro Drums,
1477,FALSE,Parhelia,Heaven Ablaze,2009,Mar 4 2010,Metal,M,English,RBN1,♥♥♥♥♥   5.5,♥♥♥♥♥   4.5,♥♥♥♥♥   5.5,X,X,♥♥♥♥♥   0,X,X,X,Yes,Yes,No,,No Pro Drums,
1478,FALSE,Persistence of Vision,Matter in the Medium,2009,Mar 4 2010,Prog,X,X,RBN1,♥♥♥♥♥   4,♥♥♥♥♥   3,♥♥♥♥♥   4,X,X,X,X,X,X,PS3/Xbox,PS3/Xbox,No,,No Pro Drums,
1479,FALSE,Race The Hourglass,Audio Fiction,2008,Mar 4 2010,Rock,F,English,RBN1,♥♥♥♥♥   4,♥♥♥♥♥   2,♥♥♥♥♥   3,X,X,♥♥♥♥♥   3,X,X,X,Xbox Only,Xbox Only,No,,No Pro Drums,
1480,FALSE,Red Sky At Morn,Full-Source,2009,Mar 4 2010,Pop/Dance/Electronic,M,English,RBN1,♥♥♥♥♥   3,♥♥♥♥♥   2,♥♥♥♥♥   4,X,X,♥♥♥♥♥   2,X,X,X,Xbox Only,Xbox Only,No,,,
1481,FALSE,Requiem for a Dying Song,Flogging Molly,2008,Mar 4 2010,Punk,M,English,RBN1,♥♥♥♥♥   3,♥♥♥♥♥   2,♥♥♥♥♥   1,X,X,♥♥♥♥♥   3,X,X,X,Yes,Yes,Yes,ReLd-DLC,"No Pro Drums (In RB3, does in RB4)",
1482,FALSE,Rip'er,Lead the Dead,2009,Mar 4 2010,Metal,M,English,RBN1,♥♥♥♥♥   5.5,♥♥♥♥♥   4,♥♥♥♥♥   5,X,X,♥♥♥♥♥   1,X,X,X,Yes,Yes,No,,No Pro Drums,
1483,FALSE,River of Tuoni,Amberian Dawn,2008,Mar 4 2010,Metal,F,English,RBN1,♥♥♥♥♥   5,♥♥♥♥♥   2,♥♥♥♥♥   6,X,X,♥♥♥♥♥   1,X,X,X,Yes,Yes,Yes,,"No Pro Drums (In RB3, does in RB4)",
1484,FALSE,Running for the Razors,Fake Shark – Real Zombie!,2009,Mar 4 2010,Alternative,M,English,RBN1,♥♥♥♥♥   2,♥♥♥♥♥   4,♥♥♥♥♥   4,X,X,♥♥♥♥♥   3.5,X,X,X,Xbox Only,Xbox Only,No,,No Pro Drums,
1485,FALSE,Rx,Wounded Soul,2009,Mar 4 2010,Metal,F,English,RBN1,♥♥♥♥♥   3,♥♥♥♥♥   2,♥♥♥♥♥   5,X,X,♥♥♥♥♥   3.5,X,X,X,Yes,Yes,No,,No Pro Drums,
1486,FALSE,Sequestered in Memphis,The Hold Steady,2008,Mar 4 2010,Indie Rock,M,English,RBN1,♥♥♥♥♥   2,♥♥♥♥♥   2,♥♥♥♥♥   2,X,X,♥♥♥♥♥   2,X,X,X,Yes,Yes,Yes,,"No Pro Drums (In RB3, does in RB4)",
1487,FALSE,Sestri Levante,Fake Shark – Real Zombie!,2009,Mar 4 2010,Alternative,M,English,RBN1,♥♥♥♥♥   2,♥♥♥♥♥   4,♥♥♥♥♥   4,X,X,♥♥♥♥♥   1,X,X,X,Xbox Only,Xbox Only,No,,No Pro Drums,
1488,FALSE,Sick,Bif Naked,2009,Mar 4 2010,Rock,F,English,RBN1,♥♥♥♥♥   1,♥♥♥♥♥   1,♥♥♥♥♥   3,X,X,♥♥♥♥♥   1,X,X,X,Yes,Yes,No,,No Pro Drums,
1489,FALSE,Signs,Giant Target,2009,Mar 4 2010,Punk,M,English,RBN1,♥♥♥♥♥   4,♥♥♥♥♥   3,♥♥♥♥♥   5,X,X,♥♥♥♥♥   3,2,X,X,Xbox Only,Xbox Only,Yes,,"No Pro Drums (In RB3, does in RB4)",
1490,FALSE,Sissyfuss,Surprise Me Mr. Davis,2009,Mar 4 2010,Rock,M,English,RBN1,♥♥♥♥♥   4,♥♥♥♥♥   3,♥♥♥♥♥   3,X,X,♥♥♥♥♥   1,X,X,X,Xbox Only,Xbox Only,No,,No Pro Drums,
1491,FALSE,Sleep On,Glass Hammer,2009,Mar 4 2010,Prog,F,English,RBN1,♥♥♥♥♥   3,♥♥♥♥♥   4,♥♥♥♥♥   2,X,X,♥♥♥♥♥   1,X,X,X,Xbox Only,Xbox Only,No,,No Pro Drums,
1492,FALSE,Stand for Something,Skindred,2009,Mar 4 2010,Metal,M,English,RBN1,♥♥♥♥♥   2,♥♥♥♥♥   1,♥♥♥♥♥   3,♥♥♥♥♥   1,♥♥♥♥♥   3,♥♥♥♥♥   4,2,X,X,Yes,Yes,Yes,,"RB3 Version Available (on Xbox only), No Pro Drums On Original Version",
1493,FALSE,Still There,Bojibian,2009,Mar 4 2010,Indie Rock,M,English,RBN1,♥♥♥♥♥   3,♥♥♥♥♥   1,♥♥♥♥♥   3,X,X,♥♥♥♥♥   1,X,X,X,Xbox Only,Xbox Only,No,,No Pro Drums,
1494,FALSE,Superhero!,Ultra Saturday,2009,Mar 4 2010,Punk,M,English,RBN1,♥♥♥♥♥   2,♥♥♥♥♥   4,♥♥♥♥♥   5,X,X,♥♥♥♥♥   3,X,X,X,Xbox Only,Xbox Only,No,,,
1495,FALSE,Survive,Lacuna Coil,2009,Mar 4 2010,Metal,F,English,RBN1,♥♥♥♥♥   2,♥♥♥♥♥   2,♥♥♥♥♥   3,X,X,♥♥♥♥♥   3.5,X,X,X,Yes,Yes,No,,No Pro Drums,
1496,FALSE,Tadpole Search and Rescue,Chaunce DeLeon and the Fountain of Choof,2009,Mar 4 2010,Rock,M,English,RBN1,♥♥♥♥♥   3,♥♥♥♥♥   3,♥♥♥♥♥   3,X,X,♥♥♥♥♥   3,X,X,X,PS3/Xbox,PS3/Xbox,No,,No Pro Drums,
1497,FALSE,Talk About,Dear and the Headlights,2008,Mar 4 2010,Indie Rock,M,English,RBN1,♥♥♥♥♥   3,♥♥♥♥♥   3,♥♥♥♥♥   5,X,X,♥♥♥♥♥   4.5,X,X,X,Yes,Yes,No,,No Pro Drums,
1498,FALSE,Talk Them Down,The Main Drag,2009,Mar 4 2010,Indie Rock,M,English,RBN1,♥♥♥♥♥   3,♥♥♥♥♥   2,♥♥♥♥♥   5.5,X,X,♥♥♥♥♥   3,X,X,X,PS3/Xbox,PS3/Xbox,No,,"No Pro Drums, Singer has since transitioned so ingame gender is wrong",
1499,FALSE,"Teeth, Face, Outerspace",The Main Drag,2009,Mar 4 2010,Indie Rock,M,English,RBN1,♥♥♥♥♥   5,♥♥♥♥♥   0,♥♥♥♥♥   5,X,X,♥♥♥♥♥   1,X,X,X,PS3/Xbox,PS3/Xbox,No,,"No Pro Drums, Singer has since transitioned so ingame gender is wrong",
1500,FALSE,The Attitude Song,Steve Vai,1984,Mar 4 2010,Rock,X,X,RBN1,♥♥♥♥♥   6,♥♥♥♥♥   4,♥♥♥♥♥   6,X,X,X,X,X,X,Yes,Yes,Yes,,"No Pro Drums (In RB3, does in RB4)",
1501,FALSE,The Buddy Disease,Scratching the Itch,2009,Mar 4 2010,Rock,M,English,RBN1,♥♥♥♥♥   3,♥♥♥♥♥   1,♥♥♥♥♥   3,X,X,♥♥♥♥♥   3.5,X,X,X,Xbox Only,Xbox Only,No,,No Pro Drums,
1502,FALSE,The Complexity of Light,Children of Nova,2009,Mar 4 2010,Prog,M,English,RBN1,♥♥♥♥♥   4,♥♥♥♥♥   4,♥♥♥♥♥   6,X,X,♥♥♥♥♥   4,3,X,X,Yes,Yes,Yes,,"No Pro Drums (In RB3, does in RB4)",
1503,FALSE,The Future Soon,Jonathan Coulton,2004,Mar 4 2010,Rock,M,English,RBN1,♥♥♥♥♥   3,♥♥♥♥♥   2,♥♥♥♥♥   3,X,X,♥♥♥♥♥   3,X,X,X,PS3/Xbox,PS3/Xbox,No,,No Pro Drums,
1504,FALSE,The Heist,DnA's Evolution,2009,Mar 4 2010,Rock,M,English,RBN1,♥♥♥♥♥   3,♥♥♥♥♥   3,♥♥♥♥♥   4,X,X,♥♥♥♥♥   0,2,X,X,Xbox Only,Xbox Only,Yes,,"No Pro Drums (In RB3, does in RB4)",
1505,FALSE,Tongue Twister Typo,Blackmarket,2010,Mar 4 2010,Alternative,M,English,RBN1,♥♥♥♥♥   1,♥♥♥♥♥   2,♥♥♥♥♥   3,X,X,♥♥♥♥♥   3,X,X,X,Yes,Yes,No,,No Pro Drums,
1506,FALSE,Top Back,Alias Unknown,2009,Mar 4 2010,Hip-Hop/Rap,M,English,RBN1,♥♥♥♥♥   3,♥♥♥♥♥   0,♥♥♥♥♥   3,X,X,♥♥♥♥♥   2,X,X,X,Yes,Yes,No,,No Pro Drums,
1507,FALSE,Tricky Girl,The Main Drag,2009,Mar 4 2010,Indie Rock,M,English,RBN1,♥♥♥♥♥   3,♥♥♥♥♥   3,♥♥♥♥♥   2,X,X,♥♥♥♥♥   4.5,X,X,X,PS3/Xbox,PS3/Xbox,No,,Singer has since transitioned so ingame gender is wrong,
1508,FALSE,Trippolette,Andrew Buch,2005,Mar 4 2010,Prog,X,X,RBN1,♥♥♥♥♥   5.5,♥♥♥♥♥   5.5,♥♥♥♥♥   5.5,X,X,X,X,X,X,PS3/Xbox,PS3/Xbox,No,,No Pro Drums,
1509,FALSE,Turn Yourself Around,Nick Gallant,2007,Mar 4 2010,Alternative,M,English,RBN1,♥♥♥♥♥   3,♥♥♥♥♥   3,♥♥♥♥♥   1,X,X,♥♥♥♥♥   3.5,X,X,X,Xbox Only,Xbox Only,No,,,
1510,FALSE,VP of Booty Reports,Speck,2007,Mar 4 2010,Pop-Rock,M,English,RBN1,♥♥♥♥♥   1,♥♥♥♥♥   1,♥♥♥♥♥   4,X,X,♥♥♥♥♥   2,X,X,X,Xbox Only,Xbox Only,No,,No Pro Drums,
1511,FALSE,Watch It All Go Down,Foreword,2009,Mar 4 2010,Indie Rock,M,English,RBN1,♥♥♥♥♥   2,♥♥♥♥♥   1,♥♥♥♥♥   4,X,X,♥♥♥♥♥   3,X,X,X,PS3/Xbox,PS3/Xbox,No,,No Pro Drums,
1512,FALSE,We Are the Best,C&O,2009,Mar 4 2010,Rock,M,English,RBN1,♥♥♥♥♥   1,♥♥♥♥♥   0,♥♥♥♥♥   2,X,X,♥♥♥♥♥   1,X,X,X,Xbox Only,Xbox Only,No,,No Pro Drums,
1513,FALSE,Whatever Is Wrong With You,Marillion,2008,Mar 4 2010,Prog,M,English,RBN1,♥♥♥♥♥   3,♥♥♥♥♥   2,♥♥♥♥♥   4,X,X,♥♥♥♥♥   2,X,X,X,PS3/Xbox,PS3/Xbox,No,,No Pro Drums,
1514,FALSE,What's Your Favorite Dinosaur?,The Main Drag,2007,Mar 4 2010,Indie Rock,M,English,RBN1,♥♥♥♥♥   3,♥♥♥♥♥   3,♥♥♥♥♥   5,X,X,♥♥♥♥♥   2,3,X,X,PS3/Xbox,PS3/Xbox,Yes,,"No Pro Drums (In RB3, does in RB4), Singer has since transitioned so ingame gender is wrong",
1515,FALSE,You Got That,The Everybody,2009,Mar 4 2010,Indie Rock,M,English,RBN1,♥♥♥♥♥   1,♥♥♥♥♥   1,♥♥♥♥♥   2,X,X,♥♥♥♥♥   1,X,X,X,Xbox Only,Xbox Only,No,,No Pro Drums,
1516,FALSE,You're My Everything,Scratching the Itch,2009,Mar 4 2010,New Wave,M,English,RBN1,♥♥♥♥♥   4,♥♥♥♥♥   1,♥♥♥♥♥   5,X,X,♥♥♥♥♥   2,X,X,X,Xbox Only,Xbox Only,No,,,
1517,FALSE,Bleeder,Alchemilla,2010,Mar 5 2010,Rock,F,English,RBN1,♥♥♥♥♥   3,♥♥♥♥♥   4,♥♥♥♥♥   4,X,X,♥♥♥♥♥   3.5,X,X,X,Xbox Only,Xbox Only,No,,No Pro Drums,
1518,FALSE,Cali Girl,Ballyhoo!,2006,Mar 5 2010,Reggae/Ska,M,English,RBN1,♥♥♥♥♥   3,♥♥♥♥♥   3,♥♥♥♥♥   4,X,X,♥♥♥♥♥   3,X,X,X,Yes,Yes,No,,No Pro Drums,
1519,FALSE,Code Monkey,Jonathan Coulton,2006,Mar 5 2010,Pop-Rock,M,English,RBN1,♥♥♥♥♥   1,♥♥♥♥♥   1,♥♥♥♥♥   1,X,X,♥♥♥♥♥   2,3,X,X,Yes,Yes,Yes,,"No Pro Drums (In RB3, does in RB4)",
1520,FALSE,Gave It Up,Pollyn,2009,Mar 5 2010,Alternative,F,English,RBN1,♥♥♥♥♥   0,♥♥♥♥♥   0,♥♥♥♥♥   2,X,X,♥♥♥♥♥   1,X,X,X,Xbox Only,Xbox Only,No,,No Pro Drums,
1521,FALSE,Genius,The B.O.L.T.,2009,Mar 5 2010,Indie Rock,M,English,RBN1,♥♥♥♥♥   4,♥♥♥♥♥   4,♥♥♥♥♥   3,X,X,♥♥♥♥♥   2,X,X,X,PS3/Xbox,PS3/Xbox,No,,No Pro Drums,
1522,FALSE,Makeup/Breakup (Original Version),Super Gravity,2009,Mar 5 2010,Rock,M,English,RBN1,♥♥♥♥♥   5,♥♥♥♥♥   3,♥♥♥♥♥   5.5,X,X,♥♥♥♥♥   1,X,X,X,Xbox Only,Xbox Only,No,,No Pro Drums,
1523,FALSE,Minnesota,Voodoo Pharmacology,2010,Mar 5 2010,Indie Rock,M,English,RBN1,♥♥♥♥♥   1,♥♥♥♥♥   1,♥♥♥♥♥   3,X,X,♥♥♥♥♥   2,X,X,X,Xbox Only,Xbox Only,No,,No Pro Drums,
1524,FALSE,Packet Flier,Terrorhorse,2009,Mar 5 2010,Metal,M,English,RBN1,♥♥♥♥♥   5.5,♥♥♥♥♥   4,♥♥♥♥♥   5.5,X,X,♥♥♥♥♥   1,X,X,X,Yes,Yes,No,,No Pro Drums,
1525,FALSE,Push Push (Lady Lightning),Bang Camaro,2007,Mar 5 2010,Rock,M,English,RBN1,♥♥♥♥♥   5,♥♥♥♥♥   5,♥♥♥♥♥   3,X,X,♥♥♥♥♥   0,3,X,X,Yes,Yes,Yes,,"No Pro Drums (In RB3, does in RB4)",
1526,FALSE,Stegosaurus Song,Eric Harm,2007,Mar 5 2010,Pop-Rock,M,English,RBN1,♥♥♥♥♥   2,♥♥♥♥♥   0,♥♥♥♥♥   4,X,X,♥♥♥♥♥   2,X,X,X,Xbox Only,Xbox Only,No,,No Pro Drums,
1527,FALSE,White Heat,Cetan Clawson and the Soul Side,2006,Mar 5 2010,Blues,M,English,RBN1,♥♥♥♥♥   5,♥♥♥♥♥   4,♥♥♥♥♥   5,X,X,♥♥♥♥♥   1,X,X,X,Yes,Yes,No,,No Pro Drums,
1528,FALSE,Approach the Podium,Winds of Plague,2009,Mar 6 2010,Metal,M,English,RBN1,♥♥♥♥♥   4,♥♥♥♥♥   5,♥♥♥♥♥   5,X,X,♥♥♥♥♥   0,X,X,X,Yes,Yes,Yes,,No Pro Drums,
1529,FALSE,Demon Woman,Flight of the Conchords,2009,Mar 6 2010,Novelty,M,English,RBN1,♥♥♥♥♥   2,♥♥♥♥♥   2,♥♥♥♥♥   3,X,X,♥♥♥♥♥   4,3,X,X,Yes,Yes,Yes,,"No Pro Drums (In RB3, does in RB4)",
1530,FALSE,Roll Over,Uniform Motion,2010,Mar 6 2010,Indie Rock,M,English,RBN1,♥♥♥♥♥   2,♥♥♥♥♥   1,♥♥♥♥♥   2,X,X,♥♥♥♥♥   3.5,X,X,X,Xbox Only,Xbox Only,No,,No Pro Drums,
1531,FALSE,So Says I,The Shins,2003,Mar 6 2010,Indie Rock,M,English,RBN1,♥♥♥♥♥   3,♥♥♥♥♥   1,♥♥♥♥♥   2,X,X,♥♥♥♥♥   4.5,X,X,X,Yes,Yes,No,,,
1532,FALSE,Push Me,The Carsitters,2009,Mar 7 2010,Rock,F,English,RBN1,♥♥♥♥♥   4,♥♥♥♥♥   2,♥♥♥♥♥   4,X,X,♥♥♥♥♥   3,X,X,X,Xbox Only,Xbox Only,No,,No Pro Drums,
1533,FALSE,Shiny Dark Bar,James William Roy,2010,Mar 7 2010,Indie Rock,M,English,RBN1,♥♥♥♥♥   2,♥♥♥♥♥   2,♥♥♥♥♥   2,X,X,♥♥♥♥♥   2,X,X,X,Xbox Only,Xbox Only,No,,No Pro Drums,
1534,FALSE,Do You Feel Like Breaking Up?,Mark Mallman,2008,Mar 8 2010,Indie Rock,M,English,RBN1,♥♥♥♥♥   2,♥♥♥♥♥   2,♥♥♥♥♥   5,X,X,♥♥♥♥♥   3,X,X,X,Xbox Only,Xbox Only,No,,,
1535,FALSE,Mordecai,Between the Buried and Me,2003,Mar 8 2010,Prog,M,English,RBN1,♥♥♥♥♥   6,♥♥♥♥♥   6,♥♥♥♥♥   6,X,X,♥♥♥♥♥   3,X,X,X,Yes,Yes,Yes,,"No Pro Drums (In RB3, does in RB4)",
1536,FALSE,Stick Stickly,Attack Attack!,2009,Mar 8 2010,Metal,M,English,RBN1,♥♥♥♥♥   3,♥♥♥♥♥   3,♥♥♥♥♥   4,X,X,♥♥♥♥♥   2,X,X,X,PS3/Xbox,PS3/Xbox,No,,No Pro Drums,
1537,FALSE,Africa,Quartered,2007,Mar 9 2010,Prog,M,English,RBN1,♥♥♥♥♥   5,♥♥♥♥♥   5,♥♥♥♥♥   6,X,X,♥♥♥♥♥   3,3,X,X,Yes,Yes,No,,"RB3 Version Available (on PS and Xbox), No Pro Drums On Original Version",
1538,FALSE,Car Windows,The Main Drag,2007,Mar 9 2010,Indie Rock,M,English,RBN1,♥♥♥♥♥   4,♥♥♥♥♥   1,♥♥♥♥♥   1,X,X,♥♥♥♥♥   1,X,X,X,PS3/Xbox,PS3/Xbox,No,,,
1539,FALSE,Descend Into the Eternal Pits of Possession,The Project Hate MCMXCIX,2009,Mar 9 2010,Metal,F,English,RBN1,♥♥♥♥♥   5.5,♥♥♥♥♥   4.5,♥♥♥♥♥   5.5,X,X,♥♥♥♥♥   2,X,X,X,PS3/Xbox,PS3/Xbox,No,,No Pro Drums,
1540,FALSE,Life Unworthy of Life,Warpath,2008,Mar 9 2010,Metal,M,English,RBN1,♥♥♥♥♥   5.5,♥♥♥♥♥   4,♥♥♥♥♥   5.5,X,X,♥♥♥♥♥   0,X,X,X,Yes,Yes,No,,No Pro Drums,
1541,FALSE,Love and the Triumph Of,Broadcast,2009,Mar 9 2010,Alternative,M,English,RBN1,♥♥♥♥♥   5,♥♥♥♥♥   1,♥♥♥♥♥   5,X,X,♥♥♥♥♥   2,X,X,X,PS3/Xbox,PS3/Xbox,No,,No Pro Drums,
1542,FALSE,Second Best Friend,The Nebraska Sailing Authority,2009,Mar 9 2010,Rock,M,English,RBN1,♥♥♥♥♥   5,♥♥♥♥♥   1,♥♥♥♥♥   4,X,X,♥♥♥♥♥   3,X,X,X,Xbox Only,Xbox Only,No,,No Pro Drums,
1543,FALSE,The Most Beautiful Girl (In the Room),Flight of the Conchords,2008,Mar 9 2010,Novelty,M,English,RBN1,♥♥♥♥♥   3,♥♥♥♥♥   1,♥♥♥♥♥   2,X,X,♥♥♥♥♥   5,3,X,X,Yes,Yes,Yes,,"No Pro Drums (In RB3, does in RB4)",
1544,FALSE,Whatever Happened to You,Cate Sparks,2009,Mar 9 2010,Pop-Rock,F,English,RBN1,♥♥♥♥♥   2,♥♥♥♥♥   1,♥♥♥♥♥   3,X,X,♥♥♥♥♥   2,X,X,X,Yes,Yes,No,ReLd-DLC,No Pro Drums,
1545,FALSE,Day to Day,Eulogies,2009,Mar 10 2010,Indie Rock,M,English,RBN1,♥♥♥♥♥   0,♥♥♥♥♥   0,♥♥♥♥♥   1,X,X,♥♥♥♥♥   0,X,X,X,Xbox Only,Xbox Only,No,,No Pro Drums,
1546,FALSE,Destructive Device,Mindflow,2008,Mar 10 2010,Prog,M,English,RBN1,♥♥♥♥♥   5,♥♥♥♥♥   4.5,♥♥♥♥♥   5,X,X,♥♥♥♥♥   3,X,X,X,PS3/Xbox,PS3/Xbox,No,,No Pro Drums,
1547,FALSE,Moonshine Hollar,Zack Wilson,2010,Mar 11 2010,Rock,M,English,RBN1,♥♥♥♥♥   4,♥♥♥♥♥   2,♥♥♥♥♥   4,X,X,♥♥♥♥♥   2,X,X,X,Xbox Only,Xbox Only,No,,No Pro Drums,
1548,FALSE,Still Alive,World Minus One,2009,Mar 11 2010,Rock,F,English,RBN1,♥♥♥♥♥   4,♥♥♥♥♥   3,♥♥♥♥♥   4,X,X,♥♥♥♥♥   3,X,X,X,Xbox Only,Xbox Only,No,,No Pro Drums,
1549,FALSE,What a Trip,Analogue Revolution feat. First Be,2008,Mar 11 2010,Hip-Hop/Rap,M,English,RBN1,♥♥♥♥♥   2,♥♥♥♥♥   1,♥♥♥♥♥   3,X,X,♥♥♥♥♥   1,X,X,X,Xbox Only,Xbox Only,No,,No Pro Drums,
1550,FALSE,Dirty South Rock,Hyro da Hero,2009,Mar 12 2010,Hip-Hop/Rap,M,English,RBN1,♥♥♥♥♥   1,♥♥♥♥♥   0,♥♥♥♥♥   4,X,X,♥♥♥♥♥   0,X,X,X,Xbox Only,Xbox Only,No,,No Pro Drums,
1551,FALSE,One Bad Man,Midnight Riders,2009,Mar 13 2010,Southern Rock,M,English,RBN1,♥♥♥♥♥   2,♥♥♥♥♥   2,♥♥♥♥♥   1,X,X,♥♥♥♥♥   2,X,X,X,PS3/Xbox,PS3/Xbox,No,,No Pro Drums,
1552,FALSE,Battle Royale,The Word Alive,2009,Mar 14 2010,Metal,F,English,RBN1,♥♥♥♥♥   6,♥♥♥♥♥   6,♥♥♥♥♥   6,X,X,♥♥♥♥♥   4,X,X,X,Yes,Yes,Yes,,"No Pro Drums (In RB3, does in RB4)",
1553,FALSE,Elements,Texas in July,2009,Mar 14 2010,Metal,M,English,RBN1,♥♥♥♥♥   5.5,♥♥♥♥♥   3,♥♥♥♥♥   5.5,X,X,♥♥♥♥♥   0,X,X,X,Yes,Yes,No,,No Pro Drums,
1554,FALSE,My New Favorite Disaster,megaphone,2009,Mar 14 2010,Rock,M,English,RBN1,♥♥♥♥♥   2,♥♥♥♥♥   1,♥♥♥♥♥   0,X,X,♥♥♥♥♥   1,X,X,X,Xbox Only,Xbox Only,No,,No Pro Drums,
1555,FALSE,Nothing There,Oliver Pride,2009,Mar 14 2010,Rock,M,English,RBN1,♥♥♥♥♥   2,♥♥♥♥♥   1,♥♥♥♥♥   3,X,X,♥♥♥♥♥   1,X,X,X,Xbox Only,Xbox Only,No,,No Pro Drums,
1556,FALSE,Rise,Solarcade,2009,Mar 14 2010,Pop-Rock,M,English,RBN1,♥♥♥♥♥   3,♥♥♥♥♥   2,♥♥♥♥♥   2,X,X,♥♥♥♥♥   1,X,X,X,Xbox Only,Xbox Only,No,,No Pro Drums,
1557,FALSE,The Mob Goes Wild,Clutch,2004,Mar 14 2010,Rock,M,English,RBN1,♥♥♥♥♥   2,♥♥♥♥♥   2,♥♥♥♥♥   3,X,X,♥♥♥♥♥   3,3,X,X,Yes,Yes,Yes,,"No Pro Drums (In RB3, does in RB4)",
1558,FALSE,You're A Wolf,Sea Wolf,2007,Mar 14 2010,Indie Rock,M,English,RBN1,♥♥♥♥♥   0,♥♥♥♥♥   0,♥♥♥♥♥   0,X,X,♥♥♥♥♥   2,X,X,X,PS3/Xbox,PS3/Xbox,Yes,,,
1559,FALSE,"50,000 Unstoppable Watts",Clutch,2009,Mar 15 2010,Rock,M,English,RBN1,♥♥♥♥♥   1,♥♥♥♥♥   1,♥♥♥♥♥   4,X,X,♥♥♥♥♥   4,X,X,X,Yes,Yes,Yes,,"No Pro Drums (In RB3, does in RB4)",
1560,FALSE,Dragonfly (Symbion Project Remix),Universal Hall Pass,2006,Mar 15 2010,Alternative,F,English,RBN1,♥♥♥♥♥   2,♥♥♥♥♥   1,♥♥♥♥♥   4,X,X,♥♥♥♥♥   3.5,X,X,X,PS3/Xbox,PS3/Xbox,No,,No Pro Drums,
1561,FALSE,We Are Not Anonymous,Unearth,2008,Mar 15 2010,Metal,M,English,RBN1,♥♥♥♥♥   6,♥♥♥♥♥   3,♥♥♥♥♥   4,X,X,♥♥♥♥♥   0,X,X,X,Yes,Yes,Yes,,"No Pro Drums (In RB3, does in RB4)",
1562,FALSE,Business Time,Flight of the Conchords,2008,Mar 16 2010,Novelty,M,English,RBN1,♥♥♥♥♥   4,♥♥♥♥♥   2,♥♥♥♥♥   2,X,X,♥♥♥♥♥   2,3,X,X,Yes,Yes,Yes,,"No Pro Drums (In RB3, does in RB4)",
1563,FALSE,Dirty King,The Cliks,2009,Mar 16 2010,Rock,M,English,RBN1,♥♥♥♥♥   2,♥♥♥♥♥   1,♥♥♥♥♥   2,X,X,♥♥♥♥♥   1,X,X,X,Xbox Only,Xbox Only,No,,No Pro Drums,
1564,FALSE,"I'm Made of Wax, Larry, What Are You Made Of?",A Day to Remember,2009,Mar 16 2010,Punk,M,English,RBN1,♥♥♥♥♥   3,♥♥♥♥♥   3,♥♥♥♥♥   4,X,X,♥♥♥♥♥   3,X,X,X,Yes,Yes,Yes,,"No Pro Drums (In RB3, does in RB4)",
1565,FALSE,Midnight Ride,Midnight Riders,2009,Mar 16 2010,Southern Rock,M,English,RBN1,♥♥♥♥♥   3,♥♥♥♥♥   0,♥♥♥♥♥   1,X,X,♥♥♥♥♥   1,X,X,X,PS3/Xbox,PS3/Xbox,No,,No Pro Drums,
1566,FALSE,Semi-Charmed Life '09,Third Eye Blind,2009,Mar 16 2010,Alternative,M,English,RBN1,♥♥♥♥♥   1,♥♥♥♥♥   3,♥♥♥♥♥   2,X,X,♥♥♥♥♥   4,3,X,X,Yes,Yes,Yes,ReLd-DLC,"No Pro Drums (In RB3, does in RB4)",
1567,FALSE,Bodies,Drowning Pool,2001,Mar 17 2010,Rock,M,English,RBN1,♥♥♥♥♥   2,♥♥♥♥♥   2,♥♥♥♥♥   3,X,X,♥♥♥♥♥   3,X,X,X,Yes,Yes,Yes,Reload,"No Pro Drums (In RB3, does in RB4)",
1568,FALSE,Collapsing,Demon Hunter,2010,Mar 17 2010,Metal,M,English,RBN1,♥♥♥♥♥   4,♥♥♥♥♥   4,♥♥♥♥♥   5.5,X,X,♥♥♥♥♥   2,X,X,X,Yes,Yes,No,,No Pro Drums,
1569,FALSE,Days Without,All That Remains,2008,Mar 17 2010,Metal,M,English,RBN1,♥♥♥♥♥   5,♥♥♥♥♥   3,♥♥♥♥♥   6,X,X,♥♥♥♥♥   2,X,X,X,Yes,Yes,Yes,,"No Pro Drums (In RB3, does in RB4)",
1570,FALSE,One Step Further,MxPx,2009,Mar 17 2010,Punk,M,English,RBN1,♥♥♥♥♥   2,♥♥♥♥♥   2,♥♥♥♥♥   5,X,X,♥♥♥♥♥   2,X,X,X,Xbox Only,Xbox Only,No,,No Pro Drums,
1571,FALSE,Being Here,The Stills,2008,Mar 18 2010,Indie Rock,M,English,RBN1,♥♥♥♥♥   2,♥♥♥♥♥   1,♥♥♥♥♥   2,X,X,♥♥♥♥♥   1,X,X,X,PS3/Xbox,PS3/Xbox,No,,No Pro Drums,
1572,FALSE,Dance With Me,Stewart,2009,Mar 18 2010,Punk,F,English,RBN1,♥♥♥♥♥   4,♥♥♥♥♥   3,♥♥♥♥♥   3,X,X,♥♥♥♥♥   3.5,X,X,X,PS3/Xbox,PS3/Xbox,No,,No Pro Drums,
1573,FALSE,Remedy,Seether,2005,Mar 18 2010,Metal,M,English,RBN1,♥♥♥♥♥   2,♥♥♥♥♥   1,♥♥♥♥♥   3,X,X,♥♥♥♥♥   2,3,X,X,Yes,Yes,Yes,Reload,"No Pro Drums (In RB3, does in RB4)",
1574,FALSE,Energy,The Apples in Stereo,2007,Mar 19 2010,Pop-Rock,M,English,RBN1,♥♥♥♥♥   2,♥♥♥♥♥   0,♥♥♥♥♥   3,X,X,♥♥♥♥♥   2,X,X,X,Yes,Yes,Yes,,,
1575,FALSE,"First We Feast, Then We Felony",Circus Circus,2008,Mar 19 2010,Metal,M,English,RBN1,♥♥♥♥♥   5,♥♥♥♥♥   4,♥♥♥♥♥   5,X,X,♥♥♥♥♥   1,X,X,X,Yes,Yes,No,,No Pro Drums,
1576,FALSE,Hot Sexy Girls,Joe Sibol,2008,Mar 19 2010,Pop-Rock,M,English,RBN1,♥♥♥♥♥   1,♥♥♥♥♥   1,♥♥♥♥♥   2,X,X,♥♥♥♥♥   1,X,X,X,Xbox Only,Xbox Only,No,,No Pro Drums,
1577,FALSE,I Know What I Am,Band of Skulls,2009,Mar 19 2010,Indie Rock,M,English,RBN1,♥♥♥♥♥   1,♥♥♥♥♥   0,♥♥♥♥♥   1,X,X,♥♥♥♥♥   3,3,X,X,Yes,Yes,Yes,,"No Pro Drums (In RB3, does in RB4)",
1578,FALSE,I'm Alive,Kid Beyond,2010,Mar 19 2010,Rock,M,English,RBN1,♥♥♥♥♥   1,♥♥♥♥♥   1,♥♥♥♥♥   4,X,X,♥♥♥♥♥   1,X,X,X,Xbox Only,Xbox Only,No,,No Pro Drums,
1579,FALSE,Past Lives,The Bronx,2008,Mar 19 2010,Punk,M,English,RBN1,♥♥♥♥♥   3,♥♥♥♥♥   3,♥♥♥♥♥   4,X,X,♥♥♥♥♥   3.5,X,X,X,Xbox Only,Xbox Only,No,,No Pro Drums,
1580,FALSE,Taking Apart a Gigantic Machine,The Main Drag,2007,Mar 19 2010,Indie Rock,M,English,RBN1,♥♥♥♥♥   4,♥♥♥♥♥   2,♥♥♥♥♥   5,X,X,♥♥♥♥♥   2,X,X,X,PS3/Xbox,PS3/Xbox,No,,"No Pro Drums, Singer has since transitioned so ingame gender is wrong",
1581,FALSE,Too Hot to Handle,Carl Douglas,2008,Mar 19 2010,R&B/Soul/Funk,M,English,RBN1,♥♥♥♥♥   3,♥♥♥♥♥   2,♥♥♥♥♥   3,X,X,♥♥♥♥♥   3.5,X,X,X,Xbox Only,Xbox Only,No,,No Pro Drums,
1582,FALSE,Under Water I Drown,Edge,2008,Mar 19 2010,Alternative,M,English,RBN1,♥♥♥♥♥   2,♥♥♥♥♥   1,♥♥♥♥♥   4,X,X,♥♥♥♥♥   3,X,X,X,PS3/Xbox,PS3/Xbox,No,,No Pro Drums,
1583,FALSE,Anything,Kristin Dare,2008,Mar 20 2010,Rock,F,English,RBN1,♥♥♥♥♥   2,♥♥♥♥♥   1,♥♥♥♥♥   3,X,X,♥♥♥♥♥   3,X,X,X,Xbox Only,Xbox Only,No,,No Pro Drums,
1584,FALSE,Do Not Disturb (Tell Me How Bad),Let's Get It,2009,Mar 20 2010,Pop-Rock,M,English,RBN1,♥♥♥♥♥   1,♥♥♥♥♥   1,♥♥♥♥♥   5,X,X,♥♥♥♥♥   3.5,X,X,X,Yes,Yes,No,,No Pro Drums,
1585,FALSE,Gravitate,megaphone,2009,Mar 20 2010,Rock,M,English,RBN1,♥♥♥♥♥   3,♥♥♥♥♥   2,♥♥♥♥♥   3,X,X,♥♥♥♥♥   2,X,X,X,Xbox Only,Xbox Only,No,,No Pro Drums,
1586,FALSE,Roll the Dice,Damone,2008,Mar 20 2010,Rock,F,English,RBN1,♥♥♥♥♥   3,♥♥♥♥♥   3,♥♥♥♥♥   3,X,X,♥♥♥♥♥   2,X,X,X,PS3/Xbox,PS3/Xbox,Yes,,"No Pro Drums (In RB3, does in RB4)",
1587,FALSE,Scavengers of the Damned,Aiden,2009,Mar 20 2010,Punk,M,English,RBN1,♥♥♥♥♥   3,♥♥♥♥♥   3,♥♥♥♥♥   5,X,X,♥♥♥♥♥   2,X,X,X,PS3/Xbox,PS3/Xbox,No,,No Pro Drums,
1588,FALSE,Upstream,Cory Wong,2009,Mar 20 2010,Blues,X,X,RBN1,♥♥♥♥♥   5,X,X,X,X,X,X,X,X,Xbox Only,Xbox Only,No,,,
1589,FALSE,"Hook, Line, and Sinner",Texas in July,2009,Mar 21 2010,Metal,M,English,RBN1,♥♥♥♥♥   6,♥♥♥♥♥   6,♥♥♥♥♥   6,X,X,♥♥♥♥♥   0,2,X,X,Yes,Yes,Yes,,"RB3 Version Available (on Xbox only), Rb3 2x Version Available, No Pro Drums on Original Version",
1590,FALSE,I Don't Think That's OK,Josh Freese,2009,Mar 21 2010,Rock,M,English,RBN1,♥♥♥♥♥   0,♥♥♥♥♥   0,♥♥♥♥♥   1,X,X,♥♥♥♥♥   1,X,X,X,Xbox Only,Xbox Only,No,,No Pro Drums,
1591,FALSE,A Thousand Nights,Mile Marker Zero,2009,Mar 22 2010,Prog,M,English,RBN1,♥♥♥♥♥   4,♥♥♥♥♥   3,♥♥♥♥♥   4,X,X,♥♥♥♥♥   3.5,X,X,X,Xbox Only,Xbox Only,No,,No Pro Drums,
1592,FALSE,Not Your Enemy,megaphone,2005,Mar 22 2010,Rock,M,English,RBN1,♥♥♥♥♥   2,♥♥♥♥♥   2,♥♥♥♥♥   3,X,X,♥♥♥♥♥   3.5,X,X,X,Xbox Only,Xbox Only,No,,No Pro Drums,
1593,FALSE,A Little Faster,There for Tomorrow,2009,Mar 23 2010,Alternative,M,English,RBN1,♥♥♥♥♥   2,♥♥♥♥♥   3,♥♥♥♥♥   4,X,X,♥♥♥♥♥   2,X,X,X,Yes,Yes,No,,No Pro Drums,
1594,FALSE,Gasoline,The Bouncing Souls,2010,Mar 23 2010,Alternative,M,English,RBN1,♥♥♥♥♥   3,♥♥♥♥♥   3,♥♥♥♥♥   4,X,X,♥♥♥♥♥   3,X,X,X,PS3/Xbox,PS3/Xbox,Yes,,"No Pro Drums (In RB3, does in RB4)",
1595,FALSE,Synthesized,Symbion Project,2003,Mar 23 2010,Pop/Dance/Electronic,M,English,RBN1,♥♥♥♥♥   2,♥♥♥♥♥   2,♥♥♥♥♥   5,X,X,♥♥♥♥♥   2,3,X,X,PS3/Xbox,PS3/Xbox,Yes,,"No Pro Drums (In RB3, does in RB4)",
1596,FALSE,Trash Candy,Tijuana Sweetheart,2009,Mar 23 2010,Punk,F,English,RBN1,♥♥♥♥♥   2,♥♥♥♥♥   2,♥♥♥♥♥   4,X,X,♥♥♥♥♥   3,3,X,X,Xbox Only,Xbox Only,Yes,,"No Pro Drums (In RB3, does in RB4)",
1597,FALSE,Burn,Big Square,2009,Mar 25 2010,Rock,M,English,RBN1,♥♥♥♥♥   4,♥♥♥♥♥   4,♥♥♥♥♥   4,X,X,♥♥♥♥♥   3,X,X,X,Xbox Only,Xbox Only,No,,No Pro Drums,
1598,FALSE,"When I Get Home, You're So Dead",Mayday Parade,2009,Mar 25 2010,Rock,M,English,RBN1,♥♥♥♥♥   3,♥♥♥♥♥   2,♥♥♥♥♥   3,X,X,♥♥♥♥♥   5,X,X,X,Yes,Yes,Yes,,"No Pro Drums (In RB3, does in RB4)",
1599,FALSE,Never Let You Go '09,Third Eye Blind,2009,Mar 29 2010,Alternative,M,English,RBN1,♥♥♥♥♥   1,♥♥♥♥♥   1,♥♥♥♥♥   2,X,X,♥♥♥♥♥   1,3,X,X,Yes,Yes,Yes,ReLd-DLC,"No Pro Drums (In RB3, does in RB4)",
1600,FALSE,Perfect World,Moving Picture Show,2009,Mar 29 2010,Rock,M,English,RBN1,♥♥♥♥♥   3,♥♥♥♥♥   4,♥♥♥♥♥   5,X,X,♥♥♥♥♥   3,X,X,X,Xbox Only,Xbox Only,No,,No Pro Drums,
1601,FALSE,Step Up (I'm on It),Maylene and the Sons of Disaster,2009,Mar 29 2010,Rock,M,English,RBN1,♥♥♥♥♥   3,♥♥♥♥♥   1,♥♥♥♥♥   1,X,X,♥♥♥♥♥   2,X,X,X,Yes,Yes,No,,No Pro Drums,
1602,FALSE,Eveready,Modern Skirts,2008,Mar 30 2010,Indie Rock,M,English,RBN1,♥♥♥♥♥   4,♥♥♥♥♥   1,♥♥♥♥♥   4,X,X,♥♥♥♥♥   2,X,X,X,Xbox Only,Xbox Only,No,,No Pro Drums,
1603,FALSE,Scream Ceremony,Order of the Crimson Wizard,2009,Mar 30 2010,Rock,M,English,RBN1,♥♥♥♥♥   4,♥♥♥♥♥   3,♥♥♥♥♥   4,X,X,♥♥♥♥♥   2,X,X,X,Xbox Only,Xbox Only,No,,No Pro Drums,
1604,FALSE,Unstoppable,White Line Allstars,2009,Mar 30 2010,Rock,M,English,RBN1,♥♥♥♥♥   2,♥♥♥♥♥   2,♥♥♥♥♥   5,X,X,♥♥♥♥♥   2,X,X,X,Xbox Only,Xbox Only,No,,No Pro Drums,
1605,FALSE,Burning Rome,Minnesota Sex Junkies,2008,Apr 1 2010,Indie Rock,M,English,RBN1,♥♥♥♥♥   1,♥♥♥♥♥   2,♥♥♥♥♥   5.5,X,X,♥♥♥♥♥   3,X,X,X,Xbox Only,Xbox Only,No,,No Pro Drums,
1606,FALSE,Beautiful,Andy Kirk,2010,Apr 1 2010,Pop-Rock,M,English,RBN1,♥♥♥♥♥   2,♥♥♥♥♥   2,♥♥♥♥♥   2,X,X,♥♥♥♥♥   3,X,X,X,Xbox Only,Xbox Only,No,,No Pro Drums,
1607,FALSE,Sound of the Redeemed,Jonathan Lee,2009,Apr 1 2010,Pop-Rock,M,English,RBN1,♥♥♥♥♥   2,♥♥♥♥♥   2,♥♥♥♥♥   3,X,X,♥♥♥♥♥   3,X,X,X,Xbox Only,Xbox Only,No,,No Pro Drums,
1608,FALSE,Young Bloods,The Bronx,2008,Apr 1 2010,Punk,M,English,RBN1,♥♥♥♥♥   4,♥♥♥♥♥   4,♥♥♥♥♥   5,X,X,♥♥♥♥♥   4,X,X,X,Xbox Only,Xbox Only,Yes,,"No Pro Drums (In RB3, does in RB4)",
1609,FALSE,Home,Fear Without Reason,2010,Apr 5 2010,Rock,M,English,RBN1,♥♥♥♥♥   3,♥♥♥♥♥   3,♥♥♥♥♥   5,X,X,♥♥♥♥♥   4.5,X,X,X,Xbox Only,Xbox Only,No,,No Pro Drums,
1610,FALSE,Rearview Mirror,Zack Wilson,2010,Apr 5 2010,Alternative,M,English,RBN1,♥♥♥♥♥   3,♥♥♥♥♥   2,♥♥♥♥♥   1,X,X,♥♥♥♥♥   2,X,X,X,Xbox Only,Xbox Only,No,,No Pro Drums,
1611,FALSE,Sending Signals,Evergreen Terrace,2009,Apr 5 2010,Metal,M,English,RBN1,♥♥♥♥♥   4,♥♥♥♥♥   4,♥♥♥♥♥   5,X,X,♥♥♥♥♥   3,X,X,X,Yes,Yes,No,,No Pro Drums,
1612,FALSE,Where the Light Was Born (Thule Ultima a Sole Nomen Habens),Bornholm,2009,Apr 5 2010,Metal,M,English,RBN1,♥♥♥♥♥   5.5,♥♥♥♥♥   5.5,♥♥♥♥♥   5.5,X,X,♥♥♥♥♥   1,X,X,X,Xbox Only,Xbox Only,No,,No Pro Drums,
1613,FALSE,Where We're Goin,The Japanese Frog,2009,Apr 5 2010,Pop/Dance/Electronic,X,X,RBN1,♥♥♥♥♥   2,♥♥♥♥♥   3,♥♥♥♥♥   4,X,X,X,X,X,X,Xbox Only,Xbox Only,No,,Drum Chart has disco flip broken,
1614,FALSE,1348,Umphrey's McGee,2009,Apr 7 2010,Rock,M,English,RBN1,♥♥♥♥♥   4,♥♥♥♥♥   4.5,♥♥♥♥♥   4,X,X,♥♥♥♥♥   3,X,X,X,PS3/Xbox,PS3/Xbox,No,,No Pro Drums,
1615,FALSE,All Eyes on Me,The Carsitters,2009,Apr 7 2010,Rock,F,English,RBN1,♥♥♥♥♥   2,♥♥♥♥♥   2,♥♥♥♥♥   3,X,X,♥♥♥♥♥   3,X,X,X,Xbox Only,Xbox Only,No,,No Pro Drums,
1616,FALSE,All My Friends Are Crazy,500 Miles to Memphis,2009,Apr 7 2010,Country,M,English,RBN1,♥♥♥♥♥   2,♥♥♥♥♥   2,♥♥♥♥♥   4,X,X,♥♥♥♥♥   3,X,X,X,Xbox Only,Xbox Only,No,,No Pro Drums,
1617,FALSE,Doomsday Party,Sybreed,2009,Apr 7 2010,Metal,M,English,RBN1,♥♥♥♥♥   5.5,♥♥♥♥♥   4.5,♥♥♥♥♥   5.5,X,X,♥♥♥♥♥   2,X,X,X,Xbox Only,Xbox Only,No,,No Pro Drums,
1618,FALSE,Midnight Daydreams,No Crossing,2009,Apr 7 2010,New Wave,M,English,RBN1,♥♥♥♥♥   3,♥♥♥♥♥   1,♥♥♥♥♥   4,X,X,♥♥♥♥♥   3.5,X,X,X,Xbox Only,Xbox Only,No,,,
1619,FALSE,Forever in Your Hands,All That Remains,2008,Apr 8 2010,Metal,M,English,RBN1,♥♥♥♥♥   5,♥♥♥♥♥   3,♥♥♥♥♥   5,X,X,♥♥♥♥♥   3,X,X,X,Yes,Yes,Yes,,"No Pro Drums (In RB3, does in RB4)",
1620,FALSE,Gravity (Don't Let Me Go),Jon Black & the Winter Hearts,2010,Apr 9 2010,Rock,M,English,RBN1,♥♥♥♥♥   3,♥♥♥♥♥   3,♥♥♥♥♥   3,X,X,♥♥♥♥♥   2,X,X,X,Xbox Only,Xbox Only,No,,No Pro Drums,
1621,FALSE,Wings of Infinity,C&O,2009,Apr 9 2010,Rock,M,English,RBN1,♥♥♥♥♥   2,♥♥♥♥♥   2,♥♥♥♥♥   3,X,X,♥♥♥♥♥   3,X,X,X,Xbox Only,Xbox Only,No,,No Pro Drums,
1622,FALSE,Bow Down,Chrome Coma,2010,Apr 12 2010,Rock,M,English,RBN1,♥♥♥♥♥   3,♥♥♥♥♥   1,♥♥♥♥♥   3,X,X,♥♥♥♥♥   3,X,X,X,Xbox Only,Xbox Only,No,,No Pro Drums,
1623,FALSE,Chalk Lines,Division Day,2009,Apr 12 2010,Indie Rock,M,English,RBN1,♥♥♥♥♥   2,♥♥♥♥♥   2,♥♥♥♥♥   4,X,X,♥♥♥♥♥   3,X,X,X,Xbox Only,Xbox Only,No,,No Pro Drums,
1624,FALSE,Drag Me Away,Aminal,2009,Apr 12 2010,Indie Rock,M,English,RBN1,♥♥♥♥♥   2,♥♥♥♥♥   1,♥♥♥♥♥   1,X,X,♥♥♥♥♥   1,X,X,X,Xbox Only,Xbox Only,No,,No Pro Drums,
1625,FALSE,Eden was a Garden,Roman Candle,2009,Apr 12 2010,Southern Rock,M,English,RBN1,♥♥♥♥♥   2,♥♥♥♥♥   0,♥♥♥♥♥   1,X,X,♥♥♥♥♥   3,X,X,X,Xbox Only,Xbox Only,No,,No Pro Drums,
1626,FALSE,Let the Games Begin,Anarbor,2010,Apr 12 2010,Alternative,M,English,RBN1,♥♥♥♥♥   2,♥♥♥♥♥   1,♥♥♥♥♥   4,X,X,♥♥♥♥♥   3,3,X,X,Yes,Yes,Yes,,"No Pro Drums (In RB3, does in RB4)",
1627,FALSE,Motorcide,Man Parts,2010,Apr 12 2010,Novelty,M,English,RBN1,♥♥♥♥♥   5,♥♥♥♥♥   4.5,♥♥♥♥♥   5.5,X,X,♥♥♥♥♥   0,X,X,X,Xbox Only,Xbox Only,No,,"No Pro Drums, but there is on 2x Drums (which is Available)",
1628,FALSE,Rude Awakening,Squeezebox,2003,Apr 12 2010,Rock,M,English,RBN1,♥♥♥♥♥   4,♥♥♥♥♥   3,♥♥♥♥♥   5,X,X,♥♥♥♥♥   0,X,X,X,Xbox Only,Xbox Only,No,,No Pro Drums,
1629,FALSE,The Price,Dappled Cities,2009,Apr 12 2010,Indie Rock,M,English,RBN1,♥♥♥♥♥   2,♥♥♥♥♥   1,♥♥♥♥♥   4,X,X,♥♥♥♥♥   2,X,X,X,Yes,Yes,No,,No Pro Drums,
1630,FALSE,I Am Legion,bibleblack,2009,Apr 13 2010,Metal,M,English,RBN1,♥♥♥♥♥   5.5,♥♥♥♥♥   4.5,♥♥♥♥♥   5.5,X,X,♥♥♥♥♥   0,X,X,X,Xbox Only,Xbox Only,No,,No Pro Drums,
1631,FALSE,Last Mistake,RED9,2009,Apr 13 2010,Rock,M,English,RBN1,♥♥♥♥♥   4,♥♥♥♥♥   4.5,♥♥♥♥♥   4,X,X,♥♥♥♥♥   3.5,X,X,X,Xbox Only,Xbox Only,No,,No Pro Drums,
1632,FALSE,The Girl at the Video Game Store,Parry Gripp,2009,Apr 13 2010,Novelty,M,English,RBN1,♥♥♥♥♥   3,♥♥♥♥♥   1,♥♥♥♥♥   2,X,X,♥♥♥♥♥   1,X,X,X,Yes,Yes,No,,No Pro Drums,
1633,FALSE,Numb,Aittala,2009,Apr 15 2010,Metal,M,English,RBN1,♥♥♥♥♥   1,♥♥♥♥♥   2,♥♥♥♥♥   1,X,X,♥♥♥♥♥   1,X,X,X,Xbox Only,Xbox Only,No,,No Pro Drums,
1634,FALSE,One Step Behind,A Hero Next Door,2009,Apr 15 2010,Punk,M,English,RBN1,♥♥♥♥♥   3,♥♥♥♥♥   3,♥♥♥♥♥   3,X,X,♥♥♥♥♥   2,X,X,X,Xbox Only,Xbox Only,No,,No Pro Drums,
1635,FALSE,You Stay. I Go. No Following.,Look Mexico,2010,Apr 15 2010,Indie Rock,M,English,RBN1,♥♥♥♥♥   3,♥♥♥♥♥   2,♥♥♥♥♥   4,X,X,♥♥♥♥♥   3,X,X,X,Xbox Only,Xbox Only,No,,No Pro Drums,
1636,FALSE,Close Your Eyes,Jonathan Lee,2009,Apr 16 2010,Pop-Rock,M,English,RBN1,♥♥♥♥♥   3,♥♥♥♥♥   2,♥♥♥♥♥   3,X,X,♥♥♥♥♥   2,X,X,X,Xbox Only,Xbox Only,No,,No Pro Drums,
1637,FALSE,"Elisheva, I Love You",Junius,2009,Apr 16 2010,Indie Rock,M,English,RBN1,♥♥♥♥♥   1,♥♥♥♥♥   2,♥♥♥♥♥   3,X,X,♥♥♥♥♥   4.5,X,X,X,Xbox Only,Xbox Only,No,,No Pro Drums,
1638,FALSE,Blink,Father Octopus,2010,Apr 20 2010,Rock,M,English,RBN1,♥♥♥♥♥   4,♥♥♥♥♥   3,♥♥♥♥♥   4,X,X,♥♥♥♥♥   3,2,X,X,Xbox Only,Xbox Only,Yes,,"No Pro Drums (In RB3, does in RB4)",
1639,FALSE,Bringing Love to the Party,Steele & Britton feat. Taryn Murphy,2009,Apr 20 2010,Pop/Dance/Electronic,F,English,RBN1,♥♥♥♥♥   0,♥♥♥♥♥   0,♥♥♥♥♥   1,X,X,♥♥♥♥♥   3.5,X,X,X,Xbox Only,Xbox Only,No,,,
1640,FALSE,Caught,Steele & Holden feat. Darren Holden,2005,Apr 20 2010,Pop-Rock,M,English,RBN1,♥♥♥♥♥   2,♥♥♥♥♥   1,♥♥♥♥♥   3,X,X,♥♥♥♥♥   3,X,X,X,Xbox Only,Xbox Only,No,,No Pro Drums,
1641,FALSE,Death Comes (The Wedding Night),Inkubus Sukkubus,2008,Apr 20 2010,Glam,F,English,RBN1,♥♥♥♥♥   0,♥♥♥♥♥   1,♥♥♥♥♥   1,X,X,♥♥♥♥♥   2,X,X,X,Xbox Only,Xbox Only,No,,No Pro Drums,
1642,FALSE,Frontier Factory,Freen in Green,2009,Apr 20 2010,Prog,M,Adlib,RBN1,♥♥♥♥♥   3,♥♥♥♥♥   1,♥♥♥♥♥   4,X,X,♥♥♥♥♥   0,X,X,X,Xbox Only,Xbox Only,No,,No Pro Drums,
1643,FALSE,Goodnight Technologist,The Main Drag,2007,Apr 20 2010,Indie Rock,M,English,RBN1,♥♥♥♥♥   3,♥♥♥♥♥   1,♥♥♥♥♥   3,X,X,♥♥♥♥♥   2,X,X,X,PS3/Xbox,PS3/Xbox,No,,"No Pro Drums, Singer has since transitioned so ingame gender is wrong",
1644,FALSE,Henchmen Ride,Testament,2008,Apr 20 2010,Metal,M,English,RBN1,♥♥♥♥♥   5.5,♥♥♥♥♥   4.5,♥♥♥♥♥   5.5,X,X,♥♥♥♥♥   2,X,X,X,Yes,Yes,No,,No Pro Drums,
1645,FALSE,Indigo Friends,Reverend Horton Heat,2004,Apr 20 2010,Alternative,M,English,RBN1,♥♥♥♥♥   5,♥♥♥♥♥   2,♥♥♥♥♥   5,X,X,♥♥♥♥♥   2,X,X,X,Yes,Yes,No,,No Pro Drums,
1646,FALSE,Jumper '09,Third Eye Blind,2009,Apr 20 2010,Alternative,M,English,RBN1,♥♥♥♥♥   2,♥♥♥♥♥   3,♥♥♥♥♥   3,X,X,♥♥♥♥♥   2,X,X,X,Yes,Yes,No,,"No Pro Drums, Original Version Available As RB4 DLC",
1647,FALSE,Take Control,The New Regime,2008,Apr 20 2010,Rock,M,English,RBN1,♥♥♥♥♥   3,♥♥♥♥♥   3,♥♥♥♥♥   4,X,X,♥♥♥♥♥   3.5,X,X,X,Xbox Only,Xbox Only,No,,No Pro Drums,
1648,FALSE,We Are the Nightmare,Arsis,2008,Apr 20 2010,Metal,M,English,RBN1,♥♥♥♥♥   5.5,♥♥♥♥♥   5.5,♥♥♥♥♥   5.5,X,X,♥♥♥♥♥   0,X,X,X,Yes,Yes,No,,No Pro Drums,
1649,FALSE,HTML Rulez D00d,The Devil Wears Prada,2007,Apr 22 2010,Metal,M,English,RBN1,♥♥♥♥♥   2,♥♥♥♥♥   2,♥♥♥♥♥   4,X,X,♥♥♥♥♥   3,X,X,X,Yes,Yes,Yes,,"No Pro Drums (In RB3, does in RB4)",
1650,FALSE,In Memory,Excruciating Thoughts,2008,Apr 22 2010,Metal,M,English,RBN1,♥♥♥♥♥   5.5,♥♥♥♥♥   5.5,♥♥♥♥♥   5.5,X,X,♥♥♥♥♥   0,X,X,X,Yes,Yes,No,,No Pro Drums,
1651,FALSE,NDE,Blow Up Hollywood,2004,Apr 22 2010,Indie Rock,M,English,RBN1,♥♥♥♥♥   2,♥♥♥♥♥   0,♥♥♥♥♥   2,X,X,♥♥♥♥♥   2,X,X,X,Xbox Only,Xbox Only,No,,No Pro Drums,
1652,FALSE,American Dream,Silverstein,2009,Apr 27 2010,Rock,M,English,RBN1,♥♥♥♥♥   4,♥♥♥♥♥   2,♥♥♥♥♥   4,X,X,♥♥♥♥♥   2,X,X,X,PS3/Xbox,PS3/Xbox,Yes,,"No Pro Drums (In RB3, does in RB4)",
1653,FALSE,Love Is the Only Thing,Andy Kirk,2010,Apr 27 2010,Pop-Rock,M,English,RBN1,♥♥♥♥♥   4,♥♥♥♥♥   3,♥♥♥♥♥   3,X,X,♥♥♥♥♥   3,X,X,X,Xbox Only,Xbox Only,No,,No Pro Drums,
1654,FALSE,Dead to the World,The Fire Violets,2010,Apr 27 2010,Alternative,M,English,RBN1,♥♥♥♥♥   2,♥♥♥♥♥   1,♥♥♥♥♥   1,X,X,♥♥♥♥♥   1,X,X,X,Xbox Only,Xbox Only,No,,No Pro Drums,
1655,FALSE,Delaware Are You? I Don't Know Alaska.,Safari So Good,2010,Apr 27 2010,Punk,M,English,RBN1,♥♥♥♥♥   3,♥♥♥♥♥   1,♥♥♥♥♥   5,X,X,♥♥♥♥♥   3,X,X,X,Xbox Only,Xbox Only,No,,No Pro Drums,
1656,FALSE,Dogs Can Grow Beards All Over,The Devil Wears Prada,2006,Apr 27 2010,Metal,M,English,RBN1,♥♥♥♥♥   5,♥♥♥♥♥   4,♥♥♥♥♥   4,X,X,♥♥♥♥♥   0,X,X,X,Yes,Yes,Yes,,"No Pro Drums (In RB3, does in RB4)",
1657,FALSE,Exploited & Exposed,Symbion Project,2009,Apr 27 2010,Pop/Dance/Electronic,M,English,RBN1,♥♥♥♥♥   1,♥♥♥♥♥   0,♥♥♥♥♥   0,X,X,♥♥♥♥♥   1,X,X,X,PS3/Xbox,PS3/Xbox,Yes,,"No Pro Drums (In RB3, does in RB4)",
1658,FALSE,Homeward Bound,Tumbledown,2009,Apr 27 2010,Country,M,English,RBN1,♥♥♥♥♥   5.5,♥♥♥♥♥   3,♥♥♥♥♥   5,X,X,♥♥♥♥♥   2,X,X,X,Xbox Only,Xbox Only,No,,No Pro Drums,
1659,FALSE,Plans & Reveries,Black Gold,2009,Apr 27 2010,Pop-Rock,M,English,RBN1,♥♥♥♥♥   3,♥♥♥♥♥   2,♥♥♥♥♥   4,X,X,♥♥♥♥♥   3,X,X,X,Xbox Only,Xbox Only,No,,No Pro Drums,
1660,FALSE,Undone,All That Remains,2008,Apr 27 2010,Metal,M,English,RBN1,♥♥♥♥♥   5,♥♥♥♥♥   3,♥♥♥♥♥   6,X,X,♥♥♥♥♥   3,X,X,X,Yes,Yes,Yes,,"No Pro Drums (In RB3, does in RB4)",
1661,FALSE,Dethroned,Death Angel,2008,May 5 2010,Metal,M,English,RBN1,♥♥♥♥♥   4,♥♥♥♥♥   4,♥♥♥♥♥   4,X,X,♥♥♥♥♥   1,X,X,X,Yes,Yes,No,,No Pro Drums,
1662,FALSE,End of This,Scratching the Itch,2010,May 5 2010,New Wave,M,English,RBN1,♥♥♥♥♥   3,♥♥♥♥♥   4,♥♥♥♥♥   5,X,X,♥♥♥♥♥   2,X,X,X,Xbox Only,Xbox Only,No,,No Pro Drums,
1663,FALSE,Even Seconds,The Main Drag,2007,May 5 2010,Indie Rock,M,English,RBN1,♥♥♥♥♥   3,♥♥♥♥♥   2,♥♥♥♥♥   3,X,X,♥♥♥♥♥   3,X,X,X,PS3/Xbox,PS3/Xbox,No,,No Pro Drums,
1664,FALSE,Heads or Tails? Real or Not,Emarosa,2008,May 5 2010,Alternative,M,English,RBN1,♥♥♥♥♥   3,♥♥♥♥♥   1,♥♥♥♥♥   4,X,X,♥♥♥♥♥   3,X,X,X,Yes,Yes,No,,No Pro Drums,
1665,FALSE,Montana,The Main Drag,2007,May 5 2010,Indie Rock,M,English,RBN1,♥♥♥♥♥   5,♥♥♥♥♥   1,♥♥♥♥♥   1,X,X,♥♥♥♥♥   1,X,X,X,PS3/Xbox,PS3/Xbox,No,,Singer has since transitioned so ingame gender is wrong,
1666,FALSE,Paralyzer,Finger Eleven,2007,May 5 2010,Alternative,M,English,RBN1,♥♥♥♥♥   2,♥♥♥♥♥   1,♥♥♥♥♥   2,X,X,♥♥♥♥♥   1,X,X,X,Yes,Yes,Yes,,"No Pro Drums (In RB3, does in RB4)",
1667,FALSE,People Like You,Forever from Now,2009,May 5 2010,Alternative,M,English,RBN1,♥♥♥♥♥   3,♥♥♥♥♥   1,♥♥♥♥♥   3,X,X,♥♥♥♥♥   5.5,X,X,X,Xbox Only,Xbox Only,No,,No Pro Drums,
1668,FALSE,Shot at the Title,Your Horrible Smile,2004,May 5 2010,Rock,M,English,RBN1,♥♥♥♥♥   3,♥♥♥♥♥   2,♥♥♥♥♥   5,X,X,♥♥♥♥♥   3.5,X,X,X,Xbox Only,Xbox Only,No,,No Pro Drums,
1669,FALSE,Swine Houses,The Main Drag,2007,May 5 2010,Indie Rock,M,English,RBN1,♥♥♥♥♥   2,♥♥♥♥♥   2,♥♥♥♥♥   2,X,X,♥♥♥♥♥   3,X,X,X,PS3/Xbox,PS3/Xbox,No,,"No Pro Drums, Singer has since transitioned so ingame gender is wrong",
1670,FALSE,The Funeral,Band of Horses,2006,May 5 2010,Indie Rock,M,English,RBN1,♥♥♥♥♥   1,♥♥♥♥♥   1,♥♥♥♥♥   1,X,X,♥♥♥♥♥   2,2,X,X,Yes,Yes,Yes,,"No Pro Drums (In RB3, does in RB4)",
1671,FALSE,Chelsea,The Summer Set,2009,May 6 2010,Pop-Rock,M,English,RBN1,♥♥♥♥♥   4,♥♥♥♥♥   3,♥♥♥♥♥   4,X,X,♥♥♥♥♥   4,X,X,X,Yes,Yes,Yes,,No Pro Drums,
1672,FALSE,Death Quota for Purification,The Myriad Burial,2009,May 6 2010,Metal,M,English,RBN1,♥♥♥♥♥   5.5,♥♥♥♥♥   5.5,♥♥♥♥♥   5.5,X,X,♥♥♥♥♥   0,X,X,X,Yes,Yes,No,,No Pro Drums,
1673,FALSE,Doomed,8 Inch Betsy,2008,May 6 2010,Punk,F,English,RBN1,♥♥♥♥♥   3,♥♥♥♥♥   1,♥♥♥♥♥   5.5,X,X,♥♥♥♥♥   3.5,X,X,X,Xbox Only,Xbox Only,No,,No Pro Drums,
1674,FALSE,Radiator,Family Force 5,2009,May 6 2010,Rock,M,English,RBN1,♥♥♥♥♥   2,♥♥♥♥♥   2,♥♥♥♥♥   3,X,X,♥♥♥♥♥   3.5,X,X,X,Yes,Yes,No,,No Pro Drums,
1675,FALSE,The Crying Machine (Live),Steve Vai,2009,May 6 2010,Rock,X,X,RBN1,♥♥♥♥♥   5,♥♥♥♥♥   3,♥♥♥♥♥   3,X,X,X,X,X,X,Yes,Yes,No,,No Pro Drums,
1676,FALSE,Unfurling a Darkened Gospel,Job for a Cowboy,2009,May 6 2010,Metal,M,English,RBN1,♥♥♥♥♥   5.5,♥♥♥♥♥   5.5,♥♥♥♥♥   5.5,X,X,♥♥♥♥♥   0,X,X,X,Yes,Yes,No,,No Pro Drums,
1677,FALSE,Where Were You?,Every Avenue,2008,May 6 2010,Alternative,M,English,RBN1,♥♥♥♥♥   3,♥♥♥♥♥   2,♥♥♥♥♥   2,X,X,♥♥♥♥♥   3,X,X,X,Yes,Yes,Yes,,"No Pro Drums (In RB3, does in RB4)",
1678,FALSE,You've Got Someone,Blue News,2010,May 6 2010,Alternative,M,English,RBN1,♥♥♥♥♥   2,♥♥♥♥♥   1,♥♥♥♥♥   1,X,X,♥♥♥♥♥   2,X,X,X,Xbox Only,Xbox Only,No,,No Pro Drums,
1679,FALSE,Beauty Queen,The Fury,2009,May 10 2010,Rock,F,English,RBN1,♥♥♥♥♥   3,♥♥♥♥♥   1,♥♥♥♥♥   3,X,X,♥♥♥♥♥   1,X,X,X,Xbox Only,Xbox Only,No,,No Pro Drums,
1680,FALSE,Dr. Doom,The Acacia Strain,2009,May 10 2010,Metal,M,English,RBN1,♥♥♥♥♥   5.5,♥♥♥♥♥   4.5,♥♥♥♥♥   5.5,X,X,♥♥♥♥♥   0,X,X,X,Yes,Yes,No,,No Pro Drums,
1681,FALSE,Inheritance,Single White Infidel,2010,May 10 2010,Punk,M,English,RBN1,♥♥♥♥♥   3,♥♥♥♥♥   3,♥♥♥♥♥   5.5,X,X,♥♥♥♥♥   3.5,X,X,X,Xbox Only,Xbox Only,No,,No Pro Drums,
1682,FALSE,Last Train to Awesometown,Parry Gripp,2009,May 10 2010,Novelty,M,English,RBN1,♥♥♥♥♥   3,♥♥♥♥♥   4,♥♥♥♥♥   2,X,X,♥♥♥♥♥   2,X,X,X,Yes,Yes,No,,No Pro Drums,
1683,FALSE,Redemption,Andy Timmons,2006,May 10 2010,Rock,X,X,RBN1,♥♥♥♥♥   5.5,♥♥♥♥♥   4.5,♥♥♥♥♥   5.5,X,X,X,X,X,X,Yes,Yes,No,,No Pro Drums,
1684,FALSE,You Take It All,A t o m,2010,May 10 2010,New Wave,M,English,RBN1,♥♥♥♥♥   2,♥♥♥♥♥   2,♥♥♥♥♥   2,X,X,♥♥♥♥♥   1,X,X,X,Xbox Only,Xbox Only,No,,No Pro Drums,
1685,FALSE,Automatic Doors,A'tris,2008,May 13 2010,Indie Rock,M,English,RBN1,♥♥♥♥♥   3,♥♥♥♥♥   3,♥♥♥♥♥   4,X,X,♥♥♥♥♥   3,X,X,X,Xbox Only,Xbox Only,No,,No Pro Drums,
1686,FALSE,Chemical Infatuation,Like A Storm,2009,May 13 2010,Rock,M,English,RBN1,♥♥♥♥♥   1,♥♥♥♥♥   2,♥♥♥♥♥   4,X,X,♥♥♥♥♥   3,X,X,X,Xbox Only,Xbox Only,No,,No Pro Drums,
1687,FALSE,Don't Feel Like That Anymore,Johnny Cooper,2009,May 13 2010,Rock,M,English,RBN1,♥♥♥♥♥   3,♥♥♥♥♥   2,♥♥♥♥♥   3,X,X,♥♥♥♥♥   2,2,♥♥♥♥♥   3,♥♥♥♥♥   3,PS3/Xbox,PS3/Xbox,Schick Pack Only,,"No Pro Drums, Schick Pack version has Pro Drums but no Harmonies in RB3",
1688,FALSE,Hungarian Dance No. 5 (Brahms),Paul Henry Smith & the Fauxharmonic Orchestra,2010,May 13 2010,Classical,X,X,RBN1,♥♥♥♥♥   2,♥♥♥♥♥   1,♥♥♥♥♥   3,X,X,X,X,X,X,Xbox Only,Xbox Only,No,,No Pro Drums,
1689,FALSE,Light of Day,A t o m,2010,May 13 2010,New Wave,M,English,RBN1,♥♥♥♥♥   1,♥♥♥♥♥   2,♥♥♥♥♥   1,X,X,♥♥♥♥♥   1,X,X,X,Xbox Only,Xbox Only,No,,,
1690,FALSE,Night on Bald Mountain (Mussorgsky),Paul Henry Smith & the Fauxharmonic Orchestra,2010,May 13 2010,Classical,X,X,RBN1,♥♥♥♥♥   4,♥♥♥♥♥   2,♥♥♥♥♥   2,X,X,X,X,X,X,Xbox Only,Xbox Only,Yes,,"No Pro Drums (In RB3, does in RB4)",
1691,FALSE,Rock Your Socks Off,Midnight Ocelot,2010,May 13 2010,Metal,M,English,RBN1,♥♥♥♥♥   4,♥♥♥♥♥   3,♥♥♥♥♥   2,X,X,♥♥♥♥♥   3.5,X,X,X,Xbox Only,Xbox Only,No,,No Pro Drums,
1692,FALSE,Swallow the Razor,Bang Camaro,2007,May 13 2010,Rock,M,English,RBN1,♥♥♥♥♥   5,♥♥♥♥♥   3,♥♥♥♥♥   3,X,X,♥♥♥♥♥   1,X,X,X,Yes,Yes,No,,No Pro Drums,
1693,FALSE,Wrong Side of the Sky,Rose of Jericho,2007,May 13 2010,Pop-Rock,F,English,RBN1,♥♥♥♥♥   2,♥♥♥♥♥   3,♥♥♥♥♥   1,X,X,♥♥♥♥♥   3,X,X,X,Xbox Only,Xbox Only,No,,No Pro Drums,
1694,FALSE,Everyone I Know is an Alcoholic,Robby Suavé,2008,May 14 2010,Pop/Dance/Electronic,M,English,RBN1,♥♥♥♥♥   3,X,♥♥♥♥♥   3,X,X,♥♥♥♥♥   0,X,X,X,Xbox Only,Xbox Only,No,,No Pro Drums,
1695,FALSE,Flight of the Bumblebee (Rimsky-Korsakov),Paul Henry Smith & the Fauxharmonic Orchestra,2009,May 14 2010,Classical,X,X,RBN1,♥♥♥♥♥   5.5,♥♥♥♥♥   2,♥♥♥♥♥   4,X,X,X,X,X,X,Xbox Only,Xbox Only,No,,No Pro Drums,
1696,FALSE,Knifeman,The Bronx,2008,May 14 2010,Punk,M,English,RBN1,♥♥♥♥♥   2,♥♥♥♥♥   1,♥♥♥♥♥   5,X,X,♥♥♥♥♥   4,X,X,X,Xbox Only,Xbox Only,Yes,,"No Pro Drums (In RB3, does in RB4)",
1697,FALSE,You're Not Alone - Rock Mix,A t o m,2010,May 14 2010,New Wave,M,English,RBN1,♥♥♥♥♥   2,♥♥♥♥♥   2,♥♥♥♥♥   3,X,X,♥♥♥♥♥   1,X,X,X,Xbox Only,Xbox Only,No,,No Pro Drums,
1698,FALSE,India,Circus Circus,2008,May 17 2010,Punk,M,English,RBN1,♥♥♥♥♥   3,♥♥♥♥♥   4,♥♥♥♥♥   5,X,X,♥♥♥♥♥   1,X,X,X,Xbox Only,Xbox Only,No,,No Pro Drums,
1699,FALSE,The Great Plains,Scale the Summit,2009,May 17 2010,Prog,X,X,RBN1,♥♥♥♥♥   4,♥♥♥♥♥   3,♥♥♥♥♥   5,X,X,X,X,X,X,Yes,Yes,No,,No Pro Drums,
1700,FALSE,Til I'm Gone,Kristin Dare,2008,May 17 2010,Rock,F,English,RBN1,♥♥♥♥♥   3,♥♥♥♥♥   2,♥♥♥♥♥   3,X,X,♥♥♥♥♥   3,X,X,X,Xbox Only,Xbox Only,No,,No Pro Drums,
1701,FALSE,Walls,All Time Low,2009,May 17 2010,Alternative,M,English,RBN1,♥♥♥♥♥   1,♥♥♥♥♥   1,♥♥♥♥♥   1,X,X,♥♥♥♥♥   2,X,X,X,Yes,Yes,No,,No Pro Drums,
1702,FALSE,We're Not Getting Any Younger,Color Theory,2009,May 17 2010,Pop/Dance/Electronic,M,English,RBN1,♥♥♥♥♥   1,♥♥♥♥♥   0,♥♥♥♥♥   5,X,X,♥♥♥♥♥   3.5,X,X,X,Xbox Only,Xbox Only,No,,No Pro Drums,
1703,FALSE,Bra Off Party On,Thunderdikk,2009,May 18 2010,Rock,M,English,RBN1,♥♥♥♥♥   3,♥♥♥♥♥   3,♥♥♥♥♥   3,X,X,♥♥♥♥♥   1,X,X,X,Xbox Only,Xbox Only,No,,,
1704,FALSE,Death Metal Guys,Reverend Horton Heat,2009,May 18 2010,Alternative,M,English,RBN1,♥♥♥♥♥   4,♥♥♥♥♥   3,♥♥♥♥♥   4,X,X,♥♥♥♥♥   3.5,X,X,X,PS3/Xbox,PS3/Xbox,No,,No Pro Drums,
1705,FALSE,It's Not Paranoia If They're Shooting Live Bullets,Sadaharu,2003,May 18 2010,Punk,M,English,RBN1,♥♥♥♥♥   4,♥♥♥♥♥   4,♥♥♥♥♥   5.5,X,X,♥♥♥♥♥   1,X,X,X,Xbox Only,Xbox Only,No,,No Pro Drums,
1706,FALSE,Now Demolition,Evile,2009,May 18 2010,Metal,M,English,RBN1,♥♥♥♥♥   5.5,♥♥♥♥♥   4.5,♥♥♥♥♥   5,X,X,♥♥♥♥♥   3.5,X,X,X,Yes,Yes,No,,No Pro Drums,
1707,FALSE,Paper Dolls,Ballyhoo!,2009,May 18 2010,Reggae/Ska,M,English,RBN1,♥♥♥♥♥   2,♥♥♥♥♥   2,♥♥♥♥♥   3,X,X,♥♥♥♥♥   3,X,X,X,PS3/Xbox,PS3/Xbox,No,,No Pro Drums,
1708,FALSE,Tastes Like Kevin Bacon,iwrestledabearonce,2009,May 18 2010,Metal,M,English,RBN1,♥♥♥♥♥   6,♥♥♥♥♥   5,♥♥♥♥♥   6,X,X,♥♥♥♥♥   1,X,X,X,Yes,Yes,Yes,,"No Pro Drums (In RB3, does in RB4)",
1709,FALSE,Valkyries,Amberian Dawn,2008,May 18 2010,Metal,F,English,RBN1,♥♥♥♥♥   5,♥♥♥♥♥   4,♥♥♥♥♥   5,X,X,♥♥♥♥♥   2,X,X,X,Yes,Yes,No,,No Pro Drums,
1710,FALSE,Eency Weency Spider,CJ,2005,May 19 2010,Pop-Rock,M,English,RBN1,♥♥♥♥♥   2,♥♥♥♥♥   3,♥♥♥♥♥   1,X,X,♥♥♥♥♥   2,X,X,X,Xbox Only,Xbox Only,No,,,
1711,FALSE,Santa Fe (RB2 Version),Blackberry River Band,2006,May 19 2010,Country,F,English,RBN1,♥♥♥♥♥   5.5,♥♥♥♥♥   0,X,X,X,♥♥♥♥♥   2,X,X,X,Xbox Only,Xbox Only,No,,"RB3 Version Available, Rock Band 2 Version Has a Different Gtar Chart",
1712,FALSE,Shape 3,Farther Snake,2009,May 19 2010,Metal,M,English,RBN1,♥♥♥♥♥   5,♥♥♥♥♥   2,♥♥♥♥♥   5,X,X,♥♥♥♥♥   1,X,X,X,Xbox Only,Xbox Only,No,,No Pro Drums,
1713,FALSE,Sunday Suit,Connor Christian and Southern Gothic,2009,May 19 2010,Country,M,English,RBN1,♥♥♥♥♥   4,♥♥♥♥♥   3,♥♥♥♥♥   3,X,X,♥♥♥♥♥   3,X,X,X,Xbox Only,Xbox Only,No,,No Pro Drums,
1714,FALSE,By Yourself,The Knew,2008,May 20 2010,Rock,M,English,RBN1,♥♥♥♥♥   3,♥♥♥♥♥   2,♥♥♥♥♥   2,X,X,♥♥♥♥♥   3,X,X,X,Xbox Only,Xbox Only,No,,No Pro Drums,
1715,FALSE,Five More Minutes,Counterfeit Pennies,2010,May 20 2010,Punk,M,English,RBN1,♥♥♥♥♥   2,♥♥♥♥♥   1,♥♥♥♥♥   4,X,X,♥♥♥♥♥   3,X,X,X,Xbox Only,Xbox Only,No,,No Pro Drums,
1716,FALSE,Is There a Ghost,Band of Horses,2007,May 20 2010,Indie Rock,M,English,RBN1,♥♥♥♥♥   2,♥♥♥♥♥   0,♥♥♥♥♥   2,X,X,♥♥♥♥♥   1,X,X,X,Yes,Yes,Yes,,"No Pro Drums (In RB3, does in RB4)",
1717,FALSE,You're an Egg! (Evolution),Windtunnel Syndrome,2010,May 20 2010,Prog,X,X,RBN1,♥♥♥♥♥   5,♥♥♥♥♥   2,♥♥♥♥♥   5,X,X,X,X,X,X,Xbox Only,Xbox Only,No,,No Pro Drums,
1718,FALSE,Fat Kid,Nothing More,2009,May 21 2010,Rock,M,English,RBN1,♥♥♥♥♥   3,♥♥♥♥♥   4.5,♥♥♥♥♥   5.5,X,X,♥♥♥♥♥   3.5,X,X,X,Xbox Only,Xbox Only,No,,No Pro Drums,
1719,FALSE,Satellite (Live),A t o m,2010,May 21 2010,New Wave,M,English,RBN1,♥♥♥♥♥   1,♥♥♥♥♥   1,♥♥♥♥♥   2,X,X,♥♥♥♥♥   2,X,X,X,Xbox Only,Xbox Only,No,,No Pro Drums,
1720,FALSE,Dance Floor,The Apples in Stereo,2010,May 24 2010,Pop-Rock,M,English,RBN1,♥♥♥♥♥   0,♥♥♥♥♥   0,♥♥♥♥♥   1,X,X,♥♥♥♥♥   2,X,X,X,Xbox Only,Xbox Only,No,,,
1721,FALSE,Fight to Kill,Holy Grail,2009,May 24 2010,Metal,M,English,RBN1,♥♥♥♥♥   5.5,♥♥♥♥♥   4,♥♥♥♥♥   5,X,X,♥♥♥♥♥   3.5,X,X,X,PS3/Xbox,PS3/Xbox,No,,No Pro Drums,
1722,FALSE,Footprints,John Garrison,2009,May 24 2010,Alternative,M,English,RBN1,♥♥♥♥♥   2,♥♥♥♥♥   2,♥♥♥♥♥   3,X,X,♥♥♥♥♥   3,X,X,X,Xbox Only,Xbox Only,No,,No Pro Drums,
1723,FALSE,Mr. Sun,CJ,2005,May 24 2010,Pop-Rock,M,English,RBN1,♥♥♥♥♥   2,♥♥♥♥♥   2,♥♥♥♥♥   3,X,X,♥♥♥♥♥   3,X,X,X,Xbox Only,Xbox Only,No,,,
1724,FALSE,Oye Vaya,Earl Greyhound,2010,May 24 2010,Rock,M,English,RBN1,♥♥♥♥♥   3,♥♥♥♥♥   2,♥♥♥♥♥   5,X,X,♥♥♥♥♥   4.5,X,X,X,PS3/Xbox,PS3/Xbox,No,,No Pro Drums,
1725,FALSE,Stay Up With Me,After the Fall,2010,May 24 2010,Rock,M,English,RBN1,♥♥♥♥♥   3,♥♥♥♥♥   2,♥♥♥♥♥   4,X,X,♥♥♥♥♥   3.5,X,X,X,Xbox Only,Xbox Only,No,,No Pro Drums,
1726,FALSE,You All Everybody,Drive Shaft,2008,May 24 2010,Rock,M,English,RBN1,♥♥♥♥♥   3,♥♥♥♥♥   3,♥♥♥♥♥   1,X,X,♥♥♥♥♥   0,X,X,X,Yes,Yes,No,,,
1727,FALSE,Dharma Lady,Geronimo Jackson,2010,May 25 2010,Classic Rock,M,English,RBN1,♥♥♥♥♥   3,♥♥♥♥♥   2,♥♥♥♥♥   3,X,X,♥♥♥♥♥   2,X,X,X,Xbox Only,Xbox Only,No,,No Pro Drums,
1728,FALSE,How We Roll,Plushgun,2009,May 27 2010,New Wave,M,English,RBN1,♥♥♥♥♥   2,♥♥♥♥♥   3,♥♥♥♥♥   4,X,X,♥♥♥♥♥   2,X,X,X,PS3/Xbox,PS3/Xbox,No,,No Pro Drums,
1729,FALSE,The Way You Move,The Audition,2009,May 27 2010,Alternative,M,English,RBN1,♥♥♥♥♥   3,♥♥♥♥♥   1,♥♥♥♥♥   3,X,X,♥♥♥♥♥   3.5,X,X,X,PS3/Xbox,PS3/Xbox,No,,No Pro Drums,
1730,FALSE,We Are the One,Anti-Flag,2009,May 27 2010,Punk,M,English,RBN1,♥♥♥♥♥   4,♥♥♥♥♥   4,♥♥♥♥♥   5,X,X,♥♥♥♥♥   1,X,X,X,Yes,Yes,Yes,,"No Pro Drums (In RB3, does in RB4)",
1731,FALSE,American Hero,Ron Wasserman,2010,Jun 1 2010,Rock,M,English,RBN1,♥♥♥♥♥   3,♥♥♥♥♥   0,♥♥♥♥♥   3,X,X,♥♥♥♥♥   2,X,X,X,Xbox Only,Xbox Only,No,,No Pro Drums,
1732,FALSE,Disappear in You,Clandestine,2009,Jun 1 2010,Metal,F,English,RBN1,♥♥♥♥♥   5,♥♥♥♥♥   4,♥♥♥♥♥   5,X,X,♥♥♥♥♥   3.5,X,X,X,Xbox Only,Xbox Only,No,,No Pro Drums,
1733,FALSE,Freakshow,HourCast,2010,Jun 1 2010,Rock,M,English,RBN1,♥♥♥♥♥   3,♥♥♥♥♥   3,♥♥♥♥♥   3,X,X,♥♥♥♥♥   3,3,♥♥♥♥♥   2,♥♥♥♥♥   2,PS3/Xbox,PS3/Xbox,Yes,,"No Pro Drums, Schick Pack version has Pro Drums but no Harmonies in RB3",
1734,FALSE,Hail Destroyer,Cancer Bats,2008,Jun 1 2010,Metal,M,English,RBN1,♥♥♥♥♥   4,♥♥♥♥♥   3,♥♥♥♥♥   4,X,X,♥♥♥♥♥   3,X,X,X,PS3/Xbox,PS3/Xbox,No,,No Pro Drums,
1735,FALSE,Live For Today,Sullivan DeMott,2009,Jun 1 2010,Rock,M,English,RBN1,♥♥♥♥♥   2,♥♥♥♥♥   2,♥♥♥♥♥   4,X,X,♥♥♥♥♥   2,X,X,X,Xbox Only,Xbox Only,No,,No Pro Drums,
1736,FALSE,Shake,A t o m,2010,Jun 1 2010,New Wave,M,English,RBN1,♥♥♥♥♥   2,♥♥♥♥♥   2,♥♥♥♥♥   2,X,X,♥♥♥♥♥   2,X,X,X,Xbox Only,Xbox Only,No,,No Pro Drums,
1737,FALSE,Sorceress,Cancer Bats,2008,Jun 1 2010,Metal,M,English,RBN1,♥♥♥♥♥   3,♥♥♥♥♥   3,♥♥♥♥♥   4,X,X,♥♥♥♥♥   3,X,X,X,Xbox Only,Xbox Only,No,,No Pro Drums,
1738,FALSE,This F***ing Job,Drive-By Truckers,2008,Jun 1 2010,Rock,M,English,RBN1,♥♥♥♥♥   2,♥♥♥♥♥   2,♥♥♥♥♥   0,X,X,♥♥♥♥♥   3,X,X,X,Xbox Only,Xbox Only,No,,No Pro Drums,
1739,FALSE,When We Fall,Gentlemen At Arms,2009,Jun 1 2010,Alternative,M,English,RBN1,♥♥♥♥♥   4,♥♥♥♥♥   3,♥♥♥♥♥   4,X,X,♥♥♥♥♥   3.5,X,X,X,Xbox Only,Xbox Only,No,,No Pro Drums,
1740,FALSE,Blow at High Dough,The Tragically Hip,1989,Jun 7 2010,Rock,M,English,RBN1,♥♥♥♥♥   3,♥♥♥♥♥   3,♥♥♥♥♥   1,X,X,♥♥♥♥♥   2,X,X,X,Yes,Yes,No,,No Pro Drums,
1741,FALSE,Dead Wrong,Cancer Bats,2010,Jun 7 2010,Metal,M,English,RBN1,♥♥♥♥♥   3,♥♥♥♥♥   3,♥♥♥♥♥   4,X,X,♥♥♥♥♥   0,X,X,X,Xbox Only,Xbox Only,No,,No Pro Drums,
1742,FALSE,Haunt My Mind,The New Regime,2008,Jun 7 2010,Rock,M,English,RBN1,♥♥♥♥♥   4,♥♥♥♥♥   2,♥♥♥♥♥   3,X,X,♥♥♥♥♥   3,X,X,X,Xbox Only,Xbox Only,No,,No Pro Drums,
1743,FALSE,Higher,Creed,1999,Jun 7 2010,Rock,M,English,RBN1,♥♥♥♥♥   2,♥♥♥♥♥   3,♥♥♥♥♥   3,X,X,♥♥♥♥♥   3,X,X,X,Yes,Yes,Yes,,"No Pro Drums (In RB3, does in RB4)",
1744,FALSE,Riot Act,Exodus,2007,Jun 7 2010,Metal,M,English,RBN1,♥♥♥♥♥   5.5,♥♥♥♥♥   5.5,♥♥♥♥♥   5.5,X,X,♥♥♥♥♥   0,X,X,X,Yes,Yes,No,,No Pro Drums,
1745,FALSE,Smile (Live),The Gufs,2006,Jun 7 2010,Rock,M,English,RBN1,♥♥♥♥♥   3,♥♥♥♥♥   2,♥♥♥♥♥   1,X,X,♥♥♥♥♥   1,X,X,X,Xbox Only,Xbox Only,No,,No Pro Drums,
1746,FALSE,Surprise,Verse Versus Chorus,2009,Jun 7 2010,Indie Rock,M,English,RBN1,♥♥♥♥♥   1,♥♥♥♥♥   1,♥♥♥♥♥   2,X,X,♥♥♥♥♥   3,X,X,X,Xbox Only,Xbox Only,No,,No Pro Drums,
1747,FALSE,Walking Away,Made Avail,2010,Jun 7 2010,Alternative,M,English,RBN1,♥♥♥♥♥   3,♥♥♥♥♥   3,♥♥♥♥♥   4,X,X,♥♥♥♥♥   3,X,X,X,Xbox Only,Xbox Only,No,,No Pro Drums,
1748,FALSE,Fake It,Seether,2007,Jun 8 2010,Rock,M,English,RBN1,♥♥♥♥♥   1,♥♥♥♥♥   1,♥♥♥♥♥   1,X,X,♥♥♥♥♥   1,X,X,X,Yes,Yes,Yes,,"No Pro Drums (In RB3, does in RB4)",
1749,FALSE,Soldier from the Surface,Windtunnel Syndrome,2010,Jun 8 2010,Prog,X,X,RBN1,♥♥♥♥♥   4,♥♥♥♥♥   4,♥♥♥♥♥   5.5,X,X,X,X,X,X,Xbox Only,Xbox Only,No,,No Pro Drums,
1750,FALSE,Tap Dancing In A Minefield,The New Regime,2008,Jun 9 2010,Rock,M,English,RBN1,♥♥♥♥♥   5,♥♥♥♥♥   4,♥♥♥♥♥   5,X,X,♥♥♥♥♥   2,X,X,X,Xbox Only,Xbox Only,No,,No Pro Drums,
1751,FALSE,Daughter,The Reverend H Chronicles,2009,Jun 9 2010,Metal,M,English,RBN1,♥♥♥♥♥   1,♥♥♥♥♥   1,♥♥♥♥♥   1,X,X,♥♥♥♥♥   0,X,X,X,Xbox Only,Xbox Only,No,,,
1752,FALSE,I Wanna Be An Alien's Pet,Alien Downlink,2009,Jun 11 2010,Punk,M,English,RBN1,♥♥♥♥♥   3,♥♥♥♥♥   3,♥♥♥♥♥   5,X,X,♥♥♥♥♥   3,X,X,X,Xbox Only,Xbox Only,No,,No Pro Drums,
1753,FALSE,Friday the 13th,The Riptides,2010,Jun 11 2010,Punk,M,English,RBN1,♥♥♥♥♥   4,♥♥♥♥♥   3,♥♥♥♥♥   5,X,X,♥♥♥♥♥   1,X,X,X,Xbox Only,Xbox Only,No,,No Pro Drums,
1754,FALSE,Molten Death,Man Parts,2010,Jun 11 2010,Novelty,M,English,RBN1,♥♥♥♥♥   5,♥♥♥♥♥   4,♥♥♥♥♥   5,X,X,♥♥♥♥♥   0,X,X,X,Xbox Only,Xbox Only,No,,No Pro Drums,
1755,FALSE,Tree Village,Dance Gavin Dance,2009,Jun 11 2010,Indie Rock,M,English,RBN1,♥♥♥♥♥   5,♥♥♥♥♥   4,♥♥♥♥♥   6,X,X,♥♥♥♥♥   4,X,X,X,Yes,Yes,Yes,,"No Pro Drums (In RB3, does in RB4)",
1756,FALSE,Young,Twintapes,2009,Jun 11 2010,Indie Rock,M,English,RBN1,♥♥♥♥♥   2,♥♥♥♥♥   2,♥♥♥♥♥   3,X,X,♥♥♥♥♥   2,X,X,X,Xbox Only,Xbox Only,No,,No Pro Drums,
1757,FALSE,America Underwater,LoveHateHero,2009,Jun 14 2010,Emo,M,English,RBN1,♥♥♥♥♥   3,♥♥♥♥♥   3,♥♥♥♥♥   4,X,X,♥♥♥♥♥   3.5,X,X,X,Yes,Yes,No,,No Pro Drums,
1758,FALSE,Anybody Else,Audible Mainframe,2009,Jun 14 2010,Hip-Hop/Rap,M,English,RBN1,♥♥♥♥♥   1,♥♥♥♥♥   2,♥♥♥♥♥   3,X,X,♥♥♥♥♥   0,X,X,X,PS3/Xbox,PS3/Xbox,No,,No Pro Drums,
1759,FALSE,Bang Camaro,Bang Camaro,2007,Jun 14 2010,Rock,M,English,RBN1,♥♥♥♥♥   5.5,♥♥♥♥♥   2,♥♥♥♥♥   1,X,X,♥♥♥♥♥   0,X,X,X,Yes,Yes,No,,No Pro Drums,
1760,FALSE,"Cheating, Lying, Stealing",Bang on a Can All-Stars / David Lang,2002,Jun 14 2010,Other,X,X,RBN1,♥♥♥♥♥   4,♥♥♥♥♥   4,♥♥♥♥♥   3,X,X,X,X,X,X,Xbox Only,Xbox Only,No,,No Pro Drums,
1761,FALSE,Circles,Something Opus,2009,Jun 14 2010,Indie Rock,M,English,RBN1,♥♥♥♥♥   2,♥♥♥♥♥   2,♥♥♥♥♥   1,X,X,♥♥♥♥♥   3,X,X,X,Xbox Only,Xbox Only,No,,No Pro Drums,
1762,FALSE,Detroit City,Drivin' N' Cryin',2009,Jun 14 2010,Rock,M,English,RBN1,♥♥♥♥♥   2,♥♥♥♥♥   0,♥♥♥♥♥   2,X,X,♥♥♥♥♥   3.5,X,X,X,Xbox Only,Xbox Only,No,,No Pro Drums,
1763,FALSE,Fire Away,Kill the Alarm,2007,Jun 14 2010,Alternative,M,English,RBN1,♥♥♥♥♥   3,♥♥♥♥♥   1,♥♥♥♥♥   4,X,X,♥♥♥♥♥   3.5,X,X,X,PS3/Xbox,PS3/Xbox,No,,No Pro Drums,
1764,FALSE,I See Georgia,Drivin' N' Cryin',2009,Jun 14 2010,Rock,M,English,RBN1,♥♥♥♥♥   3,♥♥♥♥♥   2,♥♥♥♥♥   1,X,X,♥♥♥♥♥   3,X,X,X,Xbox Only,Xbox Only,No,,No Pro Drums,
1765,FALSE,I'm Coming Home,A t o m,2010,Jun 14 2010,New Wave,M,English,RBN1,♥♥♥♥♥   2,♥♥♥♥♥   2,♥♥♥♥♥   2,X,X,♥♥♥♥♥   3,X,X,X,Xbox Only,Xbox Only,No,,No Pro Drums,
1766,FALSE,Ice Cold,Audible Mainframe,2009,Jun 14 2010,Hip-Hop/Rap,M,English,RBN1,♥♥♥♥♥   3,♥♥♥♥♥   1,♥♥♥♥♥   2,X,X,♥♥♥♥♥   0,X,X,X,PS3/Xbox,PS3/Xbox,No,,No Pro Drums,
1767,FALSE,Let Me Down,Drivin' N' Cryin',2009,Jun 14 2010,Rock,M,English,RBN1,♥♥♥♥♥   3,♥♥♥♥♥   3,♥♥♥♥♥   2,X,X,♥♥♥♥♥   3,X,X,X,Xbox Only,Xbox Only,No,,No Pro Drums,
1768,FALSE,Nightlife Commando,Bang Camaro,2007,Jun 14 2010,Rock,M,English,RBN1,♥♥♥♥♥   4,♥♥♥♥♥   3,♥♥♥♥♥   2,X,X,♥♥♥♥♥   0,X,X,X,Yes,Yes,No,,No Pro Drums,
1769,FALSE,ShadowBang (Head),Bang on a Can All-Stars / Evan Ziporyn,2003,Jun 14 2010,Other,X,X,RBN1,♥♥♥♥♥   3,♥♥♥♥♥   1,♥♥♥♥♥   4,X,X,X,X,X,X,Xbox Only,Xbox Only,Yes,,"No Pro Drums (In RB3, does in RB4)",
1770,FALSE,Shop Vac,Jonathan Coulton,2006,Jun 14 2010,Rock,M,English,RBN1,♥♥♥♥♥   3,♥♥♥♥♥   2,♥♥♥♥♥   2,X,X,♥♥♥♥♥   3.5,X,X,X,Yes,Yes,No,,No Pro Drums,
1771,FALSE,Yo Shakespeare,Bang on a Can All-Stars / Michael Gordon,1992,Jun 14 2010,Other,X,X,RBN1,♥♥♥♥♥   5,♥♥♥♥♥   3,♥♥♥♥♥   4,X,X,X,X,X,X,Xbox Only,Xbox Only,No,,No Pro Drums,
1772,FALSE,An Exercise in Futility,Single White Infidel,2010,Jun 15 2010,Punk,M,English,RBN1,♥♥♥♥♥   2,♥♥♥♥♥   3,♥♥♥♥♥   5,X,X,♥♥♥♥♥   3,X,X,X,Xbox Only,Xbox Only,No,,No Pro Drums,
1773,FALSE,Beethoven - Symphony No. 9 - Scherzo,Paul Henry Smith & the Fauxharmonic Orchestra,2010,Jun 15 2010,Classical,X,X,RBN1,♥♥♥♥♥   4,♥♥♥♥♥   3,♥♥♥♥♥   4,X,X,X,X,X,X,Xbox Only,Xbox Only,No,,No Pro Drums,
1774,FALSE,Infected Nation,Evile,2009,Jun 15 2010,Metal,M,English,RBN1,♥♥♥♥♥   5.5,♥♥♥♥♥   5.5,♥♥♥♥♥   5.5,X,X,♥♥♥♥♥   3,X,X,X,Yes,Yes,No,,No Pro Drums,
1775,FALSE,Rise Above This,Seether,2007,Jun 15 2010,Rock,M,English,RBN1,♥♥♥♥♥   2,♥♥♥♥♥   1,♥♥♥♥♥   1,X,X,♥♥♥♥♥   2,X,X,X,PS3/Xbox,PS3/Xbox,Yes,,"No Pro Drums (In RB3, does in RB4)",
1776,FALSE,Scared to Death,Cancer Bats,2010,Jun 15 2010,Metal,M,English,RBN1,♥♥♥♥♥   5,♥♥♥♥♥   3,♥♥♥♥♥   4,X,X,♥♥♥♥♥   1,X,X,X,Xbox Only,Xbox Only,No,,No Pro Drums,
1777,FALSE,Serial Killer,Damone,2008,Jun 16 2010,Rock,F,English,RBN1,♥♥♥♥♥   3,♥♥♥♥♥   1,♥♥♥♥♥   4,X,X,♥♥♥♥♥   2,X,X,X,PS3/Xbox,PS3/Xbox,No,,No Pro Drums,
1778,FALSE,Travelin' Freak Show,Joe Bouchard,2009,Jun 16 2010,Classic Rock,M,English,RBN1,♥♥♥♥♥   3,♥♥♥♥♥   2,♥♥♥♥♥   2,X,X,♥♥♥♥♥   1,X,X,X,Xbox Only,Xbox Only,No,,No Pro Drums,
1779,FALSE,Wake Up,Me Talk Pretty,2010,Jun 16 2010,Rock,F,English,RBN1,♥♥♥♥♥   3,♥♥♥♥♥   4,♥♥♥♥♥   4,X,X,♥♥♥♥♥   3,X,X,X,Yes,Yes,No,ReLd-DLC,No Pro Drums,
1780,FALSE,Dream About the Future,The Apples in Stereo,2010,Jun 18 2010,Pop-Rock,M,English,RBN1,♥♥♥♥♥   2,♥♥♥♥♥   2,♥♥♥♥♥   1,X,X,♥♥♥♥♥   2,X,X,X,Xbox Only,Xbox Only,No,,,
1781,FALSE,Hitch Up (I'm So Stupid),Jesus Candy,2010,Jun 18 2010,Rock,M,English,RBN1,♥♥♥♥♥   4,♥♥♥♥♥   2,♥♥♥♥♥   4,X,X,♥♥♥♥♥   1,X,X,X,Xbox Only,Xbox Only,No,,No Pro Drums,
1782,FALSE,Hot Stuff,Scott Attrill,2010,Jun 18 2010,Pop/Dance/Electronic,X,X,RBN1,♥♥♥♥♥   4,♥♥♥♥♥   0,♥♥♥♥♥   5.5,X,X,X,X,X,X,Xbox Only,Xbox Only,No,,No Pro Drums,
1783,FALSE,Painted,Zoo Seven,2010,Jun 18 2010,Rock,M,English,RBN1,♥♥♥♥♥   3,♥♥♥♥♥   3,♥♥♥♥♥   4,X,X,♥♥♥♥♥   3,X,X,X,Xbox Only,Xbox Only,No,,No Pro Drums,
1784,FALSE,Bled To Be Free (The Operation),Rx Bandits,2009,Jun 21 2010,Alternative,M,English,RBN1,♥♥♥♥♥   4,♥♥♥♥♥   4,♥♥♥♥♥   5.5,X,X,♥♥♥♥♥   3.5,X,X,X,PS3/Xbox,PS3/Xbox,No,,No Pro Drums,
1785,FALSE,Bleed,Meshuggah,2008,Jun 21 2010,Metal,M,English,RBN1,♥♥♥♥♥   6,♥♥♥♥♥   6,♥♥♥♥♥   6,X,X,♥♥♥♥♥   0,X,X,X,Yes,Yes,Yes,,"No Pro Drums (In RB3, does in RB4)",
1786,FALSE,Bright Side of Life,Rebelution,2009,Jun 21 2010,Reggae/Ska,M,English,RBN1,♥♥♥♥♥   1,♥♥♥♥♥   1,♥♥♥♥♥   3,X,X,♥♥♥♥♥   3,X,X,X,Xbox Only,Xbox Only,No,,No Pro Drums,
1787,FALSE,Bury You Slowly,Made Avail,2010,Jun 21 2010,Alternative,M,English,RBN1,♥♥♥♥♥   3,♥♥♥♥♥   3,♥♥♥♥♥   3,X,X,♥♥♥♥♥   3,X,X,X,Xbox Only,Xbox Only,No,,No Pro Drums,
1788,FALSE,Cookie Monster,XTT,2010,Jun 21 2010,Novelty,F,English,RBN1,♥♥♥♥♥   3,♥♥♥♥♥   3,♥♥♥♥♥   5,X,X,♥♥♥♥♥   0,X,X,X,Xbox Only,Xbox Only,No,,No Pro Drums,
1789,FALSE,Crash Years,The New Pornographers,2010,Jun 21 2010,Indie Rock,F,English,RBN1,♥♥♥♥♥   1,♥♥♥♥♥   1,♥♥♥♥♥   2,X,X,♥♥♥♥♥   3,X,X,X,Yes,Yes,No,,No Pro Drums,
1790,FALSE,Crooked Strings,Kiev,2009,Jun 21 2010,Alternative,M,English,RBN1,♥♥♥♥♥   5,♥♥♥♥♥   4,♥♥♥♥♥   5,X,X,♥♥♥♥♥   3.5,X,X,X,PS3/Xbox,PS3/Xbox,No,,No Pro Drums,
1791,FALSE,Janie,The Raspberry Ants,2010,Jun 21 2010,Indie Rock,M,English,RBN1,♥♥♥♥♥   3,♥♥♥♥♥   1,♥♥♥♥♥   4,X,X,♥♥♥♥♥   2,X,X,X,Xbox Only,Xbox Only,No,,,
1792,FALSE,Mandelbrot Set,Jonathan Coulton,2004,Jun 21 2010,Rock,M,English,RBN1,♥♥♥♥♥   2,♥♥♥♥♥   2,♥♥♥♥♥   3,X,X,♥♥♥♥♥   3,X,X,X,PS3/Xbox,PS3/Xbox,No,,No Pro Drums,
1793,FALSE,Six Is One,Free Electric State,2010,Jun 21 2010,Indie Rock,F,English,RBN1,♥♥♥♥♥   3,♥♥♥♥♥   3,♥♥♥♥♥   3,X,X,♥♥♥♥♥   1,X,X,X,Xbox Only,Xbox Only,No,,No Pro Drums,
1794,FALSE,The World Is a Thorn,Demon Hunter,2010,Jun 21 2010,Metal,M,English,RBN1,♥♥♥♥♥   4,♥♥♥♥♥   4,♥♥♥♥♥   5.5,X,X,♥♥♥♥♥   2,X,X,X,Yes,Yes,No,,No Pro Drums,
1795,FALSE,Three Words,Todd Thibaud,2005,Jun 21 2010,Country,M,English,RBN1,♥♥♥♥♥   3,♥♥♥♥♥   2,♥♥♥♥♥   1,X,X,♥♥♥♥♥   2,X,X,X,Xbox Only,Xbox Only,No,,No Pro Drums,
1796,FALSE,Turnpike Ghost,Steel Train,2010,Jun 21 2010,Alternative,M,English,RBN1,♥♥♥♥♥   3,♥♥♥♥♥   2,♥♥♥♥♥   3,X,X,♥♥♥♥♥   2,X,X,X,Xbox Only,Xbox Only,No,,No Pro Drums,
1797,FALSE,A Better Forever,SexTon,2010,Jun 23 2010,Alternative,M,English,RBN1,♥♥♥♥♥   3,♥♥♥♥♥   1,♥♥♥♥♥   5.5,X,X,♥♥♥♥♥   3,X,X,X,Xbox Only,Xbox Only,No,,No Pro Drums,
1798,FALSE,Engine,Wargasm,1995,Jun 23 2010,Metal,M,English,RBN1,♥♥♥♥♥   5,♥♥♥♥♥   4.5,♥♥♥♥♥   5.5,X,X,♥♥♥♥♥   3,X,X,X,PS3/Xbox,PS3/Xbox,No,,No Pro Drums,
1799,FALSE,The Lesser Man,SOiL,2009,Jun 23 2010,Rock,M,English,RBN1,♥♥♥♥♥   3,♥♥♥♥♥   2,♥♥♥♥♥   4,X,X,♥♥♥♥♥   3.5,X,X,X,PS3/Xbox,PS3/Xbox,No,,No Pro Drums,
1800,FALSE,Ramp Truck,Freen in Green,2010,Jun 25 2010,Prog,F,English,RBN1,♥♥♥♥♥   5,♥♥♥♥♥   1,♥♥♥♥♥   4,♥♥♥♥♥   3,♥♥♥♥♥   4,♥♥♥♥♥   3,3,X,X,Xbox Only,Xbox Only,No,,"RB3 Version Available, No Pro Drums On Original Version",
1801,FALSE,Run,Charmaine,2010,Jun 25 2010,Pop/Dance/Electronic,F,English,RBN1,♥♥♥♥♥   2,♥♥♥♥♥   1,♥♥♥♥♥   3,X,X,♥♥♥♥♥   3,X,X,X,Xbox Only,Xbox Only,No,,,
1802,FALSE,The Me You See,Spiral Trance,2009,Jun 25 2010,Metal,M,English,RBN1,♥♥♥♥♥   4,♥♥♥♥♥   2,♥♥♥♥♥   5,X,X,♥♥♥♥♥   3,X,X,X,Xbox Only,Xbox Only,No,,No Pro Drums,
1803,FALSE,Believing,Bang on a Can All-Stars / Julia Wolfe,2001,Jun 28 2010,Other,F,Adlib,RBN1,♥♥♥♥♥   5.5,♥♥♥♥♥   5.5,♥♥♥♥♥   5.5,X,X,♥♥♥♥♥   0,X,X,X,Xbox Only,Xbox Only,No,,No Pro Drums,
1804,FALSE,Deliver Us,Andy Timmons,2006,Jun 28 2010,Rock,X,X,RBN1,♥♥♥♥♥   5.5,♥♥♥♥♥   3,♥♥♥♥♥   3,X,X,X,X,X,X,Yes,Yes,No,,No Pro Drums,
1805,FALSE,Nosophoros,Evile,2009,Jun 28 2010,Metal,M,English,RBN1,♥♥♥♥♥   5.5,♥♥♥♥♥   5.5,♥♥♥♥♥   5.5,X,X,♥♥♥♥♥   3,X,X,X,PS3/Xbox,PS3/Xbox,No,,No Pro Drums,
1806,FALSE,"Touche, Miss Indenial",Jamestown Story,2007,Jun 28 2010,Pop-Rock,M,English,RBN1,♥♥♥♥♥   2,♥♥♥♥♥   1,♥♥♥♥♥   3,X,X,♥♥♥♥♥   3,X,X,X,Xbox Only,Xbox Only,No,,,
1807,FALSE,Buster Voodoo,Rodrigo y Gabriela,2009,Jun 29 2010,Rock,X,X,RBN1,♥♥♥♥♥   6,♥♥♥♥♥   6,X,X,X,X,X,X,X,Yes,Yes,Yes,,,
1808,FALSE,Divine,XTT,2010,Jun 29 2010,Reggae/Ska,F,English,RBN1,♥♥♥♥♥   0,♥♥♥♥♥   1,♥♥♥♥♥   2,X,X,♥♥♥♥♥   1,X,X,X,Xbox Only,Xbox Only,No,,No Pro Drums,
1809,FALSE,Outta the Band,My First Earthquake,2009,Jun 30 2010,Indie Rock,F,English,RBN1,♥♥♥♥♥   2,♥♥♥♥♥   2,♥♥♥♥♥   3,X,X,♥♥♥♥♥   3.5,X,X,X,Xbox Only,Xbox Only,No,,No Pro Drums,
1810,FALSE,Beautiful Machine,Rose of Jericho,2010,Jul 1 2010,Pop-Rock,F,English,RBN1,♥♥♥♥♥   4,♥♥♥♥♥   2,♥♥♥♥♥   5.5,X,X,♥♥♥♥♥   4.5,X,X,X,Xbox Only,Xbox Only,No,,,
1811,FALSE,Real Love,RED9,2009,Jul 1 2010,Rock,M,English,RBN1,♥♥♥♥♥   4,♥♥♥♥♥   4,♥♥♥♥♥   4,X,X,♥♥♥♥♥   3.5,X,X,X,Xbox Only,Xbox Only,No,,No Pro Drums,
1812,FALSE,Throughout,Done Lying Down,1995,Jul 1 2010,Punk,M,English,RBN1,♥♥♥♥♥   3,♥♥♥♥♥   2,♥♥♥♥♥   3,X,X,♥♥♥♥♥   3,X,X,X,Xbox Only,Xbox Only,No,,No Pro Drums,
1813,FALSE,Tomorrow She's Mine,Rod Kim,2010,Jul 1 2010,Pop-Rock,M,English,RBN1,♥♥♥♥♥   1,♥♥♥♥♥   1,♥♥♥♥♥   1,X,X,♥♥♥♥♥   2,X,X,X,Xbox Only,Xbox Only,No,,,
1814,FALSE,Why Bother?,Scratching the Itch,2009,Jul 1 2010,Alternative,M,English,RBN1,♥♥♥♥♥   4,♥♥♥♥♥   4,♥♥♥♥♥   3,X,X,♥♥♥♥♥   3,X,X,X,Xbox Only,Xbox Only,No,,,
1815,FALSE,Big Deal,HourCast,2010,Jul 2 2010,Rock,M,English,RBN1,♥♥♥♥♥   3,♥♥♥♥♥   3,♥♥♥♥♥   3,X,X,♥♥♥♥♥   3,X,X,X,Xbox Only,Xbox Only,No,,,
1816,FALSE,Black Cloud,Scott Gehrett,2010,Jul 2 2010,Metal,X,X,RBN1,♥♥♥♥♥   5.5,♥♥♥♥♥   4,♥♥♥♥♥   3,X,X,X,X,X,X,Xbox Only,Xbox Only,No,,No Pro Drums,
1817,FALSE,Burst Into Fears,SexTon,2010,Jul 2 2010,Alternative,M,English,RBN1,♥♥♥♥♥   5.5,♥♥♥♥♥   4,♥♥♥♥♥   5,X,X,♥♥♥♥♥   2,X,X,X,Xbox Only,Xbox Only,No,,No Pro Drums,
1818,FALSE,Hard to See,Five Finger Death Punch,2009,Jul 2 2010,Metal,M,English,RBN1,♥♥♥♥♥   5,♥♥♥♥♥   4,♥♥♥♥♥   4,X,X,♥♥♥♥♥   2,X,X,X,Yes,Yes,Yes,,"No Pro Drums (In RB3, does in RB4)",
1819,FALSE,Told You Once,The Apples in Stereo,2010,Jul 2 2010,Pop-Rock,M,English,RBN1,♥♥♥♥♥   2,♥♥♥♥♥   0,♥♥♥♥♥   1,X,X,♥♥♥♥♥   2,X,X,X,Xbox Only,Xbox Only,No,,No Pro Drums,
1820,FALSE,Death By Cancer,Seppuku With a Straw,2011,Jul 6 2010,Other,F,Adlib,RBN1,♥♥♥♥♥   5.5,♥♥♥♥♥   5.5,♥♥♥♥♥   5,X,X,♥♥♥♥♥   1,X,X,X,Xbox Only,Xbox Only,No,,,
1821,FALSE,Flicker,Widespread Panic,2008,Jul 6 2010,Rock,M,English,RBN1,♥♥♥♥♥   4,♥♥♥♥♥   3,♥♥♥♥♥   3,X,X,♥♥♥♥♥   3.5,X,X,X,Xbox Only,Xbox Only,No,,No Pro Drums,
1822,FALSE,"In My Head, Out My Head",Primary,2010,Jul 6 2010,Alternative,M,English,RBN1,♥♥♥♥♥   3,♥♥♥♥♥   4,♥♥♥♥♥   3,X,X,♥♥♥♥♥   1,X,X,X,Xbox Only,Xbox Only,No,,,
1823,FALSE,Liberated by Blasphemy,Adam Evil,2007,Jul 6 2010,Metal,M,English,RBN1,♥♥♥♥♥   3,♥♥♥♥♥   4,♥♥♥♥♥   5,X,X,♥♥♥♥♥   3.5,X,X,X,Xbox Only,Xbox Only,No,,,
1824,FALSE,Nom Nom Nom Nom Nom Nom Nom,Parry Gripp,2009,Jul 6 2010,Novelty,M,English,RBN1,♥♥♥♥♥   1,♥♥♥♥♥   1,♥♥♥♥♥   1,X,X,♥♥♥♥♥   0,X,X,X,Yes,Yes,No,,No Pro Drums,
1825,FALSE,Seven,Sunny Day Real Estate,1994,Jul 6 2010,Alternative,M,English,RBN1,♥♥♥♥♥   3,♥♥♥♥♥   5,♥♥♥♥♥   5,X,X,♥♥♥♥♥   2,X,X,X,Yes,Yes,Yes,,"No Pro Drums (In RB3, does in RB4)",
1826,FALSE,Simple Man,Highlord,2009,Jul 6 2010,Metal,M,English,RBN1,♥♥♥♥♥   5,♥♥♥♥♥   4,♥♥♥♥♥   5,X,X,♥♥♥♥♥   3.5,X,X,X,Xbox Only,Xbox Only,No,,,
1827,FALSE,So Easy,Blue News,2010,Jul 6 2010,Alternative,M,English,RBN1,♥♥♥♥♥   2,♥♥♥♥♥   1,♥♥♥♥♥   2,X,X,♥♥♥♥♥   1,X,X,X,Xbox Only,Xbox Only,No,,,
1828,FALSE,The Ultimate Showdown (RBN Mix),Lemon Demon,2010,Jul 6 2010,Pop-Rock,M,English,RBN1,♥♥♥♥♥   2,♥♥♥♥♥   2,♥♥♥♥♥   3,X,X,♥♥♥♥♥   3.5,X,X,X,Yes,Yes,No,,,
1829,FALSE,Tora Tora Tora,Pretty & Nice,2008,Jul 6 2010,Pop-Rock,M,English,RBN1,♥♥♥♥♥   3,♥♥♥♥♥   3,♥♥♥♥♥   4,X,X,♥♥♥♥♥   3,X,X,X,PS3/Xbox,PS3/Xbox,No,,No Pro Drums,
1830,FALSE,War Against the Radio,Audio Ammunition,2005,Jul 6 2010,Rock,M,English,RBN1,♥♥♥♥♥   1,♥♥♥♥♥   2,♥♥♥♥♥   4,X,X,♥♥♥♥♥   0,X,X,X,Xbox Only,Xbox Only,No,,,
1831,FALSE,Wytches 2010,Inkubus Sukkubus,2010,Jul 6 2010,Glam,F,English,RBN1,♥♥♥♥♥   3,♥♥♥♥♥   2,♥♥♥♥♥   5,X,X,♥♥♥♥♥   1,X,X,X,Xbox Only,Xbox Only,No,,No Pro Drums,
1832,FALSE,Piranha,Pretty & Nice,2008,Jul 7 2010,Pop-Rock,M,English,RBN1,♥♥♥♥♥   2,♥♥♥♥♥   2,♥♥♥♥♥   1,X,X,♥♥♥♥♥   3,X,X,X,PS3/Xbox,PS3/Xbox,No,,No Pro Drums,
1833,FALSE,So Awesome,The Shazam,2009,Jul 7 2010,Rock,M,English,RBN1,♥♥♥♥♥   4,♥♥♥♥♥   3,♥♥♥♥♥   4,X,X,♥♥♥♥♥   3,X,X,X,Xbox Only,Xbox Only,No,,No Pro Drums,
1834,FALSE,Why,C. J. Ramone,2008,Jul 7 2010,Punk,M,English,RBN1,♥♥♥♥♥   2,♥♥♥♥♥   2,♥♥♥♥♥   2,X,X,♥♥♥♥♥   0,X,X,X,Xbox Only,Xbox Only,No,,No Pro Drums,
1835,FALSE,Lights Out,Hyro da Hero,2010,Jul 9 2010,Hip-Hop/Rap,M,English,RBN1,♥♥♥♥♥   1,♥♥♥♥♥   0,♥♥♥♥♥   4,X,X,♥♥♥♥♥   0,X,X,X,Xbox Only,Xbox Only,No,,No Pro Drums,
1836,FALSE,The Anthem of the Angry Brides,Norma Jean,2010,Jul 9 2010,Metal,M,English,RBN1,♥♥♥♥♥   5.5,♥♥♥♥♥   3,♥♥♥♥♥   5.5,X,X,♥♥♥♥♥   0,X,X,X,PS3/Xbox,PS3/Xbox,No,,No Pro Drums,
1837,FALSE,Ain't Life Grand (Live),Widespread Panic,2009,Jul 12 2010,Rock,M,English,RBN1,♥♥♥♥♥   4,♥♥♥♥♥   3,♥♥♥♥♥   3,X,X,♥♥♥♥♥   2,X,X,X,Xbox Only,Xbox Only,No,,No Pro Drums,
1838,FALSE,Attraction,HourCast,2010,Jul 12 2010,Rock,M,English,RBN1,♥♥♥♥♥   3,♥♥♥♥♥   3,♥♥♥♥♥   5,X,X,♥♥♥♥♥   3,X,X,X,Xbox Only,Xbox Only,No,,,
1839,FALSE,Filthy Dog,Aittala,2009,Jul 12 2010,Metal,M,English,RBN1,♥♥♥♥♥   4,♥♥♥♥♥   3,♥♥♥♥♥   2,X,X,♥♥♥♥♥   2,X,X,X,Xbox Only,Xbox Only,No,,No Pro Drums,
1840,FALSE,Happy Little Tune,DeBaser,2009,Jul 12 2010,New Wave,X,X,RBN1,♥♥♥♥♥   3,♥♥♥♥♥   3,♥♥♥♥♥   2,X,X,X,X,X,X,Xbox Only,Xbox Only,No,,,
1841,FALSE,Leaderless and Self Enlisted,Norma Jean,2010,Jul 12 2010,Metal,M,English,RBN1,♥♥♥♥♥   5,♥♥♥♥♥   3,♥♥♥♥♥   4,X,X,♥♥♥♥♥   1,X,X,X,Yes,Yes,Yes,,"No Pro Drums (In RB3, does in RB4)",
1842,FALSE,Pedal Down,Assembly of Dust,2009,Jul 12 2010,Rock,M,English,RBN1,♥♥♥♥♥   1,♥♥♥♥♥   2,♥♥♥♥♥   1,X,X,♥♥♥♥♥   3,X,X,X,Xbox Only,Xbox Only,No,,No Pro Drums,
1843,FALSE,Right Now Romeo,Mason Douglas feat. Blue Morning,2004,Jul 12 2010,Country,M,English,RBN1,♥♥♥♥♥   4,♥♥♥♥♥   2,♥♥♥♥♥   2,X,X,♥♥♥♥♥   4.5,X,X,X,Xbox Only,Xbox Only,No,,No Pro Drums,
1844,FALSE,Deathbed Atheist,Norma Jean,2010,Jul 13 2010,Metal,M,English,RBN1,♥♥♥♥♥   2,♥♥♥♥♥   1,♥♥♥♥♥   4,X,X,♥♥♥♥♥   2,X,X,X,Xbox Only,Xbox Only,Yes,,"No Pro Drums (In RB3, does in RB4)",
1845,FALSE,Do It to Me,C. J. Ramone,2009,Jul 13 2010,Punk,M,English,RBN1,♥♥♥♥♥   2,♥♥♥♥♥   2,♥♥♥♥♥   3,X,X,♥♥♥♥♥   2,X,X,X,Xbox Only,Xbox Only,No,,No Pro Drums,
1846,FALSE,Love Song,No Justice,2010,Jul 13 2010,Country,M,English,RBN1,♥♥♥♥♥   4,♥♥♥♥♥   3,♥♥♥♥♥   2,X,X,♥♥♥♥♥   3.5,X,X,X,Xbox Only,Xbox Only,No,,,
1847,FALSE,Take Me Away,Rose of Jericho,2007,Jul 13 2010,Pop-Rock,F,English,RBN1,♥♥♥♥♥   2,♥♥♥♥♥   2,♥♥♥♥♥   2,X,X,♥♥♥♥♥   5.5,X,X,X,Xbox Only,Xbox Only,No,,No Pro Drums,
1848,FALSE,The Final Episode (Let's Change the Channel),Asking Alexandria,2009,Jul 13 2010,Metal,M,English,RBN1,♥♥♥♥♥   4,♥♥♥♥♥   3,♥♥♥♥♥   5,♥♥♥♥♥   3,♥♥♥♥♥   4,♥♥♥♥♥   2,3,X,X,Yes,Yes,Yes,,"RB3 Version Available (on PS and Xbox), No Pro Drums On Original Version",
1849,FALSE,Until the Night,Free Spirit,2009,Jul 13 2010,Rock,M,English,RBN1,♥♥♥♥♥   3,♥♥♥♥♥   2,♥♥♥♥♥   2,♥♥♥♥♥   1,♥♥♥♥♥   1,♥♥♥♥♥   2,3,X,X,Xbox Only,PS3/Xbox,No,,"RB3 Version Available (PS3 only has the RB3 Version), No Pro Drums On Original Version",
1850,FALSE,Embrace Your Rage,Kramus,2009,Jul 14 2010,Rock,M,English,RBN1,♥♥♥♥♥   4,♥♥♥♥♥   2,♥♥♥♥♥   4,X,X,♥♥♥♥♥   3,X,X,X,Xbox Only,Xbox Only,No,,,
1851,FALSE,Jigsaw Man,Wargasm,1995,Jul 14 2010,Metal,M,English,RBN1,♥♥♥♥♥   5,♥♥♥♥♥   4.5,♥♥♥♥♥   5.5,X,X,♥♥♥♥♥   2,X,X,X,Xbox Only,Xbox Only,No,,,
1852,FALSE,Come Along,XTT,2010,Jul 16 2010,Alternative,F,English,RBN1,♥♥♥♥♥   4,♥♥♥♥♥   2,♥♥♥♥♥   4,X,X,♥♥♥♥♥   3,X,X,X,Xbox Only,Xbox Only,No,,No Pro Drums,
1853,FALSE,Here and Gone,Sullivan DeMott,2009,Jul 16 2010,Southern Rock,M,English,RBN1,♥♥♥♥♥   2,♥♥♥♥♥   2,♥♥♥♥♥   1,X,X,♥♥♥♥♥   1,X,X,X,Xbox Only,Xbox Only,No,,No Pro Drums,
1854,FALSE,Hey Elevator,The Apples in Stereo,2010,Jul 16 2010,Pop-Rock,M,English,RBN1,♥♥♥♥♥   1,♥♥♥♥♥   0,♥♥♥♥♥   1,X,X,♥♥♥♥♥   3,X,X,X,Xbox Only,Xbox Only,No,,,
1855,FALSE,Beautiful Collapse (Stalker),Brett Merrill & Brendan Carell,2010,Jul 19 2010,New Wave,M,English,RBN1,♥♥♥♥♥   3,♥♥♥♥♥   3,♥♥♥♥♥   4,X,X,♥♥♥♥♥   3,X,X,X,Xbox Only,Xbox Only,No,,No Pro Drums,
1856,FALSE,Blinded,Down Factor,2005,Jul 19 2010,Metal,M,English,RBN1,♥♥♥♥♥   5.5,♥♥♥♥♥   4.5,♥♥♥♥♥   5.5,X,X,♥♥♥♥♥   1,X,X,X,Xbox Only,Xbox Only,No,,,
1857,FALSE,Charmed,OWL,2009,Jul 19 2010,Rock,M,English,RBN1,♥♥♥♥♥   1,♥♥♥♥♥   3,♥♥♥♥♥   5,X,X,♥♥♥♥♥   2,X,X,X,Xbox Only,Xbox Only,No,,No Pro Drums,
1858,FALSE,Curse You All Men! (Live),Emperor,2009,Jul 19 2010,Metal,M,English,RBN1,♥♥♥♥♥   5.5,♥♥♥♥♥   5.5,♥♥♥♥♥   5.5,X,X,♥♥♥♥♥   0,X,X,X,Yes,Yes,No,,No Pro Drums,
1859,FALSE,Desperate Days,Jenium,2009,Jul 19 2010,Indie Rock,M,English,RBN1,♥♥♥♥♥   3,♥♥♥♥♥   3,♥♥♥♥♥   4,X,X,♥♥♥♥♥   3.5,X,X,X,Xbox Only,Xbox Only,No,,No Pro Drums,
1860,FALSE,Doublecrossed,Valient Thorr,2010,Jul 19 2010,Rock,M,English,RBN1,♥♥♥♥♥   5.5,♥♥♥♥♥   4,♥♥♥♥♥   5.5,X,X,♥♥♥♥♥   2,X,X,X,Xbox Only,Xbox Only,No,,No Pro Drums,
1861,FALSE,Hell or Hollywood,HourCast,2010,Jul 19 2010,Rock,M,English,RBN1,♥♥♥♥♥   3,♥♥♥♥♥   3,♥♥♥♥♥   4,X,X,♥♥♥♥♥   3,X,X,X,Xbox Only,Xbox Only,No,,,
1862,FALSE,Inno a Satana (Live),Emperor,2009,Jul 19 2010,Metal,M,English,RBN1,♥♥♥♥♥   5.5,♥♥♥♥♥   5.5,♥♥♥♥♥   5.5,X,X,♥♥♥♥♥   0,X,X,X,PS3/Xbox,PS3/Xbox,No,,No Pro Drums,
1863,FALSE,No Mercy,Tijuana Sweetheart,2009,Jul 19 2010,Punk,F,English,RBN1,♥♥♥♥♥   4,♥♥♥♥♥   4,♥♥♥♥♥   4,X,X,♥♥♥♥♥   3,3,X,X,Xbox Only,Xbox Only,Yes,,"No Pro Drums (In RB3, does in RB4)",
1864,FALSE,No One's Gonna Love You,Band of Horses,2007,Jul 19 2010,Indie Rock,M,English,RBN1,♥♥♥♥♥   2,♥♥♥♥♥   2,♥♥♥♥♥   2,X,X,♥♥♥♥♥   2,X,X,X,Yes,Yes,Yes,,"No Pro Drums (In RB3, does in RB4)",
1865,FALSE,Rollercoaster,Sleater-Kinney,2005,Jul 19 2010,Indie Rock,F,English,RBN1,♥♥♥♥♥   2,♥♥♥♥♥   2,♥♥♥♥♥   3,X,X,♥♥♥♥♥   3.5,X,X,X,Yes,Yes,No,,,
1866,FALSE,Surf Spy,The Everybody,2009,Jul 19 2010,Indie Rock,M,Adlib,RBN1,♥♥♥♥♥   2,♥♥♥♥♥   2,♥♥♥♥♥   2,X,X,♥♥♥♥♥   1,X,X,X,Xbox Only,Xbox Only,No,,No Pro Drums,
1867,FALSE,To the Otherside,A t o m,2009,Jul 19 2010,New Wave,M,English,RBN1,♥♥♥♥♥   1,♥♥♥♥♥   1,♥♥♥♥♥   1,X,X,♥♥♥♥♥   2,X,X,X,Xbox Only,Xbox Only,No,,No Pro Drums,
1868,FALSE,Blood Red Rock,Bang Camaro,2008,Jul 20 2010,Rock,M,English,RBN1,♥♥♥♥♥   5,♥♥♥♥♥   4,♥♥♥♥♥   4,X,X,♥♥♥♥♥   2,X,X,X,Yes,Yes,Yes,,"No Pro Drums (In RB3, does in RB4)",
1869,FALSE,Plague to End All Plagues,Evile,2009,Jul 20 2010,Metal,M,English,RBN1,♥♥♥♥♥   5.5,♥♥♥♥♥   4,♥♥♥♥♥   3,X,X,♥♥♥♥♥   2,X,X,X,PS3/Xbox,PS3/Xbox,No,,No Pro Drums,
1870,FALSE,Electro-Heaven,Robby Suavé,2008,Jul 21 2010,Metal,M,English,RBN1,♥♥♥♥♥   0,♥♥♥♥♥   3,♥♥♥♥♥   2,X,X,♥♥♥♥♥   0,X,X,X,Xbox Only,Xbox Only,No,,,
1871,FALSE,Incubus,Amberian Dawn,2009,Jul 21 2010,Metal,F,English,RBN1,♥♥♥♥♥   5,♥♥♥♥♥   5,♥♥♥♥♥   6,X,X,♥♥♥♥♥   4,X,X,X,Yes,Yes,Yes,,"No Pro Drums (In RB3, does in RB4)",
1872,FALSE,No One In the World,The Apples in Stereo,2010,Jul 21 2010,Pop-Rock,M,English,RBN1,♥♥♥♥♥   0,♥♥♥♥♥   1,♥♥♥♥♥   1,X,X,♥♥♥♥♥   2,X,X,X,Xbox Only,Xbox Only,No,,No Pro Drums,
1873,FALSE,Fighting Back the Bullies,XTT,2010,Jul 22 2010,Metal,F,English,RBN1,♥♥♥♥♥   4,♥♥♥♥♥   4,♥♥♥♥♥   5,X,X,♥♥♥♥♥   0,X,X,X,Xbox Only,Xbox Only,No,,No Pro Drums,
1874,FALSE,Sabretooth,Stars of Boulevard,2009,Jul 22 2010,Rock,M,English,RBN1,♥♥♥♥♥   4,♥♥♥♥♥   0,♥♥♥♥♥   2,X,X,♥♥♥♥♥   2,X,X,X,Xbox Only,Xbox Only,No,,No Pro Drums,
1875,FALSE,Every Day Is Sunday,The Slackers,2008,Jul 23 2010,Reggae/Ska,M,English,RBN1,♥♥♥♥♥   2,♥♥♥♥♥   1,♥♥♥♥♥   2,X,X,♥♥♥♥♥   1,X,X,X,Xbox Only,Xbox Only,No,,,
1876,FALSE,Just Hang On,2nd Thought,2009,Jul 23 2010,Rock,M,English,RBN1,♥♥♥♥♥   3,♥♥♥♥♥   1,♥♥♥♥♥   1,X,X,♥♥♥♥♥   3,X,X,X,Xbox Only,Xbox Only,No,,No Pro Drums,
1877,FALSE,Beautiful Disaster,The Gufs,2006,Jul 26 2010,Alternative,M,English,RBN1,♥♥♥♥♥   2,♥♥♥♥♥   3,♥♥♥♥♥   3,X,X,♥♥♥♥♥   3,X,X,X,Xbox Only,Xbox Only,No,,No Pro Drums,
1878,FALSE,Chiron Beta Prime,Jonathan Coulton,2006,Jul 26 2010,Rock,M,English,RBN1,♥♥♥♥♥   3,♥♥♥♥♥   1,♥♥♥♥♥   2,X,X,♥♥♥♥♥   3,X,X,X,PS3/Xbox,PS3/Xbox,No,,No Pro Drums,
1879,FALSE,Done,The Giraffes,2008,Jul 26 2010,Rock,M,English,RBN1,♥♥♥♥♥   5,♥♥♥♥♥   4,♥♥♥♥♥   4,X,X,♥♥♥♥♥   2,X,X,X,Xbox Only,Xbox Only,No,,,
1880,FALSE,Guitar Sound,Ronald Jenkees,2009,Jul 26 2010,Pop/Dance/Electronic,X,X,RBN1,♥♥♥♥♥   5.5,♥♥♥♥♥   4,♥♥♥♥♥   1,X,X,X,X,X,X,PS3/Xbox,PS3/Xbox,No,,No Pro Drums,
1881,FALSE,Guitars SUCK,Bumblefoot,2001,Jul 26 2010,Metal,M,Adlib/English,RBN1,♥♥♥♥♥   5.5,♥♥♥♥♥   2,♥♥♥♥♥   4,X,X,♥♥♥♥♥   1,X,X,X,Xbox Only,Xbox Only,No,,,
1882,FALSE,Muéstrame un Poco,Buffalo Mad,2010,Jul 26 2010,Rock,M,Spanish,RBN1,♥♥♥♥♥   2,♥♥♥♥♥   2,♥♥♥♥♥   3,X,X,♥♥♥♥♥   3,X,X,X,Xbox Only,Xbox Only,No,,No Pro Drums,
1883,FALSE,Shallow Waters,Amberian Dawn,2009,Jul 26 2010,Metal,F,English,RBN1,♥♥♥♥♥   6,♥♥♥♥♥   6,♥♥♥♥♥   6,X,X,♥♥♥♥♥   3,X,X,X,Yes,Yes,Yes,,"No Pro Drums (In RB3, does in RB4)",
1884,FALSE,Strut,The Elms,2009,Jul 26 2010,Rock,M,English,RBN1,♥♥♥♥♥   4,♥♥♥♥♥   3,♥♥♥♥♥   3,X,X,♥♥♥♥♥   2,X,X,X,Xbox Only,Xbox Only,No,,,
1885,FALSE,Betty and Me,Jonathan Coulton,2004,Jul 28 2010,Country,M,English,RBN1,♥♥♥♥♥   5.5,♥♥♥♥♥   3,♥♥♥♥♥   5,X,X,♥♥♥♥♥   3,X,X,X,Yes,Yes,No,,No Pro Drums,
1886,FALSE,Anna Maria (All We Need),We the Kings,2009,Jul 30 2010,Alternative,M,English,RBN1,♥♥♥♥♥   2,♥♥♥♥♥   1,♥♥♥♥♥   3,X,X,♥♥♥♥♥   2,X,X,X,Xbox Only,Xbox Only,No,,No Pro Drums,
1887,FALSE,Believe,MJ Kroll,2007,Jul 30 2010,Pop-Rock,F,English,RBN1,♥♥♥♥♥   2,♥♥♥♥♥   2,♥♥♥♥♥   2,X,X,♥♥♥♥♥   3.5,X,X,X,Xbox Only,Xbox Only,No,,No Pro Drums,
1888,FALSE,Lately,Day of Fire,2010,Jul 30 2010,Rock,M,English,RBN1,♥♥♥♥♥   5,♥♥♥♥♥   3,♥♥♥♥♥   4,X,X,♥♥♥♥♥   2,X,X,X,Xbox Only,Xbox Only,No,,No Pro Drums,
1889,FALSE,Rain Falls Down,We the Kings,2009,Jul 30 2010,Alternative,M,English,RBN1,♥♥♥♥♥   1,♥♥♥♥♥   0,♥♥♥♥♥   2,X,X,♥♥♥♥♥   1,X,X,X,Xbox Only,Xbox Only,No,,No Pro Drums,
1890,FALSE,Spin,We the Kings,2009,Jul 30 2010,Alternative,M,English,RBN1,♥♥♥♥♥   1,♥♥♥♥♥   0,♥♥♥♥♥   2,X,X,♥♥♥♥♥   1,X,X,X,Yes,Yes,Yes,,"No Pro Drums (In RB3, does in RB4)",
1891,FALSE,What You Do to Me,We the Kings,2009,Jul 30 2010,Alternative,M,English,RBN1,♥♥♥♥♥   2,♥♥♥♥♥   1,♥♥♥♥♥   1,X,X,♥♥♥♥♥   2,X,X,X,Xbox Only,Xbox Only,No,,No Pro Drums,
1892,FALSE,Wrong Side of the Tracks,Hugh Cornwell,2008,Jul 30 2010,Rock,M,English,RBN1,♥♥♥♥♥   3,♥♥♥♥♥   3,♥♥♥♥♥   3,X,X,♥♥♥♥♥   2,X,X,X,Xbox Only,Xbox Only,No,,No Pro Drums,
1893,FALSE,Genocide,Evile,2009,Aug 3 2010,Metal,M,English,RBN1,♥♥♥♥♥   5.5,♥♥♥♥♥   4,♥♥♥♥♥   5,X,X,♥♥♥♥♥   3,X,X,X,PS3/Xbox,PS3/Xbox,No,,No Pro Drums,
1894,FALSE,I Hope You're Happy,Loren Dircks,2009,Aug 3 2010,Country,M,English,RBN1,♥♥♥♥♥   5,♥♥♥♥♥   3,♥♥♥♥♥   4,X,X,♥♥♥♥♥   3.5,X,X,X,Xbox Only,Xbox Only,No,,"No Pro Drums, Song's real title is Guitar Hero Gone",
1895,FALSE,Magician,Lightwires,2009,Aug 3 2010,Indie Rock,M,English,RBN1,♥♥♥♥♥   5,♥♥♥♥♥   4,♥♥♥♥♥   5,X,X,♥♥♥♥♥   2,X,X,X,Xbox Only,Xbox Only,No,,,
1896,FALSE,Summer Love,We the Kings,2009,Aug 3 2010,Alternative,M,English,RBN1,♥♥♥♥♥   1,♥♥♥♥♥   1,♥♥♥♥♥   4,X,X,♥♥♥♥♥   2,X,X,X,Xbox Only,Xbox Only,No,,No Pro Drums,
1897,FALSE,Building a Robot,Robotmakers,2010,Aug 4 2010,New Wave,M,English,RBN1,♥♥♥♥♥   4,♥♥♥♥♥   3,♥♥♥♥♥   4,X,X,♥♥♥♥♥   3,X,X,X,Xbox Only,Xbox Only,No,,No Pro Drums,
1898,FALSE,Entertain,Sleater-Kinney,2005,Aug 4 2010,Indie Rock,F,English,RBN1,♥♥♥♥♥   2,♥♥♥♥♥   1,♥♥♥♥♥   3,X,X,♥♥♥♥♥   4,X,X,X,PS3/Xbox,PS3/Xbox,Yes,,,
1899,FALSE,(Do You Wanna Date My) Avatar,The Guild feat. Felicia Day,2009,Aug 6 2010,Pop/Dance/Electronic,F,English,RBN1,♥♥♥♥♥   3,♥♥♥♥♥   1,♥♥♥♥♥   4,X,X,♥♥♥♥♥   3,X,X,X,Yes,Yes,No,,No Pro Drums,
1900,FALSE,A Prophecy,Asking Alexandria,2009,Aug 6 2010,Metal,M,English,RBN1,♥♥♥♥♥   4,♥♥♥♥♥   2,♥♥♥♥♥   5,♥♥♥♥♥   6,♥♥♥♥♥   6,♥♥♥♥♥   2,3,X,X,Yes,Yes,Yes,,RB3 Version Available (on PS and Xbox),
1901,FALSE,Crazy X,Charlie Drown,2010,Aug 6 2010,Metal,F,English,RBN1,♥♥♥♥♥   2,♥♥♥♥♥   1,♥♥♥♥♥   4,X,X,♥♥♥♥♥   1,X,X,X,Xbox Only,Xbox Only,No,,No Pro Drums,
1902,FALSE,Hey There Mr. Brooks,Asking Alexandria,2009,Aug 6 2010,Metal,M,English,RBN1,♥♥♥♥♥   6,♥♥♥♥♥   5,♥♥♥♥♥   6,♥♥♥♥♥   4,♥♥♥♥♥   4,♥♥♥♥♥   1,3,X,X,Yes,Yes,Yes,,RB3 Version Available (on PS and Xbox),
1903,FALSE,Satisfied,Social Code,2010,Aug 6 2010,Rock,M,English,RBN1,♥♥♥♥♥   3,♥♥♥♥♥   3,♥♥♥♥♥   3,X,X,♥♥♥♥♥   2,X,X,X,Xbox Only,Xbox Only,No,,No Pro Drums,
1904,FALSE,The Great Salt Lake,Band of Horses,2006,Aug 6 2010,Indie Rock,M,English,RBN1,♥♥♥♥♥   2,♥♥♥♥♥   1,♥♥♥♥♥   1,X,X,♥♥♥♥♥   2,X,X,X,Yes,Yes,Yes,,"No Pro Drums (In RB3, does in RB4)",
1905,FALSE,Cheat on the Church,Graveyard BBQ,2005,Aug 9 2010,Metal,M,English,RBN1,♥♥♥♥♥   5,♥♥♥♥♥   2,♥♥♥♥♥   2,X,X,♥♥♥♥♥   3,X,X,X,Yes,Yes,Yes,,"No Pro Drums (In RB3, does in RB4)",
1906,FALSE,Hey Satomi (feat. Justine Skyers),The Bungles,2010,Aug 9 2010,Pop-Rock,F,English,RBN1,♥♥♥♥♥   4,♥♥♥♥♥   2,♥♥♥♥♥   5,X,X,♥♥♥♥♥   3,X,X,X,Xbox Only,Xbox Only,No,,No Pro Drums,
1907,FALSE,Jumpers,Sleater-Kinney,2005,Aug 9 2010,Indie Rock,F,English,RBN1,♥♥♥♥♥   2,♥♥♥♥♥   2,♥♥♥♥♥   3,X,X,♥♥♥♥♥   4,X,X,X,PS3/Xbox,PS3/Xbox,Yes,,,
1908,FALSE,Shoot the Zombies,Songs To Wear Pants To,2007,Aug 9 2010,Novelty,M,English,RBN1,♥♥♥♥♥   1,X,♥♥♥♥♥   1,X,X,♥♥♥♥♥   3,X,X,X,Xbox Only,Xbox Only,No,,,
1909,FALSE,The Last Sound,Grammatrain,2010,Aug 9 2010,Rock,M,English,RBN1,♥♥♥♥♥   2,♥♥♥♥♥   2,♥♥♥♥♥   4,X,X,♥♥♥♥♥   3,X,X,X,Xbox Only,Xbox Only,No,,,
1910,FALSE,Heavy Plastic,Alien Downlink,2009,Aug 12 2010,Novelty,M,English,RBN1,♥♥♥♥♥   4,♥♥♥♥♥   1,♥♥♥♥♥   4,X,X,♥♥♥♥♥   3.5,X,X,X,Xbox Only,Xbox Only,No,,No Pro Drums,
1911,FALSE,On the Airwaves,The Shazam,2000,Aug 12 2010,Rock,M,English,RBN1,♥♥♥♥♥   3,♥♥♥♥♥   3,♥♥♥♥♥   4,X,X,♥♥♥♥♥   4.5,X,X,X,Xbox Only,Xbox Only,No,,,
1912,FALSE,Rabbits,Kingsize,2008,Aug 12 2010,Rock,M,English,RBN1,♥♥♥♥♥   2,♥♥♥♥♥   0,♥♥♥♥♥   0,X,X,♥♥♥♥♥   4.5,X,X,X,Xbox Only,Xbox Only,No,,,
1913,FALSE,We Like the Moon,Rathergood.com,2003,Aug 12 2010,Other,M,English,RBN1,♥♥♥♥♥   1,X,X,X,X,♥♥♥♥♥   1,X,X,X,Xbox Only,Xbox Only,No,,,
1914,FALSE,Belladonna & Aconite 2010,Inkubus Sukkubus,2010,Aug 13 2010,Glam,F,English,RBN1,♥♥♥♥♥   4,♥♥♥♥♥   2,♥♥♥♥♥   5.5,X,X,♥♥♥♥♥   2,X,X,X,Xbox Only,Xbox Only,No,,No Pro Drums,
1915,FALSE,In Circles,Sunny Day Real Estate,1994,Aug 13 2010,Emo,M,English,RBN1,♥♥♥♥♥   4,♥♥♥♥♥   3,♥♥♥♥♥   3,X,X,♥♥♥♥♥   1,X,X,X,Yes,Yes,No,,No Pro Drums,
1916,FALSE,Broke Down on the Brazos,Gov't Mule,2009,Aug 16 2010,Rock,M,English,RBN1,♥♥♥♥♥   4,♥♥♥♥♥   4,♥♥♥♥♥   1,X,X,♥♥♥♥♥   3,X,X,X,PS3/Xbox,PS3/Xbox,No,,No Pro Drums,
1917,FALSE,Echo (My Only Regret),SexTon,2010,Aug 16 2010,Alternative,M,English,RBN1,♥♥♥♥♥   5,♥♥♥♥♥   2,♥♥♥♥♥   5.5,X,X,♥♥♥♥♥   3.5,X,X,X,Xbox Only,Xbox Only,No,,,
1918,FALSE,Forgotten Tragedy,Cold Steel,2009,Aug 16 2010,Rock,M,English,RBN1,♥♥♥♥♥   4,♥♥♥♥♥   2,♥♥♥♥♥   4,X,X,♥♥♥♥♥   2,X,X,X,Xbox Only,Xbox Only,No,,No Pro Drums,
1919,FALSE,"O Come, O Come Emmanuel",Christmas at the Devil's House,2010,Aug 16 2010,Rock,X,X,RBN1,♥♥♥♥♥   5,♥♥♥♥♥   4.5,♥♥♥♥♥   5,X,X,X,X,X,X,Xbox Only,Xbox Only,No,,,
1920,FALSE,Swim,Surfer Blood,2010,Aug 16 2010,Indie Rock,M,English,RBN1,♥♥♥♥♥   1,♥♥♥♥♥   1,♥♥♥♥♥   2,X,X,♥♥♥♥♥   1,X,X,X,Xbox Only,Xbox Only,No,,,
1921,FALSE,The Pose,Red Jacket Mine,2009,Aug 16 2010,Alternative,M,English,RBN1,♥♥♥♥♥   3,♥♥♥♥♥   2,♥♥♥♥♥   3,X,X,♥♥♥♥♥   1,X,X,X,Xbox Only,Xbox Only,No,,,
1922,FALSE,(Random Song),Bluefusion,2010,Aug 18 2010,Pop/Dance/Electronic,X,X,RBN1,♥♥♥♥♥   4,♥♥♥♥♥   0,♥♥♥♥♥   1,X,X,X,X,X,X,Xbox Only,Xbox Only,No,,,
1923,FALSE,Floating Vibes,Surfer Blood,2010,Aug 18 2010,Indie Rock,M,English,RBN1,♥♥♥♥♥   1,♥♥♥♥♥   2,♥♥♥♥♥   2,X,X,♥♥♥♥♥   0,X,X,X,Xbox Only,Xbox Only,No,,,
1924,FALSE,Mr. Spock,Nerf Herder,2002,Aug 18 2010,Punk,M,English,RBN1,♥♥♥♥♥   3,♥♥♥♥♥   3,♥♥♥♥♥   2,X,X,♥♥♥♥♥   3,X,X,X,Xbox Only,Xbox Only,No,,,
1925,FALSE,The Ending Is Death,Boney Mean,2010,Aug 18 2010,Metal,M,English,RBN1,♥♥♥♥♥   3,♥♥♥♥♥   2,♥♥♥♥♥   2,X,X,♥♥♥♥♥   0,X,X,X,Xbox Only,Xbox Only,No,,No Pro Drums,
1926,FALSE,Damn Good Man,Moses Tucker,2009,Aug 20 2010,Blues,M,English,RBN1,♥♥♥♥♥   4,♥♥♥♥♥   3,♥♥♥♥♥   1,X,X,♥♥♥♥♥   3,X,X,X,Xbox Only,Xbox Only,No,,,
1927,FALSE,Devoid of Thought,Evile,2009,Aug 20 2010,Metal,M,English,RBN1,♥♥♥♥♥   5.5,♥♥♥♥♥   5.5,♥♥♥♥♥   5.5,X,X,♥♥♥♥♥   2,X,X,X,PS3/Xbox,PS3/Xbox,No,,No Pro Drums,
1928,FALSE,Fence Jumper,The Fire Violets,2010,Aug 20 2010,Alternative,M,English,RBN1,♥♥♥♥♥   2,♥♥♥♥♥   2,♥♥♥♥♥   2,X,X,♥♥♥♥♥   2,X,X,X,Xbox Only,Xbox Only,No,,No Pro Drums,
1929,FALSE,Flesh Pull,Mystic Syntax,2010,Aug 20 2010,Metal,M,English,RBN1,♥♥♥♥♥   3,♥♥♥♥♥   1,♥♥♥♥♥   4,X,X,♥♥♥♥♥   1,X,X,X,Xbox Only,Xbox Only,No,,,
1930,FALSE,Hell's Sweet Hands,Ashland Court,2009,Aug 20 2010,Rock,M,English,RBN1,♥♥♥♥♥   2,♥♥♥♥♥   2,♥♥♥♥♥   5.5,X,X,♥♥♥♥♥   3,X,X,X,Xbox Only,Xbox Only,No,,No Pro Drums,
1931,FALSE,Kokko - Eagle of Fire,Amberian Dawn,2009,Aug 20 2010,Metal,F,English,RBN1,♥♥♥♥♥   5,♥♥♥♥♥   3,♥♥♥♥♥   5,X,X,♥♥♥♥♥   3,X,X,X,PS3/Xbox,PS3/Xbox,Yes,,"No Pro Drums (In RB3, does in RB4)",
1932,FALSE,Song About an Angel,Sunny Day Real Estate,1994,Aug 20 2010,Emo,M,English,RBN1,♥♥♥♥♥   3,♥♥♥♥♥   4,♥♥♥♥♥   3,X,X,♥♥♥♥♥   2,X,X,X,PS3/Xbox,PS3/Xbox,No,,No Pro Drums,
1933,FALSE,Uncivilized,Texas in July,2010,Aug 20 2010,Metal,M,English,RBN1,♥♥♥♥♥   5,♥♥♥♥♥   4,♥♥♥♥♥   5.5,X,X,♥♥♥♥♥   0,X,X,X,Yes,Yes,No,,,
1934,FALSE,You Ain't No Family,iwrestledabearonce,2009,Aug 20 2010,Metal,M,English,RBN1,♥♥♥♥♥   5,♥♥♥♥♥   4,♥♥♥♥♥   5,X,X,♥♥♥♥♥   2,X,X,X,Yes,Yes,Yes,,"No Pro Drums (In RB3, does in RB4)",
1935,FALSE,Your Petty Pretty Things,The Get Up Kids,2010,Aug 20 2010,Rock,M,English,RBN1,♥♥♥♥♥   3,♥♥♥♥♥   2,♥♥♥♥♥   2,X,X,♥♥♥♥♥   2,X,X,X,PS3/Xbox,PS3/Xbox,No,,No Pro Drums,
1936,FALSE,Howling at Summer,You Me and Iowa,2009,Aug 23 2010,Indie Rock,M,English,RBN1,♥♥♥♥♥   4,♥♥♥♥♥   2,♥♥♥♥♥   3,X,X,♥♥♥♥♥   3.5,X,X,X,Xbox Only,Xbox Only,No,,No Pro Drums,
1937,FALSE,I Cut Off My Arms,J.A.C.K.,2009,Aug 23 2010,Rock,M,English,RBN1,♥♥♥♥♥   3,♥♥♥♥♥   1,♥♥♥♥♥   3,X,X,♥♥♥♥♥   1,X,X,X,Xbox Only,Xbox Only,No,,,
1938,FALSE,I MAED A GAM3 W1TH Z0MB1ES 1N IT !!!1,James Silva,2009,Aug 23 2010,Indie Rock,M,English,RBN1,♥♥♥♥♥   5,♥♥♥♥♥   4,♥♥♥♥♥   5.5,X,X,♥♥♥♥♥   4.5,X,X,X,Xbox Only,Xbox Only,No,,No Pro Drums,
1939,FALSE,Spring,Your Heart,2010,Aug 23 2010,Pop-Rock,M,English,RBN1,♥♥♥♥♥   2,♥♥♥♥♥   2,♥♥♥♥♥   1,X,X,♥♥♥♥♥   3,X,X,X,Xbox Only,Xbox Only,No,,,
1940,FALSE,XIV,Chaotrope,2010,Aug 23 2010,Metal,X,X,RBN1,♥♥♥♥♥   5.5,♥♥♥♥♥   5.5,♥♥♥♥♥   5.5,X,X,X,X,X,X,Xbox Only,Xbox Only,No,,"No Pro Drums, 2x Drums Available",
1941,FALSE,Honest Man,The Gracious Few,2010,Aug 26 2010,Rock,M,English,RBN1,♥♥♥♥♥   3,♥♥♥♥♥   2,♥♥♥♥♥   3,X,X,♥♥♥♥♥   3.5,X,X,X,Xbox Only,Xbox Only,No,,No Pro Drums,
1942,FALSE,Living in a Whirlwind,Warbringer,2009,Aug 26 2010,Metal,M,English,RBN1,♥♥♥♥♥   5.5,♥♥♥♥♥   5.5,♥♥♥♥♥   5.5,X,X,♥♥♥♥♥   0,X,X,X,Yes,Yes,No,,No Pro Drums,
1943,FALSE,Money Honey,State of Shock,2007,Aug 26 2010,Pop-Rock,M,English,RBN1,♥♥♥♥♥   1,♥♥♥♥♥   1,♥♥♥♥♥   2,X,X,♥♥♥♥♥   1,X,X,X,Xbox Only,Xbox Only,No,,,
1944,FALSE,Pawns,Dead by Wednesday,2009,Aug 26 2010,Metal,M,English,RBN1,♥♥♥♥♥   5.5,♥♥♥♥♥   3,♥♥♥♥♥   5,X,X,♥♥♥♥♥   1,X,X,X,Xbox Only,Xbox Only,No,,No Pro Drums,
1945,FALSE,Time No More,Evile,2009,Aug 26 2010,Metal,M,English,RBN1,♥♥♥♥♥   5.5,♥♥♥♥♥   5.5,♥♥♥♥♥   5.5,X,X,♥♥♥♥♥   2,X,X,X,Xbox Only,Xbox Only,No,,No Pro Drums,
1946,FALSE,Violent Center,OWL,2009,Aug 26 2010,Rock,M,English,RBN1,♥♥♥♥♥   2,♥♥♥♥♥   2,♥♥♥♥♥   3,X,X,♥♥♥♥♥   2,X,X,X,Xbox Only,Xbox Only,No,,No Pro Drums,
1947,FALSE,Burn Her Out,Shokkher,2010,Aug 30 2010,Metal,M,English,RBN1,♥♥♥♥♥   5,♥♥♥♥♥   4,♥♥♥♥♥   5,X,X,♥♥♥♥♥   1,X,X,X,Xbox Only,Xbox Only,No,,,
1948,FALSE,Buy You a House,Noah Engh The Kid Fantastic,2010,Aug 30 2010,Blues,M,English,RBN1,♥♥♥♥♥   5,♥♥♥♥♥   2,♥♥♥♥♥   2,X,X,♥♥♥♥♥   4.5,X,X,X,Xbox Only,Xbox Only,No,,No Pro Drums,
1949,FALSE,Cherry Red,Sideburn,2008,Aug 30 2010,Rock,M,English,RBN1,♥♥♥♥♥   4,♥♥♥♥♥   2,♥♥♥♥♥   2,X,X,♥♥♥♥♥   3,X,X,X,Xbox Only,Xbox Only,No,,,
1950,FALSE,Disco Rocket,Scott Attrill,2010,Aug 30 2010,Pop/Dance/Electronic,M,English,RBN1,♥♥♥♥♥   2,♥♥♥♥♥   1,♥♥♥♥♥   4,X,X,♥♥♥♥♥   0,X,X,X,Xbox Only,Xbox Only,No,,,
1951,FALSE,Lionheart,Amberian Dawn,2009,Aug 30 2010,Metal,F,English,RBN1,♥♥♥♥♥   5.5,♥♥♥♥♥   5.5,♥♥♥♥♥   5,X,X,♥♥♥♥♥   3,X,X,X,Yes,Yes,No,,,
1952,FALSE,Return to Blood Beach,The Riptides,2008,Aug 30 2010,Rock,X,X,RBN1,♥♥♥♥♥   1,♥♥♥♥♥   2,♥♥♥♥♥   1,X,X,X,X,X,X,Xbox Only,Xbox Only,No,,,
1953,FALSE,Time-bomb,Buttercup,1997,Aug 30 2010,Classic Rock,M,English,RBN1,♥♥♥♥♥   3,♥♥♥♥♥   0,♥♥♥♥♥   1,X,X,♥♥♥♥♥   2,X,X,X,Xbox Only,Xbox Only,No,,No Pro Drums,
1954,FALSE,Welcome to My World,Nerf Herder,2002,Aug 30 2010,Punk,M,English,RBN1,♥♥♥♥♥   2,♥♥♥♥♥   2,♥♥♥♥♥   4,X,X,♥♥♥♥♥   3,X,X,X,Xbox Only,Xbox Only,No,,,
1955,FALSE,White Table,Delta Spirit,2010,Aug 30 2010,Rock,M,English,RBN1,♥♥♥♥♥   2,♥♥♥♥♥   2,♥♥♥♥♥   3,X,X,♥♥♥♥♥   1,X,X,X,Xbox Only,Xbox Only,No,,No Pro Drums,
1956,FALSE,Evil Inside Me,Amberian Dawn,2008,Aug 31 2010,Metal,F,English,RBN1,♥♥♥♥♥   5,♥♥♥♥♥   4.5,♥♥♥♥♥   5.5,X,X,♥♥♥♥♥   2,X,X,X,PS3/Xbox,PS3/Xbox,No,,No Pro Drums,
1957,FALSE,Head Up High,Firewind,2008,Aug 31 2010,Metal,M,English,RBN1,♥♥♥♥♥   5,♥♥♥♥♥   3,♥♥♥♥♥   5,X,X,♥♥♥♥♥   2,X,X,X,Yes,Yes,No,,,
1958,FALSE,Pale Sister of Light,Free Spirit,2009,Aug 31 2010,Rock,M,English,RBN1,♥♥♥♥♥   3,♥♥♥♥♥   0,♥♥♥♥♥   1,♥♥♥♥♥   2,♥♥♥♥♥   2,♥♥♥♥♥   3,3,X,X,Xbox Only,PS3/Xbox,No,,"RB3 Version Available (PS3 only has the RB3 Version), No Pro Drums On Original Version",
1959,FALSE,Revolution,Bang Camaro,2008,Aug 31 2010,Rock,M,English,RBN1,♥♥♥♥♥   4,♥♥♥♥♥   3,♥♥♥♥♥   3,X,X,♥♥♥♥♥   1,X,X,X,Yes,Yes,No,,,
1960,FALSE,Determined (Vows of Vengeance),Kataklysm,2010,Sep 3 2010,Metal,M,English,RBN1,♥♥♥♥♥   5,♥♥♥♥♥   4.5,♥♥♥♥♥   5.5,X,X,♥♥♥♥♥   0,X,X,X,PS3/Xbox,PS3/Xbox,No,,"No Pro Drums, but there is on 2x Drums (which is Available, not in PS3 though)",
1961,FALSE,Girls Love Techno,Scott Attrill,2010,Sep 3 2010,Pop/Dance/Electronic,F,English,RBN1,♥♥♥♥♥   3,♥♥♥♥♥   0,♥♥♥♥♥   5,X,X,♥♥♥♥♥   1,X,X,X,Xbox Only,Xbox Only,No,,,
1962,FALSE,Beautiful Girl,Sophie B. Hawkins,2004,Sep 7 2010,Pop-Rock,F,English,RBN1,♥♥♥♥♥   3,♥♥♥♥♥   1,♥♥♥♥♥   5.5,X,X,♥♥♥♥♥   3,X,X,X,Xbox Only,Xbox Only,No,,,
1963,FALSE,Bridges and Overpasses,Modern Skirts,2010,Sep 7 2010,Indie Rock,M,English,RBN1,♥♥♥♥♥   1,♥♥♥♥♥   1,♥♥♥♥♥   1,X,X,♥♥♥♥♥   3,X,X,X,Xbox Only,Xbox Only,No,,,
1964,FALSE,Down Below,Kramus,2010,Sep 7 2010,Rock,M,English,RBN1,♥♥♥♥♥   4,♥♥♥♥♥   2,♥♥♥♥♥   3,X,X,♥♥♥♥♥   3,X,X,X,Xbox Only,Xbox Only,No,,,
1965,FALSE,Fool,Brownies,2008,Sep 7 2010,Pop-Rock,M,English,RBN1,♥♥♥♥♥   3,♥♥♥♥♥   1,♥♥♥♥♥   0,X,X,♥♥♥♥♥   2,X,X,X,Xbox Only,Xbox Only,No,,,
1966,FALSE,I've Got a Feeling,Blackberry River Band,2006,Sep 7 2010,Rock,F,English,RBN1,♥♥♥♥♥   5,♥♥♥♥♥   4,♥♥♥♥♥   3,X,X,♥♥♥♥♥   3.5,X,X,X,Xbox Only,Xbox Only,No,,,
1967,FALSE,iPhone,Rhune Kincaid,2009,Sep 7 2010,Novelty,M,English,RBN1,♥♥♥♥♥   2,♥♥♥♥♥   3,♥♥♥♥♥   3,X,X,♥♥♥♥♥   3.5,X,X,X,Xbox Only,Xbox Only,No,,,
1968,FALSE,Picture Perfect,The Fury,2009,Sep 7 2010,Rock,F,English,RBN1,♥♥♥♥♥   5,♥♥♥♥♥   4,♥♥♥♥♥   4,X,X,♥♥♥♥♥   2,X,X,X,Xbox Only,Xbox Only,No,,No Pro Drums,
1969,FALSE,Ring Capacity,Kirby Krackle,2010,Sep 7 2010,Pop-Rock,M,English,RBN1,♥♥♥♥♥   3,♥♥♥♥♥   1,♥♥♥♥♥   1,X,X,♥♥♥♥♥   3,X,X,X,Xbox Only,Xbox Only,No,,,
1970,FALSE,Skate or Die,Teenage Bottlerocket,2009,Sep 7 2010,Punk,M,English,RBN1,♥♥♥♥♥   3,♥♥♥♥♥   3,♥♥♥♥♥   3,X,X,♥♥♥♥♥   3,X,X,X,Xbox Only,Xbox Only,No,,,
1971,FALSE,The Gun Show,In This Moment,2010,Sep 7 2010,Metal,F,English,RBN1,♥♥♥♥♥   4,♥♥♥♥♥   3,♥♥♥♥♥   5,X,X,♥♥♥♥♥   0,X,X,X,Yes,Yes,Yes,,,
1972,FALSE,The Pizza Morgana Song,Hilit Rosental and Corbomite Games,2009,Sep 7 2010,Other,F,English,RBN1,♥♥♥♥♥   0,♥♥♥♥♥   3,♥♥♥♥♥   5.5,X,X,♥♥♥♥♥   1,X,X,X,Xbox Only,Xbox Only,No,,,
1973,FALSE,United,The Knew,2010,Sep 7 2010,Rock,M,English,RBN1,♥♥♥♥♥   2,♥♥♥♥♥   2,♥♥♥♥♥   3,X,X,♥♥♥♥♥   3.5,X,X,X,Xbox Only,Xbox Only,No,,,
1974,FALSE,Latest Heartbreak,22-20s,2010,Sep 9 2010,Alternative,M,English,RBN1,♥♥♥♥♥   2,♥♥♥♥♥   3,♥♥♥♥♥   3,X,X,♥♥♥♥♥   2,X,X,X,Xbox Only,Xbox Only,No,,,
1975,FALSE,Modern Mathematics,Terrorhorse,2010,Sep 9 2010,Metal,M,English,RBN1,♥♥♥♥♥   5.5,♥♥♥♥♥   5.5,♥♥♥♥♥   5.5,X,X,♥♥♥♥♥   0,X,X,X,PS3/Xbox,PS3/Xbox,No,,,
1976,FALSE,Welcome to Our Town,Stagehands,2009,Sep 9 2010,Pop-Rock,M,English,RBN1,♥♥♥♥♥   3,♥♥♥♥♥   2,♥♥♥♥♥   2,♥♥♥♥♥   1,♥♥♥♥♥   0,♥♥♥♥♥   3,3,X,X,Xbox Only,Xbox Only,No,,RB3 Version Available,
1977,FALSE,World on Fire,Firewind,2010,Sep 9 2010,Metal,M,English,RBN1,♥♥♥♥♥   5,♥♥♥♥♥   4,♥♥♥♥♥   5.5,X,X,♥♥♥♥♥   3,X,X,X,PS3/Xbox,PS3/Xbox,No,,,
1978,FALSE,Your Hands (Together),The New Pornographers,2010,Sep 9 2010,Indie Rock,M,English,RBN1,♥♥♥♥♥   3,♥♥♥♥♥   3,♥♥♥♥♥   3,X,X,♥♥♥♥♥   3,X,X,X,PS3/Xbox,PS3/Xbox,No,,No Pro Drums,
1979,FALSE,Appetite,The Gracious Few,2010,Sep 10 2010,Rock,M,English,RBN1,♥♥♥♥♥   3,♥♥♥♥♥   2,♥♥♥♥♥   2,X,X,♥♥♥♥♥   3,X,♥♥♥♥♥   3,♥♥♥♥♥   3,PS3/Xbox,PS3/Xbox,Schick Pack Only,,"No Pro Drums, Schick Pack version has Pro Drums in RB3",
1980,FALSE,Burn,Mike Orlando,2010,Sep 10 2010,Rock,X,X,RBN1,♥♥♥♥♥   5.5,♥♥♥♥♥   4.5,♥♥♥♥♥   5.5,X,X,X,X,X,X,Xbox Only,Xbox Only,No,,"No Pro Drums, 2x Drums Available",
1981,FALSE,Dial M for Murder,The Riptides,2009,Sep 13 2010,Punk,M,English,RBN1,♥♥♥♥♥   2,♥♥♥♥♥   2,♥♥♥♥♥   4,X,X,♥♥♥♥♥   1,X,X,X,Xbox Only,Xbox Only,No,,No Pro Drums,
1982,FALSE,Difference,Rivethead,2008,Sep 13 2010,Metal,M,English,RBN1,♥♥♥♥♥   3,♥♥♥♥♥   3,♥♥♥♥♥   3,X,X,♥♥♥♥♥   2,X,X,X,Xbox Only,Xbox Only,No,,No Pro Drums,
1983,FALSE,Dirty Hair Party,Pink Flag,2008,Sep 13 2010,Punk,F,English,RBN1,♥♥♥♥♥   2,♥♥♥♥♥   2,♥♥♥♥♥   5,X,X,♥♥♥♥♥   2,X,X,X,Xbox Only,Xbox Only,No,,,
1984,FALSE,Erratic Eruption,Freen in Green,2010,Sep 13 2010,Prog,X,X,RBN1,♥♥♥♥♥   5,♥♥♥♥♥   1,♥♥♥♥♥   4,X,X,X,X,X,X,Xbox Only,Xbox Only,No,,,
1985,FALSE,Hello Fascination,Breathe Carolina,2009,Sep 13 2010,Pop/Dance/Electronic,M,English,RBN1,♥♥♥♥♥   2,♥♥♥♥♥   2,♥♥♥♥♥   3,X,X,♥♥♥♥♥   3,X,X,X,Yes,Yes,No,,,
1986,FALSE,I Want You to See,Justin Joseph Edwards,2010,Sep 13 2010,Jazz,M,English,RBN1,♥♥♥♥♥   4,♥♥♥♥♥   4,♥♥♥♥♥   5,X,X,♥♥♥♥♥   3.5,X,X,X,Xbox Only,Xbox Only,No,,,
1987,FALSE,Radioland,Audible Mainframe,2009,Sep 13 2010,Hip-Hop/Rap,M,English,RBN1,♥♥♥♥♥   2,♥♥♥♥♥   2,♥♥♥♥♥   3,X,X,♥♥♥♥♥   1,X,X,X,PS3/Xbox,PS3/Xbox,No,,,
1988,FALSE,Stick Tight,Terror,2010,Sep 13 2010,Punk,M,English,RBN1,♥♥♥♥♥   2,♥♥♥♥♥   2,♥♥♥♥♥   3,X,X,♥♥♥♥♥   0,X,X,X,PS3/Xbox,PS3/Xbox,No,,,
1989,FALSE,The One You Want,The Get Up Kids,2004,Sep 13 2010,Rock,M,English,RBN1,♥♥♥♥♥   2,♥♥♥♥♥   3,♥♥♥♥♥   3,X,X,♥♥♥♥♥   2,X,X,X,PS3/Xbox,PS3/Xbox,Yes,,"No Pro Drums (In RB3, does in RB4)",
1990,FALSE,Army of the Damned,Pythia,2009,Sep 17 2010,Metal,F,English,RBN1,♥♥♥♥♥   5,♥♥♥♥♥   4,♥♥♥♥♥   5,X,X,♥♥♥♥♥   2,X,X,X,Xbox Only,Xbox Only,No,,,
1991,FALSE,I Couldn't Explain Why,Citizen Cope,2010,Sep 17 2010,Rock,M,English,RBN1,♥♥♥♥♥   1,♥♥♥♥♥   2,♥♥♥♥♥   3,X,X,♥♥♥♥♥   2,X,X,X,Xbox Only,Xbox Only,No,,,
1992,FALSE,I'm Amazed,My Morning Jacket,2008,Sep 17 2010,Alternative,M,English,RBN1,♥♥♥♥♥   3,♥♥♥♥♥   1,♥♥♥♥♥   1,X,X,♥♥♥♥♥   3,X,X,X,PS3/Xbox,PS3/Xbox,Yes,,"No Pro Drums (In RB3, does in RB4)",
1993,FALSE,Smash the Control Machine,Otep,2009,Sep 17 2010,Metal,F,English,RBN1,♥♥♥♥♥   4,♥♥♥♥♥   5,♥♥♥♥♥   4,X,X,♥♥♥♥♥   6,X,X,X,Yes,Yes,Yes,,,
1994,FALSE,Americadio,Slim Cessna's Auto Club,2008,Sep 20 2010,Rock,M,English,RBN1,♥♥♥♥♥   1,♥♥♥♥♥   2,♥♥♥♥♥   4,X,X,♥♥♥♥♥   3,X,X,X,Xbox Only,Xbox Only,No,,,
1995,FALSE,Chasing the Light,Nautiluz,2010,Sep 20 2010,Metal,M,English,RBN1,♥♥♥♥♥   5.5,♥♥♥♥♥   5.5,♥♥♥♥♥   5.5,X,X,♥♥♥♥♥   2,X,X,X,PS3/Xbox,PS3/Xbox,No,,,
1996,FALSE,Cup of Coffee,The Novocaines,2009,Sep 20 2010,Rock,M,English,RBN1,♥♥♥♥♥   4,♥♥♥♥♥   3,♥♥♥♥♥   4,X,X,♥♥♥♥♥   1,X,X,X,Xbox Only,Xbox Only,No,,No Pro Drums,
1997,FALSE,"Epic Symphony in A Flat Minor, First Movement: Marching Out",Van Friscia,2010,Sep 20 2010,Prog,X,X,RBN1,♥♥♥♥♥   5,♥♥♥♥♥   4,♥♥♥♥♥   5,X,X,X,X,X,X,Xbox Only,Xbox Only,No,,No Pro Drums,
1998,FALSE,Ready for Anything,SexTon,2010,Sep 20 2010,Alternative,M,English,RBN1,♥♥♥♥♥   4,♥♥♥♥♥   3,♥♥♥♥♥   3,X,X,♥♥♥♥♥   3,X,X,X,Xbox Only,Xbox Only,No,,,
1999,FALSE,Steppin' Lightly,Gov't Mule,2009,Sep 20 2010,Rock,M,English,RBN1,♥♥♥♥♥   4,♥♥♥♥♥   3,♥♥♥♥♥   4,X,X,♥♥♥♥♥   2,X,X,X,PS3/Xbox,PS3/Xbox,No,,No Pro Drums,
2000,FALSE,Threads,Barefoot Truth,2010,Sep 20 2010,Reggae/Ska,M,English,RBN1,♥♥♥♥♥   2,♥♥♥♥♥   1,♥♥♥♥♥   2,X,X,♥♥♥♥♥   3,X,X,X,Xbox Only,Xbox Only,No,,,
2001,FALSE,Holy Ground,New Rising Son,2010,Sep 21 2010,New Wave,M,English,RBN1,♥♥♥♥♥   2,♥♥♥♥♥   0,♥♥♥♥♥   4,X,X,♥♥♥♥♥   3.5,X,X,X,Xbox Only,Xbox Only,No,,,
2002,FALSE,Kiss Kiss Bang Bang,Ultra Saturday,2010,Sep 21 2010,Punk,M,English,RBN1,♥♥♥♥♥   2,♥♥♥♥♥   2,♥♥♥♥♥   3,X,X,♥♥♥♥♥   1,X,X,X,Xbox Only,Xbox Only,No,,,
2003,FALSE,Roman Candle,Pink Flag,2008,Sep 21 2010,Punk,F,English,RBN1,♥♥♥♥♥   2,♥♥♥♥♥   2,♥♥♥♥♥   4,X,X,♥♥♥♥♥   3,X,X,X,Xbox Only,Xbox Only,No,,,
2004,FALSE,Shiver,Amy Courts,2008,Sep 21 2010,Pop-Rock,F,English,RBN1,♥♥♥♥♥   2,♥♥♥♥♥   1,♥♥♥♥♥   2,X,X,♥♥♥♥♥   3.5,X,X,X,Xbox Only,Xbox Only,No,,,
2005,FALSE,"999,999 Girls!",Kiss the Girl,2009,Sep 27 2010,Pop-Rock,M,English,RBN1,♥♥♥♥♥   1,♥♥♥♥♥   0,♥♥♥♥♥   1,X,X,♥♥♥♥♥   1,X,X,X,Xbox Only,Xbox Only,No,,No Pro Drums,
2006,FALSE,Discharge,Intricate Unit,2009,Sep 27 2010,Metal,M,English,RBN1,♥♥♥♥♥   3,♥♥♥♥♥   2,♥♥♥♥♥   4,X,X,♥♥♥♥♥   2,X,X,X,Xbox Only,Xbox Only,No,,No Pro Drums,
2007,FALSE,Elevator,Kingsize,2008,Sep 27 2010,Rock,M,English,RBN1,♥♥♥♥♥   2,♥♥♥♥♥   2,♥♥♥♥♥   2,X,X,♥♥♥♥♥   4.5,X,X,X,Xbox Only,Xbox Only,No,,,
2008,FALSE,"Flightless Bird, American Mouth",Iron & Wine,2007,Sep 27 2010,Indie Rock,M,English,RBN1,♥♥♥♥♥   1,♥♥♥♥♥   0,♥♥♥♥♥   0,X,X,♥♥♥♥♥   1,X,X,X,PS3/Xbox,PS3/Xbox,Yes,,,
2009,FALSE,Giant Magnets,Desoto Jones,2009,Sep 27 2010,Rock,M,English,RBN1,♥♥♥♥♥   3,♥♥♥♥♥   1,♥♥♥♥♥   2,X,X,♥♥♥♥♥   3.5,X,X,X,Xbox Only,Xbox Only,No,,No Pro Drums,
2010,FALSE,Hanuman,Rodrigo y Gabriela,2009,Sep 27 2010,Rock,X,X,RBN1,♥♥♥♥♥   5,♥♥♥♥♥   6,X,X,X,X,X,X,X,Yes,Yes,Yes,,,
2011,FALSE,Indulgence,Self-Titled,2010,Sep 27 2010,Rock,X,X,RBN1,X,X,♥♥♥♥♥   4,X,X,X,X,X,X,Xbox Only,Xbox Only,No,,No Pro Drums,
2012,FALSE,Light,Shylo Elliott,2010,Sep 27 2010,Pop/Dance/Electronic,X,X,RBN1,♥♥♥♥♥   1,♥♥♥♥♥   0,♥♥♥♥♥   0,X,X,X,X,X,X,Xbox Only,Xbox Only,No,,,
2013,FALSE,Saint Simon,The Shins,2003,Sep 27 2010,Indie Rock,M,English,RBN1,♥♥♥♥♥   3,♥♥♥♥♥   1,♥♥♥♥♥   2,X,X,♥♥♥♥♥   4.5,X,X,X,PS3/Xbox,PS3/Xbox,No,,No Pro Drums,
2014,FALSE,BBQ Nation,Graveyard BBQ,2007,Oct 1 2010,Metal,M,English,RBN1,♥♥♥♥♥   4,♥♥♥♥♥   3,♥♥♥♥♥   2,X,X,♥♥♥♥♥   3,X,X,X,Xbox Only,Xbox Only,No,,No Pro Drums,
2015,FALSE,Bittersweet Melancholy,Shylo Elliott,2010,Oct 1 2010,Pop/Dance/Electronic,X,X,RBN1,♥♥♥♥♥   3,♥♥♥♥♥   0,♥♥♥♥♥   3,X,X,X,X,X,X,Xbox Only,Xbox Only,No,,,
2016,FALSE,Dying Wish of a Living Man,Yesternight's Decision,2010,Oct 1 2010,Rock,M,English,RBN1,♥♥♥♥♥   3,♥♥♥♥♥   2,♥♥♥♥♥   3,X,X,♥♥♥♥♥   2,X,X,X,Xbox Only,Xbox Only,No,,,
2017,FALSE,Headed for the Ditch,Andy Timmons,2006,Oct 1 2010,Country,X,X,RBN1,♥♥♥♥♥   5.5,♥♥♥♥♥   5.5,♥♥♥♥♥   5.5,X,X,X,X,X,X,Xbox Only,Xbox Only,No,,,
2018,FALSE,Laceration,Mile Marker Zero,2009,Oct 1 2010,Prog,M,English,RBN1,♥♥♥♥♥   5,♥♥♥♥♥   4.5,♥♥♥♥♥   5,X,X,♥♥♥♥♥   2,X,X,X,Xbox Only,Xbox Only,No,,No Pro Drums,
2019,FALSE,Midnight Eyes,Rose of Jericho,2010,Oct 1 2010,Pop-Rock,F,English,RBN1,♥♥♥♥♥   1,♥♥♥♥♥   0,♥♥♥♥♥   1,♥♥♥♥♥   3,♥♥♥♥♥   4,♥♥♥♥♥   4,2,X,X,Xbox Only,PS3/Xbox,No,,RB3 Version Available (PS3 only has the RB3 version),
2020,FALSE,Mrs. Right,Last Day Off,2009,Oct 1 2010,Punk,M,English,RBN1,♥♥♥♥♥   1,♥♥♥♥♥   1,♥♥♥♥♥   3,X,X,♥♥♥♥♥   2,X,X,X,Xbox Only,Xbox Only,No,,,
2021,FALSE,"Thank You, Pain.",The Agonist,2009,Oct 4 2010,Metal,F,English,RBN1,♥♥♥♥♥   5,♥♥♥♥♥   4,♥♥♥♥♥   5,X,X,♥♥♥♥♥   2,X,X,X,PS3/Xbox,PS3/Xbox,Yes,,"No Pro Drums (In RB3, does in RB4)",
2022,FALSE,Buttersnips,Periphery,2010,Oct 4 2010,Metal,M,English,RBN1,♥♥♥♥♥   6,♥♥♥♥♥   6,♥♥♥♥♥   6,X,X,♥♥♥♥♥   6,X,X,X,PS3/Xbox,PS3/Xbox,Yes,,,
2023,FALSE,Dirt,Rain Dogs,2010,Oct 4 2010,Rock,M,English,RBN1,♥♥♥♥♥   2,♥♥♥♥♥   1,♥♥♥♥♥   4,X,X,♥♥♥♥♥   2,X,X,X,Xbox Only,Xbox Only,No,,No Pro Drums,
2024,FALSE,Electricity is in My Soul,Steam Powered Giraffe,2009,Oct 4 2010,Rock,M,English,RBN1,♥♥♥♥♥   1,♥♥♥♥♥   2,♥♥♥♥♥   1,X,X,♥♥♥♥♥   3.5,X,X,X,Xbox Only,Xbox Only,No,,,
2025,FALSE,Far Wanderings,Shylo Elliott,2010,Oct 4 2010,Pop/Dance/Electronic,X,X,RBN1,♥♥♥♥♥   4,X,X,X,X,X,X,X,X,Xbox Only,Xbox Only,No,,,
2026,FALSE,High Class Trailer Trash,Shelly Rastin feat. Randy Bachman,2009,Oct 4 2010,Country,F,English,RBN1,♥♥♥♥♥   3,♥♥♥♥♥   4,♥♥♥♥♥   2,X,X,♥♥♥♥♥   3,X,X,X,Xbox Only,Xbox Only,No,,No Pro Drums,
2027,FALSE,How We Operate,Gomez,2006,Oct 4 2010,Rock,M,English,RBN1,♥♥♥♥♥   2,♥♥♥♥♥   1,♥♥♥♥♥   3,X,X,♥♥♥♥♥   3,X,X,X,Xbox Only,Xbox Only,No,,No Pro Drums,
2028,FALSE,Now or Never,Confide,2010,Oct 4 2010,Metal,M,English,RBN1,♥♥♥♥♥   4,♥♥♥♥♥   4,♥♥♥♥♥   5,X,X,♥♥♥♥♥   2,X,X,X,Xbox Only,Xbox Only,No,,,
2029,FALSE,Saga,Amberian Dawn,2009,Oct 4 2010,Metal,F,English,RBN1,♥♥♥♥♥   5.5,♥♥♥♥♥   3,♥♥♥♥♥   5,X,X,♥♥♥♥♥   1,X,X,X,PS3/Xbox,PS3/Xbox,No,,,
2030,FALSE,Warmachine,The Sex Generals,2010,Oct 4 2010,Metal,M,English,RBN1,♥♥♥♥♥   5,♥♥♥♥♥   3,♥♥♥♥♥   3,X,X,♥♥♥♥♥   2,X,X,X,Xbox Only,Xbox Only,No,,No Pro Drums,
2031,FALSE,Arcaedion,Children of Nova,2009,Oct 8 2010,Prog,M,English,RBN1,♥♥♥♥♥   4,♥♥♥♥♥   4,♥♥♥♥♥   6,X,X,♥♥♥♥♥   4,X,X,X,PS3/Xbox,PS3/Xbox,Yes,,,
2032,FALSE,Chilly Water (Live),Widespread Panic,2008,Oct 8 2010,Rock,M,English,RBN1,♥♥♥♥♥   5,♥♥♥♥♥   4,♥♥♥♥♥   4,X,X,♥♥♥♥♥   3,X,X,X,Xbox Only,Xbox Only,No,,No Pro Drums,
2033,FALSE,Forgot Love,Public Radio,2009,Oct 8 2010,Pop-Rock,M,English,RBN1,♥♥♥♥♥   1,♥♥♥♥♥   1,♥♥♥♥♥   4,X,X,♥♥♥♥♥   2,X,X,X,Xbox Only,Xbox Only,No,,No Pro Drums,
2034,FALSE,Girlfriend,Shy Nobleman,2005,Oct 8 2010,Alternative,M,English,RBN1,♥♥♥♥♥   2,♥♥♥♥♥   2,♥♥♥♥♥   4,X,X,♥♥♥♥♥   2,X,X,X,Xbox Only,Xbox Only,No,,No Pro Drums,
2035,FALSE,Johnny Ace 2010,Dash Rip Rock,2010,Oct 8 2010,Rock,M,English,RBN1,♥♥♥♥♥   5,♥♥♥♥♥   3,♥♥♥♥♥   4,X,X,♥♥♥♥♥   4.5,X,X,X,Xbox Only,Xbox Only,No,,,
2036,FALSE,Rain,New Rising Son,2010,Oct 8 2010,Rock,M,English,RBN1,♥♥♥♥♥   4,♥♥♥♥♥   3,♥♥♥♥♥   5,X,X,♥♥♥♥♥   3,X,X,X,Xbox Only,Xbox Only,No,,,
2037,FALSE,Right to the Apex,Single White Infidel,2010,Oct 8 2010,Punk,M,English,RBN1,♥♥♥♥♥   3,♥♥♥♥♥   3,♥♥♥♥♥   4,X,X,♥♥♥♥♥   5.5,X,X,X,Xbox Only,Xbox Only,No,,,
2038,FALSE,Signed With Love,Rose of Jericho,2010,Oct 8 2010,Pop-Rock,F,English,RBN1,♥♥♥♥♥   3,♥♥♥♥♥   2,♥♥♥♥♥   3,X,X,♥♥♥♥♥   3.5,X,X,X,Xbox Only,Xbox Only,No,,,
2039,FALSE,Surprise Valley (Live),Widespread Panic,2007,Oct 8 2010,Rock,M,English,RBN1,♥♥♥♥♥   5.5,♥♥♥♥♥   4,♥♥♥♥♥   5,X,X,♥♥♥♥♥   3,X,X,X,PS3/Xbox,PS3/Xbox,No,,No Pro Drums,
2040,FALSE,The Deceiver,I Am Abomination,2010,Oct 8 2010,Metal,M,English,RBN1,♥♥♥♥♥   5.5,♥♥♥♥♥   4.5,♥♥♥♥♥   5.5,X,X,♥♥♥♥♥   5.5,X,X,X,Xbox Only,Xbox Only,No,,,
2041,FALSE,The Permanent Rain,The Dangerous Summer,2009,Oct 8 2010,Alternative,M,English,RBN1,♥♥♥♥♥   2,♥♥♥♥♥   1,♥♥♥♥♥   5.5,X,X,♥♥♥♥♥   3.5,X,X,X,Xbox Only,Xbox Only,No,,No Pro Drums,
2042,FALSE,Bang Bang Bang,The Virginmarys,2010,Oct 12 2010,Rock,M,English,RBN1,♥♥♥♥♥   4,♥♥♥♥♥   3,♥♥♥♥♥   4,X,X,♥♥♥♥♥   3,X,X,X,Xbox Only,Xbox Only,No,,,
2043,FALSE,Daisy,Fang Island,2010,Oct 12 2010,Indie Rock,M,English,RBN1,♥♥♥♥♥   5,♥♥♥♥♥   1,♥♥♥♥♥   5,X,X,♥♥♥♥♥   3,X,X,X,Xbox Only,Xbox Only,No,,,
2044,FALSE,Old Lady Trouble,Steve Fister,2009,Oct 12 2010,Blues,M,English,RBN1,♥♥♥♥♥   4,♥♥♥♥♥   3,♥♥♥♥♥   4,X,X,♥♥♥♥♥   3,X,X,X,Xbox Only,Xbox Only,No,,No Pro Drums,
2045,FALSE,Rotten Cat Halloween Rat,Boney Mean,2010,Oct 12 2010,Punk,M,English,RBN1,♥♥♥♥♥   2,♥♥♥♥♥   1,♥♥♥♥♥   2,X,X,♥♥♥♥♥   0,X,X,X,Xbox Only,Xbox Only,No,,,
2046,FALSE,Second & Sebring,Of Mice & Men,2010,Oct 12 2010,Metal,M,English,RBN1,♥♥♥♥♥   3,♥♥♥♥♥   1,♥♥♥♥♥   5,X,X,♥♥♥♥♥   2,X,X,X,Yes,Yes,Yes,,,
2047,FALSE,Spill,Nushu,2007,Oct 12 2010,Pop-Rock,F,English,RBN1,♥♥♥♥♥   2,♥♥♥♥♥   2,♥♥♥♥♥   1,X,X,♥♥♥♥♥   1,X,X,X,Xbox Only,Xbox Only,No,,,
2048,FALSE,Standing in Your Stuff,Zigaboo Modeliste,2000,Oct 12 2010,R&B/Soul/Funk,M,English,RBN1,♥♥♥♥♥   3,♥♥♥♥♥   2,♥♥♥♥♥   4,X,X,♥♥♥♥♥   4.5,X,X,X,Xbox Only,Xbox Only,No,,No Pro Drums,
2049,FALSE,Wake Up,Suicide Silence,2009,Oct 12 2010,Metal,M,English,RBN1,♥♥♥♥♥   5,♥♥♥♥♥   5,♥♥♥♥♥   6,X,X,♥♥♥♥♥   0,X,X,X,Yes,Yes,Yes,,,
2050,FALSE,Antman,The Red Chord,2005,Oct 13 2010,Metal,M,English,RBN1,♥♥♥♥♥   5,♥♥♥♥♥   4.5,♥♥♥♥♥   5.5,X,X,♥♥♥♥♥   0,X,X,X,PS3/Xbox,PS3/Xbox,No,,No Pro Drums,
2051,FALSE,Frostbite Cavern,Wolfblur,2008,Oct 13 2010,Pop/Dance/Electronic,M,Adlib,RBN1,♥♥♥♥♥   5,♥♥♥♥♥   4,♥♥♥♥♥   5,X,X,♥♥♥♥♥   2,X,X,X,Xbox Only,Xbox Only,No,,,
2052,FALSE,Hand Me Down,Visqueen,2009,Oct 13 2010,Rock,F,English,RBN1,♥♥♥♥♥   1,♥♥♥♥♥   1,♥♥♥♥♥   3,X,X,♥♥♥♥♥   3.5,X,X,X,Xbox Only,Xbox Only,No,,No Pro Drums,
2053,FALSE,Nihilanth,Gatling,2009,Oct 13 2010,Metal,X,X,RBN1,♥♥♥♥♥   5.5,♥♥♥♥♥   3,♥♥♥♥♥   5,X,X,X,X,X,X,Xbox Only,Xbox Only,No,,No Pro Drums,
2054,FALSE,Snowmaiden,Amberian Dawn,2009,Oct 13 2010,Metal,F,English,RBN1,♥♥♥♥♥   3,♥♥♥♥♥   4.5,♥♥♥♥♥   4,X,X,♥♥♥♥♥   2,X,X,X,PS3/Xbox,PS3/Xbox,No,,,
2055,FALSE,The Touch,Stan Bush,2007,Oct 13 2010,Rock,M,English,RBN1,♥♥♥♥♥   2,♥♥♥♥♥   1,♥♥♥♥♥   3,X,X,♥♥♥♥♥   2,X,X,X,Yes,Yes,Yes,,,
2056,FALSE,White Knuckles,OK Go,2010,Oct 13 2010,Alternative,M,English,RBN1,♥♥♥♥♥   3,♥♥♥♥♥   1,♥♥♥♥♥   2,X,X,♥♥♥♥♥   3,3,X,X,Yes,Yes,Yes,,,
2057,FALSE,All I Want,Cosmic Tribe,2010,Oct 18 2010,Rock,M,English,RBN1,♥♥♥♥♥   3,♥♥♥♥♥   2,♥♥♥♥♥   2,X,X,♥♥♥♥♥   2,X,X,X,Xbox Only,Xbox Only,No,,No Pro Drums,
2058,FALSE,Drum Exercises for the Sufficiently Masochistic,Shylo Elliott,2010,Oct 18 2010,Pop/Dance/Electronic,X,X,RBN1,X,X,♥♥♥♥♥   5.5,X,X,X,X,X,X,Xbox Only,Xbox Only,No,,,
2059,FALSE,I Thought I Knew You,Those Among Us,2010,Oct 18 2010,New Wave,M,English,RBN1,♥♥♥♥♥   1,♥♥♥♥♥   0,♥♥♥♥♥   2,X,X,♥♥♥♥♥   2,X,X,X,Xbox Only,Xbox Only,No,,,
2060,FALSE,Miss America,Kingsize,2008,Oct 18 2010,Rock,M,English,RBN1,♥♥♥♥♥   1,♥♥♥♥♥   1,♥♥♥♥♥   0,X,X,♥♥♥♥♥   3,X,X,X,Xbox Only,Xbox Only,No,,,
2061,FALSE,Philip K. Ridiculous,Hugh Cornwell,2008,Oct 18 2010,Rock,X,X,RBN1,♥♥♥♥♥   3,♥♥♥♥♥   2,♥♥♥♥♥   3,X,X,X,X,X,X,Xbox Only,Xbox Only,No,,No Pro Drums,
2062,FALSE,Refugee,Scotty Don't,2008,Oct 18 2010,Reggae/Ska,M,English,RBN1,♥♥♥♥♥   3,♥♥♥♥♥   1,♥♥♥♥♥   3,X,X,♥♥♥♥♥   2,X,X,X,Xbox Only,Xbox Only,No,,No Pro Drums,
2063,FALSE,Soulless,Fake Problems,2010,Oct 18 2010,Indie Rock,M,English,RBN1,♥♥♥♥♥   3,♥♥♥♥♥   3,♥♥♥♥♥   4,X,X,♥♥♥♥♥   3.5,X,X,X,Xbox Only,Xbox Only,No,,,
2064,FALSE,The Way You Move,Since October,2010,Oct 18 2010,Rock,M,English,RBN1,♥♥♥♥♥   2,♥♥♥♥♥   1,♥♥♥♥♥   3,X,X,♥♥♥♥♥   2,X,X,X,Xbox Only,Xbox Only,No,,,
2065,FALSE,Bullet with a Name,Nonpoint,2005,Oct 22 2010,Rock,M,English,RBN1,♥♥♥♥♥   3,♥♥♥♥♥   3,♥♥♥♥♥   3,X,X,♥♥♥♥♥   3,X,X,X,Yes,Yes,Yes,,,
2066,FALSE,Ceraunophobia,Chaotrope,2010,Oct 22 2010,Metal,X,X,RBN1,♥♥♥♥♥   5.5,♥♥♥♥♥   4.5,♥♥♥♥♥   5.5,X,X,X,X,X,X,Xbox Only,Xbox Only,No,,No Pro Drums,
2067,FALSE,Dark Horse,Converge,2009,Oct 22 2010,Metal,M,English,RBN1,♥♥♥♥♥   5,♥♥♥♥♥   4,♥♥♥♥♥   6,X,X,♥♥♥♥♥   0,X,X,X,PS3/Xbox,PS3/Xbox,Yes,,,
2068,FALSE,Gabrielle,Ween,2005,Oct 22 2010,Alternative,M,English,RBN1,♥♥♥♥♥   4,♥♥♥♥♥   3,♥♥♥♥♥   4,X,X,♥♥♥♥♥   3,X,X,X,PS3/Xbox,PS3/Xbox,No,,,
2069,FALSE,Ghost I Own,(Damn) This Desert Air,2010,Oct 22 2010,Alternative,M,English,RBN1,♥♥♥♥♥   3,♥♥♥♥♥   1,♥♥♥♥♥   4,X,X,♥♥♥♥♥   3,X,X,X,Xbox Only,Xbox Only,No,,No Pro Drums,
2070,FALSE,P.W.M.O.,Shylo Elliott,2010,Oct 22 2010,Pop/Dance/Electronic,X,X,RBN1,♥♥♥♥♥   5,♥♥♥♥♥   4,♥♥♥♥♥   5,X,X,X,X,X,X,Xbox Only,Xbox Only,No,,,
2071,FALSE,The Countdown,Cliff Lin,2010,Oct 22 2010,Nu-Metal,M,English,RBN1,♥♥♥♥♥   3,♥♥♥♥♥   2,♥♥♥♥♥   3,X,X,♥♥♥♥♥   1,X,X,X,Xbox Only,Xbox Only,No,,No Pro Drums,
2072,FALSE,The Waiting One,All That Remains,2010,Oct 22 2010,Metal,M,English,RBN1,♥♥♥♥♥   5,♥♥♥♥♥   2,♥♥♥♥♥   3,X,X,♥♥♥♥♥   3,X,X,X,PS3/Xbox,PS3/Xbox,Yes,,"No Pro Drums (In RB3, does in RB4)",
2073,FALSE,Worst Case Ontario,The Roman Line,2009,Oct 22 2010,Country,M,English,RBN1,♥♥♥♥♥   3,♥♥♥♥♥   3,♥♥♥♥♥   4,X,X,♥♥♥♥♥   2,X,X,X,Xbox Only,Xbox Only,No,,,
2074,FALSE,Curtain Call,Nations Afire,2009,Oct 28 2010,Rock,M,English,RBN1,♥♥♥♥♥   3,♥♥♥♥♥   3,♥♥♥♥♥   5,X,X,♥♥♥♥♥   3,X,X,X,Xbox Only,Xbox Only,No,,No Pro Drums,
2075,FALSE,Fate of the Maiden,Amberian Dawn,2008,Oct 28 2010,Metal,F,English,RBN1,♥♥♥♥♥   5,♥♥♥♥♥   4,♥♥♥♥♥   4,X,X,♥♥♥♥♥   2,X,X,X,PS3/Xbox,PS3/Xbox,Yes,,,
2076,FALSE,Hold On,All That Remains,2010,Oct 28 2010,Metal,M,English,RBN1,♥♥♥♥♥   5,♥♥♥♥♥   3,♥♥♥♥♥   4,X,X,♥♥♥♥♥   2,X,X,X,PS3/Xbox,PS3/Xbox,Yes,,"No Pro Drums (In RB3, does in RB4)",
2077,FALSE,Industrialized,Bluefusion,2009,Oct 28 2010,Prog,X,X,RBN1,♥♥♥♥♥   4,♥♥♥♥♥   2,♥♥♥♥♥   4,X,X,X,X,X,X,Xbox Only,Xbox Only,No,,,
2078,FALSE,Let Us Slay,GWAR,2009,Oct 28 2010,Metal,M,English,RBN1,♥♥♥♥♥   5.5,♥♥♥♥♥   4.5,♥♥♥♥♥   5.5,X,X,♥♥♥♥♥   1,X,X,X,PS3/Xbox,PS3/Xbox,No,,No Pro Drums,
2079,FALSE,Ride the Stache,Graveyard BBQ,2007,Oct 28 2010,Metal,M,English,RBN1,♥♥♥♥♥   5,♥♥♥♥♥   2,♥♥♥♥♥   3,X,X,♥♥♥♥♥   2,X,X,X,Xbox Only,Xbox Only,No,,,
2080,FALSE,Runaway,Lyrics for Monday,2009,Oct 28 2010,Punk,M,English,RBN1,♥♥♥♥♥   1,♥♥♥♥♥   2,♥♥♥♥♥   3,X,X,♥♥♥♥♥   3,X,X,X,Xbox Only,Xbox Only,No,,,
2081,FALSE,Tantrums of a Giant,Madlife,2010,Oct 28 2010,Metal,M,English,RBN1,♥♥♥♥♥   3,♥♥♥♥♥   3,♥♥♥♥♥   4,X,X,♥♥♥♥♥   2,X,X,X,Xbox Only,Xbox Only,No,,No Pro Drums,
2082,FALSE,Think Bad Thoughts,Kay Hanley,2008,Oct 28 2010,Rock,F,English,RBN1,♥♥♥♥♥   2,♥♥♥♥♥   3,♥♥♥♥♥   4,X,X,♥♥♥♥♥   3,X,X,X,Xbox Only,Xbox Only,No,,,
2083,FALSE,Vacation,Mike Belotti & Theo Christensen,2010,Oct 28 2010,Indie Rock,M,English,RBN1,♥♥♥♥♥   4,♥♥♥♥♥   2,♥♥♥♥♥   2,X,X,♥♥♥♥♥   2,X,X,X,Xbox Only,Xbox Only,No,,No Pro Drums,
2084,FALSE,Veils,Ludicra,2006,Oct 28 2010,Metal,F,English,RBN1,♥♥♥♥♥   4,♥♥♥♥♥   4,♥♥♥♥♥   5.5,X,X,♥♥♥♥♥   2,X,X,X,Xbox Only,Xbox Only,No,,,
2085,FALSE,Baptized by Fire,Chaotrope,2010,Nov 2 2010,Metal,X,X,RBN1,♥♥♥♥♥   5.5,♥♥♥♥♥   5.5,♥♥♥♥♥   5,X,X,X,X,X,X,Xbox Only,Xbox Only,No,,No Pro Drums,
2086,FALSE,Berzerker,After the Burial,2009,Nov 2 2010,Metal,M,English,RBN1,♥♥♥♥♥   5,♥♥♥♥♥   5,♥♥♥♥♥   5,X,X,♥♥♥♥♥   0,X,X,X,PS3/Xbox,PS3/Xbox,Yes,,2x Drums Available (not in PS3 though),
2087,FALSE,Jack and the Harlots,The Asbestos,2010,Nov 2 2010,Rock,M,English,RBN1,♥♥♥♥♥   2,♥♥♥♥♥   2,♥♥♥♥♥   3,X,X,♥♥♥♥♥   3.5,X,X,X,Xbox Only,Xbox Only,No,,,
2088,FALSE,Obfuscation,Between the Buried and Me,2009,Nov 2 2010,Prog,M,English,RBN1,♥♥♥♥♥   6,♥♥♥♥♥   5,♥♥♥♥♥   6,X,X,♥♥♥♥♥   0,X,X,X,PS3/Xbox,PS3/Xbox,Yes,,,
2089,FALSE,Robots May Break Your Heart,Riverboat Gamblers,2008,Nov 2 2010,Punk,M,English,RBN1,♥♥♥♥♥   3,♥♥♥♥♥   3,♥♥♥♥♥   3,X,X,♥♥♥♥♥   3,X,X,X,Xbox Only,Xbox Only,Yes,,"No Pro Drums (In RB3, does in RB4)",
2090,FALSE,Allegiance,Blackguard,2009,Nov 9 2010,Metal,M,English,RBN1,♥♥♥♥♥   5,♥♥♥♥♥   4,♥♥♥♥♥   5.5,X,X,♥♥♥♥♥   0,X,X,X,PS3/Xbox,PS3/Xbox,No,,,
2091,FALSE,Best I Never Had,The Downtown Fiction,2010,Nov 9 2010,Alternative,M,English,RBN1,♥♥♥♥♥   3,♥♥♥♥♥   2,♥♥♥♥♥   2,X,X,♥♥♥♥♥   3,X,X,X,PS3/Xbox,PS3/Xbox,No,,,
2092,FALSE,I Just Wanna Run,The Downtown Fiction,2010,Nov 9 2010,Alternative,M,English,RBN1,♥♥♥♥♥   2,♥♥♥♥♥   2,♥♥♥♥♥   3,X,X,♥♥♥♥♥   3,X,X,X,PS3/Xbox,PS3/Xbox,No,,,
2093,FALSE,Let It Change,Mystic Syntax,2010,Nov 9 2010,Metal,M,English,RBN1,♥♥♥♥♥   2,♥♥♥♥♥   3,♥♥♥♥♥   4,X,X,♥♥♥♥♥   2,X,X,X,Xbox Only,Xbox Only,No,,,
2094,FALSE,Smokahontas,Attack Attack!,2010,Nov 9 2010,Metal,M,English,RBN1,♥♥♥♥♥   4,♥♥♥♥♥   3,♥♥♥♥♥   5,X,X,♥♥♥♥♥   2,X,X,X,Yes,Yes,No,,,
2095,FALSE,Stevie,Songs To Wear Pants To,2010,Nov 9 2010,Reggae/Ska,M,English,RBN1,♥♥♥♥♥   2,♥♥♥♥♥   1,♥♥♥♥♥   3,X,X,♥♥♥♥♥   2,X,X,X,Xbox Only,Xbox Only,No,,,
2096,FALSE,Better Sleep,Fatter Than Albert,2008,Nov 16 2010,Reggae/Ska,M,English,RBN1,♥♥♥♥♥   5,♥♥♥♥♥   3,♥♥♥♥♥   5.5,X,X,♥♥♥♥♥   2,X,X,X,Xbox Only,Xbox Only,No,,,
2097,FALSE,For We Are Many,All That Remains,2010,Nov 16 2010,Metal,M,English,RBN1,♥♥♥♥♥   6,♥♥♥♥♥   5,♥♥♥♥♥   6,X,X,♥♥♥♥♥   1,X,X,X,PS3/Xbox,PS3/Xbox,Yes,,"No Pro Drums (In RB3, does in RB4)",
2098,FALSE,Linear A,Free Electric State,2010,Nov 16 2010,Indie Rock,F,English,RBN1,♥♥♥♥♥   3,♥♥♥♥♥   2,♥♥♥♥♥   5,X,X,♥♥♥♥♥   2,X,X,X,Xbox Only,Xbox Only,No,,,
2099,FALSE,Living Saints,Polar Bear Club,2009,Nov 16 2010,Punk,M,English,RBN1,♥♥♥♥♥   4,♥♥♥♥♥   2,♥♥♥♥♥   4,X,X,♥♥♥♥♥   3.5,X,X,X,Xbox Only,Xbox Only,No,,,
2100,FALSE,Oceans Between Us,The Downtown Fiction,2010,Nov 16 2010,Alternative,M,English,RBN1,♥♥♥♥♥   2,♥♥♥♥♥   1,♥♥♥♥♥   3,X,X,♥♥♥♥♥   2,X,X,X,PS3/Xbox,PS3/Xbox,No,,,
2101,FALSE,On Parole,Sister Sin,2008,Nov 16 2010,Rock,F,English,RBN1,♥♥♥♥♥   3,♥♥♥♥♥   2,♥♥♥♥♥   3,X,X,♥♥♥♥♥   3.5,X,X,X,PS3/Xbox,PS3/Xbox,No,,,
2102,FALSE,Spira Mirabilis,Kodomo,2008,Nov 16 2010,Urban,X,X,RBN1,♥♥♥♥♥   5,♥♥♥♥♥   4.5,♥♥♥♥♥   5.5,X,X,X,X,X,X,Xbox Only,Xbox Only,No,,Pro Drums on RB3 are broken,
2103,FALSE,Two Minute Warning,Hitman Blues Band,2003,Nov 16 2010,Blues,M,English,RBN1,♥♥♥♥♥   4,♥♥♥♥♥   3,♥♥♥♥♥   3,X,X,♥♥♥♥♥   2,X,X,X,Xbox Only,Xbox Only,No,,No Pro Drums,
2104,FALSE,A Christmas Rock Medley,Richard Campbell,2009,Nov 23 2010,Rock,X,X,RBN1,♥♥♥♥♥   5,♥♥♥♥♥   4.5,♥♥♥♥♥   5.5,X,X,X,X,X,X,PS3/Xbox,PS3/Xbox,No,,,
2105,FALSE,Apocalypse for Breakfast,Coelacanths,2011,Nov 23 2010,Other,M,English,RBN1,♥♥♥♥♥   3,♥♥♥♥♥   1,♥♥♥♥♥   2,X,X,♥♥♥♥♥   0,X,X,X,Xbox Only,Xbox Only,No,,,
2106,FALSE,Beyond Grey,Silent Descent,2008,Nov 23 2010,Metal,M,English,RBN1,♥♥♥♥♥   5,♥♥♥♥♥   4.5,♥♥♥♥♥   5,X,X,♥♥♥♥♥   1,X,X,X,Xbox Only,Xbox Only,No,,2x Drums Available,
2107,FALSE,Epitome of Misery,Broken Equilibrium,2008,Nov 23 2010,Rock,M,English,RBN1,♥♥♥♥♥   2,♥♥♥♥♥   2,♥♥♥♥♥   4,X,X,♥♥♥♥♥   2,X,X,X,Xbox Only,Xbox Only,No,,2x Drums Available,
2108,FALSE,Fox Hunt,Larkspur,2010,Nov 23 2010,New Wave,F,English,RBN1,♥♥♥♥♥   1,♥♥♥♥♥   1,♥♥♥♥♥   4,X,X,♥♥♥♥♥   2,X,X,X,PS3/Xbox,PS3/Xbox,No,,No Pro Drums,
2109,FALSE,"I Still Feel Her, Part III",Jonny Craig,2009,Nov 23 2010,Alternative,M,English,RBN1,♥♥♥♥♥   2,♥♥♥♥♥   3,♥♥♥♥♥   3,X,X,♥♥♥♥♥   2,X,X,X,PS3/Xbox,PS3/Xbox,No,,,
2110,FALSE,Icon,A t o m,2010,Nov 23 2010,New Wave,M,English,RBN1,♥♥♥♥♥   4,♥♥♥♥♥   1,♥♥♥♥♥   2,X,X,♥♥♥♥♥   2,X,X,X,Xbox Only,Xbox Only,No,,No Pro Drums,
2111,FALSE,Lay Kenneth Lay,Felsen,2010,Nov 23 2010,Alternative,M,English,RBN1,♥♥♥♥♥   1,♥♥♥♥♥   2,♥♥♥♥♥   2,X,X,♥♥♥♥♥   3,X,X,X,Xbox Only,Xbox Only,No,,No Pro Drums,
2112,FALSE,Life Design,The Parlotones,2009,Nov 23 2010,Alternative,M,English,RBN1,♥♥♥♥♥   1,♥♥♥♥♥   1,♥♥♥♥♥   2,X,X,♥♥♥♥♥   1,X,X,X,Xbox Only,Xbox Only,No,,No Pro Drums,
2113,FALSE,Numb & Intoxicated,Kataklysm,2010,Nov 23 2010,Metal,M,English,RBN1,♥♥♥♥♥   5,♥♥♥♥♥   4,♥♥♥♥♥   5.5,X,X,♥♥♥♥♥   0,X,X,X,PS3/Xbox,PS3/Xbox,No,,2x Drums Available (not in PS3 though),
2114,FALSE,Phantom Limb,The Shins,2007,Nov 23 2010,Indie Rock,M,English,RBN1,♥♥♥♥♥   2,♥♥♥♥♥   0,♥♥♥♥♥   0,X,X,♥♥♥♥♥   3,X,X,X,PS3/Xbox,PS3/Xbox,No,,No Pro Drums,
2115,FALSE,Shut Up,The Early Strike,2010,Nov 23 2010,Punk,F,English,RBN1,♥♥♥♥♥   3,♥♥♥♥♥   3,♥♥♥♥♥   4,X,X,♥♥♥♥♥   3,X,X,X,Xbox Only,Xbox Only,No,,No Pro Drums,
2116,FALSE,Herlathing,Morgawr,2010,Nov 30 2010,Metal,M,English,RBN1,♥♥♥♥♥   5.5,♥♥♥♥♥   4,♥♥♥♥♥   5.5,X,X,♥♥♥♥♥   3,X,X,X,Xbox Only,Xbox Only,No,,,
2117,FALSE,Lemon Meringue Tie,Dance Gavin Dance,2007,Nov 30 2010,Indie Rock,M,English,RBN1,♥♥♥♥♥   5,♥♥♥♥♥   2,♥♥♥♥♥   4,X,X,♥♥♥♥♥   2,X,X,X,PS3/Xbox,PS3/Xbox,Yes,,,
2118,FALSE,One More Time,Big Kenny,2009,Nov 30 2010,Country,M,English,RBN1,♥♥♥♥♥   3,♥♥♥♥♥   2,♥♥♥♥♥   3,X,X,♥♥♥♥♥   2,X,X,X,Xbox Only,Xbox Only,No,,,
2119,FALSE,Alpha Strike,Shylo Elliott,2010,Dec 7 2010,Metal,X,X,RBN1,♥♥♥♥♥   5.5,♥♥♥♥♥   4.5,♥♥♥♥♥   5.5,X,X,X,X,X,X,Xbox Only,Xbox Only,No,,2x Drums Available,
2120,FALSE,Angels We Have Heard on High,Cate Sparks,2010,Dec 7 2010,Rock,F,English,RBN1,♥♥♥♥♥   3,♥♥♥♥♥   2,♥♥♥♥♥   3,X,X,♥♥♥♥♥   2,X,X,X,Xbox Only,Xbox Only,No,,No Pro Drums,
2121,FALSE,Do You,Portugal. The Man,2009,Dec 7 2010,Indie Rock,M,English,RBN1,♥♥♥♥♥   2,♥♥♥♥♥   2,♥♥♥♥♥   2,X,X,♥♥♥♥♥   3.5,X,X,X,Xbox Only,Xbox Only,No,,,
2122,FALSE,Endzeit,Heaven Shall Burn,2008,Dec 7 2010,Metal,M,English,RBN1,♥♥♥♥♥   5,♥♥♥♥♥   3,♥♥♥♥♥   5.5,X,X,♥♥♥♥♥   0,X,X,X,PS3/Xbox,PS3/Xbox,No,,,
2123,FALSE,Flag in the Ground,Sonata Arctica,2009,Dec 7 2010,Metal,M,English,RBN1,♥♥♥♥♥   5,♥♥♥♥♥   3,♥♥♥♥♥   4,X,X,♥♥♥♥♥   2,X,X,X,PS3/Xbox,PS3/Xbox,Yes,,2x Drums Available (not in PS3 though),
2124,FALSE,Have Faith in Me,A Day to Remember,2009,Dec 7 2010,Punk,M,English,RBN1,♥♥♥♥♥   2,♥♥♥♥♥   0,♥♥♥♥♥   3,X,X,♥♥♥♥♥   1,X,X,X,PS3/Xbox,PS3/Xbox,Yes,,,
2125,FALSE,Lipstick Cigarette,The Last Good Year,2008,Dec 7 2010,Rock,M,English,RBN1,♥♥♥♥♥   3,♥♥♥♥♥   1,♥♥♥♥♥   3,X,X,♥♥♥♥♥   3,X,X,X,Xbox Only,Xbox Only,No,,,
2126,FALSE,Lollytown,Mike Phirman,2010,Dec 7 2010,Novelty,M,English,RBN1,♥♥♥♥♥   0,X,X,X,X,♥♥♥♥♥   2,X,X,X,Xbox Only,Xbox Only,No,,,
2127,FALSE,Me Elevas,Judy Buendía y Los Impostores,2008,Dec 7 2010,Reggae/Ska,F,Spanish,RBN1,♥♥♥♥♥   0,♥♥♥♥♥   1,♥♥♥♥♥   1,X,X,♥♥♥♥♥   2,X,X,X,Xbox Only,Xbox Only,No,,,
2128,FALSE,Model Ships,Rosaline,2010,Dec 7 2010,Punk,M,English,RBN1,♥♥♥♥♥   3,♥♥♥♥♥   2,♥♥♥♥♥   2,X,X,♥♥♥♥♥   3,X,X,X,PS3/Xbox,PS3/Xbox,No,,,
2129,FALSE,November,Broken Equilibrium,2008,Dec 7 2010,Rock,M,English,RBN1,♥♥♥♥♥   1,♥♥♥♥♥   2,♥♥♥♥♥   3,X,X,♥♥♥♥♥   1,X,X,X,Xbox Only,Xbox Only,No,,2x Drums Available,
2130,FALSE,Run Rabbit Run,Hellfire Society,2009,Dec 7 2010,Metal,M,English,RBN1,♥♥♥♥♥   3,♥♥♥♥♥   3,♥♥♥♥♥   2,X,X,♥♥♥♥♥   1,X,X,X,Xbox Only,Xbox Only,No,,,
2131,FALSE,Saw Down (He Knows),D Money Pros,2010,Dec 7 2010,Hip-Hop/Rap,M,English,RBN1,♥♥♥♥♥   1,♥♥♥♥♥   1,♥♥♥♥♥   4,X,X,♥♥♥♥♥   1,X,X,X,Xbox Only,Xbox Only,No,,,
2132,FALSE,So Fine,The Break Down,2009,Dec 7 2010,Hip-Hop/Rap,F,English,RBN1,♥♥♥♥♥   5,♥♥♥♥♥   1,♥♥♥♥♥   5,X,X,♥♥♥♥♥   2,X,X,X,Xbox Only,Xbox Only,No,,,
2133,FALSE,Strobe Lights,Kill Hannah,2009,Dec 7 2010,Alternative,M,English,RBN1,♥♥♥♥♥   5,♥♥♥♥♥   0,♥♥♥♥♥   4,X,X,♥♥♥♥♥   3,X,X,X,Xbox Only,Xbox Only,No,,,
2134,FALSE,The Truth,Kittie,2009,Dec 7 2010,Metal,F,English,RBN1,♥♥♥♥♥   4,♥♥♥♥♥   4,♥♥♥♥♥   5,X,X,♥♥♥♥♥   1,X,X,X,PS3/Xbox,PS3/Xbox,No,,,
2135,FALSE,Alive and Kicking,Nonpoint,2005,Dec 9 2010,Rock,M,English,RBN1,♥♥♥♥♥   3,♥♥♥♥♥   4,♥♥♥♥♥   3,X,X,♥♥♥♥♥   4,X,X,X,PS3/Xbox,PS3/Xbox,Yes,,,
2136,FALSE,Drive,Michael John Ahern,2010,Dec 9 2010,Country,M,English,RBN1,♥♥♥♥♥   3,♥♥♥♥♥   2,♥♥♥♥♥   1,X,X,♥♥♥♥♥   3.5,X,X,X,Xbox Only,Xbox Only,No,,,
2137,FALSE,Fashion Kills,Sabrosa Purr,2010,Dec 9 2010,Indie Rock,M,English,RBN1,♥♥♥♥♥   2,♥♥♥♥♥   0,♥♥♥♥♥   1,X,X,♥♥♥♥♥   1,X,X,X,Xbox Only,Xbox Only,No,,No Pro Drums,
2138,FALSE,Going Under,Evanescence,2003,Dec 9 2010,Nu-Metal,F,English,RBN1,♥♥♥♥♥   2,♥♥♥♥♥   1,♥♥♥♥♥   2,X,X,♥♥♥♥♥   3,3,X,X,PS3/Xbox,PS3/Xbox,Yes,,,
2139,FALSE,She's a Runaway,Partially Poetic,2011,Dec 9 2010,Pop-Rock,M,English,RBN1,♥♥♥♥♥   2,♥♥♥♥♥   2,♥♥♥♥♥   3,X,X,♥♥♥♥♥   1,X,X,X,Xbox Only,Xbox Only,No,,,
2140,FALSE,Unbound Soul,Dan Johansen,2010,Dec 9 2010,Metal,X,X,RBN1,♥♥♥♥♥   5.5,♥♥♥♥♥   4.5,♥♥♥♥♥   5,X,X,X,X,X,X,Xbox Only,Xbox Only,No,,,
2141,FALSE,Vuvuzela Anthem,Strayplay,2010,Dec 9 2010,Pop/Dance/Electronic,M,English,RBN1,♥♥♥♥♥   2,♥♥♥♥♥   4,♥♥♥♥♥   5,X,X,♥♥♥♥♥   2,X,X,X,Xbox Only,Xbox Only,No,,,
2142,FALSE,10 Signs You Should Leave,Emmure,2007,Dec 14 2010,Metal,M,English,RBN1,♥♥♥♥♥   5,♥♥♥♥♥   4,♥♥♥♥♥   5.5,X,X,♥♥♥♥♥   0,X,X,X,PS3/Xbox,PS3/Xbox,No,,,
2143,FALSE,[&] Delinquents,"Woe, Is Me",2010,Dec 14 2010,Rock,M,English,RBN1,♥♥♥♥♥   4,♥♥♥♥♥   4,♥♥♥♥♥   4,X,X,♥♥♥♥♥   3,X,X,X,PS3/Xbox,PS3/Xbox,Yes,,,
2144,FALSE,Catalyst,Raven Quinn,2010,Dec 14 2010,Rock,F,English,RBN1,♥♥♥♥♥   2,♥♥♥♥♥   1,♥♥♥♥♥   2,X,X,♥♥♥♥♥   3,X,X,X,Xbox Only,Xbox Only,No,,,
2145,FALSE,Creatures ov Deception (RB2 Version),Rainbowdragoneyes,2010,Dec 14 2010,Pop/Dance/Electronic,M,English,RBN1,♥♥♥♥♥   5.5,♥♥♥♥♥   4.5,♥♥♥♥♥   5.5,X,X,♥♥♥♥♥   2,X,X,X,Xbox Only,Xbox Only,No,,"2x Drums Available RB3 Version Available, RB3 2x Drums Available, RB2 Version Has a Different Chart",
2146,FALSE,Do Yourself a Favor,Comeback Kid,2010,Dec 14 2010,Punk,M,English,RBN1,♥♥♥♥♥   4,♥♥♥♥♥   2,♥♥♥♥♥   3,X,X,♥♥♥♥♥   0,X,X,X,PS3/Xbox,PS3/Xbox,No,,,
2147,FALSE,"Donuts, Go Nuts!",Matt 'Chainsaw' Chaney,2009,Dec 14 2010,Indie Rock,M,English,RBN1,♥♥♥♥♥   2,♥♥♥♥♥   2,♥♥♥♥♥   2,X,X,♥♥♥♥♥   3,X,X,X,Xbox Only,Xbox Only,No,,,
2148,FALSE,Escaping,Driven By Entropy,2010,Dec 14 2010,Metal,M,English,RBN1,♥♥♥♥♥   4,♥♥♥♥♥   4,♥♥♥♥♥   5,X,X,♥♥♥♥♥   3,X,X,X,Xbox Only,Xbox Only,No,,,
2149,FALSE,Fallen,Rain Dogs,2010,Dec 14 2010,Rock,M,English,RBN1,♥♥♥♥♥   3,♥♥♥♥♥   1,♥♥♥♥♥   3,X,X,♥♥♥♥♥   2,X,X,X,Xbox Only,Xbox Only,No,,No Pro Drums,
2150,FALSE,Firewall,Fear of Water,2009,Dec 14 2010,Nu-Metal,M,English,RBN1,♥♥♥♥♥   4,♥♥♥♥♥   2,♥♥♥♥♥   4,X,X,♥♥♥♥♥   2,X,X,X,Xbox Only,Xbox Only,No,,,
2151,FALSE,Hallway,Bojibian,2008,Dec 14 2010,Indie Rock,M,English,RBN1,♥♥♥♥♥   3,♥♥♥♥♥   2,♥♥♥♥♥   3,X,X,♥♥♥♥♥   3,X,X,X,Xbox Only,Xbox Only,No,,,
2152,FALSE,"Hey Baby, Here's That Song You Wanted",Blessthefall,2009,Dec 14 2010,Rock,M,English,RBN1,♥♥♥♥♥   5,♥♥♥♥♥   2,♥♥♥♥♥   5,X,X,♥♥♥♥♥   3,X,X,X,PS3/Xbox,PS3/Xbox,Yes,,,
2153,FALSE,Jam,Philip Franco,2010,Dec 14 2010,R&B/Soul/Funk,X,X,RBN1,♥♥♥♥♥   5,♥♥♥♥♥   3,♥♥♥♥♥   4,X,X,X,X,X,X,Xbox Only,Xbox Only,No,,,
2154,FALSE,Rescue Spreaders,Garage A Trois,2009,Dec 14 2010,Indie Rock,X,X,RBN1,♥♥♥♥♥   5,♥♥♥♥♥   4.5,♥♥♥♥♥   5,X,X,X,X,X,X,Xbox Only,Xbox Only,No,,,
2155,FALSE,Stereo Stereo,I Am King Tony,2011,Dec 14 2010,Punk,M,English,RBN1,♥♥♥♥♥   3,♥♥♥♥♥   2,♥♥♥♥♥   4,X,X,♥♥♥♥♥   1,X,X,X,Xbox Only,Xbox Only,No,,,
2156,FALSE,Swallow My Children,BS (A. Whiteman),2010,Dec 14 2010,Novelty,M,English,RBN1,♥♥♥♥♥   2,♥♥♥♥♥   1,♥♥♥♥♥   3,X,X,♥♥♥♥♥   1,X,X,X,Xbox Only,Xbox Only,No,,,
2157,FALSE,The Body,Close Your Eyes,2010,Dec 14 2010,Punk,M,English,RBN1,♥♥♥♥♥   4,♥♥♥♥♥   3,♥♥♥♥♥   5.5,X,X,♥♥♥♥♥   2,X,X,X,PS3/Xbox,PS3/Xbox,No,,No Pro Drums,
2158,FALSE,The History of Execution (featuring Bluefusion),Single White Infidel,2010,Dec 14 2010,Punk,M,English,RBN1,♥♥♥♥♥   5,♥♥♥♥♥   4.5,♥♥♥♥♥   5.5,X,X,♥♥♥♥♥   3.5,X,X,X,Xbox Only,Xbox Only,No,,,
2159,FALSE,The Hounds of Anubis,The Word Alive,2010,Dec 14 2010,Metal,F,English,RBN1,♥♥♥♥♥   5,♥♥♥♥♥   3,♥♥♥♥♥   5,X,X,♥♥♥♥♥   2,X,X,X,PS3/Xbox,PS3/Xbox,Yes,,"No Pro Drums (In RB3, does in RB4)",
2160,FALSE,(Lone Wolf) Soccer Mom,Blanks.,2006,Dec 21 2010,Indie Rock,M,English,RBN1,♥♥♥♥♥   3,♥♥♥♥♥   3,♥♥♥♥♥   5.5,X,X,♥♥♥♥♥   3.5,X,X,X,Xbox Only,Xbox Only,No,,Singer has since transitioned so ingame gender is wrong,
2161,FALSE,Another Round,Dirty Filthy Mugs,2010,Dec 21 2010,Punk,M,English,RBN1,♥♥♥♥♥   4,♥♥♥♥♥   2,♥♥♥♥♥   4,X,X,♥♥♥♥♥   0,X,X,X,Xbox Only,Xbox Only,No,,,
2162,FALSE,Cimmerian Shamballa,Wretched,2010,Dec 21 2010,Metal,M,English,RBN1,♥♥♥♥♥   5.5,♥♥♥♥♥   5.5,♥♥♥♥♥   5.5,X,X,♥♥♥♥♥   0,X,X,X,PS3/Xbox,PS3/Xbox,No,,,
2163,FALSE,Esto ya lo Toqué Mañana,Octavio Suñé,2010,Dec 21 2010,Pop-Rock,M,Spanish,RBN1,♥♥♥♥♥   0,♥♥♥♥♥   0,♥♥♥♥♥   1,X,X,♥♥♥♥♥   1,X,X,X,Xbox Only,Xbox Only,No,,,
2164,FALSE,Eternal Divine Angel Death,Daas Bosh,2010,Dec 21 2010,Metal,M,English,RBN1,♥♥♥♥♥   5,♥♥♥♥♥   1,♥♥♥♥♥   4,♥♥♥♥♥   0,♥♥♥♥♥   1,♥♥♥♥♥   1,3,X,X,Xbox Only,Xbox Only,No,,RB3 Version Available,
2165,FALSE,Gone Tomorrow,Arkaea,2009,Dec 21 2010,Metal,M,English,RBN1,♥♥♥♥♥   2,♥♥♥♥♥   2,♥♥♥♥♥   3,X,X,♥♥♥♥♥   2,X,X,X,Xbox Only,Xbox Only,No,,,
2166,FALSE,Iceblind,Freen in Green,2010,Dec 21 2010,Pop/Dance/Electronic,X,X,RBN1,♥♥♥♥♥   0,♥♥♥♥♥   0,♥♥♥♥♥   0,X,X,X,X,X,X,Xbox Only,Xbox Only,No,,,
2167,FALSE,Lodger,Blanks.,2006,Dec 21 2010,Indie Rock,M,English,RBN1,♥♥♥♥♥   3,♥♥♥♥♥   4,♥♥♥♥♥   5,X,X,♥♥♥♥♥   4,3,X,X,Xbox Only,Xbox Only,Yes,,Singer has since transitioned so ingame gender is wrong,
2168,FALSE,Lost,John Garrison,2009,Dec 21 2010,Alternative,M,English,RBN1,♥♥♥♥♥   1,♥♥♥♥♥   1,♥♥♥♥♥   3,X,X,♥♥♥♥♥   2,X,X,X,Xbox Only,Xbox Only,No,,,
2169,FALSE,No Pertenezco,Incordiales,2010,Dec 21 2010,Rock,M,Spanish,RBN1,♥♥♥♥♥   3,♥♥♥♥♥   3,♥♥♥♥♥   4,X,X,♥♥♥♥♥   3.5,X,X,X,Xbox Only,Xbox Only,No,,,
2170,FALSE,OaOaO,The Taj Motel Trio,2007,Dec 21 2010,Reggae/Ska,M,English,RBN1,♥♥♥♥♥   4,♥♥♥♥♥   2,♥♥♥♥♥   3,X,X,♥♥♥♥♥   3.5,X,X,X,Xbox Only,Xbox Only,No,,,
2171,FALSE,Party Like a Rock Star,Big Engine,2007,Dec 21 2010,Rock,M,English,RBN1,♥♥♥♥♥   3,♥♥♥♥♥   1,♥♥♥♥♥   3,X,X,♥♥♥♥♥   3,X,X,X,Xbox Only,Xbox Only,No,,No Pro Drums,
2172,FALSE,Pouncer,Blanks.,2006,Dec 21 2010,Indie Rock,M,English,RBN1,♥♥♥♥♥   2,♥♥♥♥♥   3,♥♥♥♥♥   5.5,X,X,♥♥♥♥♥   3.5,X,X,X,Xbox Only,Xbox Only,No,,Singer has since transitioned so ingame gender is wrong,
2173,FALSE,Power Patriot,Garage A Trois,2009,Dec 21 2010,Indie Rock,X,X,RBN1,♥♥♥♥♥   2,♥♥♥♥♥   2,♥♥♥♥♥   5,X,X,X,X,X,X,Xbox Only,Xbox Only,No,,,
2174,FALSE,Princess (Reprise),Lee DeWyze,2010,Dec 21 2010,Pop-Rock,M,English,RBN1,♥♥♥♥♥   2,♥♥♥♥♥   1,♥♥♥♥♥   2,X,X,♥♥♥♥♥   3,X,X,X,Xbox Only,Xbox Only,No,,,
2175,FALSE,Relentless Chaos,Miss May I,2010,Dec 21 2010,Metal,M,English,RBN1,♥♥♥♥♥   5,♥♥♥♥♥   2,♥♥♥♥♥   5,X,X,♥♥♥♥♥   1,X,X,X,PS3/Xbox,PS3/Xbox,Yes,,,
2176,FALSE,Splosion Man Theme Song,Raging Meats,2009,Dec 21 2010,Rock,M,English,RBN1,♥♥♥♥♥   3,♥♥♥♥♥   2,♥♥♥♥♥   5,X,X,♥♥♥♥♥   3.5,X,X,X,Xbox Only,Xbox Only,No,,,
2177,FALSE,Stay Awake,Faithful Darkness,2008,Dec 21 2010,Metal,M,English,RBN1,♥♥♥♥♥   5,♥♥♥♥♥   4,♥♥♥♥♥   5.5,X,X,♥♥♥♥♥   1,X,X,X,Xbox Only,Xbox Only,No,,,
2178,FALSE,Stop,FeelAbouT,2010,Dec 21 2010,Pop-Rock,F,English,RBN1,♥♥♥♥♥   3,♥♥♥♥♥   1,♥♥♥♥♥   1,X,X,♥♥♥♥♥   2,X,X,X,Xbox Only,Xbox Only,No,,No Pro Drums,
2179,FALSE,The Brave / Agony Applause,Deadlock,2008,Dec 21 2010,Metal,F,English,RBN1,♥♥♥♥♥   6,♥♥♥♥♥   3,♥♥♥♥♥   6,♥♥♥♥♥   0,♥♥♥♥♥   0,♥♥♥♥♥   3,3,X,X,Xbox Only,PS3/Xbox,No,,"2x Drums Available, RB3 Version Available (PS3 only has the RB3 version)",
2180,FALSE,The Clothes That Makes the Man,Graveyard BBQ,2007,Dec 21 2010,Metal,M,English,RBN1,♥♥♥♥♥   4,♥♥♥♥♥   4,♥♥♥♥♥   2,X,X,♥♥♥♥♥   2,X,X,X,Xbox Only,Xbox Only,No,,,
2181,FALSE,The Omen,Heaven Shall Burn,2010,Dec 21 2010,Metal,M,English,RBN1,♥♥♥♥♥   5,♥♥♥♥♥   4,♥♥♥♥♥   5.5,X,X,♥♥♥♥♥   0,X,X,X,PS3/Xbox,PS3/Xbox,No,,,
2182,FALSE,The Serpentine Offering,Dimmu Borgir,2007,Dec 21 2010,Metal,M,English,RBN1,♥♥♥♥♥   4,♥♥♥♥♥   4,♥♥♥♥♥   5,X,X,♥♥♥♥♥   3,3,X,X,PS3/Xbox,PS3/Xbox,Yes,,,
2183,FALSE,Vault 101,Kirby Krackle,2010,Dec 21 2010,Pop-Rock,M,English,RBN1,♥♥♥♥♥   2,♥♥♥♥♥   1,♥♥♥♥♥   2,X,X,♥♥♥♥♥   2,X,X,X,Xbox Only,Xbox Only,No,,,
2184,FALSE,What Morning Brings,She Bears,2010,Dec 21 2010,Indie Rock,M,English,RBN1,♥♥♥♥♥   2,♥♥♥♥♥   1,♥♥♥♥♥   2,X,X,♥♥♥♥♥   1,X,X,X,Xbox Only,Xbox Only,No,,,
2185,FALSE,"Epic Symphony in A Flat Minor, Second Movement: Blitz",Van Friscia,2010,Dec 29 2010,Prog,X,X,RBN1,♥♥♥♥♥   5.5,♥♥♥♥♥   4.5,♥♥♥♥♥   5.5,X,X,X,X,X,X,Xbox Only,Xbox Only,No,,,
2186,FALSE,Feast or Famine,Within the Ruins,2010,Dec 29 2010,Metal,M,English,RBN1,♥♥♥♥♥   5.5,♥♥♥♥♥   5.5,♥♥♥♥♥   5.5,X,X,♥♥♥♥♥   0,X,X,X,PS3/Xbox,PS3/Xbox,No,,,
2187,FALSE,Heart of Lilith 2010,Inkubus Sukkubus,2010,Dec 29 2010,Glam,F,English,RBN1,♥♥♥♥♥   2,♥♥♥♥♥   2,♥♥♥♥♥   5.5,X,X,♥♥♥♥♥   1,X,X,X,Xbox Only,Xbox Only,No,,,
2188,FALSE,Humanity's Last Hope...,Massive Slavery,2010,Dec 29 2010,Metal,M,English,RBN1,♥♥♥♥♥   5,♥♥♥♥♥   4,♥♥♥♥♥   5.5,X,X,♥♥♥♥♥   0,X,X,X,Xbox Only,Xbox Only,No,,2x Drums Available,
2189,FALSE,The Cold Taste of Nickel Plated Steel,All Hallow's Evil,2009,Dec 29 2010,Metal,M,English,RBN1,♥♥♥♥♥   5.5,♥♥♥♥♥   3,♥♥♥♥♥   4,X,X,♥♥♥♥♥   4.5,X,X,X,Xbox Only,Xbox Only,No,,,
2190,FALSE,Twister,Scott Attrill,2009,Dec 29 2010,Pop/Dance/Electronic,X,X,RBN1,♥♥♥♥♥   5.5,♥♥♥♥♥   0,♥♥♥♥♥   4,X,X,X,X,X,X,Xbox Only,Xbox Only,No,,No Pro Drums,
2191,FALSE,Dawn of a Million Souls (Rock Band Mix),Ayreon,2000,Jan 6 2011,Prog,M,English,RBN1,♥♥♥♥♥   5,♥♥♥♥♥   1,♥♥♥♥♥   4,X,X,♥♥♥♥♥   3.5,X,X,X,PS3/Xbox,PS3/Xbox,No,,,
2192,FALSE,Fractured (Everything I Said Was True),Taproot,2010,Jan 6 2011,Rock,M,English,RBN1,♥♥♥♥♥   2,♥♥♥♥♥   1,♥♥♥♥♥   3,X,X,♥♥♥♥♥   2,X,X,X,PS3/Xbox,PS3/Xbox,No,,,
2193,FALSE,Queen of the May 2010,Inkubus Sukkubus,2010,Jan 6 2011,Glam,F,English,RBN1,♥♥♥♥♥   2,♥♥♥♥♥   2,♥♥♥♥♥   4,X,X,♥♥♥♥♥   3.5,X,X,X,Xbox Only,Xbox Only,No,,,
2194,FALSE,Special Effects,Freezepop,2010,Jan 6 2011,Pop/Dance/Electronic,F,English,RBN1,♥♥♥♥♥   4,♥♥♥♥♥   2,♥♥♥♥♥   3,X,X,♥♥♥♥♥   1,X,X,X,Xbox Only,Xbox Only,Yes,,,
2195,FALSE,The Fire and the Fury,Firewind,2003,Jan 6 2011,Metal,X,X,RBN1,♥♥♥♥♥   5.5,♥♥♥♥♥   3,♥♥♥♥♥   5,X,X,X,X,X,X,PS3/Xbox,PS3/Xbox,No,,2x Drums Available (not in PS3 though),
2196,FALSE,2 Invade (Stadium Mix),Scott Attrill,2009,Jan 10 2011,Pop/Dance/Electronic,M,English,RBN1,♥♥♥♥♥   2,♥♥♥♥♥   3,♥♥♥♥♥   5,X,X,♥♥♥♥♥   0,X,X,X,Xbox Only,Xbox Only,No,,,
2197,FALSE,24-7,The Pursuits,2010,Jan 10 2011,Indie Rock,M,English,RBN1,♥♥♥♥♥   3,♥♥♥♥♥   4,♥♥♥♥♥   3,X,X,♥♥♥♥♥   3,X,X,X,Xbox Only,Xbox Only,No,,,
2198,FALSE,All I Want,A Day to Remember,2010,Jan 10 2011,Punk,M,English,RBN1,♥♥♥♥♥   4,♥♥♥♥♥   2,♥♥♥♥♥   3,X,X,♥♥♥♥♥   3,X,X,X,PS3/Xbox,PS3/Xbox,Yes,,,
2199,FALSE,Clockwork,HourCast,2010,Jan 10 2011,Rock,M,English,RBN1,♥♥♥♥♥   4,♥♥♥♥♥   3,♥♥♥♥♥   4,X,X,♥♥♥♥♥   3,X,X,X,Xbox Only,Xbox Only,No,,,
2200,FALSE,It's Complicated,A Day to Remember,2010,Jan 10 2011,Punk,M,English,RBN1,♥♥♥♥♥   1,♥♥♥♥♥   1,♥♥♥♥♥   2,X,X,♥♥♥♥♥   2,X,X,X,PS3/Xbox,PS3/Xbox,Yes,,,
2201,FALSE,Lindisfarne,Morgawr,2010,Jan 10 2011,Metal,M,English,RBN1,♥♥♥♥♥   4,♥♥♥♥♥   4,♥♥♥♥♥   5.5,X,X,♥♥♥♥♥   0,X,X,X,Xbox Only,Xbox Only,No,,,
2202,FALSE,Reaper,Chaotrope,2010,Jan 10 2011,Metal,X,X,RBN1,♥♥♥♥♥   5.5,♥♥♥♥♥   5.5,♥♥♥♥♥   5.5,X,X,X,X,X,X,Xbox Only,Xbox Only,No,,No Pro Drums,
2203,FALSE,The Healing,Ivoryline,2010,Jan 10 2011,Rock,M,English,RBN1,♥♥♥♥♥   3,♥♥♥♥♥   2,♥♥♥♥♥   4,X,X,♥♥♥♥♥   3,X,X,X,Xbox Only,Xbox Only,No,,,
2204,FALSE,Til All Are One,Stan Bush,2007,Jan 10 2011,Rock,M,English,RBN1,♥♥♥♥♥   3,♥♥♥♥♥   2,♥♥♥♥♥   3,X,X,♥♥♥♥♥   2,X,X,X,PS3/Xbox,PS3/Xbox,No,,,
2205,FALSE,Years in the Darkness,Arkaea,2009,Jan 10 2011,Metal,M,English,RBN1,♥♥♥♥♥   4,♥♥♥♥♥   4.5,♥♥♥♥♥   5.5,X,X,♥♥♥♥♥   0,X,X,X,Xbox Only,Xbox Only,No,,2x Drums Available,
2206,FALSE,Battlesoul,Battlesoul,2008,Jan 11 2011,Metal,M,English,RBN1,♥♥♥♥♥   5.5,♥♥♥♥♥   4,♥♥♥♥♥   5,X,X,♥♥♥♥♥   2,X,X,X,Xbox Only,Xbox Only,No,,,
2207,FALSE,Control,BulletProof Messenger,2009,Jan 11 2011,Rock,M,English,RBN1,♥♥♥♥♥   4,♥♥♥♥♥   3,♥♥♥♥♥   3,X,X,♥♥♥♥♥   3,X,X,X,PS3/Xbox,PS3/Xbox,No,,,
2208,FALSE,Nocturnal Wasteland,Freen in Green,2010,Jan 11 2011,Other,X,X,RBN1,♥♥♥♥♥   3,♥♥♥♥♥   2,♥♥♥♥♥   5,X,X,X,X,X,X,Xbox Only,Xbox Only,No,,2x Drums Available,
2209,FALSE,Real,Bumblefoot,2005,Jan 11 2011,Rock,M,English,RBN1,♥♥♥♥♥   5.5,♥♥♥♥♥   2,♥♥♥♥♥   4,X,X,♥♥♥♥♥   0,X,X,X,Xbox Only,Xbox Only,No,,,
2210,FALSE,Stay Here Forever,The Material,2011,Jan 11 2011,Pop-Rock,F,English,RBN1,♥♥♥♥♥   5,♥♥♥♥♥   1,♥♥♥♥♥   4,X,X,♥♥♥♥♥   3,X,X,X,PS3/Xbox,PS3/Xbox,No,,,
2211,FALSE,The Pale Rider,The Riptides,2008,Jan 11 2011,Rock,X,X,RBN1,♥♥♥♥♥   3,♥♥♥♥♥   2,♥♥♥♥♥   1,X,X,X,X,X,X,Xbox Only,Xbox Only,No,,,
2212,FALSE,Action/Adventure,Memphis May Fire,2010,Jan 13 2011,Metal,M,English,RBN1,♥♥♥♥♥   5,♥♥♥♥♥   4,♥♥♥♥♥   5,X,X,♥♥♥♥♥   2,X,X,X,PS3/Xbox,PS3/Xbox,No,,,
2213,FALSE,Angel,Hellfire Society,2009,Jan 13 2011,Metal,M,English,RBN1,♥♥♥♥♥   3,♥♥♥♥♥   3,♥♥♥♥♥   2,X,X,♥♥♥♥♥   1,X,X,X,Xbox Only,Xbox Only,No,,,
2214,FALSE,Forever the Martyr,Dirge Within,2009,Jan 13 2011,Metal,M,English,RBN1,♥♥♥♥♥   4,♥♥♥♥♥   4,♥♥♥♥♥   5.5,X,X,♥♥♥♥♥   3,X,X,X,Xbox Only,Xbox Only,No,,2x Drums Available,
2215,FALSE,In Case You Forgot,Deception of a Ghost,2010,Jan 13 2011,Metal,M,English,RBN1,♥♥♥♥♥   3,♥♥♥♥♥   2,♥♥♥♥♥   4,X,X,♥♥♥♥♥   1,X,X,X,Xbox Only,Xbox Only,No,,,
2216,FALSE,La Fórmula,Sintonía Retro,2010,Jan 13 2011,Rock,M,Spanish,RBN1,♥♥♥♥♥   4,♥♥♥♥♥   1,♥♥♥♥♥   3,X,X,♥♥♥♥♥   2,X,X,X,Xbox Only,Xbox Only,No,,,
2217,FALSE,N.A.T.G.O.D.,Dååth,2010,Jan 13 2011,Metal,M,English,RBN1,♥♥♥♥♥   5,♥♥♥♥♥   3,♥♥♥♥♥   5.5,X,X,♥♥♥♥♥   0,X,X,X,PS3/Xbox,PS3/Xbox,No,,,
2218,FALSE,Something Face,Sun Domingo,2009,Jan 13 2011,Alternative,M,English,RBN1,♥♥♥♥♥   2,♥♥♥♥♥   2,♥♥♥♥♥   3,X,X,♥♥♥♥♥   0,X,X,X,Xbox Only,Xbox Only,No,,,
2219,FALSE,Transmission Lost,Terra Terra Terra,2009,Jan 13 2011,Alternative,M,English,RBN1,♥♥♥♥♥   2,♥♥♥♥♥   2,♥♥♥♥♥   2,X,X,♥♥♥♥♥   3,X,X,X,Xbox Only,Xbox Only,No,,,
2220,FALSE,White Knuckles - The Big Robot Remix,OK Go,2010,Jan 13 2011,Pop/Dance/Electronic,M,English,RBN1,♥♥♥♥♥   4,♥♥♥♥♥   3,♥♥♥♥♥   2,X,X,♥♥♥♥♥   2,X,X,X,PS3/Xbox,PS3/Xbox,No,,,
2221,FALSE,A Slight Amplification,Turrigenous,2008,Jan 18 2011,Metal,M,English,RBN1,♥♥♥♥♥   5.5,♥♥♥♥♥   4.5,♥♥♥♥♥   5.5,X,X,♥♥♥♥♥   3.5,X,X,X,Xbox Only,Xbox Only,No,,No Pro Drums,
2222,FALSE,All I Need,Monte Casino,2010,Jan 18 2011,Rock,M,English,RBN1,♥♥♥♥♥   3,♥♥♥♥♥   2,♥♥♥♥♥   2,X,X,♥♥♥♥♥   2,X,X,X,Xbox Only,Xbox Only,No,,,
2223,FALSE,At the Edge of the World,Kataklysm,2010,Jan 18 2011,Metal,M,English,RBN1,♥♥♥♥♥   4,♥♥♥♥♥   4,♥♥♥♥♥   5.5,X,X,♥♥♥♥♥   0,X,X,X,PS3/Xbox,PS3/Xbox,No,,2x Drums Available (not in PS3 though),
2224,FALSE,Beauty is Deceiving,Grieve for Tomorrow,2010,Jan 18 2011,Emo,M,English,RBN1,♥♥♥♥♥   4,♥♥♥♥♥   4,♥♥♥♥♥   5,X,X,♥♥♥♥♥   2,X,X,X,Xbox Only,Xbox Only,No,,,
2225,FALSE,Brand New Toy,Blackberry River Band,2009,Jan 18 2011,Pop-Rock,F,English,RBN1,♥♥♥♥♥   4,♥♥♥♥♥   3,♥♥♥♥♥   1,X,X,♥♥♥♥♥   3,X,X,X,Xbox Only,Xbox Only,No,,,
2226,FALSE,Caíamos,Octavio Suñé,2010,Jan 18 2011,Pop-Rock,M,Spanish,RBN1,♥♥♥♥♥   0,♥♥♥♥♥   0,♥♥♥♥♥   0,X,X,♥♥♥♥♥   2,X,X,X,Xbox Only,Xbox Only,No,,,
2227,FALSE,Call Me,The Riptides,2009,Jan 18 2011,Punk,M,English,RBN1,♥♥♥♥♥   3,♥♥♥♥♥   3,♥♥♥♥♥   5.5,X,X,♥♥♥♥♥   1,X,X,X,Xbox Only,Xbox Only,No,,,
2228,FALSE,Call to the Warrior,Affiance,2010,Jan 18 2011,Metal,M,English,RBN1,♥♥♥♥♥   5,♥♥♥♥♥   4.5,♥♥♥♥♥   3,X,X,♥♥♥♥♥   3,X,X,X,Xbox Only,Xbox Only,No,,,
2229,FALSE,Creamskull Boogie,Graveyard BBQ,2007,Jan 18 2011,Metal,M,English,RBN1,♥♥♥♥♥   5,♥♥♥♥♥   5.5,♥♥♥♥♥   5.5,X,X,♥♥♥♥♥   1,X,X,X,Xbox Only,Xbox Only,No,,,
2230,FALSE,Enemy,First Blood,2010,Jan 18 2011,Punk,M,English,RBN1,♥♥♥♥♥   4,♥♥♥♥♥   3,♥♥♥♥♥   4,X,X,♥♥♥♥♥   0,X,X,X,Xbox Only,Xbox Only,No,,,
2231,FALSE,Falling Apart,BSM,2010,Jan 18 2011,Rock,M,English,RBN1,♥♥♥♥♥   2,♥♥♥♥♥   0,♥♥♥♥♥   2,X,X,♥♥♥♥♥   2,X,X,X,Xbox Only,Xbox Only,No,,,
2232,FALSE,Hundred Wrathful Deities,Evile,2009,Jan 18 2011,Metal,X,X,RBN1,♥♥♥♥♥   5.5,♥♥♥♥♥   4,♥♥♥♥♥   5,X,X,X,X,X,X,Xbox Only,Xbox Only,No,,,
2233,FALSE,It's Gonna Be a Long Night,Ween,2003,Jan 18 2011,Rock,M,English,RBN1,♥♥♥♥♥   3,♥♥♥♥♥   4,♥♥♥♥♥   5,X,X,♥♥♥♥♥   2,X,X,X,PS3/Xbox,PS3/Xbox,No,,,
2234,FALSE,Jamie All Over,Mayday Parade,2009,Jan 18 2011,Rock,M,English,RBN1,♥♥♥♥♥   1,♥♥♥♥♥   1,♥♥♥♥♥   4,X,X,♥♥♥♥♥   2,X,X,X,PS3/Xbox,PS3/Xbox,Yes,,,
2235,FALSE,Just Refrain,Orange Avenue,2009,Jan 18 2011,Pop-Rock,M,English,RBN1,♥♥♥♥♥   1,♥♥♥♥♥   2,♥♥♥♥♥   4,X,X,♥♥♥♥♥   2,X,X,X,Xbox Only,Xbox Only,No,,,
2236,FALSE,Livin' Right,DoubleShot,2009,Jan 18 2011,Rock,M,English,RBN1,♥♥♥♥♥   4,♥♥♥♥♥   3,♥♥♥♥♥   2,X,X,♥♥♥♥♥   1,X,X,X,Xbox Only,Xbox Only,No,,,
2237,FALSE,Lullaby,Amberian Dawn,2008,Jan 18 2011,Metal,F,English,RBN1,♥♥♥♥♥   4,♥♥♥♥♥   3,♥♥♥♥♥   4,X,X,♥♥♥♥♥   3,X,X,X,Xbox Only,Xbox Only,No,,,
2238,FALSE,Marianas Trench,August Burns Red,2009,Jan 18 2011,Metal,M,English,RBN1,♥♥♥♥♥   5.5,♥♥♥♥♥   4,♥♥♥♥♥   5.5,X,X,♥♥♥♥♥   1,X,X,X,Xbox Only,Xbox Only,No,,2x Drums Available,
2239,FALSE,Morning Star,Amberian Dawn,2009,Jan 18 2011,Metal,F,English,RBN1,♥♥♥♥♥   5,♥♥♥♥♥   2,♥♥♥♥♥   4,X,X,♥♥♥♥♥   2,X,X,X,Xbox Only,Xbox Only,No,,,
2240,FALSE,Nightfall,Nachtmystium,2010,Jan 18 2011,Metal,M,English,RBN1,♥♥♥♥♥   4,♥♥♥♥♥   4,♥♥♥♥♥   3,X,X,♥♥♥♥♥   1,X,X,X,PS3/Xbox,PS3/Xbox,No,,,
2241,FALSE,Rompecabezas,Judy Buendía y Los Impostores,2008,Jan 18 2011,Reggae/Ska,F,Spanish,RBN1,♥♥♥♥♥   1,♥♥♥♥♥   1,♥♥♥♥♥   3,X,X,♥♥♥♥♥   1,X,X,X,Xbox Only,Xbox Only,No,,,
2242,FALSE,Sexual Man Chocolate,Attack Attack!,2010,Jan 18 2011,Metal,M,English,RBN1,♥♥♥♥♥   3,♥♥♥♥♥   2,♥♥♥♥♥   5,X,X,♥♥♥♥♥   1,X,X,X,PS3/Xbox,PS3/Xbox,No,,,
2243,FALSE,Sunrise,Amberian Dawn,2008,Jan 18 2011,Metal,F,English,RBN1,♥♥♥♥♥   3,♥♥♥♥♥   3,♥♥♥♥♥   5,X,X,♥♥♥♥♥   2,X,X,X,Xbox Only,Xbox Only,No,,,
2244,FALSE,The Fall of Aphonia,Children of Nova,2009,Jan 18 2011,Prog,M,English,RBN1,♥♥♥♥♥   3,♥♥♥♥♥   3,♥♥♥♥♥   5,X,X,♥♥♥♥♥   3,X,X,X,PS3/Xbox,PS3/Xbox,Yes,,,
2245,FALSE,The King is Dead,Victory in Numbers,2010,Jan 18 2011,Pop-Rock,M,English,RBN1,♥♥♥♥♥   3,♥♥♥♥♥   3,♥♥♥♥♥   4,X,X,♥♥♥♥♥   3.5,X,X,X,Xbox Only,Xbox Only,No,,,
2246,FALSE,The Podium,We Are The Illusion,2009,Jan 18 2011,Metal,M,English,RBN1,♥♥♥♥♥   5,♥♥♥♥♥   4,♥♥♥♥♥   5.5,X,X,♥♥♥♥♥   0,X,X,X,Xbox Only,Xbox Only,No,,2x Drums Available,
2247,FALSE,Those in Glass Houses,Of Mice & Men,2010,Jan 18 2011,Metal,M,English,RBN1,♥♥♥♥♥   5,♥♥♥♥♥   4,♥♥♥♥♥   5,X,X,♥♥♥♥♥   2,X,X,X,PS3/Xbox,PS3/Xbox,Yes,,,
2248,FALSE,We Are Kings,Crush Luther,2009,Jan 18 2011,Pop-Rock,M,English,RBN1,♥♥♥♥♥   3,♥♥♥♥♥   2,♥♥♥♥♥   4,X,X,♥♥♥♥♥   2,X,X,X,Xbox Only,Xbox Only,No,,,
2249,FALSE,We Collide,Children of Nova,2009,Jan 18 2011,Prog,M,English,RBN1,♥♥♥♥♥   4,♥♥♥♥♥   4,♥♥♥♥♥   5,X,X,♥♥♥♥♥   4,X,X,X,PS3/Xbox,PS3/Xbox,Yes,,,
2250,FALSE,Abrogator,Six-Stringed Flamberge,2009,Jan 20 2011,Rock,X,X,RBN1,♥♥♥♥♥   1,♥♥♥♥♥   1,♥♥♥♥♥   4,X,X,X,X,X,X,Xbox Only,Xbox Only,No,,,
2251,FALSE,Autumns of Optimism,Mystakin,2009,Jan 20 2011,Prog,X,X,RBN1,♥♥♥♥♥   5.5,♥♥♥♥♥   3,♥♥♥♥♥   4,X,X,X,X,X,X,Xbox Only,Xbox Only,No,,,
2252,FALSE,Cheyne Stokes,Chelsea Grin,2010,Jan 20 2011,Metal,M,English,RBN1,♥♥♥♥♥   5,♥♥♥♥♥   4,♥♥♥♥♥   5,X,X,♥♥♥♥♥   0,X,X,X,Xbox Only,Xbox Only,Yes,,,
2253,FALSE,Coat Rack,Ride Your Bike,2010,Jan 20 2011,Indie Rock,M,English,RBN1,♥♥♥♥♥   3,♥♥♥♥♥   2,♥♥♥♥♥   3,X,X,♥♥♥♥♥   4.5,X,X,X,Xbox Only,Xbox Only,No,,,
2254,FALSE,Cursing Akhenaten,After the Burial,2009,Jan 20 2011,Metal,M,English,RBN1,♥♥♥♥♥   5,♥♥♥♥♥   4,♥♥♥♥♥   5,X,X,♥♥♥♥♥   0,X,X,X,PS3/Xbox,PS3/Xbox,No,,2x Drums Available (not in PS3 though),
2255,FALSE,Decadence,Raven Quinn,2010,Jan 20 2011,Rock,F,English,RBN1,♥♥♥♥♥   1,♥♥♥♥♥   0,♥♥♥♥♥   2,X,X,♥♥♥♥♥   3.5,X,X,X,Xbox Only,Xbox Only,No,,,
2256,FALSE,Dog Like Vultures,Haste the Day,2009,Jan 20 2011,Metal,M,English,RBN1,♥♥♥♥♥   5,♥♥♥♥♥   4.5,♥♥♥♥♥   5.5,X,X,♥♥♥♥♥   1,X,X,X,Xbox Only,Xbox Only,No,,,
2257,FALSE,Dominate and Overload,Fracture,2010,Jan 20 2011,Metal,M,English,RBN1,♥♥♥♥♥   5.5,♥♥♥♥♥   4.5,♥♥♥♥♥   5.5,X,X,♥♥♥♥♥   3.5,X,X,X,Xbox Only,Xbox Only,No,,,
2258,FALSE,Lexington (Joey Pea-Pot With a Monkey Face),Chiodos,2007,Jan 20 2011,Emo,M,English,RBN1,♥♥♥♥♥   5,♥♥♥♥♥   2,♥♥♥♥♥   4,X,X,♥♥♥♥♥   2,X,X,X,PS3/Xbox,PS3/Xbox,Yes,,,
2259,FALSE,New Revolution,The Waking Hours,2008,Jan 20 2011,Rock,M,English,RBN1,♥♥♥♥♥   2,♥♥♥♥♥   2,♥♥♥♥♥   4,X,X,♥♥♥♥♥   1,X,X,X,Xbox Only,Xbox Only,No,,,
2260,FALSE,Second Sight Blackout,Children of Nova,2009,Jan 20 2011,Prog,M,English,RBN1,♥♥♥♥♥   4,♥♥♥♥♥   3,♥♥♥♥♥   5,X,X,♥♥♥♥♥   4,X,X,X,PS3/Xbox,PS3/Xbox,Yes,,,
2261,FALSE,Shorty On The Floor,Horporate,2010,Jan 20 2011,Hip-Hop/Rap,M,English,RBN1,♥♥♥♥♥   1,♥♥♥♥♥   0,♥♥♥♥♥   2,X,X,♥♥♥♥♥   1,X,X,X,Xbox Only,Xbox Only,No,,,
2262,FALSE,The Last Gasp,Impaled,2007,Jan 20 2011,Metal,M,English,RBN1,♥♥♥♥♥   4,♥♥♥♥♥   3,♥♥♥♥♥   3,X,X,♥♥♥♥♥   0,X,X,X,Xbox Only,Xbox Only,No,,,
2263,FALSE,The Resonance,Decrepit Birth,2010,Jan 20 2011,Metal,M,English,RBN1,♥♥♥♥♥   5.5,♥♥♥♥♥   5.5,♥♥♥♥♥   5.5,X,X,♥♥♥♥♥   0,X,X,X,PS3/Xbox,PS3/Xbox,No,,2x Drums Available (not in PS3 though),
2264,FALSE,Undead Heart,Vampires Everywhere!,2010,Jan 20 2011,Metal,M,English,RBN1,♥♥♥♥♥   2,♥♥♥♥♥   1,♥♥♥♥♥   3,X,X,♥♥♥♥♥   1,X,X,X,PS3/Xbox,PS3/Xbox,No,,,
2265,FALSE,Whites in Their Eyes,Fiction Reform,2010,Jan 20 2011,Punk,F,English,RBN1,♥♥♥♥♥   4,♥♥♥♥♥   3,♥♥♥♥♥   5,X,X,♥♥♥♥♥   3,X,X,X,Xbox Only,Xbox Only,No,,,
2266,FALSE,5678,Fake Problems,2010,Jan 25 2011,Alternative,M,English,RBN1,♥♥♥♥♥   2,♥♥♥♥♥   0,♥♥♥♥♥   4,X,X,♥♥♥♥♥   2,X,X,X,Xbox Only,Xbox Only,Yes,,,
2267,FALSE,Abraxas of Filth,Cephalic Carnage,2010,Jan 25 2011,Metal,M,English,RBN1,♥♥♥♥♥   5.5,♥♥♥♥♥   5.5,♥♥♥♥♥   5.5,X,X,♥♥♥♥♥   0,X,X,X,Xbox Only,Xbox Only,No,,2x Drums Available,
2268,FALSE,An Eluardian Instance,of Montreal,2008,Jan 25 2011,Indie Rock,M,English,RBN1,♥♥♥♥♥   3,♥♥♥♥♥   3,♥♥♥♥♥   3,X,X,♥♥♥♥♥   3,X,X,X,Xbox Only,Xbox Only,No,,No Pro Drums,
2269,FALSE,Black and Sunny Day,Glitzy Glow,2007,Jan 25 2011,Rock,F,English,RBN1,♥♥♥♥♥   4,♥♥♥♥♥   1,♥♥♥♥♥   3,X,X,♥♥♥♥♥   2,X,X,X,Xbox Only,Xbox Only,No,,,
2270,FALSE,Blasphemous,Mystic Syntax,2010,Jan 25 2011,Metal,M,English,RBN1,♥♥♥♥♥   3,♥♥♥♥♥   4,♥♥♥♥♥   5,X,X,♥♥♥♥♥   3,X,X,X,Xbox Only,Xbox Only,No,,,
2271,FALSE,California,Nova,2010,Jan 25 2011,Rock,M,English,RBN1,♥♥♥♥♥   3,♥♥♥♥♥   2,♥♥♥♥♥   3,X,X,♥♥♥♥♥   1,X,X,X,Xbox Only,Xbox Only,No,,,
2272,FALSE,Closer to the Sun,Slightly Stoopid,2005,Jan 25 2011,Rock,M,English,RBN1,♥♥♥♥♥   5,♥♥♥♥♥   0,♥♥♥♥♥   1,X,X,♥♥♥♥♥   2,X,X,X,Xbox Only,Xbox Only,No,,,
2273,FALSE,Come On In,The Pinstripes,2009,Jan 25 2011,Reggae/Ska,M,English,RBN1,♥♥♥♥♥   3,♥♥♥♥♥   2,♥♥♥♥♥   4,X,X,♥♥♥♥♥   3.5,X,X,X,Xbox Only,Xbox Only,No,,,
2274,FALSE,Goin' Home,KickBend,2010,Jan 25 2011,Rock,M,English,RBN1,♥♥♥♥♥   2,♥♥♥♥♥   1,♥♥♥♥♥   0,X,X,♥♥♥♥♥   2,X,X,X,Xbox Only,Xbox Only,No,,,
2275,FALSE,Hand Me Down,Bright Midnight,2010,Jan 25 2011,Rock,M,English,RBN1,♥♥♥♥♥   1,♥♥♥♥♥   3,♥♥♥♥♥   5,X,X,♥♥♥♥♥   3,X,X,X,Xbox Only,Xbox Only,No,,,
2276,FALSE,Hanging By a Thread,Jeff Orr,2007,Jan 25 2011,Rock,M,English,RBN1,♥♥♥♥♥   1,♥♥♥♥♥   1,♥♥♥♥♥   1,X,X,♥♥♥♥♥   2,X,X,X,Xbox Only,Xbox Only,No,,,
2277,FALSE,Hotel Saigon,Bright Midnight,2010,Jan 25 2011,Rock,M,English,RBN1,♥♥♥♥♥   4,♥♥♥♥♥   2,♥♥♥♥♥   4,X,X,♥♥♥♥♥   5.5,X,X,X,Xbox Only,Xbox Only,No,,,
2278,FALSE,Icarus Lives,Periphery,2010,Jan 25 2011,Metal,M,English,RBN1,♥♥♥♥♥   5,♥♥♥♥♥   4,♥♥♥♥♥   4,X,X,♥♥♥♥♥   2,X,X,X,PS3/Xbox,PS3/Xbox,Yes,,,
2279,FALSE,"If I'm James Dean, You're Audrey Hepburn",Sleeping with Sirens,2010,Jan 25 2011,Emo,M,English,RBN1,♥♥♥♥♥   3,♥♥♥♥♥   2,♥♥♥♥♥   4,X,X,♥♥♥♥♥   4,X,X,X,PS3/Xbox,PS3/Xbox,Yes,,Pro Drums on RB3 are broken,
2280,FALSE,Killers of the Worst Type,Bright Midnight,2009,Jan 25 2011,Rock,M,English,RBN1,♥♥♥♥♥   2,♥♥♥♥♥   2,♥♥♥♥♥   5,X,X,♥♥♥♥♥   4.5,X,X,X,Xbox Only,Xbox Only,No,,,
2281,FALSE,Learn to Live,Architects,2011,Jan 25 2011,Metal,M,English,RBN1,♥♥♥♥♥   4,♥♥♥♥♥   2,♥♥♥♥♥   4,X,X,♥♥♥♥♥   2,X,X,X,PS3/Xbox,PS3/Xbox,Yes,,,
2282,FALSE,Lift,Poets of the Fall,2005,Jan 25 2011,Rock,M,English,RBN1,♥♥♥♥♥   5,♥♥♥♥♥   3,♥♥♥♥♥   3,X,X,♥♥♥♥♥   2,X,X,X,Xbox Only,Xbox Only,No,,,
2283,FALSE,Lost Boys,MyChildren MyBride,2010,Jan 25 2011,Metal,M,English,RBN1,♥♥♥♥♥   4,♥♥♥♥♥   4,♥♥♥♥♥   5.5,X,X,♥♥♥♥♥   0,X,X,X,Xbox Only,Xbox Only,No,,,
2284,FALSE,Metamorphosis,Evile,2009,Jan 25 2011,Metal,M,English,RBN1,♥♥♥♥♥   5.5,♥♥♥♥♥   4,♥♥♥♥♥   4,X,X,♥♥♥♥♥   2,X,X,X,Xbox Only,Xbox Only,No,,No Pro Drums,
2285,FALSE,My Parasite,Evile,2009,Jan 25 2011,Metal,M,English,RBN1,♥♥♥♥♥   5.5,♥♥♥♥♥   5.5,♥♥♥♥♥   5.5,X,X,♥♥♥♥♥   1,X,X,X,Xbox Only,Xbox Only,No,,No Pro Drums,
2286,FALSE,New Addiction,Dark From Day One,2010,Jan 25 2011,Alternative,M,English,RBN1,♥♥♥♥♥   3,♥♥♥♥♥   1,♥♥♥♥♥   3,X,X,♥♥♥♥♥   2,X,X,X,Xbox Only,Xbox Only,No,,,
2287,FALSE,On the Wall,Molehill,2007,Jan 25 2011,Indie Rock,M,English,RBN1,♥♥♥♥♥   4,♥♥♥♥♥   3,♥♥♥♥♥   4,X,X,♥♥♥♥♥   3.5,X,X,X,Xbox Only,Xbox Only,No,,,
2288,FALSE,One-Night-Stand Man,Daryle Stephen Ackerman,2006,Jan 25 2011,Pop-Rock,M,English,RBN1,♥♥♥♥♥   1,♥♥♥♥♥   1,♥♥♥♥♥   2,X,X,♥♥♥♥♥   1,X,X,X,Xbox Only,Xbox Only,No,,,
2289,FALSE,Samiam,Mafia Track Suit,2010,Jan 25 2011,Alternative,M,English,RBN1,♥♥♥♥♥   1,♥♥♥♥♥   2,♥♥♥♥♥   2,X,X,♥♥♥♥♥   1,X,X,X,Xbox Only,Xbox Only,No,,,
2290,FALSE,Sons of Seven Stars,Amberian Dawn,2009,Jan 25 2011,Metal,F,English,RBN1,♥♥♥♥♥   3,♥♥♥♥♥   3,♥♥♥♥♥   5,X,X,♥♥♥♥♥   1,X,X,X,Xbox Only,Xbox Only,No,,,
2291,FALSE,Step on the Throat,C&O,2009,Jan 25 2011,Rock,M,English,RBN1,♥♥♥♥♥   1,♥♥♥♥♥   1,♥♥♥♥♥   3,X,X,♥♥♥♥♥   2,X,X,X,Xbox Only,Xbox Only,No,,,
2292,FALSE,The Order,Children of Nova,2009,Jan 25 2011,Prog,M,English,RBN1,♥♥♥♥♥   4,♥♥♥♥♥   4,♥♥♥♥♥   4,X,X,♥♥♥♥♥   4,X,X,X,PS3/Xbox,PS3/Xbox,Yes,,,
2293,FALSE,Arm Yourself,BulletProof Messenger,2009,Jan 28 2011,Rock,M,English,RBN1,♥♥♥♥♥   4,♥♥♥♥♥   4.5,♥♥♥♥♥   5,X,X,♥♥♥♥♥   4.5,X,X,X,PS3/Xbox,PS3/Xbox,No,,,
2294,FALSE,Aspiration,After the Burial,2009,Jan 28 2011,Metal,M,English,RBN1,♥♥♥♥♥   5,♥♥♥♥♥   4,♥♥♥♥♥   4,X,X,♥♥♥♥♥   0,X,X,X,Xbox Only,Xbox Only,Yes,,,
2295,FALSE,Butcher's Mouth,Emery,2009,Jan 28 2011,Rock,M,English,RBN1,♥♥♥♥♥   3,♥♥♥♥♥   3,♥♥♥♥♥   4,X,X,♥♥♥♥♥   2,X,X,X,Xbox Only,Xbox Only,No,,,
2296,FALSE,Coolguy Deluxe!,Kid Liberty,2010,Jan 28 2011,Punk,M,English,RBN1,♥♥♥♥♥   5,♥♥♥♥♥   3,♥♥♥♥♥   4,X,X,♥♥♥♥♥   3,X,X,X,Xbox Only,Xbox Only,No,,,
2297,FALSE,Holiday,The Night Life,2009,Jan 28 2011,Punk,M,English,RBN1,♥♥♥♥♥   3,♥♥♥♥♥   3,♥♥♥♥♥   5,X,X,♥♥♥♥♥   3,X,X,X,Xbox Only,Xbox Only,No,,No Pro Drums,
2298,FALSE,My Wings Are My Eyes,Amberian Dawn,2008,Jan 28 2011,Metal,F,English,RBN1,♥♥♥♥♥   3,♥♥♥♥♥   2,♥♥♥♥♥   3,X,X,♥♥♥♥♥   2,X,X,X,Xbox Only,Xbox Only,No,,,
2299,FALSE,Ode to Logan,No Bragging Rights,2009,Jan 28 2011,Punk,M,English,RBN1,♥♥♥♥♥   3,♥♥♥♥♥   3,♥♥♥♥♥   4,X,X,♥♥♥♥♥   2,X,X,X,Xbox Only,Xbox Only,No,,,
2300,FALSE,Pandemonium,Chaotrope,2011,Jan 28 2011,Metal,X,X,RBN1,♥♥♥♥♥   5.5,♥♥♥♥♥   5.5,♥♥♥♥♥   5.5,X,X,X,X,X,X,Xbox Only,Xbox Only,No,,No Pro Drums,
2301,FALSE,The December Experience,Lnk. Ken Kardashian,2010,Jan 28 2011,Metal,M,English,RBN1,♥♥♥♥♥   3,♥♥♥♥♥   0,♥♥♥♥♥   3,X,X,♥♥♥♥♥   1,X,X,X,Xbox Only,Xbox Only,No,,,
2302,FALSE,ZTO,Devin Townsend,2007,Jan 28 2011,Metal,M,English,RBN1,♥♥♥♥♥   4,♥♥♥♥♥   1,♥♥♥♥♥   4,X,X,♥♥♥♥♥   0,X,X,X,Xbox Only,Xbox Only,No,,2x Drums Available,
2303,FALSE,All or Nothing,Cauldron,2011,Feb 1 2011,Metal,M,English,RBN1,♥♥♥♥♥   5.5,♥♥♥♥♥   4.5,♥♥♥♥♥   5.5,X,X,♥♥♥♥♥   2,X,X,X,Xbox Only,Xbox Only,No,,,
2304,FALSE,Around the World,Robby Suavé,2008,Feb 1 2011,Rock,M,English,RBN1,♥♥♥♥♥   3,♥♥♥♥♥   2,♥♥♥♥♥   2,X,X,♥♥♥♥♥   0,X,X,X,Xbox Only,Xbox Only,No,,,
2305,FALSE,Bang,Rockapella,2010,Feb 1 2011,Other,M,English,RBN1,♥♥♥♥♥   3,♥♥♥♥♥   3,♥♥♥♥♥   2,X,X,♥♥♥♥♥   4.5,X,X,X,Xbox Only,Xbox Only,No,,,
2306,FALSE,Barricades,Lucid Grey,2011,Feb 1 2011,Rock,M,English,RBN1,♥♥♥♥♥   3,♥♥♥♥♥   4,♥♥♥♥♥   5,X,X,♥♥♥♥♥   3.5,X,X,X,Xbox Only,Xbox Only,No,,,
2307,FALSE,Bend,New West,2009,Feb 1 2011,Indie Rock,M,English,RBN1,♥♥♥♥♥   2,♥♥♥♥♥   1,♥♥♥♥♥   1,X,X,♥♥♥♥♥   2,X,X,X,Xbox Only,Xbox Only,No,,,
2308,FALSE,Betrayed,Chaotrope,2011,Feb 1 2011,Metal,X,X,RBN1,♥♥♥♥♥   5,♥♥♥♥♥   4,♥♥♥♥♥   5.5,X,X,X,X,X,X,Xbox Only,Xbox Only,No,,No Pro Drums,
2309,FALSE,Big Bad World One,Jonathan Coulton,2006,Feb 1 2011,Rock,M,English,RBN1,♥♥♥♥♥   3,♥♥♥♥♥   1,♥♥♥♥♥   4,X,X,♥♥♥♥♥   3,X,X,X,Xbox Only,Xbox Only,No,,,
2310,FALSE,Bitten by the Rattlesnake,Admiral of Black,2009,Feb 1 2011,Rock,M,English,RBN1,♥♥♥♥♥   5,♥♥♥♥♥   4,♥♥♥♥♥   3,X,X,♥♥♥♥♥   2,X,X,X,Xbox Only,Xbox Only,No,,,
2311,FALSE,Bizarro Genius Baby,MC Frontalot,2007,Feb 1 2011,Hip-Hop/Rap,M,English,RBN1,♥♥♥♥♥   5,♥♥♥♥♥   2,♥♥♥♥♥   3,X,X,♥♥♥♥♥   2,X,X,X,Xbox Only,Xbox Only,No,,,
2312,FALSE,Bullet on a String,Rotary Downs,2010,Feb 1 2011,Indie Rock,M,English,RBN1,♥♥♥♥♥   3,♥♥♥♥♥   2,♥♥♥♥♥   5.5,X,X,♥♥♥♥♥   3,X,X,X,Xbox Only,Xbox Only,No,,,
2313,FALSE,Cluster #2 (RB2 Version),Jacob Chaney,2010,Feb 1 2011,Pop/Dance/Electronic,X,X,RBN1,♥♥♥♥♥   5.5,♥♥♥♥♥   4.5,♥♥♥♥♥   5.5,X,X,X,X,X,X,Xbox Only,Xbox Only,No,,RB3 Version available (under artist Askari Nari),
2314,FALSE,Couch Sitting Rattlesnake,Stuedabakerbrown,2010,Feb 1 2011,Indie Rock,M,English,RBN1,♥♥♥♥♥   2,♥♥♥♥♥   1,♥♥♥♥♥   4,X,X,♥♥♥♥♥   3,X,X,X,Xbox Only,Xbox Only,No,,No Pro Drums,
2315,FALSE,Fighting Spirit,Bluefusion,2009,Feb 1 2011,Prog,X,X,RBN1,♥♥♥♥♥   5,♥♥♥♥♥   3,♥♥♥♥♥   3,X,X,X,X,X,X,Xbox Only,Xbox Only,No,,2x Drums Available,
2316,FALSE,Firehouse Bar,Kylie D. Hart,2010,Feb 1 2011,Country,F,English,RBN1,♥♥♥♥♥   4,♥♥♥♥♥   1,♥♥♥♥♥   3,X,X,♥♥♥♥♥   3,X,X,X,Xbox Only,Xbox Only,No,,,
2317,FALSE,For the Strange,Bright Midnight,2009,Feb 1 2011,Rock,M,English,RBN1,♥♥♥♥♥   3,♥♥♥♥♥   4.5,♥♥♥♥♥   3,X,X,♥♥♥♥♥   3.5,X,X,X,Xbox Only,Xbox Only,No,,,
2318,FALSE,Hassle: The Dorkening,MC Frontalot,2005,Feb 1 2011,Hip-Hop/Rap,M,English,RBN1,♥♥♥♥♥   4,♥♥♥♥♥   3,♥♥♥♥♥   4,X,X,♥♥♥♥♥   2,X,X,X,Xbox Only,Xbox Only,No,,,
2319,FALSE,Hate to Say,Common Anomaly,2009,Feb 1 2011,Punk,M,English,RBN1,♥♥♥♥♥   3,♥♥♥♥♥   3,♥♥♥♥♥   5.5,X,X,♥♥♥♥♥   2,X,X,X,Xbox Only,Xbox Only,No,,,
2320,FALSE,I Gotta Ride 2010,Sam Morrison Band,2010,Feb 1 2011,Southern Rock,M,English,RBN1,♥♥♥♥♥   3,♥♥♥♥♥   1,♥♥♥♥♥   2,X,X,♥♥♥♥♥   2,X,X,X,Xbox Only,Xbox Only,No,,,
2321,FALSE,King of Frauds,With Life in Mind,2010,Feb 1 2011,Metal,M,English,RBN1,♥♥♥♥♥   5,♥♥♥♥♥   4.5,♥♥♥♥♥   5,X,X,♥♥♥♥♥   0,X,X,X,Xbox Only,Xbox Only,No,,,
2322,FALSE,Last Suppit,Lettuce,2008,Feb 1 2011,R&B/Soul/Funk,X,X,RBN1,♥♥♥♥♥   4,♥♥♥♥♥   3,♥♥♥♥♥   5.5,X,X,X,X,X,X,Xbox Only,Xbox Only,No,,,
2323,FALSE,Light Up The Eyes,These Three Poisons,2009,Feb 1 2011,Metal,M,English,RBN1,♥♥♥♥♥   5,♥♥♥♥♥   3,♥♥♥♥♥   3,X,X,♥♥♥♥♥   3,X,X,X,Xbox Only,Xbox Only,No,,No Pro Drums,
2324,FALSE,Live to Rock,Sideburn,2010,Feb 1 2011,Rock,M,English,RBN1,♥♥♥♥♥   3,♥♥♥♥♥   0,♥♥♥♥♥   2,X,X,♥♥♥♥♥   2,X,X,X,Xbox Only,Xbox Only,No,,,
2325,FALSE,Mind Diary,Cloudscape,2008,Feb 1 2011,Metal,M,English,RBN1,♥♥♥♥♥   5,♥♥♥♥♥   4,♥♥♥♥♥   5,X,X,♥♥♥♥♥   3,X,X,X,Xbox Only,Xbox Only,No,,,
2326,FALSE,Plátanos Con Sangre,Zakk Tremblay,2010,Feb 1 2011,Metal,M,Spanish,RBN1,♥♥♥♥♥   5.5,♥♥♥♥♥   5.5,♥♥♥♥♥   5.5,X,X,♥♥♥♥♥   1,X,X,X,Xbox Only,Xbox Only,No,,,
2327,FALSE,Promised Land,Rotary Downs,2010,Feb 1 2011,Indie Rock,M,English,RBN1,♥♥♥♥♥   3,♥♥♥♥♥   2,♥♥♥♥♥   4,X,X,♥♥♥♥♥   3,X,X,X,Xbox Only,Xbox Only,No,,,
2328,FALSE,Pylo the Pylon,Alternative Deficit Disorder,2009,Feb 1 2011,Novelty,M,English,RBN1,♥♥♥♥♥   2,♥♥♥♥♥   0,♥♥♥♥♥   2,X,X,♥♥♥♥♥   2,X,X,X,Xbox Only,Xbox Only,No,,,
2329,FALSE,Radios Tweaking,Felsen,2009,Feb 1 2011,Alternative,M,English,RBN1,♥♥♥♥♥   3,♥♥♥♥♥   2,♥♥♥♥♥   2,X,X,♥♥♥♥♥   3,X,X,X,Xbox Only,Xbox Only,No,,No Pro Drums,
2330,FALSE,Secondary Gain,Abraham Nixon,2010,Feb 1 2011,Rock,M,English,RBN1,♥♥♥♥♥   3,♥♥♥♥♥   3,♥♥♥♥♥   4,X,X,♥♥♥♥♥   3,X,X,X,Xbox Only,Xbox Only,No,,,
2331,FALSE,Steven Wells (He Was the Greatest),Akira the Don,2009,Feb 1 2011,Punk,M,English,RBN1,♥♥♥♥♥   3,♥♥♥♥♥   1,♥♥♥♥♥   3,X,X,♥♥♥♥♥   3,X,X,X,Xbox Only,Xbox Only,No,,No Pro Drums,
2332,FALSE,Strong Tower,Kutless,2005,Feb 1 2011,Rock,M,English,RBN1,♥♥♥♥♥   0,♥♥♥♥♥   0,♥♥♥♥♥   2,X,X,♥♥♥♥♥   2,X,X,X,Xbox Only,Xbox Only,No,,,
2333,FALSE,Too Much,Soulive,2009,Feb 1 2011,R&B/Soul/Funk,M,English,RBN1,♥♥♥♥♥   3,♥♥♥♥♥   4,♥♥♥♥♥   4,X,X,♥♥♥♥♥   4.5,X,X,X,Xbox Only,Xbox Only,No,,,
2334,FALSE,Triceratops,Big Light,2010,Feb 1 2011,Indie Rock,M,English,RBN1,♥♥♥♥♥   3,♥♥♥♥♥   1,♥♥♥♥♥   2,X,X,♥♥♥♥♥   3.5,X,X,X,Xbox Only,Xbox Only,No,,,
2335,FALSE,Two Utensils In One,Felsen,2009,Feb 1 2011,Alternative,M,English,RBN1,♥♥♥♥♥   3,♥♥♥♥♥   3,♥♥♥♥♥   2,X,X,♥♥♥♥♥   2,X,X,X,Xbox Only,Xbox Only,No,,No Pro Drums,
2336,FALSE,Volver a Nacer,Arena,2010,Feb 1 2011,Punk,F,Spanish,RBN1,♥♥♥♥♥   3,♥♥♥♥♥   3,♥♥♥♥♥   4,X,X,♥♥♥♥♥   4.5,X,X,X,Xbox Only,Xbox Only,No,,,
2337,FALSE,You Don't Know,The Moth Complex,2010,Feb 1 2011,Pop-Rock,F,English,RBN1,♥♥♥♥♥   2,♥♥♥♥♥   0,♥♥♥♥♥   2,X,X,♥♥♥♥♥   2,X,X,X,Xbox Only,Xbox Only,No,,,
2338,FALSE,A Fresh Start,Mystakin,2010,Feb 3 2011,Prog,X,X,RBN1,♥♥♥♥♥   5,♥♥♥♥♥   4.5,♥♥♥♥♥   5,X,X,X,X,X,X,Xbox Only,Xbox Only,No,,,
2339,FALSE,Abigail,Motionless in White,2010,Feb 3 2011,Metal,M,English,RBN1,♥♥♥♥♥   5,♥♥♥♥♥   4,♥♥♥♥♥   5,X,X,♥♥♥♥♥   2,X,X,X,PS3/Xbox,PS3/Xbox,Yes,,,
2340,FALSE,Crinoline,CyLeW,2008,Feb 3 2011,Alternative,F,English,RBN1,♥♥♥♥♥   2,♥♥♥♥♥   2,♥♥♥♥♥   1,X,X,♥♥♥♥♥   1,X,X,X,Xbox Only,Xbox Only,No,,,
2341,FALSE,District of Misery,Oceano,2009,Feb 3 2011,Metal,M,English,RBN1,♥♥♥♥♥   4,♥♥♥♥♥   3,♥♥♥♥♥   5.5,X,X,♥♥♥♥♥   1,X,X,X,Xbox Only,Xbox Only,No,,,
2342,FALSE,For You,Maplerun,2010,Feb 3 2011,Nu-Metal,M,English,RBN1,♥♥♥♥♥   2,♥♥♥♥♥   3,♥♥♥♥♥   4,X,X,♥♥♥♥♥   2,X,X,X,Xbox Only,Xbox Only,No,,,
2343,FALSE,Lamnidae,This or the Apocalypse,2010,Feb 3 2011,Metal,M,English,RBN1,♥♥♥♥♥   5,♥♥♥♥♥   4.5,♥♥♥♥♥   5.5,X,X,♥♥♥♥♥   2,X,X,X,Xbox Only,Xbox Only,No,,,
2344,FALSE,Painprovider,Cosmic Ballroom,2006,Feb 3 2011,Metal,M,English,RBN1,♥♥♥♥♥   4,♥♥♥♥♥   4,♥♥♥♥♥   5,X,X,♥♥♥♥♥   3,X,X,X,Xbox Only,Xbox Only,No,,,
2345,FALSE,Rational Animal/Layered Line,Kiev,2009,Feb 3 2011,Alternative,M,English,RBN1,♥♥♥♥♥   4,♥♥♥♥♥   3,♥♥♥♥♥   4,X,X,♥♥♥♥♥   4.5,X,X,X,Xbox Only,Xbox Only,No,,,
2346,FALSE,Refraction,Ricky Graham,2008,Feb 3 2011,Metal,X,X,RBN1,♥♥♥♥♥   5.5,♥♥♥♥♥   3,♥♥♥♥♥   4,X,X,X,X,X,X,Xbox Only,Xbox Only,No,,,
2347,FALSE,Seed of Discord,Hellfire Society,2009,Feb 3 2011,Metal,M,English,RBN1,♥♥♥♥♥   2,♥♥♥♥♥   4,♥♥♥♥♥   3,X,X,♥♥♥♥♥   2,X,X,X,Xbox Only,Xbox Only,No,,,
2348,FALSE,Skid Rock,A Wilhelm Scream,2009,Feb 3 2011,Punk,M,English,RBN1,♥♥♥♥♥   5.5,♥♥♥♥♥   5.5,♥♥♥♥♥   5.5,X,X,♥♥♥♥♥   3.5,X,X,X,Xbox Only,Xbox Only,No,,,
2349,FALSE,Supernova,High Voltage,2011,Feb 3 2011,Rock,F,English,RBN1,♥♥♥♥♥   5,♥♥♥♥♥   3,♥♥♥♥♥   5,X,X,♥♥♥♥♥   3.5,X,X,X,Xbox Only,Xbox Only,No,,,
2350,FALSE,Tea and Taxes,Jenium,2009,Feb 3 2011,Indie Rock,M,English,RBN1,♥♥♥♥♥   2,♥♥♥♥♥   1,♥♥♥♥♥   1,X,X,♥♥♥♥♥   3,X,X,X,Xbox Only,Xbox Only,No,,,
2351,FALSE,Voodoo Treasure,Majestic,2000,Feb 3 2011,Metal,M,English,RBN1,♥♥♥♥♥   5.5,♥♥♥♥♥   5.5,♥♥♥♥♥   5.5,X,X,♥♥♥♥♥   5.5,X,X,X,Xbox Only,Xbox Only,No,,,
2352,FALSE,We Are But Instruments,Where the Ocean Meets the Sky,2010,Feb 3 2011,Metal,M,English,RBN1,♥♥♥♥♥   5,♥♥♥♥♥   3,♥♥♥♥♥   4,X,X,♥♥♥♥♥   2,X,X,X,Xbox Only,Xbox Only,No,,,
2353,FALSE,Your Treachery Will Die with You,Dying Fetus,2009,Feb 3 2011,Metal,M,English,RBN1,♥♥♥♥♥   5.5,♥♥♥♥♥   5.5,♥♥♥♥♥   5.5,X,X,♥♥♥♥♥   0,X,X,X,Xbox Only,Xbox Only,No,,2x Drums Available,
2354,FALSE,Lights Out,Minutes Like Ours,2010,Feb 4 2011,Rock,M,English,RBN1,♥♥♥♥♥   2,♥♥♥♥♥   2,♥♥♥♥♥   3,X,X,♥♥♥♥♥   3,X,X,X,Xbox Only,Xbox Only,No,,No Pro Drums,
2355,FALSE,Live for Today,Enemy Remains,2007,Feb 4 2011,Rock,M,English,RBN1,♥♥♥♥♥   4,♥♥♥♥♥   4,♥♥♥♥♥   3,X,X,♥♥♥♥♥   3,X,X,X,Xbox Only,Xbox Only,No,,,
2356,FALSE,Burn,Captor,2001,Feb 8 2011,Nu-Metal,M,English,RBN1,♥♥♥♥♥   3,♥♥♥♥♥   2,♥♥♥♥♥   2,X,X,♥♥♥♥♥   1,X,X,X,Xbox Only,Xbox Only,No,,,
2357,FALSE,Come Outside,Anybody Who's Anybody,2010,Feb 8 2011,Rock,M,English,RBN1,♥♥♥♥♥   3,♥♥♥♥♥   4,♥♥♥♥♥   3,X,X,♥♥♥♥♥   3,X,X,X,Xbox Only,Xbox Only,No,,,
2358,FALSE,Disco Ball,Those Among Us,2010,Feb 8 2011,Rock,M,English,RBN1,♥♥♥♥♥   5,♥♥♥♥♥   3,♥♥♥♥♥   5,X,X,♥♥♥♥♥   1,X,X,X,Xbox Only,Xbox Only,No,,,
2359,FALSE,Passion of My Life,Perfect Hero,2010,Feb 8 2011,Metal,M,English,RBN1,♥♥♥♥♥   2,♥♥♥♥♥   1,♥♥♥♥♥   2,X,X,♥♥♥♥♥   3,X,X,X,Xbox Only,Xbox Only,No,,,
2360,FALSE,Septilogy,Chaotrope,2011,Feb 8 2011,Metal,X,X,RBN1,♥♥♥♥♥   5.5,♥♥♥♥♥   5.5,♥♥♥♥♥   5.5,X,X,X,X,X,X,Xbox Only,Xbox Only,No,,No Pro Drums,
2361,FALSE,Shed the Blood,Nightrage,2009,Feb 8 2011,Metal,M,English,RBN1,♥♥♥♥♥   5.5,♥♥♥♥♥   2,♥♥♥♥♥   5.5,X,X,♥♥♥♥♥   0,X,X,X,Xbox Only,Xbox Only,No,,,
2362,FALSE,Spyglass,Lost in the Crawlspace,2009,Feb 8 2011,Punk,M,English,RBN1,♥♥♥♥♥   3,♥♥♥♥♥   3,♥♥♥♥♥   3,X,X,♥♥♥♥♥   2,X,X,X,Xbox Only,Xbox Only,No,,,
2363,FALSE,The Collapse of Men,With Life in Mind,2010,Feb 8 2011,Metal,M,English,RBN1,♥♥♥♥♥   4,♥♥♥♥♥   3,♥♥♥♥♥   5,X,X,♥♥♥♥♥   0,X,X,X,Xbox Only,Xbox Only,No,,,
2364,FALSE,Afflicted,The Fetals,2009,Feb 15 2011,Metal,M,English,RBN1,♥♥♥♥♥   5,♥♥♥♥♥   4,♥♥♥♥♥   4,X,X,♥♥♥♥♥   0,X,X,X,Xbox Only,Xbox Only,No,,,
2365,FALSE,Becoming Blue,Moving Atlas,2010,Feb 15 2011,Prog,M,English,RBN1,♥♥♥♥♥   3,♥♥♥♥♥   4,♥♥♥♥♥   4,X,X,♥♥♥♥♥   3,X,X,X,Xbox Only,Xbox Only,No,,,
2366,FALSE,Close to Home,Jenium,2009,Feb 15 2011,Indie Rock,M,English,RBN1,♥♥♥♥♥   4,♥♥♥♥♥   4,♥♥♥♥♥   4,X,X,♥♥♥♥♥   3,X,X,X,Xbox Only,Xbox Only,No,,,
2367,FALSE,Collision of Fate,Nightrage,2009,Feb 15 2011,Metal,M,English,RBN1,♥♥♥♥♥   5.5,♥♥♥♥♥   4,♥♥♥♥♥   5.5,X,X,♥♥♥♥♥   0,X,X,X,Xbox Only,Xbox Only,No,,,
2368,FALSE,Cool As the Other Side of the Pillow,The Cold Goodnight,2009,Feb 15 2011,Alternative,F,English,RBN1,♥♥♥♥♥   2,♥♥♥♥♥   2,♥♥♥♥♥   1,X,X,♥♥♥♥♥   1,X,X,X,Xbox Only,Xbox Only,No,,,
2369,FALSE,Creative Warrior,DoubleShot,2009,Feb 15 2011,Rock,M,English,RBN1,♥♥♥♥♥   3,♥♥♥♥♥   2,♥♥♥♥♥   2,X,X,♥♥♥♥♥   3,X,X,X,Xbox Only,Xbox Only,No,,,
2370,FALSE,Damnation,Warpath,2008,Feb 15 2011,Metal,M,English,RBN1,♥♥♥♥♥   5.5,♥♥♥♥♥   4,♥♥♥♥♥   5.5,X,X,♥♥♥♥♥   0,X,X,X,Xbox Only,Xbox Only,No,,,
2371,FALSE,Dark Lord,Fallen Angel,2010,Feb 15 2011,Metal,M,English,RBN1,♥♥♥♥♥   4,♥♥♥♥♥   3,♥♥♥♥♥   4,X,X,♥♥♥♥♥   4.5,X,X,X,Xbox Only,Xbox Only,No,,No Pro Drums,
2372,FALSE,Enemy,Stop the World,2010,Feb 15 2011,Rock,M,English,RBN1,♥♥♥♥♥   2,♥♥♥♥♥   2,♥♥♥♥♥   3,X,X,♥♥♥♥♥   1,X,X,X,Xbox Only,Xbox Only,No,,,
2373,FALSE,Everyone's the Same,The B.O.L.T.,2009,Feb 15 2011,Indie Rock,M,English,RBN1,♥♥♥♥♥   4,♥♥♥♥♥   4,♥♥♥♥♥   3,X,X,♥♥♥♥♥   3,X,X,X,Xbox Only,Xbox Only,No,,,
2374,FALSE,Fight,Midnight Sun,2001,Feb 15 2011,Metal,M,English,RBN1,♥♥♥♥♥   4,♥♥♥♥♥   3,♥♥♥♥♥   5,X,X,♥♥♥♥♥   3.5,X,X,X,Xbox Only,Xbox Only,No,,,
2375,FALSE,Fly on the Wall,Minnesota Sex Junkies,2008,Feb 15 2011,Rock,M,English,RBN1,♥♥♥♥♥   3,♥♥♥♥♥   3,♥♥♥♥♥   5.5,X,X,♥♥♥♥♥   3.5,X,X,X,Xbox Only,Xbox Only,No,,,
2376,FALSE,Freeze Frame,Super Gravity,2010,Feb 15 2011,Rock,M,English,RBN1,♥♥♥♥♥   5,♥♥♥♥♥   3,♥♥♥♥♥   5.5,X,X,♥♥♥♥♥   2,X,X,X,Xbox Only,Xbox Only,No,,,
2377,FALSE,Hate Myself,Minnesota Sex Junkies,2008,Feb 15 2011,Indie Rock,M,English,RBN1,♥♥♥♥♥   2,♥♥♥♥♥   3,♥♥♥♥♥   3,X,X,♥♥♥♥♥   3,X,X,X,Xbox Only,Xbox Only,No,,,
2378,FALSE,Here Comes Tomorrow,C&O,2009,Feb 15 2011,Rock,M,English,RBN1,♥♥♥♥♥   3,♥♥♥♥♥   2,♥♥♥♥♥   3,X,X,♥♥♥♥♥   3,X,X,X,Xbox Only,Xbox Only,No,,,
2379,FALSE,Hey You,Gabriel and the Apocalypse,2009,Feb 15 2011,Glam,F,English,RBN1,♥♥♥♥♥   4,♥♥♥♥♥   4,♥♥♥♥♥   4,X,X,♥♥♥♥♥   3,X,X,X,Xbox Only,Xbox Only,No,,,
2380,FALSE,Homeless,The B.O.L.T.,2009,Feb 15 2011,Indie Rock,M,English,RBN1,♥♥♥♥♥   4,♥♥♥♥♥   3,♥♥♥♥♥   5,X,X,♥♥♥♥♥   4.5,X,X,X,Xbox Only,Xbox Only,No,,,
2381,FALSE,I Can't Explain It,Analogue Revolution feat. Bryan Steele,2009,Feb 15 2011,Rock,M,English,RBN1,♥♥♥♥♥   1,♥♥♥♥♥   0,♥♥♥♥♥   1,X,X,♥♥♥♥♥   2,X,X,X,Xbox Only,Xbox Only,No,,,
2382,FALSE,I Cannibal,Calous,2011,Feb 15 2011,Metal,M,English,RBN1,♥♥♥♥♥   5,♥♥♥♥♥   4,♥♥♥♥♥   4,X,X,♥♥♥♥♥   1,X,X,X,Xbox Only,Xbox Only,No,,,
2383,FALSE,I Want It Back,Minnesota Sex Junkies,2008,Feb 15 2011,Rock,M,English,RBN1,♥♥♥♥♥   3,♥♥♥♥♥   3,♥♥♥♥♥   4,X,X,♥♥♥♥♥   3.5,X,X,X,Xbox Only,Xbox Only,No,,,
2384,FALSE,Insanity of the Atoms,Hedras Ramos,2011,Feb 15 2011,Metal,X,X,RBN1,♥♥♥♥♥   5.5,♥♥♥♥♥   4,♥♥♥♥♥   5.5,X,X,X,X,X,X,Xbox Only,Xbox Only,No,,,
2385,FALSE,Leap of Faith,Analogue Revolution feat. Wendy Drown,2009,Feb 15 2011,Pop-Rock,F,English,RBN1,♥♥♥♥♥   2,♥♥♥♥♥   2,♥♥♥♥♥   2,X,X,♥♥♥♥♥   3,X,X,X,Xbox Only,Xbox Only,No,,,
2386,FALSE,Life is a Roller Coaster,Evan Olson,2008,Feb 15 2011,Pop-Rock,M,English,RBN1,♥♥♥♥♥   2,♥♥♥♥♥   2,♥♥♥♥♥   2,X,X,♥♥♥♥♥   1,X,X,X,Xbox Only,Xbox Only,No,,,
2387,FALSE,Like This,Minnesota Sex Junkies,2008,Feb 15 2011,Indie Rock,M,English,RBN1,♥♥♥♥♥   2,♥♥♥♥♥   2,♥♥♥♥♥   3,X,X,♥♥♥♥♥   3,X,X,X,Xbox Only,Xbox Only,No,,,
2388,FALSE,Lose It All,BulletProof Messenger,2009,Feb 15 2011,Rock,M,English,RBN1,♥♥♥♥♥   3,♥♥♥♥♥   4,♥♥♥♥♥   4,X,X,♥♥♥♥♥   3,X,X,X,Xbox Only,Xbox Only,No,,,
2389,FALSE,My Warning,Severed,2010,Feb 15 2011,Metal,M,English,RBN1,♥♥♥♥♥   4,♥♥♥♥♥   2,♥♥♥♥♥   5.5,X,X,♥♥♥♥♥   0,X,X,X,Xbox Only,Xbox Only,No,,,
2390,FALSE,Nothing Ever Comes,The B.O.L.T.,2009,Feb 15 2011,Indie Rock,M,English,RBN1,♥♥♥♥♥   4,♥♥♥♥♥   4,♥♥♥♥♥   3,X,X,♥♥♥♥♥   4.5,X,X,X,Xbox Only,Xbox Only,No,,,
2391,FALSE,Opening in G,Kiev,2009,Feb 15 2011,Alternative,M,English,RBN1,♥♥♥♥♥   5,♥♥♥♥♥   2,♥♥♥♥♥   5.5,X,X,♥♥♥♥♥   3.5,X,X,X,Xbox Only,Xbox Only,No,,,
2392,FALSE,Other Personality,Hip Kitty,2008,Feb 15 2011,Rock,F,English,RBN1,♥♥♥♥♥   2,♥♥♥♥♥   3,♥♥♥♥♥   3,X,X,♥♥♥♥♥   3.5,X,X,X,Xbox Only,Xbox Only,No,,,
2393,FALSE,Peace of Mind,The Break Down,2009,Feb 15 2011,Other,M,English,RBN1,♥♥♥♥♥   3,♥♥♥♥♥   3,♥♥♥♥♥   3,X,X,♥♥♥♥♥   3,X,X,X,Xbox Only,Xbox Only,No,,,
2394,FALSE,R U Ready For This,Analogue Revolution feat. Bryan Steele,2009,Feb 15 2011,Rock,M,English,RBN1,♥♥♥♥♥   2,♥♥♥♥♥   1,♥♥♥♥♥   2,X,X,♥♥♥♥♥   2,X,X,X,Xbox Only,Xbox Only,No,,,
2395,FALSE,Railway Station,The Lightfighters,2009,Feb 15 2011,Rock,M,English,RBN1,♥♥♥♥♥   2,♥♥♥♥♥   1,♥♥♥♥♥   1,X,X,♥♥♥♥♥   2,X,X,X,Xbox Only,Xbox Only,No,,,
2396,FALSE,The Girl Next Door,Something Opus,2009,Feb 15 2011,Indie Rock,M,English,RBN1,♥♥♥♥♥   3,♥♥♥♥♥   1,♥♥♥♥♥   4,X,X,♥♥♥♥♥   3.5,X,X,X,Xbox Only,Xbox Only,No,,,
2397,FALSE,The Ones Who Get It,Action Action,2010,Feb 15 2011,Alternative,M,English,RBN1,♥♥♥♥♥   3,♥♥♥♥♥   2,♥♥♥♥♥   3,X,X,♥♥♥♥♥   3,X,X,X,Xbox Only,Xbox Only,No,,,
2398,FALSE,The Stranger,Bright Midnight,2009,Feb 15 2011,Rock,M,English,RBN1,♥♥♥♥♥   3,♥♥♥♥♥   4,♥♥♥♥♥   5.5,X,X,♥♥♥♥♥   4.5,X,X,X,Xbox Only,Xbox Only,No,,,
2399,FALSE,The Ultimate Power,Severed,2010,Feb 15 2011,Metal,M,English,RBN1,♥♥♥♥♥   5.5,♥♥♥♥♥   4,♥♥♥♥♥   5,X,X,♥♥♥♥♥   0,X,X,X,Xbox Only,Xbox Only,No,,,
2400,FALSE,This Fantasy,BulletProof Messenger,2009,Feb 15 2011,Rock,M,English,RBN1,♥♥♥♥♥   3,♥♥♥♥♥   3,♥♥♥♥♥   3,X,X,♥♥♥♥♥   3,X,X,X,PS3/Xbox,PS3/Xbox,No,,,
2401,FALSE,Trailer Park Scum,Stereoside,2010,Feb 15 2011,Rock,M,English,RBN1,♥♥♥♥♥   4,♥♥♥♥♥   2,♥♥♥♥♥   5,X,X,♥♥♥♥♥   2,X,X,X,Xbox Only,Xbox Only,No,,,
2402,FALSE,Wearing a Martyr's Crown,Nightrage,2009,Feb 15 2011,Metal,M,English,RBN1,♥♥♥♥♥   5,♥♥♥♥♥   3,♥♥♥♥♥   5.5,X,X,♥♥♥♥♥   1,X,X,X,Xbox Only,Xbox Only,No,,,
2403,FALSE,What Is Light? Where Is Laughter?,Twin Atlantic,2009,Feb 15 2011,Alternative,M,English,RBN1,♥♥♥♥♥   3,♥♥♥♥♥   3,♥♥♥♥♥   3,X,X,♥♥♥♥♥   3,X,X,X,Xbox Only,Xbox Only,No,,,
2404,FALSE,What's a Man to Do?,DoubleShot,2009,Feb 15 2011,Rock,M,English,RBN1,♥♥♥♥♥   3,♥♥♥♥♥   2,♥♥♥♥♥   2,X,X,♥♥♥♥♥   1,X,X,X,Xbox Only,Xbox Only,No,,,
2405,FALSE,You Don't Know Me,God in a Machine,2010,Feb 15 2011,Metal,M,English,RBN1,♥♥♥♥♥   2,♥♥♥♥♥   1,♥♥♥♥♥   5.5,X,X,♥♥♥♥♥   0,X,X,X,Xbox Only,Xbox Only,No,,,
2406,FALSE,Footloose And Facy Free,Bill Bruford's Earthworks,1999,Feb 5 2010,Jazz,M,Adlib,RBN1,♥♥♥♥♥   5,♥♥♥♥♥   4,♥♥♥♥♥   5.5,X,X,♥♥♥♥♥   5.5,X,X,X,Xbox Only,Xbox Only,No,,"Not Listed On Wikipedia, Missing Pro Drums",
2407,FALSE,Atomic,Blondie,1979,Mar 9 2010,R&B/Soul/Funk,F,English,RBN1,♥♥♥♥♥   3,♥♥♥♥♥   4,♥♥♥♥♥   3,X,X,♥♥♥♥♥   1,X,X,X,Xbox Only,Xbox Only,No,,"Not Listed On Wikipedia, Missing Pro Drums",
2408,FALSE,A Fruit Fly In The Beehive,Gang Of Four,2011,Nov 27 2010,Punk,M,English,RBN1,♥♥♥♥♥   1,♥♥♥♥♥   1,♥♥♥♥♥   1,X,X,♥♥♥♥♥   3,X,X,X,Xbox Only,Xbox Only,No,,Not Listed On Wikipedia,
2409,FALSE,Bean,Robby Suavé,2010,Nov 2 2010,Rock,M,English,RBN1,♥♥♥♥♥   2,♥♥♥♥♥   1,♥♥♥♥♥   2,X,X,♥♥♥♥♥   2,X,X,X,Xbox Only,Xbox Only,No,,Not Listed On Wikipedia,
2410,FALSE,Revengers,Ron Wasserman,2010,Feb 28 2010,Rock,M,English,RBN1,♥♥♥♥♥   1,♥♥♥♥♥   0,♥♥♥♥♥   3,X,X,♥♥♥♥♥   1,X,X,X,Xbox Only,Xbox Only,No,,"Not Listed On Wikipedia, Missing Pro Drums",
2411,FALSE,Tunnels Of Vision,Sear Bliss,2009,Apr 11 2010,Metal,M,English,RBN1,♥♥♥♥♥   1,♥♥♥♥♥   0,♥♥♥♥♥   2,X,X,♥♥♥♥♥   0,X,X,X,Xbox Only,Xbox Only,No,,"Not Listed On Wikipedia, Missing Pro Drums",
2412,FALSE,Bohemian Like You,The Dandy Warhols,2000,Mar 10 2010,Alternative,M,English,RBN1,♥♥♥♥♥   1,♥♥♥♥♥   0,♥♥♥♥♥   0,X,X,♥♥♥♥♥   2,X,X,X,Xbox Only,Xbox Only,No,,"Not Listed On Wikipedia, Missing Pro Drums",
2413,FALSE,Rehab,Amy Winehouse,2006,Oct 26 2010,R&B/Soul/Funk,F,English,RB3,♥♥♥♥♥   0,♥♥♥♥♥   1,♥♥♥♥♥   4,♥♥♥♥♥   4,♥♥♥♥♥   4,♥♥♥♥♥   3,3,♥♥♥♥♥   0,♥♥♥♥♥   3,No,Yes,Yes,,,
2414,FALSE,Caught in a Mosh,Anthrax,1987,Oct 26 2010,Metal,M,English,RB3,♥♥♥♥♥   6,♥♥♥♥♥   6,♥♥♥♥♥   6,X,X,♥♥♥♥♥   5,3,♥♥♥♥♥   6,♥♥♥♥♥   6,No,Yes,Import Only,,,
2415,FALSE,One Armed Scissor,At the Drive-In,2000,Oct 26 2010,Rock,M,English,RB3,♥♥♥♥♥   5,♥♥♥♥♥   4,♥♥♥♥♥   5,X,X,♥♥♥♥♥   6,2,♥♥♥♥♥   3,♥♥♥♥♥   5,No,Yes,Import Only,,,
2416,FALSE,Beast and the Harlot,Avenged Sevenfold,2005,Oct 26 2010,Metal,M,English,RB3,♥♥♥♥♥   5,♥♥♥♥♥   6,♥♥♥♥♥   6,X,X,♥♥♥♥♥   5,3,♥♥♥♥♥   6,♥♥♥♥♥   6,No,Yes,Yes,VR,,
2417,FALSE,Rock Lobster,The B-52's,1979,Oct 26 2010,New Wave,M,English,RB3,♥♥♥♥♥   4,♥♥♥♥♥   2,♥♥♥♥♥   5,♥♥♥♥♥   1,♥♥♥♥♥   1,♥♥♥♥♥   5,3,♥♥♥♥♥   1,♥♥♥♥♥   2,No,Yes,Import Only,,,
2418,FALSE,Good Vibrations (Live),The Beach Boys,1968,Oct 26 2010,Classic Rock,M,English,RB3,♥♥♥♥♥   1,♥♥♥♥♥   1,♥♥♥♥♥   1,♥♥♥♥♥   3,♥♥♥♥♥   4,♥♥♥♥♥   6,3,♥♥♥♥♥   1,♥♥♥♥♥   2,No,Yes,Import Only,,,
2419,FALSE,In a Big Country,Big Country,1983,Oct 26 2010,New Wave,M,English,RB3,♥♥♥♥♥   3,♥♥♥♥♥   6,♥♥♥♥♥   1,♥♥♥♥♥   4,♥♥♥♥♥   5,♥♥♥♥♥   2,3,♥♥♥♥♥   6,♥♥♥♥♥   4,No,Yes,Yes,,,
2420,FALSE,Heart of Glass,Blondie,1978,Oct 26 2010,New Wave,F,English,RB3,♥♥♥♥♥   2,♥♥♥♥♥   1,♥♥♥♥♥   4,♥♥♥♥♥   1,♥♥♥♥♥   1,♥♥♥♥♥   3,2,♥♥♥♥♥   3,♥♥♥♥♥   2,No,Yes,Import Only,,,
2421,FALSE,"Get Up, Stand Up",Bob Marley and the Wailers,1973,Oct 26 2010,Reggae/Ska,M,English,RB3,♥♥♥♥♥   1,♥♥♥♥♥   4,♥♥♥♥♥   2,♥♥♥♥♥   3,♥♥♥♥♥   2,♥♥♥♥♥   5,3,♥♥♥♥♥   0,♥♥♥♥♥   3,No,Yes,Import Only,,,
2422,FALSE,False Alarm,The Bronx,2003,Oct 26 2010,Punk,M,English,RB3,♥♥♥♥♥   5,♥♥♥♥♥   4,♥♥♥♥♥   5,X,X,♥♥♥♥♥   1,X,♥♥♥♥♥   2,♥♥♥♥♥   4,No,Yes,Import Only,,,
2423,FALSE,25 or 6 to 4,Chicago,1970,Oct 26 2010,Classic Rock,M,English,RB3,♥♥♥♥♥   6,♥♥♥♥♥   5,♥♥♥♥♥   6,♥♥♥♥♥   5,♥♥♥♥♥   4,♥♥♥♥♥   4,3,♥♥♥♥♥   6,♥♥♥♥♥   5,No,Yes,Import Only,,,
2424,FALSE,Just Like Heaven,The Cure,1987,Oct 26 2010,New Wave,M,English,RB3,♥♥♥♥♥   1,♥♥♥♥♥   0,♥♥♥♥♥   0,♥♥♥♥♥   0,♥♥♥♥♥   1,♥♥♥♥♥   1,2,♥♥♥♥♥   5,♥♥♥♥♥   0,No,Yes,Import Only,,,
2425,FALSE,Space Oddity,David Bowie,1969,Oct 26 2010,Glam,M,English,RB3,♥♥♥♥♥   1,♥♥♥♥♥   2,♥♥♥♥♥   1,♥♥♥♥♥   3,♥♥♥♥♥   3,♥♥♥♥♥   1,3,♥♥♥♥♥   1,♥♥♥♥♥   6,No,Yes,Yes,,,
2426,FALSE,Smoke on the Water,Deep Purple,1972,Oct 26 2010,Prog,M,English,RB3,♥♥♥♥♥   0,♥♥♥♥♥   0,♥♥♥♥♥   6,♥♥♥♥♥   5,♥♥♥♥♥   5,♥♥♥♥♥   1,2,♥♥♥♥♥   4,♥♥♥♥♥   6,No,Yes,Import Only,,,
2427,FALSE,Foolin',Def Leppard,1983,Oct 26 2010,Rock,M,English,RB3,♥♥♥♥♥   4,♥♥♥♥♥   4,♥♥♥♥♥   2,♥♥♥♥♥   2,♥♥♥♥♥   2,♥♥♥♥♥   6,3,♥♥♥♥♥   4,♥♥♥♥♥   2,No,Yes,Import Only,,,
2428,FALSE,Whip It,Devo,1980,Oct 26 2010,New Wave,M,English,RB3,♥♥♥♥♥   2,♥♥♥♥♥   3,♥♥♥♥♥   3,♥♥♥♥♥   0,♥♥♥♥♥   0,♥♥♥♥♥   0,2,♥♥♥♥♥   1,♥♥♥♥♥   1,No,Yes,Import Only,,,
2429,FALSE,Rainbow in the Dark,Dio,1983,Oct 26 2010,Metal,M,English,RB3,♥♥♥♥♥   6,♥♥♥♥♥   4,♥♥♥♥♥   2,♥♥♥♥♥   1,♥♥♥♥♥   0,♥♥♥♥♥   2,2,♥♥♥♥♥   6,♥♥♥♥♥   4,No,Yes,Yes,,,
2430,FALSE,Walk of Life,Dire Straits,1985,Oct 26 2010,Rock,M,English,RB3,♥♥♥♥♥   6,♥♥♥♥♥   5,♥♥♥♥♥   0,♥♥♥♥♥   5,♥♥♥♥♥   2,♥♥♥♥♥   3,3,♥♥♥♥♥   3,♥♥♥♥♥   4,No,Yes,Import Only,,,
2431,FALSE,China Grove,The Doobie Brothers,1973,Oct 26 2010,Classic Rock,M,English,RB3,♥♥♥♥♥   2,♥♥♥♥♥   3,♥♥♥♥♥   3,♥♥♥♥♥   6,♥♥♥♥♥   6,♥♥♥♥♥   3,3,♥♥♥♥♥   5,♥♥♥♥♥   5,No,Yes,Import Only,,,
2432,FALSE,Break on Through (To the Other Side),The Doors,1967,Oct 26 2010,Classic Rock,M,English,RB3,♥♥♥♥♥   3,♥♥♥♥♥   5,♥♥♥♥♥   4,♥♥♥♥♥   4,♥♥♥♥♥   4,♥♥♥♥♥   1,X,♥♥♥♥♥   1,♥♥♥♥♥   3,No,Yes,Import Only,,,
2433,FALSE,King George,Dover,2001,Oct 26 2010,Rock,F,English,RB3,♥♥♥♥♥   4,♥♥♥♥♥   3,♥♥♥♥♥   4,X,X,♥♥♥♥♥   3,3,♥♥♥♥♥   3,♥♥♥♥♥   3,No,Yes,Import Only,,,
2434,FALSE,The Killing Moon,Echo & The Bunnymen,1984,Oct 26 2010,New Wave,M,English,RB3,♥♥♥♥♥   4,♥♥♥♥♥   3,♥♥♥♥♥   5,♥♥♥♥♥   2,♥♥♥♥♥   2,♥♥♥♥♥   3,X,♥♥♥♥♥   3,♥♥♥♥♥   0,No,Yes,Import Only,,,
2435,FALSE,Saturday Night's Alright for Fighting,Elton John,1973,Oct 26 2010,Classic Rock,M,English,RB3,♥♥♥♥♥   5,♥♥♥♥♥   5,♥♥♥♥♥   2,♥♥♥♥♥   6,♥♥♥♥♥   6,♥♥♥♥♥   2,X,♥♥♥♥♥   5,♥♥♥♥♥   5,No,Yes,Yes,,,
2436,FALSE,Midlife Crisis,Faith No More,1992,Oct 26 2010,Rock,M,English,RB3,♥♥♥♥♥   1,♥♥♥♥♥   1,♥♥♥♥♥   3,♥♥♥♥♥   1,♥♥♥♥♥   3,♥♥♥♥♥   4,3,♥♥♥♥♥   0,♥♥♥♥♥   1,No,Yes,Import Only,,,
2437,FALSE,"Hey Man, Nice Shot",Filter,1995,Oct 26 2010,Alternative,M,English,RB3,♥♥♥♥♥   3,♥♥♥♥♥   6,♥♥♥♥♥   1,X,X,♥♥♥♥♥   2,X,♥♥♥♥♥   3,♥♥♥♥♥   3,No,Yes,Import Only,,,
2438,FALSE,Yoshimi Battles the Pink Robots Pt. 1,The Flaming Lips,2002,Oct 26 2010,Alternative,M,English,RB3,♥♥♥♥♥   2,♥♥♥♥♥   0,♥♥♥♥♥   1,♥♥♥♥♥   1,♥♥♥♥♥   2,♥♥♥♥♥   0,3,♥♥♥♥♥   0,♥♥♥♥♥   0,No,Yes,Import Only,,,
2439,FALSE,Cold as Ice,Foreigner,1977,Oct 26 2010,Classic Rock,M,English,RB3,♥♥♥♥♥   0,♥♥♥♥♥   2,♥♥♥♥♥   3,♥♥♥♥♥   6,♥♥♥♥♥   5,♥♥♥♥♥   4,3,♥♥♥♥♥   5,♥♥♥♥♥   1,No,Yes,Import Only,,,
2440,FALSE,Radar Love,Golden Earring,1973,Oct 26 2010,Classic Rock,M,English,RB3,♥♥♥♥♥   6,♥♥♥♥♥   5,♥♥♥♥♥   6,♥♥♥♥♥   0,♥♥♥♥♥   0,♥♥♥♥♥   1,3,♥♥♥♥♥   5,♥♥♥♥♥   3,No,Yes,Import Only,,,
2441,FALSE,Killing Loneliness,HIM,2005,Oct 26 2010,Alternative,M,English,RB3,♥♥♥♥♥   5,♥♥♥♥♥   2,♥♥♥♥♥   1,♥♥♥♥♥   3,♥♥♥♥♥   3,♥♥♥♥♥   2,3,♥♥♥♥♥   4,♥♥♥♥♥   1,No,Yes,Import Only,,"The artist was initally listed as H.I.M. which made it not combine with the other songs from HIM (RB2DLC), this was changed in RB4",
2442,FALSE,The Power of Love,Huey Lewis and the News,1985,Oct 26 2010,Rock,M,English,RB3,♥♥♥♥♥   5,♥♥♥♥♥   4,♥♥♥♥♥   0,♥♥♥♥♥   3,♥♥♥♥♥   3,♥♥♥♥♥   5,3,♥♥♥♥♥   5,♥♥♥♥♥   4,No,Yes,Import Only,,,
2443,FALSE,Viva la Resistance,Hypernova,2010,Oct 26 2010,Indie Rock,M,English,RB3,♥♥♥♥♥   4,♥♥♥♥♥   4,♥♥♥♥♥   6,X,X,♥♥♥♥♥   4,2,♥♥♥♥♥   3,♥♥♥♥♥   2,No,Yes,Import Only,,,
2444,FALSE,Oh My God,Ida Maria,2008,Oct 26 2010,Alternative,F,English,RB3,♥♥♥♥♥   3,♥♥♥♥♥   3,♥♥♥♥♥   4,♥♥♥♥♥   0,♥♥♥♥♥   0,♥♥♥♥♥   4,3,♥♥♥♥♥   3,♥♥♥♥♥   4,No,Yes,Import Only,,,
2445,FALSE,Need You Tonight,INXS,1987,Oct 26 2010,Pop-Rock,M,English,RB3,♥♥♥♥♥   0,♥♥♥♥♥   0,♥♥♥♥♥   4,♥♥♥♥♥   0,♥♥♥♥♥   0,♥♥♥♥♥   5,3,♥♥♥♥♥   2,♥♥♥♥♥   1,No,Yes,Import Only,,,
2446,FALSE,Centerfold,The J. Geils Band,1981,Oct 26 2010,Rock,M,English,RB3,♥♥♥♥♥   2,♥♥♥♥♥   4,♥♥♥♥♥   0,♥♥♥♥♥   4,♥♥♥♥♥   4,♥♥♥♥♥   5,3,♥♥♥♥♥   2,♥♥♥♥♥   5,No,Yes,Yes,,,
2447,FALSE,I Got You (I Feel Good),James Brown,1974,Oct 26 2010,R&B/Soul/Funk,M,English,RB3,♥♥♥♥♥   4,♥♥♥♥♥   6,♥♥♥♥♥   3,♥♥♥♥♥   6,♥♥♥♥♥   6,♥♥♥♥♥   6,X,♥♥♥♥♥   2,♥♥♥♥♥   4,No,Yes,Import Only,,,
2448,FALSE,Been Caught Stealing,Jane's Addiction,1990,Oct 26 2010,Alternative,M,English,RB3,♥♥♥♥♥   6,♥♥♥♥♥   5,♥♥♥♥♥   5,X,X,♥♥♥♥♥   5,3,♥♥♥♥♥   5,♥♥♥♥♥   3,No,Yes,Import Only,,,
2449,FALSE,Crosstown Traffic,The Jimi Hendrix Experience,1968,Oct 26 2010,Classic Rock,M,English,RB3,♥♥♥♥♥   5,♥♥♥♥♥   4,♥♥♥♥♥   4,♥♥♥♥♥   5,♥♥♥♥♥   5,♥♥♥♥♥   6,3,♥♥♥♥♥   6,♥♥♥♥♥   5,No,Yes,Import Only,,,
2450,FALSE,I Love Rock N' Roll,Joan Jett & The Blackhearts,1981,Oct 26 2010,Punk,F,English,RB3,♥♥♥♥♥   1,♥♥♥♥♥   0,♥♥♥♥♥   0,♥♥♥♥♥   1,♥♥♥♥♥   1,♥♥♥♥♥   0,2,♥♥♥♥♥   0,♥♥♥♥♥   0,No,Yes,Import Only,,,
2451,FALSE,Imagine,John Lennon,1971,Oct 26 2010,Classic Rock,M,English,RB3,X,♥♥♥♥♥   0,♥♥♥♥♥   0,♥♥♥♥♥   2,♥♥♥♥♥   2,♥♥♥♥♥   0,X,X,♥♥♥♥♥   0,No,Yes,Import Only,,"In RB4, Guitar plays the 5L Keys chart",
2452,FALSE,Me Enamora,Juanes,2007,Oct 26 2010,Pop-Rock,M,Spanish,RB3,♥♥♥♥♥   1,♥♥♥♥♥   1,♥♥♥♥♥   4,♥♥♥♥♥   4,♥♥♥♥♥   4,♥♥♥♥♥   6,3,♥♥♥♥♥   2,♥♥♥♥♥   6,No,Yes,Import Only,,,
2453,FALSE,Free Bird,Lynyrd Skynyrd,1973,Oct 26 2010,Southern Rock,M,English,RB3,♥♥♥♥♥   6,♥♥♥♥♥   6,♥♥♥♥♥   3,♥♥♥♥♥   6,♥♥♥♥♥   6,♥♥♥♥♥   0,X,♥♥♥♥♥   6,♥♥♥♥♥   6,No,Yes,Yes,,,
2454,FALSE,Oye Mi Amor,Maná,1992,Oct 26 2010,Pop-Rock,M,Spanish,RB3,♥♥♥♥♥   1,♥♥♥♥♥   1,♥♥♥♥♥   3,♥♥♥♥♥   2,♥♥♥♥♥   2,♥♥♥♥♥   4,2,♥♥♥♥♥   5,♥♥♥♥♥   1,No,Yes,Import Only,,,
2455,FALSE,The Beautiful People,Marilyn Manson,1996,Oct 26 2010,Metal,M,English,RB3,♥♥♥♥♥   3,♥♥♥♥♥   3,♥♥♥♥♥   5,♥♥♥♥♥   0,♥♥♥♥♥   0,♥♥♥♥♥   2,2,♥♥♥♥♥   0,♥♥♥♥♥   0,No,Yes,Import Only,,,
2456,FALSE,Combat Baby,Metric,2003,Oct 26 2010,Indie Rock,F,English,RB3,♥♥♥♥♥   3,♥♥♥♥♥   3,♥♥♥♥♥   3,♥♥♥♥♥   0,♥♥♥♥♥   0,♥♥♥♥♥   4,X,♥♥♥♥♥   3,♥♥♥♥♥   6,No,Yes,Import Only,,,
2457,FALSE,Outer Space,The Muffs,1997,Oct 26 2010,Pop-Rock,F,English,RB3,♥♥♥♥♥   0,♥♥♥♥♥   0,♥♥♥♥♥   0,X,X,♥♥♥♥♥   5,3,♥♥♥♥♥   1,♥♥♥♥♥   2,No,Yes,Import Only,,,
2458,FALSE,Sister Christian,Night Ranger,1983,Oct 26 2010,Rock,M,English,RB3,♥♥♥♥♥   5,♥♥♥♥♥   0,♥♥♥♥♥   1,♥♥♥♥♥   5,♥♥♥♥♥   6,♥♥♥♥♥   2,3,♥♥♥♥♥   2,♥♥♥♥♥   0,No,Yes,Import Only,,,
2459,FALSE,Crazy Train,Ozzy Osbourne,1980,Oct 26 2010,Metal,M,English,RB3,♥♥♥♥♥   6,♥♥♥♥♥   6,♥♥♥♥♥   6,X,X,♥♥♥♥♥   0,2,♥♥♥♥♥   6,♥♥♥♥♥   5,No,Yes,Import Only,,,
2460,FALSE,Misery Business,Paramore,2007,Oct 26 2010,Pop-Rock,F,English,RB3,♥♥♥♥♥   3,♥♥♥♥♥   4,♥♥♥♥♥   5,X,X,♥♥♥♥♥   6,3,♥♥♥♥♥   4,♥♥♥♥♥   3,No,Yes,Yes,,,
2461,FALSE,Llama,Phish,1992,Oct 26 2010,Rock,M,English,RB3,♥♥♥♥♥   6,♥♥♥♥♥   6,♥♥♥♥♥   6,♥♥♥♥♥   6,♥♥♥♥♥   6,♥♥♥♥♥   6,3,♥♥♥♥♥   6,♥♥♥♥♥   6,No,Yes,Import Only,,,
2462,FALSE,Lasso,Phoenix,2009,Oct 26 2010,Alternative,M,English,RB3,♥♥♥♥♥   5,♥♥♥♥♥   5,♥♥♥♥♥   4,X,X,♥♥♥♥♥   6,X,♥♥♥♥♥   4,♥♥♥♥♥   4,No,Yes,Import Only,,,
2463,FALSE,Don't Stand So Close to Me,The Police,1980,Oct 26 2010,Rock,M,English,RB3,♥♥♥♥♥   4,♥♥♥♥♥   3,♥♥♥♥♥   1,♥♥♥♥♥   2,♥♥♥♥♥   3,♥♥♥♥♥   4,3,♥♥♥♥♥   5,♥♥♥♥♥   1,No,Yes,Import Only,,,
2464,FALSE,Antibodies,Poni Hoax,2008,Oct 26 2010,New Wave,M,English,RB3,♥♥♥♥♥   2,♥♥♥♥♥   6,♥♥♥♥♥   3,♥♥♥♥♥   6,♥♥♥♥♥   6,♥♥♥♥♥   1,X,♥♥♥♥♥   1,♥♥♥♥♥   6,No,Yes,Import Only,,,
2465,FALSE,"Something Bigger, Something Brighter",Pretty Girls Make Graves,2003,Oct 26 2010,Indie Rock,F,English,RB3,♥♥♥♥♥   6,♥♥♥♥♥   1,♥♥♥♥♥   3,♥♥♥♥♥   4,♥♥♥♥♥   4,♥♥♥♥♥   0,2,♥♥♥♥♥   4,♥♥♥♥♥   2,No,Yes,Import Only,,,
2466,FALSE,Jerry Was a Race Car Driver,Primus,1991,Oct 26 2010,Alternative,M,English,RB3,♥♥♥♥♥   2,♥♥♥♥♥   5,♥♥♥♥♥   6,X,X,♥♥♥♥♥   0,X,♥♥♥♥♥   5,♥♥♥♥♥   6,No,Yes,Import Only,,,
2467,FALSE,Bohemian Rhapsody,Queen,1975,Oct 26 2010,Classic Rock,M,English,RB3,♥♥♥♥♥   4,♥♥♥♥♥   4,♥♥♥♥♥   3,♥♥♥♥♥   6,♥♥♥♥♥   6,♥♥♥♥♥   6,3,♥♥♥♥♥   6,♥♥♥♥♥   5,No,Yes,Import Only,,,
2468,FALSE,No One Knows,Queens of the Stone Age,2002,Oct 26 2010,Alternative,M,English,RB3,♥♥♥♥♥   5,♥♥♥♥♥   6,♥♥♥♥♥   6,X,X,♥♥♥♥♥   3,3,♥♥♥♥♥   5,♥♥♥♥♥   5,No,Yes,Yes,,,
2469,FALSE,Du Hast,Rammstein,1997,Oct 26 2010,Metal,M,German,RB3,♥♥♥♥♥   2,♥♥♥♥♥   1,♥♥♥♥♥   4,♥♥♥♥♥   5,♥♥♥♥♥   5,♥♥♥♥♥   3,3,♥♥♥♥♥   1,♥♥♥♥♥   1,No,Yes,Import Only,,,
2470,FALSE,I Wanna Be Sedated,Ramones,1978,Oct 26 2010,Punk,M,English,RB3,♥♥♥♥♥   2,♥♥♥♥♥   1,♥♥♥♥♥   0,X,X,♥♥♥♥♥   0,X,♥♥♥♥♥   0,♥♥♥♥♥   0,No,Yes,Yes,VR,,
2471,FALSE,Last Dance,The Raveonettes,2009,Oct 26 2010,Indie Rock,F,English,RB3,♥♥♥♥♥   0,♥♥♥♥♥   0,♥♥♥♥♥   1,♥♥♥♥♥   2,♥♥♥♥♥   1,♥♥♥♥♥   1,3,♥♥♥♥♥   0,♥♥♥♥♥   4,No,Yes,Import Only,,Incorrect Vocal Gender (should be male),
2472,FALSE,Portions for Foxes,Rilo Kiley,2004,Oct 26 2010,Indie Rock,F,English,RB3,♥♥♥♥♥   4,♥♥♥♥♥   2,♥♥♥♥♥   3,♥♥♥♥♥   4,♥♥♥♥♥   4,♥♥♥♥♥   1,3,♥♥♥♥♥   4,♥♥♥♥♥   2,No,Yes,Import Only,,,
2473,FALSE,Don't Bury Me... I'm Still Not Dead,Riverboat Gamblers,2006,Oct 26 2010,Punk,M,English,RB3,♥♥♥♥♥   3,♥♥♥♥♥   2,♥♥♥♥♥   4,X,X,♥♥♥♥♥   2,2,♥♥♥♥♥   2,♥♥♥♥♥   0,No,Yes,Import Only,,,
2474,FALSE,The Look,Roxette,1988,Oct 26 2010,Pop-Rock,M,English,RB3,♥♥♥♥♥   4,♥♥♥♥♥   6,♥♥♥♥♥   2,♥♥♥♥♥   5,♥♥♥♥♥   5,♥♥♥♥♥   1,3,♥♥♥♥♥   3,♥♥♥♥♥   2,No,Yes,Import Only,,,
2475,FALSE,Before I Forget,Slipknot,2004,Oct 26 2010,Nu-Metal,M,English,RB3,♥♥♥♥♥   6,♥♥♥♥♥   5,♥♥♥♥♥   5,♥♥♥♥♥   0,♥♥♥♥♥   0,♥♥♥♥♥   0,2,♥♥♥♥♥   4,♥♥♥♥♥   6,No,Yes,Import Only,,,
2476,FALSE,Walking on the Sun,Smash Mouth,1997,Oct 26 2010,Pop-Rock,M,English,RB3,♥♥♥♥♥   0,♥♥♥♥♥   0,♥♥♥♥♥   0,♥♥♥♥♥   2,♥♥♥♥♥   2,♥♥♥♥♥   3,2,♥♥♥♥♥   1,♥♥♥♥♥   1,No,Yes,Import Only,,,
2477,FALSE,Stop Me If You Think You've Heard This One Before,The Smiths,1987,Oct 26 2010,Indie Rock,M,English,RB3,♥♥♥♥♥   3,♥♥♥♥♥   2,♥♥♥♥♥   0,♥♥♥♥♥   1,♥♥♥♥♥   0,♥♥♥♥♥   3,X,♥♥♥♥♥   2,♥♥♥♥♥   4,No,Yes,Import Only,,,
2478,FALSE,Living in America,The Sounds,2002,Oct 26 2010,New Wave,F,English,RB3,♥♥♥♥♥   0,♥♥♥♥♥   2,♥♥♥♥♥   2,♥♥♥♥♥   3,♥♥♥♥♥   3,♥♥♥♥♥   2,2,♥♥♥♥♥   0,♥♥♥♥♥   1,No,Yes,Import Only,,,
2479,FALSE,In the Meantime,Spacehog,1995,Oct 26 2010,Alternative,M,English,RB3,♥♥♥♥♥   4,♥♥♥♥♥   1,♥♥♥♥♥   4,♥♥♥♥♥   1,♥♥♥♥♥   1,♥♥♥♥♥   5,3,♥♥♥♥♥   5,♥♥♥♥♥   5,No,Yes,Import Only,,,
2480,FALSE,Fly Like an Eagle,Steve Miller Band,1976,Oct 26 2010,Classic Rock,M,English,RB3,♥♥♥♥♥   0,♥♥♥♥♥   5,♥♥♥♥♥   5,♥♥♥♥♥   5,♥♥♥♥♥   5,♥♥♥♥♥   1,2,♥♥♥♥♥   1,♥♥♥♥♥   5,No,Yes,Import Only,,,
2481,FALSE,Plush,Stone Temple Pilots,1992,Oct 26 2010,Alternative,M,English,RB3,♥♥♥♥♥   3,♥♥♥♥♥   2,♥♥♥♥♥   2,X,X,♥♥♥♥♥   2,X,♥♥♥♥♥   4,♥♥♥♥♥   4,No,Yes,Yes,VR,,
2482,FALSE,This Bastard's Life,Swingin' Utters,1998,Oct 26 2010,Punk,M,English,RB3,♥♥♥♥♥   2,♥♥♥♥♥   5,♥♥♥♥♥   1,♥♥♥♥♥   5,♥♥♥♥♥   5,♥♥♥♥♥   2,3,♥♥♥♥♥   3,♥♥♥♥♥   3,No,Yes,Import Only,,,
2483,FALSE,20th Century Boy,T. Rex,1973,Oct 26 2010,Glam,M,English,RB3,♥♥♥♥♥   4,♥♥♥♥♥   3,♥♥♥♥♥   2,♥♥♥♥♥   4,♥♥♥♥♥   5,♥♥♥♥♥   4,3,♥♥♥♥♥   2,♥♥♥♥♥   4,No,Yes,Import Only,,,
2484,FALSE,Everybody Wants to Rule the World,Tears for Fears,1985,Oct 26 2010,New Wave,M,English,RB3,♥♥♥♥♥   1,♥♥♥♥♥   3,♥♥♥♥♥   5,♥♥♥♥♥   2,♥♥♥♥♥   2,♥♥♥♥♥   3,2,♥♥♥♥♥   4,♥♥♥♥♥   0,No,Yes,Import Only,,,
2485,FALSE,The Con,Tegan and Sara,2007,Oct 26 2010,Indie Rock,F,English,RB3,♥♥♥♥♥   2,♥♥♥♥♥   2,♥♥♥♥♥   2,♥♥♥♥♥   0,♥♥♥♥♥   1,♥♥♥♥♥   6,2,♥♥♥♥♥   2,♥♥♥♥♥   3,No,Yes,Import Only,,,
2486,FALSE,Dead End Friends,Them Crooked Vultures,2009,Oct 26 2010,Rock,M,English,RB3,♥♥♥♥♥   5,♥♥♥♥♥   5,♥♥♥♥♥   5,♥♥♥♥♥   4,♥♥♥♥♥   4,♥♥♥♥♥   4,2,♥♥♥♥♥   6,♥♥♥♥♥   5,No,Yes,Import Only,,,
2487,FALSE,Humanoid,Tokio Hotel,2009,Oct 26 2010,Pop-Rock,M,English,RB3,♥♥♥♥♥   3,♥♥♥♥♥   3,♥♥♥♥♥   5,♥♥♥♥♥   3,♥♥♥♥♥   1,♥♥♥♥♥   6,3,♥♥♥♥♥   4,♥♥♥♥♥   3,No,Yes,Import Only,,,
2488,FALSE,I Need to Know,Tom Petty and the Heartbreakers,1978,Oct 26 2010,Rock,M,English,RB3,♥♥♥♥♥   3,♥♥♥♥♥   2,♥♥♥♥♥   1,♥♥♥♥♥   3,♥♥♥♥♥   3,♥♥♥♥♥   3,2,♥♥♥♥♥   2,♥♥♥♥♥   2,No,Yes,Import Only,,,
2489,FALSE,Get Free,The Vines,2002,Oct 26 2010,Rock,M,English,RB3,♥♥♥♥♥   1,♥♥♥♥♥   2,♥♥♥♥♥   2,X,X,♥♥♥♥♥   4,3,♥♥♥♥♥   1,♥♥♥♥♥   2,No,Yes,Import Only,,,
2490,FALSE,Low Rider,WAR,1975,Oct 26 2010,R&B/Soul/Funk,M,English,RB3,♥♥♥♥♥   0,♥♥♥♥♥   3,♥♥♥♥♥   0,♥♥♥♥♥   3,♥♥♥♥♥   3,♥♥♥♥♥   1,X,♥♥♥♥♥   0,♥♥♥♥♥   1,No,Yes,Yes,,,
2491,FALSE,Werewolves of London,Warren Zevon,1978,Oct 26 2010,Classic Rock,M,English,RB3,♥♥♥♥♥   1,♥♥♥♥♥   4,♥♥♥♥♥   1,♥♥♥♥♥   1,♥♥♥♥♥   1,♥♥♥♥♥   0,X,♥♥♥♥♥   2,♥♥♥♥♥   0,No,Yes,Import Only,,,
2492,FALSE,The Hardest Button to Button,The White Stripes,2003,Oct 26 2010,Rock,M,English,RB3,♥♥♥♥♥   0,♥♥♥♥♥   0,♥♥♥♥♥   2,X,X,♥♥♥♥♥   5,X,♥♥♥♥♥   0,♥♥♥♥♥   1,No,Yes,Import Only,,,
2493,FALSE,Here I Go Again,Whitesnake,1987,Oct 26 2010,Glam,M,English,RB3,♥♥♥♥♥   5,♥♥♥♥♥   1,♥♥♥♥♥   2,♥♥♥♥♥   2,♥♥♥♥♥   3,♥♥♥♥♥   4,2,♥♥♥♥♥   4,♥♥♥♥♥   2,No,Yes,Yes,,,
2494,FALSE,I Can See for Miles,The Who,1967,Oct 26 2010,Classic Rock,M,English,RB3,♥♥♥♥♥   2,♥♥♥♥♥   1,♥♥♥♥♥   6,X,X,♥♥♥♥♥   2,3,♥♥♥♥♥   3,♥♥♥♥♥   3,No,Yes,Yes,,,
2495,FALSE,Roundabout,Yes,1971,Oct 26 2010,Prog,M,English,RB3,♥♥♥♥♥   6,♥♥♥♥♥   6,♥♥♥♥♥   6,♥♥♥♥♥   6,♥♥♥♥♥   6,♥♥♥♥♥   5,3,♥♥♥♥♥   6,♥♥♥♥♥   6,No,Yes,Yes,,,
2496,FALSE,Light My Fire,The Doors,1967,Oct 26 2010,Classic Rock,M,English,DLC3,♥♥♥♥♥   4,♥♥♥♥♥   1,♥♥♥♥♥   4,♥♥♥♥♥   5,♥♥♥♥♥   6,♥♥♥♥♥   3,X,♥♥♥♥♥   5,♥♥♥♥♥   5,No,Yes,Yes,,,
2497,FALSE,Riders on the Storm,The Doors,1971,Oct 26 2010,Classic Rock,M,English,DLC3,♥♥♥♥♥   2,♥♥♥♥♥   1,♥♥♥♥♥   2,♥♥♥♥♥   5,♥♥♥♥♥   5,♥♥♥♥♥   1,X,♥♥♥♥♥   2,♥♥♥♥♥   2,No,Yes,Yes,,,
2498,FALSE,Touch Me,The Doors,1969,Oct 26 2010,Classic Rock,M,English,DLC3,♥♥♥♥♥   3,♥♥♥♥♥   2,♥♥♥♥♥   5,♥♥♥♥♥   6,♥♥♥♥♥   6,♥♥♥♥♥   2,X,♥♥♥♥♥   1,♥♥♥♥♥   2,No,Yes,Yes,,,
2499,FALSE,"Hello, I Love You",The Doors,1968,Oct 26 2010,Classic Rock,M,English,DLC3,♥♥♥♥♥   1,♥♥♥♥♥   2,♥♥♥♥♥   4,♥♥♥♥♥   4,♥♥♥♥♥   4,♥♥♥♥♥   3,2,X,X,No,Yes,Yes,,,
2500,FALSE,L.A. Woman,The Doors,1971,Oct 26 2010,Classic Rock,M,English,DLC3,♥♥♥♥♥   4,♥♥♥♥♥   3,♥♥♥♥♥   4,♥♥♥♥♥   6,♥♥♥♥♥   6,♥♥♥♥♥   3,X,X,X,No,Yes,Yes,,,
2501,FALSE,Love Her Madly,The Doors,1971,Oct 26 2010,Classic Rock,M,English,DLC3,♥♥♥♥♥   3,♥♥♥♥♥   3,♥♥♥♥♥   4,♥♥♥♥♥   4,♥♥♥♥♥   5,♥♥♥♥♥   2,X,X,X,No,Yes,Yes,,,
2502,FALSE,Love Me Two Times,The Doors,1967,Oct 26 2010,Classic Rock,M,English,DLC3,♥♥♥♥♥   4,♥♥♥♥♥   2,♥♥♥♥♥   3,♥♥♥♥♥   4,♥♥♥♥♥   4,♥♥♥♥♥   3,X,X,X,No,Yes,Yes,,,
2503,FALSE,Peace Frog,The Doors,1970,Oct 26 2010,Classic Rock,M,English,DLC3,♥♥♥♥♥   4,♥♥♥♥♥   2,♥♥♥♥♥   4,♥♥♥♥♥   4,♥♥♥♥♥   4,♥♥♥♥♥   2,2,X,X,No,Yes,Yes,,,
2504,FALSE,People Are Strange,The Doors,1967,Oct 26 2010,Classic Rock,M,English,DLC3,♥♥♥♥♥   2,♥♥♥♥♥   1,♥♥♥♥♥   2,♥♥♥♥♥   2,♥♥♥♥♥   2,♥♥♥♥♥   1,X,X,X,No,Yes,Yes,,,
2505,FALSE,Roadhouse Blues,The Doors,1970,Oct 26 2010,Classic Rock,M,English,DLC3,♥♥♥♥♥   3,♥♥♥♥♥   2,♥♥♥♥♥   3,♥♥♥♥♥   4,♥♥♥♥♥   4,♥♥♥♥♥   3,X,X,X,No,Yes,Yes,,,
2506,FALSE,Soul Kitchen,The Doors,1967,Oct 26 2010,Classic Rock,M,English,DLC3,♥♥♥♥♥   2,♥♥♥♥♥   1,♥♥♥♥♥   3,♥♥♥♥♥   4,♥♥♥♥♥   3,♥♥♥♥♥   3,3,X,X,No,Yes,Yes,,,
2507,FALSE,The Crystal Ship,The Doors,1967,Oct 26 2010,Classic Rock,M,English,DLC3,♥♥♥♥♥   1,♥♥♥♥♥   1,♥♥♥♥♥   1,♥♥♥♥♥   2,♥♥♥♥♥   4,♥♥♥♥♥   2,X,X,X,No,Yes,Yes,,,
2508,FALSE,Subdivisions,Rush,1982,Nov 2 2010,Prog,M,English,DLC3,♥♥♥♥♥   2,♥♥♥♥♥   4,♥♥♥♥♥   5,♥♥♥♥♥   2,♥♥♥♥♥   3,♥♥♥♥♥   2,2,♥♥♥♥♥   4,♥♥♥♥♥   3,No,Yes,Yes,,,
2509,FALSE,Bad Medicine,Bon Jovi,1988,Nov 9 2010,Rock,M,English,DLC3,♥♥♥♥♥   5,♥♥♥♥♥   3,♥♥♥♥♥   2,♥♥♥♥♥   4,♥♥♥♥♥   4,♥♥♥♥♥   2,3,X,X,No,Yes,Yes,,,
2510,FALSE,Blaze of Glory,Bon Jovi,1990,Nov 9 2010,Rock,M,English,DLC3,♥♥♥♥♥   4,♥♥♥♥♥   2,♥♥♥♥♥   3,♥♥♥♥♥   1,♥♥♥♥♥   1,♥♥♥♥♥   3,3,X,X,No,Yes,Yes,,,
2511,FALSE,Have a Nice Day,Bon Jovi,2005,Nov 9 2010,Rock,M,English,DLC3,♥♥♥♥♥   3,♥♥♥♥♥   2,♥♥♥♥♥   3,♥♥♥♥♥   1,♥♥♥♥♥   1,♥♥♥♥♥   2,3,X,X,No,Yes,Yes,,,
2512,FALSE,I'll Be There for You,Bon Jovi,1988,Nov 9 2010,Rock,M,English,DLC3,♥♥♥♥♥   4,♥♥♥♥♥   2,♥♥♥♥♥   1,♥♥♥♥♥   2,♥♥♥♥♥   2,♥♥♥♥♥   2,2,X,X,No,Yes,Yes,,,
2513,FALSE,It's My Life,Bon Jovi,2000,Nov 9 2010,Rock,M,English,DLC3,♥♥♥♥♥   2,♥♥♥♥♥   2,♥♥♥♥♥   1,♥♥♥♥♥   2,♥♥♥♥♥   1,♥♥♥♥♥   2,3,X,X,No,Yes,Yes,,,
2514,FALSE,Lay Your Hands On Me,Bon Jovi,1988,Nov 9 2010,Rock,M,English,DLC3,♥♥♥♥♥   4,♥♥♥♥♥   3,♥♥♥♥♥   2,♥♥♥♥♥   3,♥♥♥♥♥   2,♥♥♥♥♥   2,3,X,X,No,Yes,Yes,,,
2515,FALSE,Runaway,Bon Jovi,1984,Nov 9 2010,Rock,M,English,DLC3,♥♥♥♥♥   4,♥♥♥♥♥   2,♥♥♥♥♥   2,♥♥♥♥♥   5,♥♥♥♥♥   5,♥♥♥♥♥   3,3,♥♥♥♥♥   3,♥♥♥♥♥   1,No,Yes,Yes,,,
2516,FALSE,We Weren't Born to Follow,Bon Jovi,2009,Nov 9 2010,Rock,M,English,DLC3,♥♥♥♥♥   3,♥♥♥♥♥   2,♥♥♥♥♥   1,♥♥♥♥♥   1,♥♥♥♥♥   1,♥♥♥♥♥   3,3,X,X,No,Yes,Yes,,,
2517,FALSE,Who Says You Can't Go Home,Bon Jovi,2005,Nov 9 2010,Rock,M,English,DLC3,♥♥♥♥♥   3,♥♥♥♥♥   2,♥♥♥♥♥   2,♥♥♥♥♥   2,♥♥♥♥♥   2,♥♥♥♥♥   4,3,X,X,No,Yes,Yes,,,
2518,FALSE,Blue Monday,New Order,1983,Nov 9 2010,New Wave,M,English,DLC3,♥♥♥♥♥   0,♥♥♥♥♥   3,♥♥♥♥♥   4,♥♥♥♥♥   1,♥♥♥♥♥   1,♥♥♥♥♥   1,X,♥♥♥♥♥   0,♥♥♥♥♥   1,No,Yes,Yes,,This song was available earlier to users who had preordered Rock Band 3,
2519,FALSE,Burning Down the House,Talking Heads,1983,Nov 9 2010,New Wave,M,English,DLC3,♥♥♥♥♥   2,♥♥♥♥♥   1,♥♥♥♥♥   3,♥♥♥♥♥   3,♥♥♥♥♥   4,♥♥♥♥♥   2,2,♥♥♥♥♥   1,♥♥♥♥♥   1,No,Yes,Yes,,This song was available earlier to users who had preordered Rock Band 3,
2520,FALSE,My Own Summer (Shove It),Deftones,1997,Nov 9 2010,Nu-Metal,M,English,DLC3,♥♥♥♥♥   3,♥♥♥♥♥   4,♥♥♥♥♥   3,X,X,♥♥♥♥♥   2,2,♥♥♥♥♥   4,♥♥♥♥♥   4,No,Yes,Yes,,This song was available earlier to users who had preordered Rock Band 3,
2521,FALSE,Jive Talkin',Bee Gees,1975,Nov 16 2010,R&B/Soul/Funk,M,English,DLC3,♥♥♥♥♥   2,♥♥♥♥♥   3,♥♥♥♥♥   3,♥♥♥♥♥   2,♥♥♥♥♥   2,♥♥♥♥♥   3,3,X,X,No,Yes,Yes,,,
2522,FALSE,Night Fever,Bee Gees,1977,Nov 16 2010,R&B/Soul/Funk,M,English,DLC3,♥♥♥♥♥   1,♥♥♥♥♥   2,♥♥♥♥♥   3,♥♥♥♥♥   2,♥♥♥♥♥   3,♥♥♥♥♥   4,3,X,X,No,Yes,Yes,,,
2523,FALSE,Stayin' Alive,Bee Gees,1977,Nov 16 2010,R&B/Soul/Funk,M,English,DLC3,♥♥♥♥♥   2,♥♥♥♥♥   2,♥♥♥♥♥   2,♥♥♥♥♥   2,♥♥♥♥♥   3,♥♥♥♥♥   3,3,♥♥♥♥♥   1,♥♥♥♥♥   2,No,Yes,Yes,,,
2524,FALSE,Nights on Broadway,Bee Gees,1975,Nov 16 2010,R&B/Soul/Funk,M,English,DLC3,♥♥♥♥♥   2,♥♥♥♥♥   3,♥♥♥♥♥   4,♥♥♥♥♥   3,♥♥♥♥♥   4,♥♥♥♥♥   6,3,X,X,No,Yes,Yes,,,
2525,FALSE,Tragedy,Bee Gees,1979,Nov 16 2010,R&B/Soul/Funk,M,English,DLC3,♥♥♥♥♥   2,♥♥♥♥♥   2,♥♥♥♥♥   4,♥♥♥♥♥   5,♥♥♥♥♥   5,♥♥♥♥♥   3,3,X,X,No,Yes,Yes,,,
2526,FALSE,You Should Be Dancing,Bee Gees,1976,Nov 16 2010,R&B/Soul/Funk,M,English,DLC3,♥♥♥♥♥   4,♥♥♥♥♥   5,♥♥♥♥♥   4,♥♥♥♥♥   2,♥♥♥♥♥   3,♥♥♥♥♥   3,3,X,X,No,Yes,Yes,,,
2527,FALSE,The Thrill is Gone,B.B. King,1969,Nov 16 2010,Blues,M,English,DLC3,♥♥♥♥♥   1,♥♥♥♥♥   1,♥♥♥♥♥   2,♥♥♥♥♥   3,♥♥♥♥♥   4,♥♥♥♥♥   3,X,♥♥♥♥♥   4,♥♥♥♥♥   1,No,Yes,Yes,,,
2528,FALSE,A Whiter Shade of Pale,Procol Harum,1967,Nov 16 2010,Classic Rock,M,English,DLC3,♥♥♥♥♥   1,♥♥♥♥♥   1,♥♥♥♥♥   2,♥♥♥♥♥   1,♥♥♥♥♥   1,♥♥♥♥♥   3,X,X,X,No,Yes,Yes,,,
2529,FALSE,Crippled Inside,John Lennon,1971,Nov 23 2010,Classic Rock,M,English,DLC3,♥♥♥♥♥   3,♥♥♥♥♥   2,♥♥♥♥♥   3,♥♥♥♥♥   6,♥♥♥♥♥   6,♥♥♥♥♥   2,X,X,X,No,Yes,Yes,,,
2530,FALSE,Jealous Guy,John Lennon,1971,Nov 23 2010,Classic Rock,M,English,DLC3,♥♥♥♥♥   1,♥♥♥♥♥   1,♥♥♥♥♥   0,♥♥♥♥♥   3,♥♥♥♥♥   4,♥♥♥♥♥   2,X,X,X,No,Yes,Yes,,,
2531,FALSE,It's So Hard,John Lennon,1971,Nov 23 2010,Classic Rock,M,English,DLC3,♥♥♥♥♥   2,♥♥♥♥♥   1,♥♥♥♥♥   1,♥♥♥♥♥   2,♥♥♥♥♥   2,♥♥♥♥♥   2,X,X,X,No,Yes,Yes,,,
2532,FALSE,I Don't Wanna Be a Soldier Mama,John Lennon,1971,Nov 23 2010,Classic Rock,M,English,DLC3,♥♥♥♥♥   2,♥♥♥♥♥   3,♥♥♥♥♥   3,♥♥♥♥♥   5,♥♥♥♥♥   6,♥♥♥♥♥   2,X,X,X,No,Yes,Yes,,,
2533,FALSE,Gimme Some Truth,John Lennon,1971,Nov 23 2010,Classic Rock,M,English,DLC3,♥♥♥♥♥   3,♥♥♥♥♥   2,♥♥♥♥♥   2,♥♥♥♥♥   2,♥♥♥♥♥   4,♥♥♥♥♥   2,X,X,X,No,Yes,Yes,,,
2534,FALSE,Oh My Love,John Lennon,1971,Nov 23 2010,Classic Rock,M,English,DLC3,♥♥♥♥♥   1,♥♥♥♥♥   1,X,♥♥♥♥♥   1,♥♥♥♥♥   3,♥♥♥♥♥   1,X,X,X,No,Yes,Yes,,,
2535,FALSE,How Do You Sleep?,John Lennon,1971,Nov 23 2010,Classic Rock,M,English,DLC3,♥♥♥♥♥   3,♥♥♥♥♥   2,♥♥♥♥♥   3,♥♥♥♥♥   5,♥♥♥♥♥   5,♥♥♥♥♥   2,X,♥♥♥♥♥   3,♥♥♥♥♥   0,No,Yes,Yes,,,
2536,FALSE,How?,John Lennon,1971,Nov 23 2010,Classic Rock,M,English,DLC3,♥♥♥♥♥   1,♥♥♥♥♥   1,♥♥♥♥♥   1,♥♥♥♥♥   1,♥♥♥♥♥   2,♥♥♥♥♥   1,X,X,X,No,Yes,Yes,,,
2537,FALSE,Oh Yoko!,John Lennon,1971,Nov 23 2010,Classic Rock,M,English,DLC3,♥♥♥♥♥   2,♥♥♥♥♥   2,♥♥♥♥♥   4,♥♥♥♥♥   6,♥♥♥♥♥   6,♥♥♥♥♥   2,2,X,X,No,Yes,Yes,,,
2538,FALSE,Hold On Loosely,.38 Special,1981,Nov 30 2010,Southern Rock,M,English,DLC3,♥♥♥♥♥   5,♥♥♥♥♥   3,♥♥♥♥♥   2,♥♥♥♥♥   1,♥♥♥♥♥   1,♥♥♥♥♥   3,2,♥♥♥♥♥   4,♥♥♥♥♥   5,No,Yes,Yes,,,
2539,FALSE,Can't Get Enough,Bad Company,1974,Nov 30 2010,Classic Rock,M,English,DLC3,♥♥♥♥♥   4,♥♥♥♥♥   2,♥♥♥♥♥   4,X,X,♥♥♥♥♥   4,X,♥♥♥♥♥   2,♥♥♥♥♥   2,No,Yes,Yes,,,
2540,FALSE,Saturday Night Special,Lynyrd Skynyrd,1975,Nov 30 2010,Southern Rock,M,English,DLC3,♥♥♥♥♥   5,♥♥♥♥♥   3,♥♥♥♥♥   4,♥♥♥♥♥   3,♥♥♥♥♥   2,♥♥♥♥♥   2,2,♥♥♥♥♥   3,♥♥♥♥♥   2,No,Yes,Yes,,,
2541,FALSE,Sweet Home Alabama (Live),Lynyrd Skynyrd,1976,Nov 30 2010,Southern Rock,M,English,DLC3,♥♥♥♥♥   6,♥♥♥♥♥   5,♥♥♥♥♥   3,♥♥♥♥♥   6,♥♥♥♥♥   6,♥♥♥♥♥   3,3,♥♥♥♥♥   6,♥♥♥♥♥   5,No,Yes,Yes,,,
2542,FALSE,Tuesday's Gone,Lynyrd Skynyrd,1973,Nov 30 2010,Southern Rock,M,English,DLC3,♥♥♥♥♥   4,♥♥♥♥♥   4,♥♥♥♥♥   3,♥♥♥♥♥   5,♥♥♥♥♥   5,♥♥♥♥♥   3,3,X,X,No,Yes,Yes,,,
2543,FALSE,What's Your Name?,Lynyrd Skynyrd,1977,Nov 30 2010,Southern Rock,M,English,DLC3,♥♥♥♥♥   5,♥♥♥♥♥   3,♥♥♥♥♥   2,♥♥♥♥♥   5,♥♥♥♥♥   5,♥♥♥♥♥   3,2,♥♥♥♥♥   5,♥♥♥♥♥   3,No,Yes,Yes,,,
2544,FALSE,Hammer to Fall,Queen,1984,Dec 7 2010,Classic Rock,M,English,DLC3,♥♥♥♥♥   3,♥♥♥♥♥   2,♥♥♥♥♥   2,♥♥♥♥♥   1,♥♥♥♥♥   2,♥♥♥♥♥   3,3,♥♥♥♥♥   3,♥♥♥♥♥   2,No,Yes,Yes,,,
2545,FALSE,Keep Yourself Alive,Queen,1973,Dec 7 2010,Classic Rock,M,English,DLC3,♥♥♥♥♥   4,♥♥♥♥♥   2,♥♥♥♥♥   4,X,X,♥♥♥♥♥   3,3,♥♥♥♥♥   5,♥♥♥♥♥   2,No,Yes,Yes,,,
2546,FALSE,Now I'm Here,Queen,1974,Dec 7 2010,Classic Rock,M,English,DLC3,♥♥♥♥♥   3,♥♥♥♥♥   2,♥♥♥♥♥   3,♥♥♥♥♥   1,♥♥♥♥♥   1,♥♥♥♥♥   3,3,♥♥♥♥♥   2,♥♥♥♥♥   3,No,Yes,Yes,,,
2547,FALSE,Play the Game,Queen,1980,Dec 7 2010,Classic Rock,M,English,DLC3,♥♥♥♥♥   3,♥♥♥♥♥   2,♥♥♥♥♥   3,♥♥♥♥♥   2,♥♥♥♥♥   3,♥♥♥♥♥   4,3,♥♥♥♥♥   2,♥♥♥♥♥   2,No,Yes,Yes,,,
2548,FALSE,Tenement Funster,Queen,1974,Dec 7 2010,Classic Rock,M,English,DLC3,♥♥♥♥♥   2,♥♥♥♥♥   2,♥♥♥♥♥   3,♥♥♥♥♥   1,♥♥♥♥♥   1,♥♥♥♥♥   2,3,♥♥♥♥♥   2,♥♥♥♥♥   2,No,Yes,Yes,,,
2549,FALSE,I Want To Break Free (RB3 Version),Queen,1984,Dec 7 2010,Classic Rock,M,English,DLC3,♥♥♥♥♥   2,♥♥♥♥♥   1,♥♥♥♥♥   3,♥♥♥♥♥   3,♥♥♥♥♥   2,♥♥♥♥♥   3,2,♥♥♥♥♥   1,♥♥♥♥♥   2,No,Yes,Yes,,Marked separately as Guitar chart is different on RB2 Version,
2550,FALSE,Somebody to Love (RB3 Version),Queen,1976,Dec 7 2010,Classic Rock,M,English,DLC3,♥♥♥♥♥   3,♥♥♥♥♥   3,♥♥♥♥♥   4,♥♥♥♥♥   4,♥♥♥♥♥   6,♥♥♥♥♥   6,3,♥♥♥♥♥   4,♥♥♥♥♥   3,No,Yes,Yes,,Marked separately as Guitar chart is different on RB2 Version,
2551,FALSE,Big Shot,Billy Joel,1978,Dec 14 2010,Classic Rock,M,English,DLC3,♥♥♥♥♥   2,♥♥♥♥♥   2,♥♥♥♥♥   2,♥♥♥♥♥   3,♥♥♥♥♥   3,♥♥♥♥♥   3,2,♥♥♥♥♥   2,♥♥♥♥♥   1,No,Yes,Yes,,,
2552,FALSE,Captain Jack,Billy Joel,1973,Dec 14 2010,Classic Rock,M,English,DLC3,♥♥♥♥♥   3,♥♥♥♥♥   2,♥♥♥♥♥   3,♥♥♥♥♥   3,♥♥♥♥♥   3,♥♥♥♥♥   2,X,X,X,No,Yes,Yes,,,
2553,FALSE,It's Still Rock and Roll to Me,Billy Joel,1980,Dec 14 2010,Classic Rock,M,English,DLC3,♥♥♥♥♥   2,♥♥♥♥♥   2,♥♥♥♥♥   2,♥♥♥♥♥   2,♥♥♥♥♥   2,♥♥♥♥♥   2,2,X,X,No,Yes,Yes,,,
2554,FALSE,Movin' Out (Anthony's Song),Billy Joel,1977,Dec 14 2010,Classic Rock,M,English,DLC3,♥♥♥♥♥   2,♥♥♥♥♥   2,♥♥♥♥♥   1,♥♥♥♥♥   3,♥♥♥♥♥   3,♥♥♥♥♥   4,3,♥♥♥♥♥   2,♥♥♥♥♥   1,No,Yes,Yes,,,
2555,FALSE,Only the Good Die Young,Billy Joel,1977,Dec 14 2010,Classic Rock,M,English,DLC3,♥♥♥♥♥   3,♥♥♥♥♥   3,♥♥♥♥♥   3,♥♥♥♥♥   4,♥♥♥♥♥   4,♥♥♥♥♥   4,2,♥♥♥♥♥   1,♥♥♥♥♥   3,No,Yes,Yes,,,
2556,FALSE,Piano Man,Billy Joel,1973,Dec 14 2010,Classic Rock,M,English,DLC3,♥♥♥♥♥   4,♥♥♥♥♥   2,♥♥♥♥♥   4,♥♥♥♥♥   4,♥♥♥♥♥   4,♥♥♥♥♥   4,X,X,X,No,Yes,Yes,,,
2557,FALSE,Pressure,Billy Joel,1982,Dec 14 2010,Classic Rock,M,English,DLC3,♥♥♥♥♥   2,♥♥♥♥♥   2,♥♥♥♥♥   3,♥♥♥♥♥   5,♥♥♥♥♥   5,♥♥♥♥♥   2,X,X,X,No,Yes,Yes,,,
2558,FALSE,Say Goodbye to Hollywood,Billy Joel,1976,Dec 14 2010,Classic Rock,M,English,DLC3,♥♥♥♥♥   2,♥♥♥♥♥   1,♥♥♥♥♥   1,♥♥♥♥♥   3,♥♥♥♥♥   3,♥♥♥♥♥   3,3,X,X,No,Yes,Yes,,,
2559,FALSE,The Entertainer,Billy Joel,1974,Dec 14 2010,Classic Rock,M,English,DLC3,♥♥♥♥♥   5,♥♥♥♥♥   3,♥♥♥♥♥   4,♥♥♥♥♥   6,♥♥♥♥♥   6,♥♥♥♥♥   3,X,X,X,No,Yes,Yes,,,
2560,FALSE,The Stranger,Billy Joel,1977,Dec 14 2010,Classic Rock,M,English,DLC3,♥♥♥♥♥   4,♥♥♥♥♥   3,♥♥♥♥♥   4,♥♥♥♥♥   4,♥♥♥♥♥   5,♥♥♥♥♥   3,2,X,X,No,Yes,Yes,,,
2561,FALSE,We Didn't Start the Fire,Billy Joel,1989,Dec 14 2010,Classic Rock,M,English,DLC3,♥♥♥♥♥   2,♥♥♥♥♥   2,♥♥♥♥♥   1,♥♥♥♥♥   1,♥♥♥♥♥   1,♥♥♥♥♥   3,3,X,X,No,Yes,Yes,,,
2562,FALSE,You May Be Right,Billy Joel,1980,Dec 14 2010,Classic Rock,M,English,DLC3,♥♥♥♥♥   3,♥♥♥♥♥   2,♥♥♥♥♥   3,♥♥♥♥♥   4,♥♥♥♥♥   4,♥♥♥♥♥   4,3,X,X,No,Yes,Yes,,,
2563,FALSE,Happy Xmas (War Is Over),"John & Yoko, The Plastic Ono Band",1971,Dec 21 2010,Classic Rock,M,English,DLC3,♥♥♥♥♥   1,♥♥♥♥♥   0,♥♥♥♥♥   1,♥♥♥♥♥   4,♥♥♥♥♥   4,♥♥♥♥♥   2,3,X,X,No,Yes,Yes,,,
2564,FALSE,Peut-Être une Angine,Anaïs,2008,Dec 21 2010,Pop-Rock,F,French,DLC3,♥♥♥♥♥   1,♥♥♥♥♥   1,♥♥♥♥♥   3,♥♥♥♥♥   0,♥♥♥♥♥   0,♥♥♥♥♥   3,2,X,X,No,Yes,Yes,,,
2565,FALSE,Dis-Moi,BB Brunes,2007,Dec 21 2010,Rock,M,French,DLC3,♥♥♥♥♥   2,♥♥♥♥♥   2,♥♥♥♥♥   3,X,X,♥♥♥♥♥   2,2,♥♥♥♥♥   1,♥♥♥♥♥   1,No,Yes,Yes,,,
2566,FALSE,Verdamp Lang Her,BAP,1981,Dec 21 2010,Rock,M,German,DLC3,♥♥♥♥♥   3,♥♥♥♥♥   3,♥♥♥♥♥   3,♥♥♥♥♥   3,♥♥♥♥♥   3,♥♥♥♥♥   2,2,X,X,No,Yes,Yes,,Delisted,
2567,FALSE,Nur ein Wort,Wir sind Helden,2005,Dec 21 2010,Pop-Rock,F,German,DLC3,♥♥♥♥♥   4,♥♥♥♥♥   3,♥♥♥♥♥   4,♥♥♥♥♥   3,♥♥♥♥♥   3,♥♥♥♥♥   3,3,X,X,No,Yes,Yes,,Delisted,
2568,FALSE,Fantasma,Linea 77,2003,Dec 21 2010,Nu-Metal,M,Italian,DLC3,♥♥♥♥♥   4,♥♥♥♥♥   3,♥♥♥♥♥   4,♥♥♥♥♥   0,♥♥♥♥♥   0,♥♥♥♥♥   2,3,X,X,No,Yes,Yes,,,
2569,FALSE,Proibito,Litfiba,1990,Dec 21 2010,Rock,M,Italian,DLC3,♥♥♥♥♥   4,♥♥♥♥♥   2,♥♥♥♥♥   3,♥♥♥♥♥   1,♥♥♥♥♥   2,♥♥♥♥♥   3,2,X,X,No,Yes,Yes,,,
2570,FALSE,Starting to Appreciate,Tutankamon,2010,Dec 21 2010,Indie Rock,M,English,DLC3,♥♥♥♥♥   5,♥♥♥♥♥   2,♥♥♥♥♥   5,X,X,♥♥♥♥♥   2,2,X,X,No,Yes,Yes,,Delisted,
2571,FALSE,Dame Aire,Skizoo,2007,Dec 21 2010,Metal,M,Spanish,DLC3,♥♥♥♥♥   6,♥♥♥♥♥   4,♥♥♥♥♥   5,X,X,♥♥♥♥♥   3,3,X,X,No,Yes,Yes,,,
2572,FALSE,Jerk It Out,Caesars,2005,Dec 21 2010,Indie Rock,M,English,DLC3,♥♥♥♥♥   2,♥♥♥♥♥   2,♥♥♥♥♥   3,♥♥♥♥♥   3,♥♥♥♥♥   3,♥♥♥♥♥   3,3,♥♥♥♥♥   1,♥♥♥♥♥   0,No,Yes,Yes,,Delisted,
2573,FALSE,Maybe I'm Amazed,Paul McCartney,1970,Dec 28 2010,Classic Rock,M,English,DLC3,♥♥♥♥♥   2,♥♥♥♥♥   1,♥♥♥♥♥   3,♥♥♥♥♥   3,♥♥♥♥♥   3,♥♥♥♥♥   4,3,X,X,No,Yes,Yes,,,
2574,FALSE,Band on the Run,Paul McCartney & Wings,1973,Dec 28 2010,Classic Rock,M,English,DLC3,♥♥♥♥♥   3,♥♥♥♥♥   1,♥♥♥♥♥   2,♥♥♥♥♥   2,♥♥♥♥♥   2,♥♥♥♥♥   4,3,X,X,No,Yes,Yes,,Live Version also available ,
2575,FALSE,Helen Wheels,Paul McCartney & Wings,1973,Dec 28 2010,Classic Rock,M,English,DLC3,♥♥♥♥♥   4,♥♥♥♥♥   2,♥♥♥♥♥   4,♥♥♥♥♥   0,♥♥♥♥♥   0,♥♥♥♥♥   2,3,X,X,No,Yes,Yes,,,
2576,FALSE,Let Me Roll It,Paul McCartney & Wings,1973,Dec 28 2010,Classic Rock,M,English,DLC3,♥♥♥♥♥   3,♥♥♥♥♥   1,♥♥♥♥♥   1,♥♥♥♥♥   0,♥♥♥♥♥   1,♥♥♥♥♥   2,3,♥♥♥♥♥   1,♥♥♥♥♥   0,No,Yes,Yes,,,
2577,FALSE,Open My Eyes,Inhabited,2005,Dec 28 2010,Pop-Rock,F,English,DLC3,♥♥♥♥♥   4,♥♥♥♥♥   2,♥♥♥♥♥   4,♥♥♥♥♥   2,♥♥♥♥♥   4,♥♥♥♥♥   3,3,X,X,No,Yes,Yes,,,
2578,FALSE,Cities in Dust,Siouxsie and The Banshees,1986,Dec 28 2010,Pop-Rock,F,English,DLC3,♥♥♥♥♥   3,♥♥♥♥♥   3,♥♥♥♥♥   3,♥♥♥♥♥   1,♥♥♥♥♥   1,♥♥♥♥♥   3,X,♥♥♥♥♥   1,♥♥♥♥♥   1,No,Yes,Yes,,,
2579,FALSE,"Cry, Cry, Cry",Johnny Cash,1955,Jan 4 2011,Country,M,English,DLC3,♥♥♥♥♥   4,♥♥♥♥♥   1,♥♥♥♥♥   4,♥♥♥♥♥   4,♥♥♥♥♥   5,♥♥♥♥♥   2,3,X,X,No,Yes,Yes,,,
2580,FALSE,Don't Take Your Guns to Town,Johnny Cash,1958,Jan 4 2011,Country,M,English,DLC3,♥♥♥♥♥   3,♥♥♥♥♥   1,♥♥♥♥♥   3,♥♥♥♥♥   3,♥♥♥♥♥   3,♥♥♥♥♥   2,X,X,X,No,Yes,Yes,,,
2581,FALSE,Five Feet High and Rising,Johnny Cash,1959,Jan 4 2011,Country,M,English,DLC3,♥♥♥♥♥   1,♥♥♥♥♥   0,♥♥♥♥♥   3,♥♥♥♥♥   3,♥♥♥♥♥   3,♥♥♥♥♥   1,X,X,X,No,Yes,Yes,,,
2582,FALSE,Folsom Prison Blues,Johnny Cash,1955,Jan 4 2011,Country,M,English,DLC3,♥♥♥♥♥   4,♥♥♥♥♥   1,♥♥♥♥♥   5,♥♥♥♥♥   2,♥♥♥♥♥   3,♥♥♥♥♥   2,X,X,X,No,Yes,Yes,,,
2583,FALSE,I Got Stripes,Johnny Cash,1959,Jan 4 2011,Country,M,English,DLC3,♥♥♥♥♥   3,♥♥♥♥♥   1,♥♥♥♥♥   3,♥♥♥♥♥   2,♥♥♥♥♥   2,♥♥♥♥♥   3,3,X,X,No,Yes,Yes,,,
2584,FALSE,I Walk the Line,Johnny Cash,1956,Jan 4 2011,Country,M,English,DLC3,♥♥♥♥♥   1,♥♥♥♥♥   1,♥♥♥♥♥   3,♥♥♥♥♥   3,♥♥♥♥♥   3,♥♥♥♥♥   3,X,♥♥♥♥♥   0,♥♥♥♥♥   1,No,Yes,Yes,,,
2585,FALSE,Tennessee Flat Top Box,Johnny Cash,1961,Jan 4 2011,Country,M,English,DLC3,♥♥♥♥♥   4,♥♥♥♥♥   1,♥♥♥♥♥   4,♥♥♥♥♥   2,♥♥♥♥♥   2,♥♥♥♥♥   1,X,♥♥♥♥♥   5,♥♥♥♥♥   1,No,Yes,Yes,,,
2586,FALSE,The Ballad of Ira Hayes,Johnny Cash,1964,Jan 4 2011,Country,M,English,DLC3,♥♥♥♥♥   2,♥♥♥♥♥   1,♥♥♥♥♥   3,♥♥♥♥♥   1,♥♥♥♥♥   1,♥♥♥♥♥   1,X,X,X,No,Yes,Yes,,,
2587,FALSE,Crawling,Linkin Park,2000,Jan 11 2011,Nu-Metal,M,English,DLC3,♥♥♥♥♥   2,♥♥♥♥♥   1,♥♥♥♥♥   4,♥♥♥♥♥   0,♥♥♥♥♥   1,♥♥♥♥♥   2,2,X,X,No,Yes,Yes,,,
2588,FALSE,In the End,Linkin Park,2000,Jan 11 2011,Nu-Metal,M,English,DLC3,♥♥♥♥♥   1,♥♥♥♥♥   2,♥♥♥♥♥   4,♥♥♥♥♥   1,♥♥♥♥♥   1,♥♥♥♥♥   2,2,♥♥♥♥♥   0,♥♥♥♥♥   2,No,Yes,Yes,,,
2589,FALSE,Numb,Linkin Park,2003,Jan 11 2011,Nu-Metal,M,English,DLC3,♥♥♥♥♥   1,♥♥♥♥♥   0,♥♥♥♥♥   4,♥♥♥♥♥   0,♥♥♥♥♥   1,♥♥♥♥♥   3,3,X,X,No,Yes,Yes,,,
2590,FALSE,Somewhere I Belong,Linkin Park,2003,Jan 11 2011,Nu-Metal,M,English,DLC3,♥♥♥♥♥   1,♥♥♥♥♥   1,♥♥♥♥♥   3,♥♥♥♥♥   2,♥♥♥♥♥   2,♥♥♥♥♥   2,2,X,X,No,Yes,Yes,,,
2591,FALSE,Waiting for the End,Linkin Park,2010,Jan 11 2011,Nu-Metal,M,English,DLC3,♥♥♥♥♥   2,♥♥♥♥♥   1,♥♥♥♥♥   4,♥♥♥♥♥   1,♥♥♥♥♥   1,♥♥♥♥♥   3,3,X,X,No,Yes,Yes,,,
2592,FALSE,What I've Done,Linkin Park,2007,Jan 11 2011,Nu-Metal,M,English,DLC3,♥♥♥♥♥   1,♥♥♥♥♥   0,♥♥♥♥♥   3,♥♥♥♥♥   0,♥♥♥♥♥   0,♥♥♥♥♥   3,3,♥♥♥♥♥   1,♥♥♥♥♥   0,No,Yes,Yes,,,
2593,FALSE,Made of Scars,Stone Sour,2006,Jan 18 2011,Metal,M,English,DLC3,♥♥♥♥♥   4,♥♥♥♥♥   3,♥♥♥♥♥   4,X,X,♥♥♥♥♥   2,2,X,X,No,Yes,Yes,,,
2594,FALSE,Say You'll Haunt Me,Stone Sour,2010,Jan 18 2011,Metal,M,English,DLC3,♥♥♥♥♥   3,♥♥♥♥♥   3,♥♥♥♥♥   4,♥♥♥♥♥   0,♥♥♥♥♥   0,♥♥♥♥♥   2,2,♥♥♥♥♥   4,♥♥♥♥♥   3,No,Yes,Yes,,,
2595,FALSE,Through Glass,Stone Sour,2006,Jan 18 2011,Metal,M,English,DLC3,♥♥♥♥♥   3,♥♥♥♥♥   2,♥♥♥♥♥   4,♥♥♥♥♥   0,♥♥♥♥♥   0,♥♥♥♥♥   2,2,X,X,No,Yes,Yes,,,
2596,FALSE,Blue Jean,David Bowie,1984,Jan 25 2011,Glam,M,English,DLC3,♥♥♥♥♥   3,♥♥♥♥♥   2,♥♥♥♥♥   3,♥♥♥♥♥   1,♥♥♥♥♥   1,♥♥♥♥♥   2,3,X,X,No,Yes,Yes,,,
2597,FALSE,Fame,David Bowie,1975,Jan 25 2011,Glam,M,English,DLC3,♥♥♥♥♥   3,♥♥♥♥♥   1,♥♥♥♥♥   3,X,X,♥♥♥♥♥   2,3,X,X,No,Yes,Yes,,,
2598,FALSE,Modern Love,David Bowie,1983,Jan 25 2011,Glam,M,English,DLC3,♥♥♥♥♥   2,♥♥♥♥♥   3,♥♥♥♥♥   4,♥♥♥♥♥   5,♥♥♥♥♥   5,♥♥♥♥♥   3,3,♥♥♥♥♥   0,♥♥♥♥♥   5,No,Yes,Yes,,,
2599,FALSE,Young Americans,David Bowie,1975,Jan 25 2011,Glam,M,English,DLC3,♥♥♥♥♥   4,♥♥♥♥♥   3,♥♥♥♥♥   4,♥♥♥♥♥   3,♥♥♥♥♥   3,♥♥♥♥♥   4,3,X,X,No,Yes,Yes,,,
2600,FALSE,Ziggy Stardust,David Bowie,1972,Jan 25 2011,Glam,M,English,DLC3,♥♥♥♥♥   3,♥♥♥♥♥   2,♥♥♥♥♥   4,X,X,♥♥♥♥♥   3,X,♥♥♥♥♥   3,♥♥♥♥♥   3,No,Yes,Yes,,,
2601,FALSE,London Calling,The Clash,1979,Feb 1 2011,Punk,M,English,DLC3,♥♥♥♥♥   2,♥♥♥♥♥   2,♥♥♥♥♥   4,X,X,♥♥♥♥♥   1,2,♥♥♥♥♥   2,♥♥♥♥♥   4,No,Yes,Yes,,,
2602,FALSE,Brand New Cadillac,The Clash,1979,Feb 1 2011,Punk,M,English,DLC3,♥♥♥♥♥   3,♥♥♥♥♥   3,♥♥♥♥♥   3,X,X,♥♥♥♥♥   2,X,X,X,No,Yes,Yes,,,
2603,FALSE,Jimmy Jazz,The Clash,1979,Feb 1 2011,Punk,M,English,DLC3,♥♥♥♥♥   3,♥♥♥♥♥   2,♥♥♥♥♥   4,♥♥♥♥♥   3,♥♥♥♥♥   3,♥♥♥♥♥   2,X,X,X,No,Yes,Yes,,,
2604,FALSE,Hateful,The Clash,1979,Feb 1 2011,Punk,M,English,DLC3,♥♥♥♥♥   3,♥♥♥♥♥   3,♥♥♥♥♥   3,♥♥♥♥♥   0,♥♥♥♥♥   0,♥♥♥♥♥   3,3,X,X,No,Yes,Yes,,,
2605,FALSE,Rudie Can't Fail,The Clash,1979,Feb 1 2011,Punk,M,English,DLC3,♥♥♥♥♥   3,♥♥♥♥♥   3,♥♥♥♥♥   4,♥♥♥♥♥   2,♥♥♥♥♥   2,♥♥♥♥♥   4,3,♥♥♥♥♥   3,♥♥♥♥♥   4,No,Yes,Yes,,,
2606,FALSE,Spanish Bombs,The Clash,1979,Feb 1 2011,Punk,M,English,DLC3,♥♥♥♥♥   3,♥♥♥♥♥   3,♥♥♥♥♥   3,♥♥♥♥♥   4,♥♥♥♥♥   5,♥♥♥♥♥   2,2,♥♥♥♥♥   3,♥♥♥♥♥   3,No,Yes,Yes,,,
2607,FALSE,The Right Profile,The Clash,1979,Feb 1 2011,Punk,M,English,DLC3,♥♥♥♥♥   3,♥♥♥♥♥   2,♥♥♥♥♥   4,♥♥♥♥♥   3,♥♥♥♥♥   3,♥♥♥♥♥   2,2,X,X,No,Yes,Yes,,,
2608,FALSE,Lost in the Supermarket,The Clash,1979,Feb 1 2011,Punk,M,English,DLC3,♥♥♥♥♥   2,♥♥♥♥♥   4,♥♥♥♥♥   4,X,X,♥♥♥♥♥   2,2,X,X,No,Yes,Yes,,,
2609,FALSE,Clampdown,The Clash,1979,Feb 1 2011,Punk,M,English,DLC3,♥♥♥♥♥   3,♥♥♥♥♥   3,♥♥♥♥♥   4,♥♥♥♥♥   3,♥♥♥♥♥   3,♥♥♥♥♥   2,3,♥♥♥♥♥   2,♥♥♥♥♥   3,No,Yes,Yes,,,
2610,FALSE,The Guns of Brixton,The Clash,1979,Feb 1 2011,Punk,M,English,DLC3,♥♥♥♥♥   3,♥♥♥♥♥   3,♥♥♥♥♥   3,X,X,♥♥♥♥♥   2,2,X,X,No,Yes,Yes,,,
2611,FALSE,Wrong 'Em Boyo,The Clash,1979,Feb 1 2011,Punk,M,English,DLC3,♥♥♥♥♥   2,♥♥♥♥♥   2,♥♥♥♥♥   4,♥♥♥♥♥   4,♥♥♥♥♥   4,♥♥♥♥♥   4,3,X,X,No,Yes,Yes,,,
2612,FALSE,Death or Glory,The Clash,1979,Feb 1 2011,Punk,M,English,DLC3,♥♥♥♥♥   3,♥♥♥♥♥   3,♥♥♥♥♥   4,X,X,♥♥♥♥♥   3,2,X,X,No,Yes,Yes,,,
2613,FALSE,Koka Kola,The Clash,1979,Feb 1 2011,Punk,M,English,DLC3,♥♥♥♥♥   2,♥♥♥♥♥   2,♥♥♥♥♥   4,X,X,♥♥♥♥♥   4,2,X,X,No,Yes,Yes,,,
2614,FALSE,The Card Cheat,The Clash,1979,Feb 1 2011,Punk,M,English,DLC3,♥♥♥♥♥   1,♥♥♥♥♥   3,♥♥♥♥♥   3,♥♥♥♥♥   3,♥♥♥♥♥   4,♥♥♥♥♥   2,X,♥♥♥♥♥   1,♥♥♥♥♥   1,No,Yes,Yes,,,
2615,FALSE,Lover's Rock,The Clash,1979,Feb 1 2011,Punk,M,English,DLC3,♥♥♥♥♥   4,♥♥♥♥♥   3,♥♥♥♥♥   4,♥♥♥♥♥   3,♥♥♥♥♥   3,♥♥♥♥♥   2,3,X,X,No,Yes,Yes,,,
2616,FALSE,Four Horsemen,The Clash,1979,Feb 1 2011,Punk,M,English,DLC3,♥♥♥♥♥   2,♥♥♥♥♥   3,♥♥♥♥♥   4,♥♥♥♥♥   2,♥♥♥♥♥   2,♥♥♥♥♥   2,3,X,X,No,Yes,Yes,,,
2617,FALSE,I'm Not Down,The Clash,1979,Feb 1 2011,Punk,M,English,DLC3,♥♥♥♥♥   3,♥♥♥♥♥   4,♥♥♥♥♥   4,♥♥♥♥♥   3,♥♥♥♥♥   4,♥♥♥♥♥   3,2,X,X,No,Yes,Yes,,,
2618,FALSE,Revolution Rock,The Clash,1979,Feb 1 2011,Punk,M,English,DLC3,♥♥♥♥♥   4,♥♥♥♥♥   2,♥♥♥♥♥   4,♥♥♥♥♥   4,♥♥♥♥♥   5,♥♥♥♥♥   4,X,X,X,No,Yes,Yes,,,
2619,FALSE,Bend Down Low,Bob Marley and the Wailers,1974,Feb 8 2011,Reggae/Ska,M,English,DLC3,♥♥♥♥♥   1,♥♥♥♥♥   2,♥♥♥♥♥   3,♥♥♥♥♥   1,♥♥♥♥♥   1,♥♥♥♥♥   4,3,X,X,No,Yes,Yes,,,
2620,FALSE,Burnin' and Lootin',Bob Marley and the Wailers,1973,Feb 8 2011,Reggae/Ska,M,English,DLC3,♥♥♥♥♥   1,♥♥♥♥♥   2,♥♥♥♥♥   3,♥♥♥♥♥   4,♥♥♥♥♥   3,♥♥♥♥♥   3,3,X,X,No,Yes,Yes,,,
2621,FALSE,Coming in from the Cold,Bob Marley and the Wailers,1980,Feb 8 2011,Reggae/Ska,M,English,DLC3,♥♥♥♥♥   1,♥♥♥♥♥   2,♥♥♥♥♥   3,♥♥♥♥♥   1,♥♥♥♥♥   1,♥♥♥♥♥   4,3,X,X,No,Yes,Yes,,,
2622,FALSE,Kaya,Bob Marley and the Wailers,1978,Feb 8 2011,Reggae/Ska,M,English,DLC3,♥♥♥♥♥   1,♥♥♥♥♥   2,♥♥♥♥♥   3,♥♥♥♥♥   2,♥♥♥♥♥   2,♥♥♥♥♥   2,3,X,X,No,Yes,Yes,,,
2623,FALSE,Lively Up Yourself,Bob Marley and the Wailers,1974,Feb 8 2011,Reggae/Ska,M,English,DLC3,♥♥♥♥♥   4,♥♥♥♥♥   2,♥♥♥♥♥   3,♥♥♥♥♥   3,♥♥♥♥♥   3,♥♥♥♥♥   3,3,X,X,No,Yes,Yes,,,
2624,FALSE,No More Trouble,Bob Marley and the Wailers,1973,Feb 8 2011,Reggae/Ska,M,English,DLC3,♥♥♥♥♥   2,♥♥♥♥♥   2,♥♥♥♥♥   3,♥♥♥♥♥   1,♥♥♥♥♥   1,♥♥♥♥♥   3,3,X,X,No,Yes,Yes,,,
2625,FALSE,Small Axe,Bob Marley and the Wailers,1973,Feb 8 2011,Reggae/Ska,M,English,DLC3,♥♥♥♥♥   3,♥♥♥♥♥   2,♥♥♥♥♥   3,♥♥♥♥♥   4,♥♥♥♥♥   4,♥♥♥♥♥   3,3,X,X,No,Yes,Yes,,,
2626,FALSE,Them Belly Full (But We Hungry),Bob Marley and the Wailers,1974,Feb 8 2011,Reggae/Ska,M,English,DLC3,♥♥♥♥♥   4,♥♥♥♥♥   2,♥♥♥♥♥   3,♥♥♥♥♥   3,♥♥♥♥♥   3,♥♥♥♥♥   3,3,♥♥♥♥♥   2,♥♥♥♥♥   1,No,Yes,Yes,,,
2627,FALSE,Obsession,Animotion,1984,Feb 11 2011,New Wave,M,English,DLC3,♥♥♥♥♥   2,♥♥♥♥♥   5,♥♥♥♥♥   5,♥♥♥♥♥   2,♥♥♥♥♥   1,♥♥♥♥♥   1,3,X,X,No,Yes,Yes,,,
2628,FALSE,Airplanes,B.o.B (featuring Hayley Williams),2010,Feb 11 2011,Hip-Hop/Rap,M,English,DLC3,♥♥♥♥♥   0,♥♥♥♥♥   0,♥♥♥♥♥   3,♥♥♥♥♥   0,♥♥♥♥♥   1,♥♥♥♥♥   2,3,X,X,No,Yes,Yes,,,
2629,FALSE,Total Eclipse of the Heart,Bonnie Tyler,1983,Feb 11 2011,Pop-Rock,F,English,DLC3,♥♥♥♥♥   4,♥♥♥♥♥   1,♥♥♥♥♥   4,♥♥♥♥♥   3,♥♥♥♥♥   4,♥♥♥♥♥   4,3,X,X,No,Yes,Yes,,,
2630,FALSE,Don't You Want Me,The Human League,1981,Feb 11 2011,Pop/Dance/Electronic,M,English,DLC3,♥♥♥♥♥   2,♥♥♥♥♥   3,♥♥♥♥♥   4,♥♥♥♥♥   3,♥♥♥♥♥   3,♥♥♥♥♥   2,2,X,X,No,Yes,Yes,,,
2631,FALSE,Need You Now,Lady Antebellum,2010,Feb 11 2011,Country,F,English,DLC3,♥♥♥♥♥   1,♥♥♥♥♥   2,♥♥♥♥♥   1,♥♥♥♥♥   1,♥♥♥♥♥   1,♥♥♥♥♥   3,3,X,X,No,Yes,Yes,,,
2632,FALSE,Paradise by the Dashboard Light,Meat Loaf,1977,Feb 11 2011,Classic Rock,M,English,DLC3,♥♥♥♥♥   5,♥♥♥♥♥   5,♥♥♥♥♥   5,♥♥♥♥♥   6,♥♥♥♥♥   6,♥♥♥♥♥   5,3,X,X,No,Yes,Yes,,,
2633,FALSE,Stop Draggin' My Heart Around,Stevie Nicks,1981,Feb 11 2011,Classic Rock,F,English,DLC3,♥♥♥♥♥   3,♥♥♥♥♥   1,♥♥♥♥♥   4,♥♥♥♥♥   3,♥♥♥♥♥   3,♥♥♥♥♥   4,3,♥♥♥♥♥   2,♥♥♥♥♥   1,No,Yes,Yes,,,
2634,FALSE,Fire and Ice,Pat Benatar,1981,Feb 22 2011,Classic Rock,F,English,DLC3,♥♥♥♥♥   3,♥♥♥♥♥   2,♥♥♥♥♥   2,X,X,♥♥♥♥♥   2,2,X,X,No,Yes,Yes,,,
2635,FALSE,Love is a Battlefield,Pat Benatar,1983,Feb 22 2011,Classic Rock,F,English,DLC3,♥♥♥♥♥   4,♥♥♥♥♥   3,♥♥♥♥♥   4,♥♥♥♥♥   1,♥♥♥♥♥   1,♥♥♥♥♥   3,3,X,X,No,Yes,Yes,,,
2636,FALSE,Shadows of the Night,Pat Benatar,1982,Feb 22 2011,Classic Rock,F,English,DLC3,♥♥♥♥♥   3,♥♥♥♥♥   2,♥♥♥♥♥   3,♥♥♥♥♥   4,♥♥♥♥♥   4,♥♥♥♥♥   3,3,X,X,No,Yes,Yes,,,
2637,FALSE,We Belong,Pat Benatar,1984,Feb 22 2011,Classic Rock,F,English,DLC3,♥♥♥♥♥   2,♥♥♥♥♥   2,♥♥♥♥♥   0,♥♥♥♥♥   3,♥♥♥♥♥   3,♥♥♥♥♥   3,3,♥♥♥♥♥   0,♥♥♥♥♥   0,No,Yes,Yes,,,
2638,FALSE,Invincible,Pat Benatar,1985,Feb 22 2011,Classic Rock,F,English,DLC3,♥♥♥♥♥   3,♥♥♥♥♥   3,♥♥♥♥♥   4,♥♥♥♥♥   2,♥♥♥♥♥   2,♥♥♥♥♥   2,X,X,X,No,Yes,Yes,,,
2639,FALSE,Promises in the Dark,Pat Benatar,1981,Feb 22 2011,Classic Rock,F,English,DLC3,♥♥♥♥♥   3,♥♥♥♥♥   2,♥♥♥♥♥   3,♥♥♥♥♥   3,♥♥♥♥♥   4,♥♥♥♥♥   2,3,X,X,No,Yes,Yes,,,
2640,FALSE,Terrible Lie,Nine Inch Nails,1989,Mar 1 2011,Rock,M,English,DLC3,♥♥♥♥♥   0,♥♥♥♥♥   0,♥♥♥♥♥   3,♥♥♥♥♥   3,♥♥♥♥♥   4,♥♥♥♥♥   3,2,X,X,No,Yes,Yes,,,
2641,FALSE,Head Like a Hole,Nine Inch Nails,1989,Mar 1 2011,Rock,M,English,DLC3,♥♥♥♥♥   2,♥♥♥♥♥   5,♥♥♥♥♥   5,♥♥♥♥♥   6,♥♥♥♥♥   6,♥♥♥♥♥   3,3,♥♥♥♥♥   1,♥♥♥♥♥   4,No,Yes,Yes,,,
2642,FALSE,Sanctified,Nine Inch Nails,1989,Mar 1 2011,Rock,M,English,DLC3,♥♥♥♥♥   2,♥♥♥♥♥   0,♥♥♥♥♥   4,♥♥♥♥♥   1,♥♥♥♥♥   2,♥♥♥♥♥   2,X,X,X,No,Yes,Yes,,,
2643,FALSE,The Only Time,Nine Inch Nails,1989,Mar 1 2011,Rock,M,English,DLC3,X,♥♥♥♥♥   0,♥♥♥♥♥   2,♥♥♥♥♥   3,♥♥♥♥♥   1,♥♥♥♥♥   2,X,X,X,No,Yes,Yes,,"In RB4, Guitar plays the 5L Keys chart",
2644,FALSE,Never Let Me Down Again,Depeche Mode,1987,Mar 8 2011,Pop/Dance/Electronic,M,English,DLC3,♥♥♥♥♥   1,♥♥♥♥♥   0,♥♥♥♥♥   3,♥♥♥♥♥   1,♥♥♥♥♥   2,♥♥♥♥♥   2,3,X,X,No,Yes,Yes,,,
2645,FALSE,Personal Jesus,Depeche Mode,1990,Mar 8 2011,Pop/Dance/Electronic,M,English,DLC3,♥♥♥♥♥   2,♥♥♥♥♥   2,♥♥♥♥♥   3,♥♥♥♥♥   4,♥♥♥♥♥   4,♥♥♥♥♥   2,3,♥♥♥♥♥   0,♥♥♥♥♥   1,No,Yes,Yes,,,
2646,FALSE,Policy of Truth,Depeche Mode,1990,Mar 8 2011,Pop/Dance/Electronic,M,English,DLC3,♥♥♥♥♥   2,♥♥♥♥♥   1,♥♥♥♥♥   2,♥♥♥♥♥   2,♥♥♥♥♥   2,♥♥♥♥♥   1,2,X,X,No,Yes,Yes,,,
2647,FALSE,I Will Possess Your Heart,Death Cab for Cutie,2008,Mar 8 2011,Indie Rock,M,English,DLC3,♥♥♥♥♥   3,♥♥♥♥♥   1,♥♥♥♥♥   3,♥♥♥♥♥   2,♥♥♥♥♥   2,♥♥♥♥♥   2,2,X,X,No,Yes,Yes,,,
2648,FALSE,Shooting the Moon,OK Go,2010,Mar 15 2011,Pop-Rock,M,English,DLC3,♥♥♥♥♥   3,♥♥♥♥♥   0,♥♥♥♥♥   3,♥♥♥♥♥   3,♥♥♥♥♥   3,♥♥♥♥♥   3,3,X,X,No,Yes,Yes,,,
2649,FALSE,Every Breath You Take,The Police,1983,Mar 15 2011,Rock,M,English,DLC3,♥♥♥♥♥   3,♥♥♥♥♥   1,♥♥♥♥♥   1,♥♥♥♥♥   2,♥♥♥♥♥   2,♥♥♥♥♥   2,3,♥♥♥♥♥   1,♥♥♥♥♥   0,No,Yes,Yes,,,
2650,FALSE,So Lonely,The Police,1978,Mar 15 2011,Rock,M,English,DLC3,♥♥♥♥♥   4,♥♥♥♥♥   2,♥♥♥♥♥   4,X,X,♥♥♥♥♥   4,3,X,X,No,Yes,Yes,,,
2651,FALSE,Spill the Wine,War,1970,Mar 15 2011,R&B/Soul/Funk,M,English,DLC3,♥♥♥♥♥   1,♥♥♥♥♥   1,♥♥♥♥♥   3,♥♥♥♥♥   3,♥♥♥♥♥   4,♥♥♥♥♥   1,X,X,X,No,Yes,Yes,,,
2652,FALSE,I Go to Extremes,Billy Joel,1989,Mar 22 2011,Classic Rock,M,English,DLC3,♥♥♥♥♥   2,♥♥♥♥♥   2,♥♥♥♥♥   3,♥♥♥♥♥   6,♥♥♥♥♥   6,♥♥♥♥♥   3,3,X,X,No,Yes,Yes,,,
2653,FALSE,Miami 2017 (Seen the Lights Go Out on Broadway),Billy Joel,1976,Mar 22 2011,Classic Rock,M,English,DLC3,♥♥♥♥♥   1,♥♥♥♥♥   1,♥♥♥♥♥   3,♥♥♥♥♥   4,♥♥♥♥♥   4,♥♥♥♥♥   2,X,X,X,No,Yes,Yes,,,
2654,FALSE,My Life,Billy Joel,1978,Mar 22 2011,Classic Rock,M,English,DLC3,♥♥♥♥♥   2,♥♥♥♥♥   3,♥♥♥♥♥   3,♥♥♥♥♥   3,♥♥♥♥♥   3,♥♥♥♥♥   3,3,X,X,No,Yes,Yes,,,
2655,FALSE,Prelude/Angry Young Man,Billy Joel,1976,Mar 22 2011,Classic Rock,M,English,DLC3,♥♥♥♥♥   3,♥♥♥♥♥   3,♥♥♥♥♥   5,♥♥♥♥♥   6,♥♥♥♥♥   6,♥♥♥♥♥   3,2,♥♥♥♥♥   3,♥♥♥♥♥   2,No,Yes,Yes,,,
2656,FALSE,Scenes from an Italian Restaurant,Billy Joel,1977,Mar 22 2011,Classic Rock,M,English,DLC3,♥♥♥♥♥   4,♥♥♥♥♥   4,♥♥♥♥♥   4,♥♥♥♥♥   6,♥♥♥♥♥   6,♥♥♥♥♥   3,2,X,X,No,Yes,Yes,,,
2657,FALSE,She's Always a Woman,Billy Joel,1977,Mar 22 2011,Classic Rock,M,English,DLC3,♥♥♥♥♥   5,♥♥♥♥♥   0,X,♥♥♥♥♥   5,♥♥♥♥♥   6,♥♥♥♥♥   3,2,X,X,No,Yes,Yes,,,
2658,FALSE,Somebody to Love,Jefferson Airplane,1967,Mar 29 2011,Classic Rock,F,English,DLC3,♥♥♥♥♥   3,♥♥♥♥♥   3,♥♥♥♥♥   3,X,X,♥♥♥♥♥   3,3,X,X,No,Yes,Yes,,,
2659,FALSE,Spinning Wheel,"Blood, Sweat & Tears",1968,Mar 29 2011,Classic Rock,M,English,DLC3,♥♥♥♥♥   3,♥♥♥♥♥   3,♥♥♥♥♥   4,♥♥♥♥♥   2,♥♥♥♥♥   3,♥♥♥♥♥   3,X,X,X,No,Yes,Yes,,,
2660,FALSE,Black Magic Woman,Santana,1970,Mar 29 2011,Classic Rock,M,English,DLC3,♥♥♥♥♥   4,♥♥♥♥♥   1,♥♥♥♥♥   4,♥♥♥♥♥   4,♥♥♥♥♥   4,♥♥♥♥♥   2,X,♥♥♥♥♥   3,♥♥♥♥♥   3,No,Yes,Yes,,,
2661,FALSE,Through the Fire and Flames,DragonForce,2006,Mar 29 2011,Metal,M,English,DLC3,♥♥♥♥♥   6,♥♥♥♥♥   5,♥♥♥♥♥   6,♥♥♥♥♥   6,♥♥♥♥♥   6,♥♥♥♥♥   4,3,♥♥♥♥♥   6,♥♥♥♥♥   6,No,Yes,Yes,VR,,
2662,FALSE,Operation Ground and Pound,DragonForce,2006,Mar 29 2011,Metal,M,English,DLC3,♥♥♥♥♥   6,♥♥♥♥♥   5,♥♥♥♥♥   6,♥♥♥♥♥   4,♥♥♥♥♥   4,♥♥♥♥♥   5,3,X,X,No,Yes,Yes,,,
2663,FALSE,The Loco-Motion,Grand Funk Railroad,1974,Apr 5 2011,Classic Rock,M,English,DLC3,♥♥♥♥♥   2,♥♥♥♥♥   1,♥♥♥♥♥   3,♥♥♥♥♥   1,♥♥♥♥♥   2,♥♥♥♥♥   4,3,X,X,No,Yes,Yes,,,
2664,FALSE,We're an American Band,Grand Funk Railroad,1973,Apr 5 2011,Classic Rock,M,English,DLC3,♥♥♥♥♥   4,♥♥♥♥♥   2,♥♥♥♥♥   4,♥♥♥♥♥   4,♥♥♥♥♥   4,♥♥♥♥♥   3,2,♥♥♥♥♥   3,♥♥♥♥♥   6,No,Yes,Yes,,,
2665,FALSE,Freeze-Frame,J. Geils Band,1981,Apr 5 2011,Rock,M,English,DLC3,♥♥♥♥♥   1,♥♥♥♥♥   1,♥♥♥♥♥   3,♥♥♥♥♥   1,♥♥♥♥♥   1,♥♥♥♥♥   4,3,♥♥♥♥♥   1,♥♥♥♥♥   3,No,Yes,Yes,,,
2666,FALSE,Love Will Tear Us Apart,Joy Division,1980,Apr 5 2011,New Wave,M,English,DLC3,♥♥♥♥♥   1,♥♥♥♥♥   3,♥♥♥♥♥   5,♥♥♥♥♥   0,♥♥♥♥♥   0,♥♥♥♥♥   1,X,♥♥♥♥♥   1,♥♥♥♥♥   2,No,Yes,Yes,,,
2667,FALSE,Dreams,Fleetwood Mac,1977,Apr 12 2011,Classic Rock,F,English,DLC3,♥♥♥♥♥   2,♥♥♥♥♥   2,♥♥♥♥♥   2,♥♥♥♥♥   1,♥♥♥♥♥   2,♥♥♥♥♥   4,3,♥♥♥♥♥   1,♥♥♥♥♥   0,No,Yes,Yes,,Delisted,
2668,FALSE,Gold Dust Woman,Fleetwood Mac,1977,Apr 12 2011,Classic Rock,F,English,DLC3,♥♥♥♥♥   3,♥♥♥♥♥   3,♥♥♥♥♥   0,♥♥♥♥♥   3,♥♥♥♥♥   3,♥♥♥♥♥   3,3,X,X,No,Yes,Yes,,Delisted,
2669,FALSE,Landslide,Fleetwood Mac,1975,Apr 12 2011,Classic Rock,F,English,DLC3,♥♥♥♥♥   4,X,X,X,X,♥♥♥♥♥   3,X,X,X,No,Yes,Yes,,Delisted,
2670,FALSE,Rhiannon,Fleetwood Mac,1975,Apr 12 2011,Classic Rock,F,English,DLC3,♥♥♥♥♥   4,♥♥♥♥♥   3,♥♥♥♥♥   4,♥♥♥♥♥   3,♥♥♥♥♥   4,♥♥♥♥♥   3,3,X,X,No,Yes,Yes,,Delisted,
2671,FALSE,Edge of Seventeen (Just Like the White Winged Dove),Stevie Nicks,1981,Apr 12 2011,Classic Rock,F,English,DLC3,♥♥♥♥♥   3,♥♥♥♥♥   2,♥♥♥♥♥   4,♥♥♥♥♥   5,♥♥♥♥♥   5,♥♥♥♥♥   5,3,♥♥♥♥♥   0,♥♥♥♥♥   1,No,Yes,Yes,,Delisted,
2672,FALSE,Stand Back,Stevie Nicks,1983,Apr 12 2011,Classic Rock,F,English,DLC3,♥♥♥♥♥   3,♥♥♥♥♥   3,♥♥♥♥♥   4,♥♥♥♥♥   3,♥♥♥♥♥   3,♥♥♥♥♥   4,3,X,X,No,Yes,Yes,,Delisted,
2673,FALSE,Breaking,Anberlin,2008,Apr 19 2011,Alternative,M,English,DLC3,♥♥♥♥♥   2,♥♥♥♥♥   1,♥♥♥♥♥   3,♥♥♥♥♥   1,♥♥♥♥♥   1,♥♥♥♥♥   3,3,X,X,No,Yes,Yes,,,
2674,FALSE,Blood and Thunder,Mastodon,2004,Apr 19 2011,Metal,M,English,DLC3,♥♥♥♥♥   5,♥♥♥♥♥   4,♥♥♥♥♥   5,X,X,♥♥♥♥♥   1,2,♥♥♥♥♥   3,♥♥♥♥♥   4,No,Yes,Yes,,,
2675,FALSE,Fire,Ohio Players,1974,Apr 19 2011,R&B/Soul/Funk,M,English,DLC3,♥♥♥♥♥   5,♥♥♥♥♥   2,♥♥♥♥♥   4,♥♥♥♥♥   4,♥♥♥♥♥   5,♥♥♥♥♥   6,3,X,X,No,Yes,Yes,,,
2676,FALSE,Love Rollercoaster,Ohio Players,1975,Apr 19 2011,R&B/Soul/Funk,M,English,DLC3,♥♥♥♥♥   4,♥♥♥♥♥   3,♥♥♥♥♥   4,♥♥♥♥♥   6,♥♥♥♥♥   6,♥♥♥♥♥   6,3,♥♥♥♥♥   2,♥♥♥♥♥   3,No,Yes,Yes,,,
2677,FALSE,Must Have Done Something Right,Relient K,2007,Apr 19 2011,Pop-Rock,M,English,DLC3,♥♥♥♥♥   1,♥♥♥♥♥   2,♥♥♥♥♥   1,♥♥♥♥♥   2,♥♥♥♥♥   2,♥♥♥♥♥   4,3,X,X,No,Yes,Yes,,,
2678,FALSE,867-5309/Jenny,Tommy Tutone,1981,Apr 19 2011,Rock,M,English,DLC3,♥♥♥♥♥   3,♥♥♥♥♥   2,♥♥♥♥♥   2,♥♥♥♥♥   0,♥♥♥♥♥   0,♥♥♥♥♥   2,3,♥♥♥♥♥   2,♥♥♥♥♥   1,No,Yes,Yes,,,
2679,FALSE,Blue Bayou,Roy Orbison,1963,Apr 26 2011,Classic Rock,M,English,DLC3,♥♥♥♥♥   1,♥♥♥♥♥   1,♥♥♥♥♥   0,♥♥♥♥♥   2,♥♥♥♥♥   3,♥♥♥♥♥   4,3,X,X,No,Yes,Yes,,,
2680,FALSE,Dream Baby (How Long Must I Dream),Roy Orbison,1962,Apr 26 2011,Classic Rock,M,English,DLC3,♥♥♥♥♥   4,♥♥♥♥♥   1,♥♥♥♥♥   3,♥♥♥♥♥   2,♥♥♥♥♥   2,♥♥♥♥♥   3,3,X,X,No,Yes,Yes,,,
2681,FALSE,Only the Lonely (Know the Way I Feel),Roy Orbison,1960,Apr 26 2011,Classic Rock,M,English,DLC3,♥♥♥♥♥   0,♥♥♥♥♥   1,♥♥♥♥♥   1,♥♥♥♥♥   1,♥♥♥♥♥   1,♥♥♥♥♥   4,3,♥♥♥♥♥   1,♥♥♥♥♥   0,No,Yes,Yes,,,
2682,FALSE,Rock and Roll All Nite (Live),Kiss,1975,Apr 26 2011,Classic Rock,M,English,DLC3,♥♥♥♥♥   4,♥♥♥♥♥   4,♥♥♥♥♥   4,X,X,♥♥♥♥♥   2,2,♥♥♥♥♥   4,♥♥♥♥♥   3,No,Yes,Yes,,,
2683,FALSE,Strutter (Live),Kiss,1975,Apr 26 2011,Classic Rock,M,English,DLC3,♥♥♥♥♥   4,♥♥♥♥♥   4,♥♥♥♥♥   4,X,X,♥♥♥♥♥   3,3,X,X,No,Yes,Yes,,,
2684,FALSE,Do You Really Want to Hurt Me,Culture Club,1982,May 8 2011,New Wave,M,English,DLC3,♥♥♥♥♥   1,♥♥♥♥♥   2,♥♥♥♥♥   3,♥♥♥♥♥   2,♥♥♥♥♥   3,♥♥♥♥♥   2,3,X,X,No,Yes,Yes,,,
2685,FALSE,From Out of Nowhere,Faith No More,1989,May 8 2011,Rock,M,English,DLC3,♥♥♥♥♥   3,♥♥♥♥♥   4,♥♥♥♥♥   4,♥♥♥♥♥   2,♥♥♥♥♥   2,♥♥♥♥♥   2,2,X,X,No,Yes,Yes,,,
2686,FALSE,Working for the Weekend,Loverboy,1981,May 8 2011,Pop-Rock,M,English,DLC3,♥♥♥♥♥   2,♥♥♥♥♥   3,♥♥♥♥♥   4,♥♥♥♥♥   3,♥♥♥♥♥   3,♥♥♥♥♥   3,2,♥♥♥♥♥   3,♥♥♥♥♥   3,No,Yes,Yes,,,
2687,FALSE,Stash,Phish,1992,May 8 2011,Rock,M,English,DLC3,♥♥♥♥♥   5,♥♥♥♥♥   5,♥♥♥♥♥   5,♥♥♥♥♥   5,♥♥♥♥♥   6,♥♥♥♥♥   3,3,♥♥♥♥♥   6,♥♥♥♥♥   6,No,Yes,Yes,,,
2688,FALSE,Tweezer,Phish,1992,May 8 2011,Rock,M,English,DLC3,♥♥♥♥♥   4,♥♥♥♥♥   5,♥♥♥♥♥   5,♥♥♥♥♥   6,♥♥♥♥♥   6,♥♥♥♥♥   4,3,X,X,No,Yes,Yes,,,
2689,FALSE,Big Bang Baby,Stone Temple Pilots,1996,May 8 2011,Alternative,M,English,DLC3,♥♥♥♥♥   4,♥♥♥♥♥   3,♥♥♥♥♥   3,♥♥♥♥♥   0,♥♥♥♥♥   1,♥♥♥♥♥   2,3,♥♥♥♥♥   3,♥♥♥♥♥   3,No,Yes,Yes,,,
2690,FALSE,Long Road to Ruin,Foo Fighters,2007,May 10 2011,Alternative,M,English,DLC3,♥♥♥♥♥   3,♥♥♥♥♥   1,♥♥♥♥♥   3,♥♥♥♥♥   1,♥♥♥♥♥   1,♥♥♥♥♥   2,3,X,X,No,Yes,Yes,,,
2691,FALSE,Rope,Foo Fighters,2011,May 10 2011,Alternative,M,English,DLC3,♥♥♥♥♥   4,♥♥♥♥♥   3,♥♥♥♥♥   4,♥♥♥♥♥   0,♥♥♥♥♥   0,♥♥♥♥♥   3,2,♥♥♥♥♥   3,♥♥♥♥♥   3,No,Yes,Yes,,,
2692,FALSE,Stacked Actors,Foo Fighters,1999,May 10 2011,Alternative,M,English,DLC3,♥♥♥♥♥   4,♥♥♥♥♥   2,♥♥♥♥♥   4,X,X,♥♥♥♥♥   3,X,X,X,No,Yes,Yes,,,
2693,FALSE,Walk,Foo Fighters,2011,May 10 2011,Alternative,M,English,DLC3,♥♥♥♥♥   2,♥♥♥♥♥   1,♥♥♥♥♥   4,♥♥♥♥♥   1,♥♥♥♥♥   1,♥♥♥♥♥   3,2,X,X,No,Yes,Yes,,,
2694,FALSE,Hard Rock Hallelujah,Lordi,2006,May 10 2011,Metal,M,English,DLC3,♥♥♥♥♥   3,♥♥♥♥♥   2,♥♥♥♥♥   3,♥♥♥♥♥   3,♥♥♥♥♥   3,♥♥♥♥♥   3,3,X,X,No,Yes,Yes,,,
2695,FALSE,King of Rock,Run-DMC,1985,May 10 2011,Hip-Hop/Rap,M,English,DLC3,♥♥♥♥♥   5,♥♥♥♥♥   0,♥♥♥♥♥   3,X,X,♥♥♥♥♥   1,2,X,X,No,Yes,Yes,,,
2696,FALSE,5 Minutes Alone,Pantera,1994,May 19 2011,Metal,M,English,DLC3,♥♥♥♥♥   5,♥♥♥♥♥   6,♥♥♥♥♥   4,X,X,♥♥♥♥♥   3,2,♥♥♥♥♥   5,♥♥♥♥♥   6,No,Yes,Yes,,,
2697,FALSE,Walk,Pantera,1992,May 19 2011,Metal,M,English,DLC3,♥♥♥♥♥   5,♥♥♥♥♥   5,♥♥♥♥♥   4,X,X,♥♥♥♥♥   3,2,♥♥♥♥♥   4,♥♥♥♥♥   4,No,Yes,Yes,,,
2698,FALSE,Mouth for War,Pantera,1992,May 19 2011,Metal,M,English,DLC3,♥♥♥♥♥   5,♥♥♥♥♥   5,♥♥♥♥♥   5,X,X,♥♥♥♥♥   3,X,X,X,No,Yes,Yes,,,
2699,FALSE,I'm Broken,Pantera,1994,May 19 2011,Metal,M,English,DLC3,♥♥♥♥♥   4,♥♥♥♥♥   4,♥♥♥♥♥   4,X,X,♥♥♥♥♥   3,2,X,X,No,Yes,Yes,,,
2700,FALSE,Do You Feel Like We Do (Live),Peter Frampton,1976,May 19 2011,Rock,M,English,DLC3,♥♥♥♥♥   5,♥♥♥♥♥   3,♥♥♥♥♥   4,♥♥♥♥♥   6,♥♥♥♥♥   6,♥♥♥♥♥   2,2,X,X,No,Yes,Yes,,,
2701,FALSE,Born This Way,Lady Gaga,2011,May 23 2011,Pop/Dance/Electronic,F,English,DLC3,♥♥♥♥♥   3,♥♥♥♥♥   3,♥♥♥♥♥   4,♥♥♥♥♥   4,♥♥♥♥♥   4,♥♥♥♥♥   4,3,X,X,No,Yes,Yes,,,
2702,FALSE,LoveGame,Lady Gaga,2008,May 23 2011,Pop/Dance/Electronic,F,English,DLC3,X,♥♥♥♥♥   2,♥♥♥♥♥   3,♥♥♥♥♥   3,♥♥♥♥♥   3,♥♥♥♥♥   3,3,X,X,No,Yes,Yes,,"In RB4, Guitar plays the 5L Keys chart",
2703,FALSE,Paparazzi,Lady Gaga,2008,May 23 2011,Pop/Dance/Electronic,F,English,DLC3,♥♥♥♥♥   0,♥♥♥♥♥   2,♥♥♥♥♥   2,♥♥♥♥♥   2,♥♥♥♥♥   2,♥♥♥♥♥   2,3,X,X,No,Yes,Yes,,,
2704,FALSE,Hot Blooded,Foreigner,1978,May 23 2011,Classic Rock,M,English,DLC3,♥♥♥♥♥   4,♥♥♥♥♥   1,♥♥♥♥♥   3,♥♥♥♥♥   1,♥♥♥♥♥   2,♥♥♥♥♥   5,3,♥♥♥♥♥   3,♥♥♥♥♥   2,No,Yes,Yes,,,
2705,FALSE,Urgent,Foreigner,1981,May 23 2011,Classic Rock,M,English,DLC3,♥♥♥♥♥   1,♥♥♥♥♥   2,♥♥♥♥♥   0,♥♥♥♥♥   2,♥♥♥♥♥   2,♥♥♥♥♥   4,2,♥♥♥♥♥   1,♥♥♥♥♥   1,No,Yes,Yes,,,
2706,FALSE,Mr. Crowley,Ozzy Osbourne,1980,May 31 2011,Metal,M,English,DLC3,♥♥♥♥♥   6,♥♥♥♥♥   3,♥♥♥♥♥   4,♥♥♥♥♥   2,♥♥♥♥♥   2,♥♥♥♥♥   2,X,♥♥♥♥♥   6,♥♥♥♥♥   4,No,Yes,Yes,,,
2707,FALSE,Over the Mountain,Ozzy Osbourne,1981,May 31 2011,Metal,M,English,DLC3,♥♥♥♥♥   5,♥♥♥♥♥   2,♥♥♥♥♥   4,X,X,♥♥♥♥♥   2,2,X,X,No,Yes,Yes,,,
2708,FALSE,Bark at the Moon,Ozzy Osbourne,1983,May 31 2011,Metal,M,English,DLC3,♥♥♥♥♥   6,♥♥♥♥♥   5,♥♥♥♥♥   4,X,X,♥♥♥♥♥   2,X,♥♥♥♥♥   6,♥♥♥♥♥   5,No,Yes,Yes,,Song has to be bought as part of the Pack,
2709,FALSE,"Mama, I'm Coming Home",Ozzy Osbourne,1991,May 31 2011,Metal,M,English,DLC3,♥♥♥♥♥   2,♥♥♥♥♥   3,♥♥♥♥♥   2,X,X,♥♥♥♥♥   2,3,♥♥♥♥♥   2,♥♥♥♥♥   3,No,Yes,Yes,,Song has to be bought as part of the Pack,
2710,FALSE,Steal Away (The Night),Ozzy Osbourne,1980,May 31 2011,Metal,M,English,DLC3,♥♥♥♥♥   4,♥♥♥♥♥   4,♥♥♥♥♥   4,X,X,♥♥♥♥♥   2,2,X,X,No,Yes,Yes,,,
2711,FALSE,Flying High Again,Ozzy Osbourne,1981,May 31 2011,Metal,M,English,DLC3,♥♥♥♥♥   6,♥♥♥♥♥   3,♥♥♥♥♥   4,X,X,♥♥♥♥♥   2,3,X,X,No,Yes,Yes,,,
2712,FALSE,Diary of a Madman,Ozzy Osbourne,1981,May 31 2011,Metal,M,English,DLC3,♥♥♥♥♥   3,♥♥♥♥♥   2,♥♥♥♥♥   3,♥♥♥♥♥   3,♥♥♥♥♥   4,♥♥♥♥♥   4,3,X,X,No,Yes,Yes,,,
2713,FALSE,I Don't Know,Ozzy Osbourne,1980,May 31 2011,Metal,M,English,DLC3,♥♥♥♥♥   5,♥♥♥♥♥   4,♥♥♥♥♥   4,X,X,♥♥♥♥♥   1,X,X,X,No,Yes,Yes,,,
2714,FALSE,Grenade,Bruno Mars,2010,Jun 7 2011,Pop-Rock,M,English,DLC3,♥♥♥♥♥   0,♥♥♥♥♥   1,♥♥♥♥♥   3,♥♥♥♥♥   3,♥♥♥♥♥   3,♥♥♥♥♥   3,3,X,X,No,Yes,Yes,,,
2715,FALSE,Just the Way You Are,Bruno Mars,2010,Jun 7 2011,Pop-Rock,M,English,DLC3,♥♥♥♥♥   0,♥♥♥♥♥   0,♥♥♥♥♥   3,♥♥♥♥♥   2,♥♥♥♥♥   2,♥♥♥♥♥   3,3,X,X,No,Yes,Yes,,,
2716,FALSE,Marry You,Bruno Mars,2010,Jun 7 2011,Pop-Rock,M,English,DLC3,♥♥♥♥♥   0,♥♥♥♥♥   1,♥♥♥♥♥   2,♥♥♥♥♥   1,♥♥♥♥♥   1,♥♥♥♥♥   3,3,X,X,No,Yes,Yes,,,
2717,FALSE,Audience of One,Rise Against,2008,Jun 7 2011,Punk,M,English,DLC3,♥♥♥♥♥   3,♥♥♥♥♥   3,♥♥♥♥♥   4,X,X,♥♥♥♥♥   3,3,♥♥♥♥♥   3,♥♥♥♥♥   2,No,Yes,Yes,,,
2718,FALSE,Help Is on the Way,Rise Against,2011,Jun 7 2011,Punk,M,English,DLC3,♥♥♥♥♥   4,♥♥♥♥♥   3,♥♥♥♥♥   4,X,X,♥♥♥♥♥   3,3,X,X,No,Yes,Yes,,,
2719,FALSE,The Good Left Undone,Rise Against,2006,Jun 7 2011,Punk,M,English,DLC3,♥♥♥♥♥   4,♥♥♥♥♥   3,♥♥♥♥♥   4,X,X,♥♥♥♥♥   3,3,♥♥♥♥♥   2,♥♥♥♥♥   2,No,Yes,Yes,,,
2720,FALSE,Take On Me,a-ha,1985,Jun 14 2011,New Wave,M,English,DLC3,♥♥♥♥♥   2,♥♥♥♥♥   2,♥♥♥♥♥   4,♥♥♥♥♥   3,♥♥♥♥♥   3,♥♥♥♥♥   4,3,♥♥♥♥♥   0,♥♥♥♥♥   1,No,Yes,Yes,,,
2721,FALSE,Unholy Confessions,Avenged Sevenfold,2003,Jun 14 2011,Metal,M,English,DLC3,♥♥♥♥♥   4,♥♥♥♥♥   4,♥♥♥♥♥   5,X,X,♥♥♥♥♥   2,2,♥♥♥♥♥   4,♥♥♥♥♥   4,No,Yes,Yes,,,
2722,FALSE,Welcome to the Family,Avenged Sevenfold,2010,Jun 14 2011,Metal,M,English,DLC3,♥♥♥♥♥   5,♥♥♥♥♥   5,♥♥♥♥♥   4,X,X,♥♥♥♥♥   3,3,X,X,No,Yes,Yes,,,
2723,FALSE,Tubthumping,Chumbawamba,1997,Jun 14 2011,Pop-Rock,M,English,DLC3,♥♥♥♥♥   1,♥♥♥♥♥   0,♥♥♥♥♥   4,♥♥♥♥♥   1,♥♥♥♥♥   1,♥♥♥♥♥   2,3,X,X,No,Yes,Yes,,,
2724,FALSE,I Alone,Live,1994,Jun 14 2011,Alternative,M,English,DLC3,♥♥♥♥♥   2,♥♥♥♥♥   3,♥♥♥♥♥   3,X,X,♥♥♥♥♥   3,3,♥♥♥♥♥   2,♥♥♥♥♥   2,No,Yes,Yes,,,
2725,FALSE,Lightning Crashes,Live,1994,Jun 14 2011,Alternative,M,English,DLC3,♥♥♥♥♥   3,♥♥♥♥♥   3,♥♥♥♥♥   4,X,X,♥♥♥♥♥   3,3,X,X,No,Yes,Yes,,,
2726,FALSE,Misery,Maroon 5,2010,Jun 21 2011,Pop-Rock,M,English,DLC3,♥♥♥♥♥   4,♥♥♥♥♥   3,♥♥♥♥♥   2,♥♥♥♥♥   3,♥♥♥♥♥   3,♥♥♥♥♥   5,3,X,X,No,Yes,Yes,,,
2727,FALSE,This Love,Maroon 5,2002,Jun 21 2011,Pop-Rock,M,English,DLC3,♥♥♥♥♥   4,♥♥♥♥♥   2,♥♥♥♥♥   3,♥♥♥♥♥   2,♥♥♥♥♥   2,♥♥♥♥♥   4,3,♥♥♥♥♥   1,♥♥♥♥♥   1,No,Yes,Yes,,,
2728,FALSE,Won't Go Home Without You,Maroon 5,2007,Jun 21 2011,Pop-Rock,M,English,DLC3,♥♥♥♥♥   2,♥♥♥♥♥   1,♥♥♥♥♥   2,♥♥♥♥♥   1,♥♥♥♥♥   1,♥♥♥♥♥   2,2,X,X,No,Yes,Yes,,,
2729,FALSE,Blurry,Puddle of Mudd,2001,Jun 21 2011,Alternative,M,English,DLC3,♥♥♥♥♥   4,♥♥♥♥♥   1,♥♥♥♥♥   3,♥♥♥♥♥   2,♥♥♥♥♥   2,♥♥♥♥♥   2,2,X,X,No,Yes,Yes,,,
2730,FALSE,Control,Puddle of Mudd,2001,Jun 21 2011,Alternative,M,English,DLC3,♥♥♥♥♥   2,♥♥♥♥♥   2,♥♥♥♥♥   3,X,X,♥♥♥♥♥   2,2,X,X,No,Yes,Yes,,,
2731,FALSE,She Hates Me,Puddle of Mudd,2001,Jun 21 2011,Alternative,M,English,DLC3,♥♥♥♥♥   3,♥♥♥♥♥   1,♥♥♥♥♥   3,X,X,♥♥♥♥♥   2,3,♥♥♥♥♥   1,♥♥♥♥♥   0,No,Yes,Yes,,,
2732,FALSE,Here Without You,3 Doors Down,2002,Jun 28 2011,Rock,M,English,DLC3,♥♥♥♥♥   3,♥♥♥♥♥   0,♥♥♥♥♥   2,♥♥♥♥♥   2,♥♥♥♥♥   2,♥♥♥♥♥   3,3,X,X,No,Yes,Yes,,,
2733,FALSE,When I'm Gone,3 Doors Down,2002,Jun 28 2011,Rock,M,English,DLC3,♥♥♥♥♥   3,♥♥♥♥♥   2,♥♥♥♥♥   2,X,X,♥♥♥♥♥   2,2,♥♥♥♥♥   2,♥♥♥♥♥   2,No,Yes,Yes,,,
2734,FALSE,When You're Young,3 Doors Down,2011,Jun 28 2011,Rock,M,English,DLC3,♥♥♥♥♥   2,♥♥♥♥♥   1,♥♥♥♥♥   2,♥♥♥♥♥   1,♥♥♥♥♥   2,♥♥♥♥♥   3,3,X,X,No,Yes,Yes,,,
2735,FALSE,Nothin' but a Good Time,Poison,1988,Jun 28 2011,Glam,M,English,DLC3,♥♥♥♥♥   5,♥♥♥♥♥   1,♥♥♥♥♥   4,♥♥♥♥♥   1,♥♥♥♥♥   1,♥♥♥♥♥   3,3,♥♥♥♥♥   4,♥♥♥♥♥   1,No,Yes,Yes,,,
2736,FALSE,Talk Dirty to Me,Poison,1986,Jun 28 2011,Glam,M,English,DLC3,♥♥♥♥♥   3,♥♥♥♥♥   1,♥♥♥♥♥   4,X,X,♥♥♥♥♥   2,2,X,X,No,Yes,Yes,,,
2737,FALSE,Unskinny Bop,Poison,1990,Jun 28 2011,Glam,M,English,DLC3,♥♥♥♥♥   5,♥♥♥♥♥   1,♥♥♥♥♥   4,♥♥♥♥♥   1,♥♥♥♥♥   1,♥♥♥♥♥   3,3,X,X,No,Yes,Yes,,,
2738,FALSE,For What It's Worth,Buffalo Springfield,1967,Jul 5 2011,Classic Rock,M,English,DLC3,♥♥♥♥♥   2,♥♥♥♥♥   1,♥♥♥♥♥   1,X,X,♥♥♥♥♥   3,3,♥♥♥♥♥   1,♥♥♥♥♥   4,No,Yes,Yes,,,
2739,FALSE,Man on the Moon,R.E.M.,1992,Jul 5 2011,Alternative,M,English,DLC3,♥♥♥♥♥   1,♥♥♥♥♥   1,♥♥♥♥♥   3,♥♥♥♥♥   1,♥♥♥♥♥   2,♥♥♥♥♥   3,3,X,X,No,Yes,Yes,,,
2740,FALSE,Aerials,System of a Down,2001,Jul 5 2011,Nu-Metal,M,English,DLC3,♥♥♥♥♥   3,♥♥♥♥♥   1,♥♥♥♥♥   4,♥♥♥♥♥   1,♥♥♥♥♥   0,♥♥♥♥♥   2,2,♥♥♥♥♥   2,♥♥♥♥♥   0,No,Yes,Yes,,,
2741,FALSE,Hypnotize,System of a Down,2005,Jul 5 2011,Nu-Metal,M,English,DLC3,♥♥♥♥♥   3,♥♥♥♥♥   3,♥♥♥♥♥   4,X,X,♥♥♥♥♥   3,2,X,X,No,Yes,Yes,,,
2742,FALSE,Turning Japanese,The Vapors,1980,Jul 5 2011,Punk,M,English,DLC3,♥♥♥♥♥   4,♥♥♥♥♥   4,♥♥♥♥♥   4,♥♥♥♥♥   1,♥♥♥♥♥   1,♥♥♥♥♥   4,2,♥♥♥♥♥   3,♥♥♥♥♥   3,No,Yes,Yes,,,
2743,FALSE,A Little Respect,Erasure,1988,Jul 12 2011,New Wave,M,English,DLC3,♥♥♥♥♥   2,♥♥♥♥♥   1,♥♥♥♥♥   3,♥♥♥♥♥   3,♥♥♥♥♥   3,♥♥♥♥♥   4,3,X,X,No,Yes,Yes,,,
2744,FALSE,Relax (Come Fighting),Frankie Goes to Hollywood,1984,Jul 12 2011,Pop/Dance/Electronic,M,English,DLC3,♥♥♥♥♥   2,♥♥♥♥♥   0,♥♥♥♥♥   4,♥♥♥♥♥   3,♥♥♥♥♥   4,♥♥♥♥♥   3,2,X,X,No,Yes,Yes,,,
2745,FALSE,Boom,P.O.D.,2001,Jul 12 2011,Nu-Metal,M,English,DLC3,♥♥♥♥♥   2,♥♥♥♥♥   2,♥♥♥♥♥   4,X,X,♥♥♥♥♥   2,2,♥♥♥♥♥   1,♥♥♥♥♥   1,No,Yes,Yes,,,
2746,FALSE,Youth of the Nation,P.O.D.,2001,Jul 12 2011,Nu-Metal,M,English,DLC3,♥♥♥♥♥   2,♥♥♥♥♥   1,♥♥♥♥♥   3,♥♥♥♥♥   1,♥♥♥♥♥   1,♥♥♥♥♥   2,3,X,X,No,Yes,Yes,,,
2747,FALSE,Blow Up the Outside World,Soundgarden,1996,Jul 19 2011,Grunge,M,English,DLC3,♥♥♥♥♥   2,♥♥♥♥♥   2,♥♥♥♥♥   3,X,X,♥♥♥♥♥   3,2,X,X,No,Yes,Yes,,,
2748,FALSE,Burden in My Hand,Soundgarden,1996,Jul 19 2011,Grunge,M,English,DLC3,♥♥♥♥♥   3,♥♥♥♥♥   4,♥♥♥♥♥   3,X,X,♥♥♥♥♥   3,2,♥♥♥♥♥   3,♥♥♥♥♥   5,No,Yes,Yes,,,
2749,FALSE,Fell on Black Days,Soundgarden,1994,Jul 19 2011,Grunge,M,English,DLC3,♥♥♥♥♥   4,♥♥♥♥♥   2,♥♥♥♥♥   3,X,X,♥♥♥♥♥   2,X,X,X,No,Yes,Yes,,,
2750,FALSE,Outshined,Soundgarden,1991,Jul 19 2011,Grunge,M,English,DLC3,♥♥♥♥♥   3,♥♥♥♥♥   2,♥♥♥♥♥   3,X,X,♥♥♥♥♥   3,2,♥♥♥♥♥   2,♥♥♥♥♥   3,No,Yes,Yes,,,
2751,FALSE,Rusty Cage,Soundgarden,1991,Jul 19 2011,Grunge,M,English,DLC3,♥♥♥♥♥   4,♥♥♥♥♥   4,♥♥♥♥♥   3,X,X,♥♥♥♥♥   3,2,X,X,No,Yes,Yes,,,
2752,FALSE,The Day I Tried to Live,Soundgarden,1994,Jul 19 2011,Grunge,M,English,DLC3,♥♥♥♥♥   3,♥♥♥♥♥   3,♥♥♥♥♥   3,X,X,♥♥♥♥♥   3,3,♥♥♥♥♥   2,♥♥♥♥♥   1,No,Yes,Yes,,,
2753,FALSE,Heart of the Sunrise,Yes,1971,Jul 26 2011,Prog,M,English,DLC3,♥♥♥♥♥   5,♥♥♥♥♥   5,♥♥♥♥♥   5,♥♥♥♥♥   6,♥♥♥♥♥   6,♥♥♥♥♥   3,3,X,X,No,Yes,Yes,,,
2754,FALSE,I've Seen All Good People,Yes,1971,Jul 26 2011,Prog,M,English,DLC3,♥♥♥♥♥   4,♥♥♥♥♥   5,♥♥♥♥♥   4,♥♥♥♥♥   6,♥♥♥♥♥   6,♥♥♥♥♥   4,3,♥♥♥♥♥   5,♥♥♥♥♥   5,No,Yes,Yes,,,
2755,FALSE,Owner of a Lonely Heart,Yes,1983,Jul 26 2011,Prog,M,English,DLC3,♥♥♥♥♥   3,♥♥♥♥♥   2,♥♥♥♥♥   3,♥♥♥♥♥   3,♥♥♥♥♥   3,♥♥♥♥♥   4,3,♥♥♥♥♥   2,♥♥♥♥♥   2,No,Yes,Yes,,,
2756,FALSE,South Side of the Sky,Yes,1971,Jul 26 2011,Prog,M,English,DLC3,♥♥♥♥♥   5,♥♥♥♥♥   4,♥♥♥♥♥   5,♥♥♥♥♥   5,♥♥♥♥♥   5,♥♥♥♥♥   4,3,X,X,No,Yes,Yes,,,
2757,FALSE,Starship Trooper,Yes,1971,Jul 26 2011,Prog,M,English,DLC3,♥♥♥♥♥   6,♥♥♥♥♥   3,♥♥♥♥♥   4,♥♥♥♥♥   6,♥♥♥♥♥   6,♥♥♥♥♥   4,3,X,X,No,Yes,Yes,,,
2758,FALSE,Make Some Noise,Beastie Boys,2011,Aug 2 2011,Hip-Hop/Rap,M,English,DLC3,X,♥♥♥♥♥   2,♥♥♥♥♥   1,♥♥♥♥♥   3,♥♥♥♥♥   3,♥♥♥♥♥   2,3,X,X,No,Yes,Yes,,"In RB4, Guitar plays the 5L Keys chart",
2759,FALSE,No Sleep till Brooklyn,Beastie Boys,1986,Aug 2 2011,Hip-Hop/Rap,M,English,DLC3,♥♥♥♥♥   4,♥♥♥♥♥   0,♥♥♥♥♥   2,X,X,♥♥♥♥♥   1,3,X,X,No,Yes,Yes,,,
2760,FALSE,Barracuda,Heart,1977,Aug 2 2011,Classic Rock,F,English,DLC3,♥♥♥♥♥   3,♥♥♥♥♥   3,♥♥♥♥♥   4,X,X,♥♥♥♥♥   4,2,♥♥♥♥♥   4,♥♥♥♥♥   4,No,Yes,Yes,,,
2761,FALSE,"Super Bad, Pts. 1 & 2",James Brown,1970,Aug 2 2011,R&B/Soul/Funk,M,English,DLC3,♥♥♥♥♥   4,♥♥♥♥♥   4,♥♥♥♥♥   4,♥♥♥♥♥   6,♥♥♥♥♥   3,♥♥♥♥♥   5,X,♥♥♥♥♥   3,♥♥♥♥♥   4,No,Yes,Yes,,,
2762,FALSE,Tell Me Something Good,Rufus (featuring Chaka Khan),1974,Aug 2 2011,R&B/Soul/Funk,F,English,DLC3,♥♥♥♥♥   3,♥♥♥♥♥   2,♥♥♥♥♥   2,♥♥♥♥♥   2,♥♥♥♥♥   3,♥♥♥♥♥   5,3,X,X,No,Yes,Yes,,,
2763,FALSE,Animal (Live),Def Leppard,2011,Aug 9 2011,Rock,M,English,DLC3,♥♥♥♥♥   2,♥♥♥♥♥   2,♥♥♥♥♥   4,X,X,♥♥♥♥♥   3,2,♥♥♥♥♥   2,♥♥♥♥♥   1,No,Yes,Yes,,,
2764,FALSE,Bringin' On the Heartbreak,Def Leppard,1981,Aug 9 2011,Rock,M,English,DLC3,♥♥♥♥♥   2,♥♥♥♥♥   1,♥♥♥♥♥   3,♥♥♥♥♥   2,♥♥♥♥♥   2,♥♥♥♥♥   3,3,♥♥♥♥♥   3,♥♥♥♥♥   1,No,Yes,Yes,,,
2765,FALSE,Photograph,Def Leppard,1983,Aug 9 2011,Rock,M,English,DLC3,♥♥♥♥♥   3,♥♥♥♥♥   2,♥♥♥♥♥   3,♥♥♥♥♥   3,♥♥♥♥♥   3,♥♥♥♥♥   4,3,♥♥♥♥♥   3,♥♥♥♥♥   1,No,Yes,Yes,,,
2766,FALSE,Pour Some Sugar on Me (Live),Def Leppard,2011,Aug 9 2011,Rock,M,English,DLC3,♥♥♥♥♥   4,♥♥♥♥♥   0,♥♥♥♥♥   3,X,X,♥♥♥♥♥   3,3,♥♥♥♥♥   3,♥♥♥♥♥   0,No,Yes,Yes,,,
2767,FALSE,Rock of Ages,Def Leppard,1983,Aug 9 2011,Rock,M,English,DLC3,♥♥♥♥♥   3,♥♥♥♥♥   2,♥♥♥♥♥   3,♥♥♥♥♥   1,♥♥♥♥♥   1,♥♥♥♥♥   4,3,♥♥♥♥♥   2,♥♥♥♥♥   0,No,Yes,Yes,,,
2768,FALSE,Undefeated,Def Leppard,2011,Aug 9 2011,Rock,M,English,DLC3,♥♥♥♥♥   3,♥♥♥♥♥   1,♥♥♥♥♥   2,♥♥♥♥♥   2,♥♥♥♥♥   2,♥♥♥♥♥   2,3,♥♥♥♥♥   3,♥♥♥♥♥   1,No,Yes,Yes,,,
2769,FALSE,"Dance, Dance",Fall Out Boy,2005,Aug 16 2011,Pop-Rock,M,English,DLC3,♥♥♥♥♥   4,♥♥♥♥♥   3,♥♥♥♥♥   4,♥♥♥♥♥   0,♥♥♥♥♥   0,♥♥♥♥♥   4,3,X,X,No,Yes,Yes,,,
2770,FALSE,"Sugar, We're Goin Down",Fall Out Boy,2005,Aug 16 2011,Pop-Rock,M,English,DLC3,♥♥♥♥♥   3,♥♥♥♥♥   2,♥♥♥♥♥   4,X,X,♥♥♥♥♥   4,3,♥♥♥♥♥   1,♥♥♥♥♥   1,No,Yes,Yes,,,
2771,FALSE,Thnks fr th Mmrs,Fall Out Boy,2007,Aug 16 2011,Pop-Rock,M,English,DLC3,♥♥♥♥♥   3,♥♥♥♥♥   2,♥♥♥♥♥   4,♥♥♥♥♥   3,♥♥♥♥♥   3,♥♥♥♥♥   4,3,X,X,No,Yes,Yes,,,
2772,FALSE,Child in Time,Deep Purple,1970,Aug 16 2011,Prog,M,English,DLC3,♥♥♥♥♥   6,♥♥♥♥♥   4,♥♥♥♥♥   6,♥♥♥♥♥   6,♥♥♥♥♥   6,♥♥♥♥♥   3,X,X,X,No,Yes,Yes,,,
2773,FALSE,Adolescents,Incubus,2011,Aug 23 2011,Alternative,M,English,DLC3,♥♥♥♥♥   4,♥♥♥♥♥   1,♥♥♥♥♥   3,♥♥♥♥♥   4,♥♥♥♥♥   4,♥♥♥♥♥   3,2,X,X,No,Yes,Yes,,,
2774,FALSE,Pardon Me,Incubus,1999,Aug 23 2011,Alternative,M,English,DLC3,♥♥♥♥♥   2,♥♥♥♥♥   1,♥♥♥♥♥   4,X,X,♥♥♥♥♥   3,2,♥♥♥♥♥   3,♥♥♥♥♥   1,No,Yes,Yes,,,
2775,FALSE,Wish You Were Here,Incubus,2001,Aug 23 2011,Alternative,M,English,DLC3,♥♥♥♥♥   2,♥♥♥♥♥   1,♥♥♥♥♥   4,X,X,♥♥♥♥♥   3,2,X,X,No,Yes,Yes,,,
2776,FALSE,By the Way,Red Hot Chili Peppers,2002,Aug 30 2011,Alternative,M,English,DLC3,♥♥♥♥♥   3,♥♥♥♥♥   4,♥♥♥♥♥   4,X,X,♥♥♥♥♥   3,3,♥♥♥♥♥   2,♥♥♥♥♥   5,No,Yes,Yes,,Delisted,
2777,FALSE,Californication,Red Hot Chili Peppers,1999,Aug 30 2011,Alternative,M,English,DLC3,♥♥♥♥♥   2,♥♥♥♥♥   2,♥♥♥♥♥   3,♥♥♥♥♥   0,♥♥♥♥♥   0,♥♥♥♥♥   2,3,♥♥♥♥♥   1,♥♥♥♥♥   2,No,Yes,Yes,,Delisted,
2778,FALSE,Look Around,Red Hot Chili Peppers,2011,Aug 30 2011,Alternative,M,English,DLC3,♥♥♥♥♥   5,♥♥♥♥♥   4,♥♥♥♥♥   4,♥♥♥♥♥   3,♥♥♥♥♥   3,♥♥♥♥♥   3,3,X,X,No,Yes,Yes,,Delisted,
2779,FALSE,Monarchy of Roses,Red Hot Chili Peppers,2011,Aug 30 2011,Alternative,M,English,DLC3,♥♥♥♥♥   4,♥♥♥♥♥   4,♥♥♥♥♥   4,♥♥♥♥♥   2,♥♥♥♥♥   2,♥♥♥♥♥   4,3,X,X,No,Yes,Yes,,Delisted,
2780,FALSE,Otherside,Red Hot Chili Peppers,1999,Aug 30 2011,Alternative,M,English,DLC3,♥♥♥♥♥   2,♥♥♥♥♥   2,♥♥♥♥♥   4,X,X,♥♥♥♥♥   3,3,♥♥♥♥♥   2,♥♥♥♥♥   1,No,Yes,Yes,,Delisted,
2781,FALSE,Parallel Universe,Red Hot Chili Peppers,1999,Aug 30 2011,Alternative,M,English,DLC3,♥♥♥♥♥   3,♥♥♥♥♥   3,♥♥♥♥♥   4,X,X,♥♥♥♥♥   3,X,X,X,No,Yes,Yes,,Delisted,
2782,FALSE,Scar Tissue,Red Hot Chili Peppers,1999,Aug 30 2011,Alternative,M,English,DLC3,♥♥♥♥♥   2,♥♥♥♥♥   2,♥♥♥♥♥   3,X,X,♥♥♥♥♥   3,3,X,X,No,Yes,Yes,,Delisted,
2783,FALSE,The Adventures of Rain Dance Maggie,Red Hot Chili Peppers,2011,Aug 30 2011,Alternative,M,English,DLC3,♥♥♥♥♥   3,♥♥♥♥♥   3,♥♥♥♥♥   4,♥♥♥♥♥   1,♥♥♥♥♥   1,♥♥♥♥♥   3,3,♥♥♥♥♥   2,♥♥♥♥♥   3,No,Yes,Yes,,Delisted,
2784,FALSE,I Want You to Want Me (Live),Cheap Trick,1979,Sep 6 2011,Pop-Rock,M,English,DLC3,♥♥♥♥♥   4,♥♥♥♥♥   1,♥♥♥♥♥   2,X,X,♥♥♥♥♥   2,X,X,X,No,Yes,Yes,,,
2785,FALSE,Surrender (Live),Cheap Trick,1979,Sep 6 2011,Pop-Rock,M,English,DLC3,♥♥♥♥♥   2,♥♥♥♥♥   1,♥♥♥♥♥   4,♥♥♥♥♥   1,♥♥♥♥♥   1,♥♥♥♥♥   2,3,♥♥♥♥♥   1,♥♥♥♥♥   3,No,Yes,Yes,,,
2786,FALSE,Dream Police,Cheap Trick,1979,Sep 6 2011,Pop-Rock,M,English,DLC3,♥♥♥♥♥   2,♥♥♥♥♥   4,♥♥♥♥♥   4,♥♥♥♥♥   3,♥♥♥♥♥   3,♥♥♥♥♥   3,2,X,X,No,Yes,Yes,,,
2787,FALSE,Unbelievable,EMF,1991,Sep 6 2011,Pop/Dance/Electronic,M,English,DLC3,♥♥♥♥♥   3,♥♥♥♥♥   1,♥♥♥♥♥   4,♥♥♥♥♥   4,♥♥♥♥♥   4,♥♥♥♥♥   3,2,♥♥♥♥♥   2,♥♥♥♥♥   1,No,Yes,Yes,,,
2788,FALSE,Me and Bobby McGee,Janis Joplin & the Full Tilt Boogie Band,1971,Sep 13 2011,Classic Rock,F,English,DLC3,♥♥♥♥♥   4,♥♥♥♥♥   3,♥♥♥♥♥   4,♥♥♥♥♥   5,♥♥♥♥♥   5,♥♥♥♥♥   4,X,X,X,No,Yes,Yes,,,
2789,FALSE,Hash Pipe,Weezer,2001,Sep 13 2011,Alternative,M,English,DLC3,♥♥♥♥♥   3,♥♥♥♥♥   3,♥♥♥♥♥   3,X,X,♥♥♥♥♥   2,2,♥♥♥♥♥   2,♥♥♥♥♥   1,No,Yes,Yes,,,
2790,FALSE,Island in the Sun,Weezer,2001,Sep 13 2011,Alternative,M,English,DLC3,♥♥♥♥♥   2,♥♥♥♥♥   1,♥♥♥♥♥   1,X,X,♥♥♥♥♥   2,3,X,X,No,Yes,Yes,,,
2791,FALSE,Perfect Situation,Weezer,2005,Sep 13 2011,Alternative,M,English,DLC3,♥♥♥♥♥   3,♥♥♥♥♥   1,♥♥♥♥♥   2,♥♥♥♥♥   1,♥♥♥♥♥   1,♥♥♥♥♥   3,3,X,X,No,Yes,Yes,,,
2792,FALSE,Heart-Shaped Box,Nirvana,1993,Sep 20 2011,Grunge,M,English,DLC3,♥♥♥♥♥   2,♥♥♥♥♥   3,♥♥♥♥♥   3,X,X,♥♥♥♥♥   3,2,♥♥♥♥♥   2,♥♥♥♥♥   2,No,Yes,Yes,,,
2793,FALSE,Rape Me,Nirvana,1993,Sep 20 2011,Grunge,M,English,DLC3,♥♥♥♥♥   2,♥♥♥♥♥   2,♥♥♥♥♥   3,X,X,♥♥♥♥♥   2,2,X,X,No,Yes,Yes,,,
2794,FALSE,All Apologies,Nirvana,1993,Sep 20 2011,Grunge,M,English,DLC3,♥♥♥♥♥   2,♥♥♥♥♥   2,♥♥♥♥♥   2,♥♥♥♥♥   1,♥♥♥♥♥   1,♥♥♥♥♥   2,2,X,X,No,Yes,Yes,,,
2795,FALSE,You Know You're Right,Nirvana,2002,Sep 20 2011,Grunge,M,English,DLC3,♥♥♥♥♥   3,♥♥♥♥♥   3,♥♥♥♥♥   3,X,X,♥♥♥♥♥   2,2,X,X,No,Yes,Yes,,,
2796,FALSE,Wait and Bleed,Slipknot,1999,Sep 27 2011,Nu-Metal,M,English,DLC3,♥♥♥♥♥   6,♥♥♥♥♥   4,♥♥♥♥♥   5,X,X,♥♥♥♥♥   2,2,♥♥♥♥♥   3,♥♥♥♥♥   4,No,Yes,Yes,,,
2797,FALSE,Left Behind,Slipknot,2001,Sep 27 2011,Nu-Metal,M,English,DLC3,♥♥♥♥♥   4,♥♥♥♥♥   3,♥♥♥♥♥   5,X,X,♥♥♥♥♥   2,2,X,X,No,Yes,Yes,,,
2798,FALSE,Pulse of the Maggots,Slipknot,2004,Sep 27 2011,Nu-Metal,M,English,DLC3,♥♥♥♥♥   6,♥♥♥♥♥   4,♥♥♥♥♥   5,♥♥♥♥♥   1,♥♥♥♥♥   1,♥♥♥♥♥   2,2,X,X,No,Yes,Yes,,,
2799,FALSE,Snuff,Slipknot,2008,Sep 27 2011,Nu-Metal,M,English,DLC3,♥♥♥♥♥   1,♥♥♥♥♥   1,♥♥♥♥♥   2,♥♥♥♥♥   1,♥♥♥♥♥   1,♥♥♥♥♥   3,3,♥♥♥♥♥   2,♥♥♥♥♥   2,No,Yes,Yes,,,
2800,FALSE,Gold Cobra,Limp Bizkit,2011,Oct 4 2011,Nu-Metal,M,English,DLC3,♥♥♥♥♥   2,♥♥♥♥♥   3,♥♥♥♥♥   3,♥♥♥♥♥   1,♥♥♥♥♥   1,♥♥♥♥♥   2,2,X,X,No,Yes,Yes,,,
2801,FALSE,Nookie,Limp Bizkit,1999,Oct 4 2011,Nu-Metal,M,English,DLC3,♥♥♥♥♥   3,♥♥♥♥♥   3,♥♥♥♥♥   4,♥♥♥♥♥   0,♥♥♥♥♥   0,♥♥♥♥♥   2,2,♥♥♥♥♥   2,♥♥♥♥♥   2,No,Yes,Yes,,,
2802,FALSE,My Way,Limp Bizkit,2000,Oct 4 2011,Nu-Metal,M,English,DLC3,♥♥♥♥♥   3,♥♥♥♥♥   2,♥♥♥♥♥   4,♥♥♥♥♥   1,♥♥♥♥♥   1,♥♥♥♥♥   2,X,X,X,No,Yes,Yes,,,
2803,FALSE,Re-Arranged,Limp Bizkit,1999,Oct 4 2011,Nu-Metal,M,English,DLC3,♥♥♥♥♥   5,♥♥♥♥♥   3,♥♥♥♥♥   5,♥♥♥♥♥   0,♥♥♥♥♥   0,♥♥♥♥♥   1,2,X,X,No,Yes,Yes,,,
2804,FALSE,Rock the Casbah,The Clash,1982,Oct 11 2011,Punk,M,English,DLC3,♥♥♥♥♥   2,♥♥♥♥♥   3,♥♥♥♥♥   4,♥♥♥♥♥   3,♥♥♥♥♥   5,♥♥♥♥♥   3,3,♥♥♥♥♥   1,♥♥♥♥♥   4,No,Yes,Yes,,,
2805,FALSE,The Party Song,Blink-182,1999,Oct 11 2011,Punk,M,English,DLC3,♥♥♥♥♥   3,♥♥♥♥♥   3,♥♥♥♥♥   6,X,X,♥♥♥♥♥   4,3,X,X,No,Yes,Yes,,,
2806,FALSE,Stay Together for the Kids,Blink-182,2001,Oct 11 2011,Punk,M,English,DLC3,♥♥♥♥♥   2,♥♥♥♥♥   1,♥♥♥♥♥   3,♥♥♥♥♥   2,♥♥♥♥♥   2,♥♥♥♥♥   2,2,X,X,No,Yes,Yes,,,
2807,FALSE,Up All Night,Blink-182,2011,Oct 11 2011,Punk,M,English,DLC3,♥♥♥♥♥   3,♥♥♥♥♥   3,♥♥♥♥♥   5,♥♥♥♥♥   3,♥♥♥♥♥   3,♥♥♥♥♥   3,3,♥♥♥♥♥   3,♥♥♥♥♥   2,No,Yes,Yes,,,
2808,FALSE,Yellow,Coldplay,2000,Oct 18 2011,Alternative,M,English,DLC3,♥♥♥♥♥   1,♥♥♥♥♥   1,♥♥♥♥♥   0,♥♥♥♥♥   1,♥♥♥♥♥   1,♥♥♥♥♥   3,3,♥♥♥♥♥   1,♥♥♥♥♥   0,No,Yes,Yes,,,
2809,FALSE,The Scientist,Coldplay,2002,Oct 18 2011,Alternative,M,English,DLC3,♥♥♥♥♥   0,♥♥♥♥♥   1,♥♥♥♥♥   0,♥♥♥♥♥   2,♥♥♥♥♥   3,♥♥♥♥♥   2,3,X,X,No,Yes,Yes,,,
2810,FALSE,Clocks,Coldplay,2002,Oct 18 2011,Alternative,M,English,DLC3,♥♥♥♥♥   2,♥♥♥♥♥   1,♥♥♥♥♥   2,♥♥♥♥♥   3,♥♥♥♥♥   3,♥♥♥♥♥   3,3,♥♥♥♥♥   1,♥♥♥♥♥   0,No,Yes,Yes,,,
2811,FALSE,Fix You,Coldplay,2005,Oct 18 2011,Alternative,M,English,DLC3,♥♥♥♥♥   2,♥♥♥♥♥   1,♥♥♥♥♥   2,♥♥♥♥♥   2,♥♥♥♥♥   2,♥♥♥♥♥   3,3,X,X,No,Yes,Yes,,,
2812,FALSE,Viva la Vida,Coldplay,2008,Oct 18 2011,Alternative,M,English,DLC3,♥♥♥♥♥   2,♥♥♥♥♥   0,♥♥♥♥♥   0,♥♥♥♥♥   3,♥♥♥♥♥   3,♥♥♥♥♥   3,3,X,X,No,Yes,Yes,,,
2813,FALSE,Every Teardrop Is a Waterfall,Coldplay,2011,Oct 18 2011,Alternative,M,English,DLC3,♥♥♥♥♥   4,♥♥♥♥♥   1,♥♥♥♥♥   4,♥♥♥♥♥   2,♥♥♥♥♥   2,♥♥♥♥♥   3,3,X,X,No,Yes,Yes,,,
2814,FALSE,I Believe in a Thing Called Love,The Darkness,2003,Oct 25 2011,Glam,M,English,DLC3,♥♥♥♥♥   4,♥♥♥♥♥   2,♥♥♥♥♥   3,♥♥♥♥♥   0,♥♥♥♥♥   0,♥♥♥♥♥   5,3,♥♥♥♥♥   4,♥♥♥♥♥   2,No,Yes,Yes,,,
2815,FALSE,Living Dead Girl,Rob Zombie,1998,Oct 25 2011,Nu-Metal,M,English,DLC3,♥♥♥♥♥   1,♥♥♥♥♥   0,♥♥♥♥♥   3,♥♥♥♥♥   4,♥♥♥♥♥   4,♥♥♥♥♥   3,3,X,X,No,Yes,Yes,,,
2816,FALSE,Thunder Kiss '65,White Zombie,1992,Oct 25 2011,Metal,M,English,DLC3,♥♥♥♥♥   4,♥♥♥♥♥   3,♥♥♥♥♥   4,X,X,♥♥♥♥♥   3,X,X,X,No,Yes,Yes,,,
2817,FALSE,Super-Charger Heaven,White Zombie,1995,Oct 25 2011,Metal,M,English,DLC3,♥♥♥♥♥   5,♥♥♥♥♥   4,♥♥♥♥♥   5,X,X,♥♥♥♥♥   1,2,♥♥♥♥♥   4,♥♥♥♥♥   4,No,Yes,Yes,,,
2818,FALSE,Sooner or Later,Breaking Benjamin,2004,Nov 1 2011,Rock,M,English,DLC3,♥♥♥♥♥   3,♥♥♥♥♥   3,♥♥♥♥♥   3,X,X,♥♥♥♥♥   2,3,X,X,No,Yes,Yes,,,
2819,FALSE,Breath,Breaking Benjamin,2006,Nov 1 2011,Rock,M,English,DLC3,♥♥♥♥♥   2,♥♥♥♥♥   2,♥♥♥♥♥   3,X,X,♥♥♥♥♥   3,3,♥♥♥♥♥   2,♥♥♥♥♥   2,No,Yes,Yes,,,
2820,FALSE,Until the End,Breaking Benjamin,2006,Nov 1 2011,Rock,M,English,DLC3,♥♥♥♥♥   3,♥♥♥♥♥   2,♥♥♥♥♥   4,X,X,♥♥♥♥♥   3,3,X,X,No,Yes,Yes,,,
2821,FALSE,Forever,Papa Roach,2006,Nov 1 2011,Nu-Metal,M,English,DLC3,♥♥♥♥♥   1,♥♥♥♥♥   1,♥♥♥♥♥   3,♥♥♥♥♥   1,♥♥♥♥♥   1,♥♥♥♥♥   3,3,X,X,No,Yes,Yes,,,
2822,FALSE,Superstition,Stevie Wonder,1972,Nov 15 2011,R&B/Soul/Funk,M,English,DLC3,♥♥♥♥♥   3,♥♥♥♥♥   6,♥♥♥♥♥   4,♥♥♥♥♥   5,♥♥♥♥♥   5,♥♥♥♥♥   6,X,X,X,No,Yes,Yes,,,
2823,FALSE,Higher Ground,Stevie Wonder,1973,Nov 15 2011,R&B/Soul/Funk,M,English,DLC3,♥♥♥♥♥   4,♥♥♥♥♥   5,♥♥♥♥♥   4,♥♥♥♥♥   6,♥♥♥♥♥   6,♥♥♥♥♥   4,X,X,X,No,Yes,Yes,,,
2824,FALSE,Living for the City,Stevie Wonder,1973,Nov 15 2011,R&B/Soul/Funk,M,English,DLC3,♥♥♥♥♥   3,♥♥♥♥♥   3,♥♥♥♥♥   3,♥♥♥♥♥   3,♥♥♥♥♥   3,♥♥♥♥♥   6,3,X,X,No,Yes,Yes,,,
2825,FALSE,Sir Duke,Stevie Wonder,1976,Nov 15 2011,R&B/Soul/Funk,M,English,DLC3,♥♥♥♥♥   4,♥♥♥♥♥   5,♥♥♥♥♥   4,♥♥♥♥♥   5,♥♥♥♥♥   5,♥♥♥♥♥   6,X,♥♥♥♥♥   4,♥♥♥♥♥   5,No,Yes,Yes,,,
2826,FALSE,I Wish,Stevie Wonder,1976,Nov 15 2011,R&B/Soul/Funk,M,English,DLC3,♥♥♥♥♥   6,♥♥♥♥♥   4,♥♥♥♥♥   5,♥♥♥♥♥   6,♥♥♥♥♥   6,♥♥♥♥♥   5,3,♥♥♥♥♥   6,♥♥♥♥♥   4,No,Yes,Yes,,,
2827,FALSE,How You Remind Me,Nickelback,2001,Nov 22 2011,Rock,M,English,DLC3,♥♥♥♥♥   2,♥♥♥♥♥   1,♥♥♥♥♥   2,X,X,♥♥♥♥♥   3,3,♥♥♥♥♥   1,♥♥♥♥♥   0,No,Yes,Yes,,,
2828,FALSE,Someday,Nickelback,2003,Nov 22 2011,Rock,M,English,DLC3,♥♥♥♥♥   2,♥♥♥♥♥   1,♥♥♥♥♥   2,X,X,♥♥♥♥♥   3,3,X,X,No,Yes,Yes,,,
2829,FALSE,Animals,Nickelback,2005,Nov 22 2011,Rock,M,English,DLC3,♥♥♥♥♥   3,♥♥♥♥♥   3,♥♥♥♥♥   4,X,X,♥♥♥♥♥   3,3,X,X,No,Yes,Yes,,,
2830,FALSE,If Today Was Your Last Day,Nickelback,2008,Nov 22 2011,Rock,M,English,DLC3,♥♥♥♥♥   1,♥♥♥♥♥   1,♥♥♥♥♥   3,♥♥♥♥♥   2,♥♥♥♥♥   2,♥♥♥♥♥   4,3,X,X,No,Yes,Yes,,,
2831,FALSE,This Means War,Nickelback,2011,Nov 22 2011,Rock,M,English,DLC3,♥♥♥♥♥   4,♥♥♥♥♥   3,♥♥♥♥♥   3,X,X,♥♥♥♥♥   2,3,X,X,No,Yes,Yes,,,
2832,FALSE,On the Backs of Angels,Dream Theater,2011,Nov 29 2011,Prog,M,English,DLC3,♥♥♥♥♥   6,♥♥♥♥♥   6,♥♥♥♥♥   6,♥♥♥♥♥   6,♥♥♥♥♥   6,♥♥♥♥♥   2,2,♥♥♥♥♥   6,♥♥♥♥♥   6,No,Yes,Yes,,,
2833,FALSE,Ghost of Perdition,Opeth,2005,Nov 29 2011,Prog,M,English,DLC3,♥♥♥♥♥   5,♥♥♥♥♥   5,♥♥♥♥♥   5,♥♥♥♥♥   4,♥♥♥♥♥   5,♥♥♥♥♥   2,2,X,X,No,Yes,Yes,,,
2834,FALSE,In Waves,Trivium,2011,Nov 29 2011,Metal,M,English,DLC3,♥♥♥♥♥   4,♥♥♥♥♥   3,♥♥♥♥♥   5,♥♥♥♥♥   2,♥♥♥♥♥   2,♥♥♥♥♥   2,3,X,X,No,Yes,Yes,,,
2835,FALSE,We Built This City,Starship,1985,Nov 29 2011,Pop-Rock,M,English,DLC3,♥♥♥♥♥   6,♥♥♥♥♥   2,♥♥♥♥♥   3,♥♥♥♥♥   3,♥♥♥♥♥   3,♥♥♥♥♥   4,3,X,X,No,Yes,Yes,,,
2836,FALSE,Seven Seas of Rhye,Queen,1974,Dec 6 2011,Classic Rock,M,English,DLC3,♥♥♥♥♥   4,♥♥♥♥♥   2,♥♥♥♥♥   4,♥♥♥♥♥   6,♥♥♥♥♥   6,♥♥♥♥♥   5,3,X,X,No,Yes,Yes,,,
2837,FALSE,Stone Cold Crazy,Queen,1974,Dec 6 2011,Classic Rock,M,English,DLC3,♥♥♥♥♥   4,♥♥♥♥♥   3,♥♥♥♥♥   4,X,X,♥♥♥♥♥   5,3,♥♥♥♥♥   4,♥♥♥♥♥   3,No,Yes,Yes,,,
2838,FALSE,I'm in Love With My Car,Queen,1975,Dec 6 2011,Classic Rock,M,English,DLC3,♥♥♥♥♥   4,♥♥♥♥♥   2,♥♥♥♥♥   4,♥♥♥♥♥   3,♥♥♥♥♥   3,♥♥♥♥♥   4,3,X,X,No,Yes,Yes,,,
2839,FALSE,You're My Best Friend,Queen,1975,Dec 6 2011,Classic Rock,M,English,DLC3,♥♥♥♥♥   2,♥♥♥♥♥   3,♥♥♥♥♥   3,♥♥♥♥♥   3,♥♥♥♥♥   4,♥♥♥♥♥   6,3,X,X,No,Yes,Yes,,,
2840,FALSE,Long Away,Queen,1976,Dec 6 2011,Classic Rock,M,English,DLC3,♥♥♥♥♥   2,♥♥♥♥♥   2,♥♥♥♥♥   3,X,X,♥♥♥♥♥   4,3,X,X,No,Yes,Yes,,,
2841,FALSE,Bicycle Race,Queen,1978,Dec 6 2011,Classic Rock,M,English,DLC3,♥♥♥♥♥   2,♥♥♥♥♥   3,♥♥♥♥♥   3,♥♥♥♥♥   5,♥♥♥♥♥   6,♥♥♥♥♥   6,3,♥♥♥♥♥   3,♥♥♥♥♥   4,No,Yes,Yes,,,
2842,FALSE,Don't Stop Me Now,Queen,1978,Dec 6 2011,Classic Rock,M,English,DLC3,♥♥♥♥♥   3,♥♥♥♥♥   3,♥♥♥♥♥   4,♥♥♥♥♥   5,♥♥♥♥♥   5,♥♥♥♥♥   6,3,X,X,No,Yes,Yes,,,
2843,FALSE,Radio Ga Ga,Queen,1984,Dec 6 2011,Classic Rock,M,English,DLC3,♥♥♥♥♥   3,♥♥♥♥♥   3,♥♥♥♥♥   4,♥♥♥♥♥   4,♥♥♥♥♥   3,♥♥♥♥♥   3,3,X,X,No,Yes,Yes,,,
2844,FALSE,The Show Must Go On,Queen,1991,Dec 6 2011,Classic Rock,M,English,DLC3,♥♥♥♥♥   3,♥♥♥♥♥   2,♥♥♥♥♥   3,♥♥♥♥♥   3,♥♥♥♥♥   3,♥♥♥♥♥   4,3,X,X,No,Yes,Yes,,,
2845,FALSE,Fly By Night,Rush,1975,Dec 13 2011,Prog,M,English,DLC3,♥♥♥♥♥   3,♥♥♥♥♥   4,♥♥♥♥♥   4,X,X,♥♥♥♥♥   5,X,♥♥♥♥♥   4,♥♥♥♥♥   4,No,Yes,Yes,,,
2846,FALSE,Caravan,Rush,2010,Dec 13 2011,Prog,M,English,DLC3,♥♥♥♥♥   4,♥♥♥♥♥   4,♥♥♥♥♥   4,♥♥♥♥♥   3,♥♥♥♥♥   3,♥♥♥♥♥   3,2,X,X,No,Yes,Yes,,,
2847,FALSE,The Spirit of Radio (Live),Rush,1980,Dec 13 2011,Prog,M,English,DLC3,♥♥♥♥♥   6,♥♥♥♥♥   4,♥♥♥♥♥   5,♥♥♥♥♥   1,♥♥♥♥♥   1,♥♥♥♥♥   4,X,♥♥♥♥♥   5,♥♥♥♥♥   5,No,Yes,Yes,,,
2848,FALSE,Rebel Love Song,Black Veil Brides,2011,Dec 13 2011,Rock,M,English,DLC3,♥♥♥♥♥   5,♥♥♥♥♥   3,♥♥♥♥♥   4,X,X,♥♥♥♥♥   2,3,X,X,No,Yes,Yes,,,
2849,FALSE,A Warrior's Call,Volbeat,2010,Dec 13 2011,Metal,M,English,DLC3,♥♥♥♥♥   3,♥♥♥♥♥   3,♥♥♥♥♥   5,X,X,♥♥♥♥♥   2,3,X,X,No,Yes,Yes,,,
2850,FALSE,Long Hot Summer Night,The Jimi Hendrix Experience,1968,Dec 20 2011,Classic Rock,M,English,DLC3,♥♥♥♥♥   5,♥♥♥♥♥   4,♥♥♥♥♥   4,♥♥♥♥♥   4,♥♥♥♥♥   5,♥♥♥♥♥   6,3,X,X,No,Yes,Yes,,,
2851,FALSE,Gypsy Eyes,The Jimi Hendrix Experience,1968,Dec 20 2011,Classic Rock,M,English,DLC3,♥♥♥♥♥   5,♥♥♥♥♥   4,♥♥♥♥♥   3,X,X,♥♥♥♥♥   5,X,X,X,No,Yes,Yes,,,
2852,FALSE,All Along the Watchtower,The Jimi Hendrix Experience,1968,Dec 20 2011,Classic Rock,M,English,DLC3,♥♥♥♥♥   4,♥♥♥♥♥   5,♥♥♥♥♥   5,X,X,♥♥♥♥♥   4,X,♥♥♥♥♥   6,♥♥♥♥♥   6,No,Yes,Yes,,,
2853,FALSE,Voodoo Child (Slight Return) (Live),Jimi Hendrix,1969,Dec 20 2011,Classic Rock,M,English,DLC3,♥♥♥♥♥   6,♥♥♥♥♥   4,♥♥♥♥♥   5,X,X,♥♥♥♥♥   6,X,X,X,No,Yes,Yes,,,
2854,FALSE,Dolly Dagger,Jimi Hendrix,1971,Dec 20 2011,Classic Rock,M,English,DLC3,♥♥♥♥♥   5,♥♥♥♥♥   3,♥♥♥♥♥   4,X,X,♥♥♥♥♥   6,3,X,X,No,Yes,Yes,,,
2855,FALSE,Freedom,Jimi Hendrix,1971,Dec 20 2011,Classic Rock,M,English,DLC3,♥♥♥♥♥   4,♥♥♥♥♥   4,♥♥♥♥♥   4,♥♥♥♥♥   1,♥♥♥♥♥   1,♥♥♥♥♥   5,3,♥♥♥♥♥   5,♥♥♥♥♥   4,No,Yes,Yes,,,
2856,FALSE,Angel,Jimi Hendrix,1971,Dec 20 2011,Classic Rock,M,English,DLC3,♥♥♥♥♥   3,♥♥♥♥♥   2,♥♥♥♥♥   3,X,X,♥♥♥♥♥   3,X,X,X,No,Yes,Yes,,,
2857,FALSE,You Make Me Feel...,Cobra Starship (ft. Sabi),2011,Dec 27 2011,Pop/Dance/Electronic,M,English,DLC3,♥♥♥♥♥   3,♥♥♥♥♥   0,♥♥♥♥♥   2,♥♥♥♥♥   1,♥♥♥♥♥   1,♥♥♥♥♥   4,3,X,X,No,Yes,Yes,,,
2858,FALSE,Stereo Hearts,Gym Class Heroes (ft. Adam Levine),2011,Dec 27 2011,Hip-Hop/Rap,M,English,DLC3,♥♥♥♥♥   3,♥♥♥♥♥   1,♥♥♥♥♥   2,♥♥♥♥♥   4,♥♥♥♥♥   4,♥♥♥♥♥   3,3,X,X,No,Yes,Yes,,,
2859,FALSE,I Write Sins Not Tragedies,Panic! at the Disco,2005,Dec 27 2011,Emo,M,English,DLC3,♥♥♥♥♥   2,♥♥♥♥♥   2,♥♥♥♥♥   4,♥♥♥♥♥   3,♥♥♥♥♥   4,♥♥♥♥♥   4,3,♥♥♥♥♥   2,♥♥♥♥♥   1,No,Yes,Yes,,,
2860,FALSE,Pressure,Paramore,2005,Dec 27 2011,Pop-Rock,F,English,DLC3,♥♥♥♥♥   3,♥♥♥♥♥   2,♥♥♥♥♥   3,X,X,♥♥♥♥♥   3,3,X,X,No,Yes,Yes,,,
2861,FALSE,Panic,Sublime with Rome,2011,Dec 27 2011,Reggae/Ska,M,English,DLC3,♥♥♥♥♥   4,♥♥♥♥♥   3,♥♥♥♥♥   5,♥♥♥♥♥   3,♥♥♥♥♥   4,♥♥♥♥♥   4,2,♥♥♥♥♥   3,♥♥♥♥♥   4,No,Yes,Yes,,,
2862,FALSE,Billionaire,Travie McCoy (ft. Bruno Mars),2010,Dec 27 2011,Hip-Hop/Rap,M,English,DLC3,♥♥♥♥♥   1,♥♥♥♥♥   3,♥♥♥♥♥   4,♥♥♥♥♥   2,♥♥♥♥♥   2,♥♥♥♥♥   3,3,X,X,No,Yes,Yes,,,
2863,FALSE,2112,Rush,1976,Dec 31 2011,Prog,M,English,DLC3,♥♥♥♥♥   5,♥♥♥♥♥   5,♥♥♥♥♥   6,X,X,♥♥♥♥♥   5,2,♥♥♥♥♥   6,♥♥♥♥♥   5,No,PS3/Xbox,Yes,,Song has to be bought as part of the Pack,
2864,FALSE,"2112: Overture, The Temples of Syrinx",Rush,1976,Dec 31 2011,Prog,M,English,DLC3,♥♥♥♥♥   4,♥♥♥♥♥   4,♥♥♥♥♥   5,X,X,♥♥♥♥♥   4,2,♥♥♥♥♥   5,♥♥♥♥♥   5,No,Yes,Yes,,,
2865,FALSE,"2112: Discovery, Presentation",Rush,1976,Dec 31 2011,Prog,M,English,DLC3,♥♥♥♥♥   5,♥♥♥♥♥   3,♥♥♥♥♥   4,X,X,♥♥♥♥♥   4,2,♥♥♥♥♥   4,♥♥♥♥♥   4,No,Yes,Yes,,,
2866,FALSE,"2112: Oracle: The Dream, Soliloquy, Grand Finale",Rush,1976,Dec 31 2011,Prog,M,English,DLC3,♥♥♥♥♥   5,♥♥♥♥♥   5,♥♥♥♥♥   6,X,X,♥♥♥♥♥   5,X,♥♥♥♥♥   5,♥♥♥♥♥   3,No,Yes,Yes,,,
2867,FALSE,Private Eyes,Hall & Oates,1981,Jan 10 2012,Pop-Rock,M,English,DLC3,♥♥♥♥♥   1,♥♥♥♥♥   1,♥♥♥♥♥   0,♥♥♥♥♥   4,♥♥♥♥♥   4,♥♥♥♥♥   4,3,♥♥♥♥♥   1,♥♥♥♥♥   1,No,Yes,Yes,,,
2868,FALSE,I Can't Go for That (No Can Do),Hall & Oates,1981,Jan 10 2012,Pop-Rock,M,English,DLC3,♥♥♥♥♥   0,♥♥♥♥♥   2,♥♥♥♥♥   2,♥♥♥♥♥   4,♥♥♥♥♥   4,♥♥♥♥♥   6,3,X,X,No,Yes,Yes,,,
2869,FALSE,Maneater,Hall & Oates,1982,Jan 10 2012,Pop-Rock,M,English,DLC3,♥♥♥♥♥   0,♥♥♥♥♥   1,♥♥♥♥♥   1,♥♥♥♥♥   2,♥♥♥♥♥   2,♥♥♥♥♥   4,3,X,X,No,Yes,Yes,,,
2870,FALSE,Free Ride,The Edgar Winter Group,1972,Jan 17 2012,Classic Rock,M,English,DLC3,♥♥♥♥♥   4,♥♥♥♥♥   4,♥♥♥♥♥   4,♥♥♥♥♥   5,♥♥♥♥♥   5,♥♥♥♥♥   4,3,X,X,No,Yes,Yes,,,
2871,FALSE,Frankenstein,The Edgar Winter Group,1972,Jan 17 2012,Classic Rock,X,X,DLC3,♥♥♥♥♥   3,♥♥♥♥♥   4,♥♥♥♥♥   5,♥♥♥♥♥   6,♥♥♥♥♥   6,X,X,♥♥♥♥♥   4,♥♥♥♥♥   3,No,Yes,Yes,,,
2872,FALSE,Freak on a Leash,Korn,1998,Jan 17 2012,Nu-Metal,M,English,DLC3,♥♥♥♥♥   1,♥♥♥♥♥   2,♥♥♥♥♥   3,♥♥♥♥♥   0,♥♥♥♥♥   0,♥♥♥♥♥   3,2,X,X,No,Yes,Yes,,,
2873,FALSE,Falling Away From Me,Korn,1998,Jan 17 2012,Nu-Metal,M,English,DLC3,♥♥♥♥♥   2,♥♥♥♥♥   2,♥♥♥♥♥   3,X,X,♥♥♥♥♥   4,3,X,X,No,Yes,Yes,,,
2874,FALSE,Lodi,Creedence Clearwater Revival,1969,Jan 24 2012,Southern Rock,M,English,DLC3,♥♥♥♥♥   2,♥♥♥♥♥   0,♥♥♥♥♥   1,X,X,♥♥♥♥♥   3,X,X,X,No,Yes,Yes,,,
2875,FALSE,Have You Ever Seen the Rain?,Creedence Clearwater Revival,1970,Jan 24 2012,Southern Rock,M,English,DLC3,♥♥♥♥♥   0,♥♥♥♥♥   1,♥♥♥♥♥   0,♥♥♥♥♥   1,♥♥♥♥♥   1,♥♥♥♥♥   2,X,♥♥♥♥♥   0,♥♥♥♥♥   0,No,Yes,Yes,,,
2876,FALSE,Susie Q,Creedence Clearwater Revival,1968,Jan 24 2012,Southern Rock,M,English,DLC3,♥♥♥♥♥   2,♥♥♥♥♥   1,♥♥♥♥♥   0,X,X,♥♥♥♥♥   3,2,X,X,No,Yes,Yes,,,
2877,FALSE,Fat Lip,Sum 41,2001,Jan 31 2012,Punk,M,English,DLC3,♥♥♥♥♥   3,♥♥♥♥♥   3,♥♥♥♥♥   4,X,X,♥♥♥♥♥   4,3,♥♥♥♥♥   2,♥♥♥♥♥   2,No,Yes,Yes,,,
2878,FALSE,Still Waiting,Sum 41,2002,Jan 31 2012,Punk,M,English,DLC3,♥♥♥♥♥   4,♥♥♥♥♥   3,♥♥♥♥♥   4,X,X,♥♥♥♥♥   3,3,X,X,No,Yes,Yes,,,
2879,FALSE,Head Over Heels,Tears for Fears,1985,Jan 31 2012,New Wave,M,English,DLC3,♥♥♥♥♥   2,♥♥♥♥♥   2,♥♥♥♥♥   2,♥♥♥♥♥   2,♥♥♥♥♥   3,♥♥♥♥♥   5,3,X,X,No,Yes,Yes,,,
2880,FALSE,Everything Zen,Bush,1994,Feb 7 2012,Grunge,M,English,DLC3,♥♥♥♥♥   3,♥♥♥♥♥   2,♥♥♥♥♥   3,X,X,♥♥♥♥♥   2,2,X,X,No,Yes,Yes,,,
2881,FALSE,Comedown,Bush,1994,Feb 7 2012,Grunge,M,English,DLC3,♥♥♥♥♥   2,♥♥♥♥♥   3,♥♥♥♥♥   2,♥♥♥♥♥   1,♥♥♥♥♥   1,♥♥♥♥♥   2,2,X,X,No,Yes,Yes,,,
2882,FALSE,Machinehead,Bush,1994,Feb 7 2012,Grunge,M,English,DLC3,♥♥♥♥♥   2,♥♥♥♥♥   3,♥♥♥♥♥   3,♥♥♥♥♥   0,♥♥♥♥♥   0,♥♥♥♥♥   2,2,♥♥♥♥♥   1,♥♥♥♥♥   2,No,Yes,Yes,,,
2883,FALSE,Alone,Heart,1987,Feb 14 2012,Classic Rock,F,English,DLC3,♥♥♥♥♥   2,♥♥♥♥♥   1,♥♥♥♥♥   1,♥♥♥♥♥   3,♥♥♥♥♥   3,♥♥♥♥♥   4,2,X,X,No,Yes,Yes,,,
2884,FALSE,To Be With You,Mr. Big,1991,Feb 14 2012,Rock,M,English,DLC3,♥♥♥♥♥   2,♥♥♥♥♥   1,♥♥♥♥♥   0,X,X,♥♥♥♥♥   5,3,♥♥♥♥♥   1,♥♥♥♥♥   0,No,Yes,Yes,,,
2885,FALSE,Every Rose Has Its Thorn,Poison,1988,Feb 14 2012,Glam,M,English,DLC3,♥♥♥♥♥   3,♥♥♥♥♥   1,♥♥♥♥♥   1,♥♥♥♥♥   1,♥♥♥♥♥   1,♥♥♥♥♥   2,3,♥♥♥♥♥   2,♥♥♥♥♥   1,No,Yes,Yes,,,
2886,FALSE,Never Gonna Give You Up,Rick Astley,1987,Feb 14 2012,Pop/Dance/Electronic,M,English,DLC3,♥♥♥♥♥   2,♥♥♥♥♥   2,♥♥♥♥♥   3,♥♥♥♥♥   3,♥♥♥♥♥   4,♥♥♥♥♥   4,3,X,X,No,Yes,Yes,,,
2887,FALSE,Symphony of Destruction,Megadeth,1992,Feb 21 2012,Metal,M,English,DLC3,♥♥♥♥♥   4,♥♥♥♥♥   3,♥♥♥♥♥   2,X,X,♥♥♥♥♥   2,2,♥♥♥♥♥   4,♥♥♥♥♥   2,No,Yes,Yes,,,
2888,FALSE,A Tout le Monde,Megadeth,1994,Feb 21 2012,Metal,M,English,DLC3,♥♥♥♥♥   3,♥♥♥♥♥   1,♥♥♥♥♥   2,X,X,♥♥♥♥♥   2,X,X,X,No,Yes,Yes,,,
2889,FALSE,Public Enemy No. 1,Megadeth,2011,Feb 21 2012,Metal,M,English,DLC3,♥♥♥♥♥   6,♥♥♥♥♥   3,♥♥♥♥♥   4,X,X,♥♥♥♥♥   2,2,X,X,No,Yes,Yes,,,
2890,FALSE,Do You Believe in Love,Huey Lewis and The News,1982,Feb 28 2012,Rock,M,English,DLC3,♥♥♥♥♥   3,♥♥♥♥♥   1,♥♥♥♥♥   2,♥♥♥♥♥   3,♥♥♥♥♥   4,♥♥♥♥♥   4,3,X,X,No,Yes,Yes,,,
2891,FALSE,The Heart of Rock & Roll,Huey Lewis and The News,1983,Feb 28 2012,Rock,M,English,DLC3,♥♥♥♥♥   4,♥♥♥♥♥   1,♥♥♥♥♥   1,♥♥♥♥♥   5,♥♥♥♥♥   5,♥♥♥♥♥   4,2,X,X,No,Yes,Yes,,,
2892,FALSE,I Want a New Drug,Huey Lewis and The News,1983,Feb 28 2012,Rock,M,English,DLC3,♥♥♥♥♥   4,♥♥♥♥♥   1,♥♥♥♥♥   1,♥♥♥♥♥   5,♥♥♥♥♥   5,♥♥♥♥♥   4,2,♥♥♥♥♥   5,♥♥♥♥♥   1,No,Yes,Yes,,,
2893,FALSE,Santa Monica,Everclear,1995,Mar 6 2012,Alternative,M,English,DLC3,♥♥♥♥♥   3,♥♥♥♥♥   1,♥♥♥♥♥   3,X,X,♥♥♥♥♥   3,3,♥♥♥♥♥   2,♥♥♥♥♥   1,No,Yes,Yes,,,
2894,FALSE,The Anthem,Good Charlotte,2002,Mar 6 2012,Punk,M,English,DLC3,♥♥♥♥♥   2,♥♥♥♥♥   3,♥♥♥♥♥   3,X,X,♥♥♥♥♥   3,2,X,X,No,Yes,Yes,,,
2895,FALSE,Curl of the Burl,Mastodon,2011,Mar 6 2012,Metal,M,English,DLC3,♥♥♥♥♥   3,♥♥♥♥♥   3,♥♥♥♥♥   4,X,X,♥♥♥♥♥   2,3,X,X,No,Yes,Yes,,,
2896,FALSE,The Good Life,Three Days Grace,2009,Mar 13 2012,Rock,M,English,DLC3,♥♥♥♥♥   3,♥♥♥♥♥   4,♥♥♥♥♥   3,X,X,♥♥♥♥♥   2,3,X,X,No,Yes,Yes,,,
2897,FALSE,I Hate Everything About You,Three Days Grace,2003,Mar 13 2012,Rock,M,English,DLC3,♥♥♥♥♥   2,♥♥♥♥♥   2,♥♥♥♥♥   3,X,X,♥♥♥♥♥   2,3,X,X,No,Yes,Yes,,,
2898,FALSE,Pain,Three Days Grace,2006,Mar 13 2012,Rock,M,English,DLC3,♥♥♥♥♥   2,♥♥♥♥♥   2,♥♥♥♥♥   1,♥♥♥♥♥   1,♥♥♥♥♥   1,♥♥♥♥♥   2,3,♥♥♥♥♥   1,♥♥♥♥♥   1,No,Yes,Yes,,,
2899,FALSE,Down Under,Men at Work,1982,Mar 20 2012,New Wave,M,English,DLC3,♥♥♥♥♥   2,♥♥♥♥♥   1,♥♥♥♥♥   3,♥♥♥♥♥   4,♥♥♥♥♥   4,♥♥♥♥♥   4,3,X,X,No,Yes,Yes,,,
2900,FALSE,Overkill,Men at Work,1983,Mar 20 2012,New Wave,M,English,DLC3,♥♥♥♥♥   3,♥♥♥♥♥   2,♥♥♥♥♥   2,♥♥♥♥♥   2,♥♥♥♥♥   2,♥♥♥♥♥   4,2,X,X,No,Yes,Yes,,,
2901,FALSE,Smooth,Santana (ft. Rob Thomas),1999,Mar 20 2012,Rock,M,English,DLC3,♥♥♥♥♥   4,♥♥♥♥♥   3,♥♥♥♥♥   4,♥♥♥♥♥   3,♥♥♥♥♥   3,♥♥♥♥♥   5,3,♥♥♥♥♥   5,♥♥♥♥♥   4,No,Yes,Yes,,,
2902,FALSE,Second Chance,Shinedown,2008,Mar 27 2012,Nu-Metal,M,English,DLC3,♥♥♥♥♥   2,♥♥♥♥♥   2,♥♥♥♥♥   2,♥♥♥♥♥   3,♥♥♥♥♥   3,♥♥♥♥♥   4,3,♥♥♥♥♥   1,♥♥♥♥♥   1,No,Yes,Yes,,,
2903,FALSE,The Crow and the Butterfly,Shinedown,2008,Mar 27 2012,Nu-Metal,M,English,DLC3,♥♥♥♥♥   3,♥♥♥♥♥   1,♥♥♥♥♥   1,♥♥♥♥♥   3,♥♥♥♥♥   3,♥♥♥♥♥   3,3,X,X,No,Yes,Yes,,,
2904,FALSE,Bully,Shinedown,2012,Mar 27 2012,Nu-Metal,M,English,DLC3,♥♥♥♥♥   4,♥♥♥♥♥   4,♥♥♥♥♥   2,♥♥♥♥♥   4,♥♥♥♥♥   5,♥♥♥♥♥   3,3,X,X,No,Yes,Yes,,,
2905,FALSE,Everybody's Fool,Evanescence,2003,Apr 3 2012,Nu-Metal,F,English,DLC3,♥♥♥♥♥   3,♥♥♥♥♥   2,♥♥♥♥♥   2,♥♥♥♥♥   2,♥♥♥♥♥   2,♥♥♥♥♥   4,3,♥♥♥♥♥   2,♥♥♥♥♥   2,No,Yes,Yes,,,
2906,FALSE,Lithium,Evanescence,2006,Apr 3 2012,Nu-Metal,F,English,DLC3,♥♥♥♥♥   2,♥♥♥♥♥   0,♥♥♥♥♥   1,♥♥♥♥♥   4,♥♥♥♥♥   4,♥♥♥♥♥   3,2,X,X,No,Yes,Yes,,,
2907,FALSE,What You Want,Evanescence,2011,Apr 3 2012,Nu-Metal,F,English,DLC3,♥♥♥♥♥   2,♥♥♥♥♥   3,♥♥♥♥♥   4,♥♥♥♥♥   4,♥♥♥♥♥   4,♥♥♥♥♥   5,3,X,X,No,Yes,Yes,,,
2908,FALSE,Raining Blood,Slayer,1986,Apr 10 2012,Metal,M,English,DLC3,♥♥♥♥♥   6,♥♥♥♥♥   4,♥♥♥♥♥   6,X,X,♥♥♥♥♥   0,X,♥♥♥♥♥   6,♥♥♥♥♥   3,No,Yes,Yes,,,
2909,FALSE,South of Heaven,Slayer,1988,Apr 10 2012,Metal,M,English,DLC3,♥♥♥♥♥   5,♥♥♥♥♥   4,♥♥♥♥♥   5,X,X,♥♥♥♥♥   1,X,X,X,No,Yes,Yes,,,
2910,FALSE,Seasons in the Abyss,Slayer,1990,Apr 10 2012,Metal,M,English,DLC3,♥♥♥♥♥   6,♥♥♥♥♥   4,♥♥♥♥♥   4,X,X,♥♥♥♥♥   2,2,X,X,No,Yes,Yes,,,
2911,FALSE,Get the Party Started,P!nk,2001,Apr 17 2012,Pop-Rock,F,English,DLC3,♥♥♥♥♥   2,♥♥♥♥♥   0,♥♥♥♥♥   4,♥♥♥♥♥   2,♥♥♥♥♥   2,♥♥♥♥♥   3,3,♥♥♥♥♥   0,♥♥♥♥♥   0,No,Yes,Yes,,,
2912,FALSE,Funhouse,P!nk,2008,Apr 17 2012,Pop-Rock,F,English,DLC3,♥♥♥♥♥   2,♥♥♥♥♥   2,♥♥♥♥♥   3,♥♥♥♥♥   2,♥♥♥♥♥   2,♥♥♥♥♥   3,3,X,X,No,Yes,Yes,,,
2913,FALSE,Please Don't Leave Me,P!nk,2008,Apr 17 2012,Pop-Rock,F,English,DLC3,♥♥♥♥♥   2,♥♥♥♥♥   1,♥♥♥♥♥   1,♥♥♥♥♥   2,♥♥♥♥♥   2,♥♥♥♥♥   3,3,X,X,No,Yes,Yes,,,
2914,FALSE,Sober,P!nk,2008,Apr 17 2012,Pop-Rock,F,English,DLC3,♥♥♥♥♥   2,♥♥♥♥♥   0,♥♥♥♥♥   3,♥♥♥♥♥   4,♥♥♥♥♥   5,♥♥♥♥♥   4,3,X,X,No,Yes,Yes,,,
2915,FALSE,Nobody's Fool,Cinderella,1986,Apr 24 2012,Glam,M,English,DLC3,♥♥♥♥♥   3,♥♥♥♥♥   1,♥♥♥♥♥   2,♥♥♥♥♥   2,♥♥♥♥♥   2,♥♥♥♥♥   4,3,X,X,No,Yes,Yes,,,
2916,FALSE,Don't Know What You Got (Till It's Gone),Cinderella,1988,Apr 24 2012,Glam,M,English,DLC3,♥♥♥♥♥   2,♥♥♥♥♥   2,♥♥♥♥♥   1,♥♥♥♥♥   3,♥♥♥♥♥   2,♥♥♥♥♥   2,2,♥♥♥♥♥   3,♥♥♥♥♥   1,No,Yes,Yes,,,
2917,FALSE,Shelter Me,Cinderella,1990,Apr 24 2012,Glam,M,English,DLC3,♥♥♥♥♥   3,♥♥♥♥♥   2,♥♥♥♥♥   2,♥♥♥♥♥   4,♥♥♥♥♥   5,♥♥♥♥♥   5,3,X,X,No,Yes,Yes,,,
2918,FALSE,Two Tickets to Paradise,Eddie Money,1977,May 1 2012,Classic Rock,M,English,DLC3,♥♥♥♥♥   4,♥♥♥♥♥   3,♥♥♥♥♥   3,♥♥♥♥♥   4,♥♥♥♥♥   4,♥♥♥♥♥   2,2,♥♥♥♥♥   3,♥♥♥♥♥   3,No,Yes,Yes,,,
2919,FALSE,Only One,Yellowcard,2003,May 1 2012,Emo,M,English,DLC3,♥♥♥♥♥   3,♥♥♥♥♥   2,♥♥♥♥♥   3,♥♥♥♥♥   3,♥♥♥♥♥   5,♥♥♥♥♥   3,3,X,X,No,Yes,Yes,,,
2920,FALSE,Drops of Jupiter,Train,2001,May 1 2012,Pop-Rock,M,English,DLC3,♥♥♥♥♥   2,♥♥♥♥♥   1,♥♥♥♥♥   3,♥♥♥♥♥   3,♥♥♥♥♥   3,♥♥♥♥♥   4,3,♥♥♥♥♥   2,♥♥♥♥♥   2,No,Yes,Yes,,,
2921,FALSE,Bombtrack,Rage Against the Machine,1992,May 8 2012,Alternative,M,English,DLC3,♥♥♥♥♥   3,♥♥♥♥♥   2,♥♥♥♥♥   3,X,X,♥♥♥♥♥   1,2,♥♥♥♥♥   2,♥♥♥♥♥   2,No,Yes,Yes,,,
2922,FALSE,Killing in the Name,Rage Against the Machine,1992,May 8 2012,Alternative,M,English,DLC3,♥♥♥♥♥   3,♥♥♥♥♥   3,♥♥♥♥♥   5,X,X,♥♥♥♥♥   0,2,X,X,No,Yes,Yes,,,
2923,FALSE,Sleep Now in the Fire,Rage Against the Machine,1999,May 8 2012,Alternative,M,English,DLC3,♥♥♥♥♥   3,♥♥♥♥♥   5,♥♥♥♥♥   3,X,X,♥♥♥♥♥   0,X,X,X,No,Yes,Yes,,,
2924,FALSE,Ignorance,Paramore,2009,May 15 2012,Pop-Rock,F,English,DLC3,♥♥♥♥♥   3,♥♥♥♥♥   2,♥♥♥♥♥   4,♥♥♥♥♥   1,♥♥♥♥♥   1,♥♥♥♥♥   6,3,X,X,No,Yes,Yes,,,
2925,FALSE,Brick by Boring Brick,Paramore,2009,May 15 2012,Pop-Rock,F,English,DLC3,♥♥♥♥♥   2,♥♥♥♥♥   2,♥♥♥♥♥   4,♥♥♥♥♥   2,♥♥♥♥♥   2,♥♥♥♥♥   4,3,X,X,No,Yes,Yes,,,
2926,FALSE,The Only Exception,Paramore,2009,May 15 2012,Pop-Rock,F,English,DLC3,♥♥♥♥♥   1,♥♥♥♥♥   1,♥♥♥♥♥   1,♥♥♥♥♥   2,♥♥♥♥♥   2,♥♥♥♥♥   4,3,♥♥♥♥♥   1,♥♥♥♥♥   1,No,Yes,Yes,,,
2927,FALSE,Phantom of the Opera,Iron Maiden,1980,May 22 2012,Metal,M,English,DLC3,♥♥♥♥♥   6,♥♥♥♥♥   6,♥♥♥♥♥   6,X,X,♥♥♥♥♥   6,3,X,X,No,Yes,Yes,,,
2928,FALSE,The Prisoner,Iron Maiden,1982,May 22 2012,Metal,M,English,DLC3,♥♥♥♥♥   6,♥♥♥♥♥   5,♥♥♥♥♥   5,X,X,♥♥♥♥♥   4,2,X,X,No,Yes,Yes,,,
2929,FALSE,Flight of Icarus,Iron Maiden,1983,May 22 2012,Metal,M,English,DLC3,♥♥♥♥♥   6,♥♥♥♥♥   4,♥♥♥♥♥   5,X,X,♥♥♥♥♥   6,3,♥♥♥♥♥   5,♥♥♥♥♥   4,No,Yes,Yes,,,
2930,FALSE,Rime of the Ancient Mariner,Iron Maiden,1984,May 22 2012,Metal,M,English,DLC3,♥♥♥♥♥   6,♥♥♥♥♥   6,♥♥♥♥♥   6,X,X,♥♥♥♥♥   4,2,♥♥♥♥♥   6,♥♥♥♥♥   6,No,Yes,Yes,,,
2931,FALSE,Infinite Dreams,Iron Maiden,1988,May 22 2012,Metal,M,English,DLC3,♥♥♥♥♥   4,♥♥♥♥♥   5,♥♥♥♥♥   5,♥♥♥♥♥   1,♥♥♥♥♥   1,♥♥♥♥♥   4,2,X,X,No,Yes,Yes,,,
2932,FALSE,Seventh Son of a Seventh Son,Iron Maiden,1988,May 22 2012,Metal,M,English,DLC3,♥♥♥♥♥   6,♥♥♥♥♥   5,♥♥♥♥♥   6,♥♥♥♥♥   1,♥♥♥♥♥   1,♥♥♥♥♥   5,X,X,X,No,Yes,Yes,,,
2933,FALSE,Tears Don't Fall,Bullet for My Valentine,2006,May 29 2012,Metal,M,English,DLC3,♥♥♥♥♥   5,♥♥♥♥♥   3,♥♥♥♥♥   6,X,X,♥♥♥♥♥   2,3,X,X,No,Yes,Yes,,,
2934,FALSE,Scream Aim Fire,Bullet for My Valentine,2008,May 29 2012,Metal,M,English,DLC3,♥♥♥♥♥   6,♥♥♥♥♥   3,♥♥♥♥♥   5,X,X,♥♥♥♥♥   2,2,X,X,No,Yes,Yes,,,
2935,FALSE,Your Betrayal,Bullet for My Valentine,2010,May 29 2012,Metal,M,English,DLC3,♥♥♥♥♥   5,♥♥♥♥♥   4,♥♥♥♥♥   3,X,X,♥♥♥♥♥   3,3,♥♥♥♥♥   5,♥♥♥♥♥   3,No,Yes,Yes,,,
2936,FALSE,Teen Angst (What the World Needs Now),Cracker,1992,Jun 5 2012,Alternative,M,English,DLC3,♥♥♥♥♥   2,♥♥♥♥♥   2,♥♥♥♥♥   2,X,X,♥♥♥♥♥   3,2,♥♥♥♥♥   1,♥♥♥♥♥   2,No,Yes,Yes,,,
2937,FALSE,Dog Days Are Over,Florence + the Machine,2009,Jun 5 2012,Indie Rock,F,English,DLC3,♥♥♥♥♥   3,♥♥♥♥♥   0,♥♥♥♥♥   2,♥♥♥♥♥   0,♥♥♥♥♥   0,♥♥♥♥♥   4,3,X,X,No,Yes,Yes,,,
2938,FALSE,Power and the Passion,Midnight Oil,1982,Jun 5 2012,New Wave,M,English,DLC3,♥♥♥♥♥   2,♥♥♥♥♥   2,♥♥♥♥♥   4,♥♥♥♥♥   2,♥♥♥♥♥   2,♥♥♥♥♥   3,3,X,X,No,Yes,Yes,,,
2939,FALSE,Drive,Incubus,1999,Jun 12 2012,Alternative,M,English,DLC3,♥♥♥♥♥   3,♥♥♥♥♥   2,♥♥♥♥♥   1,X,X,♥♥♥♥♥   3,2,X,X,No,Yes,Yes,,,
2940,FALSE,The Adventure,Angels & Airwaves,2006,Jun 19 2012,Alternative,M,English,DLC3,♥♥♥♥♥   3,♥♥♥♥♥   2,♥♥♥♥♥   4,♥♥♥♥♥   1,♥♥♥♥♥   1,♥♥♥♥♥   3,2,X,X,No,Yes,Yes,,,
2941,FALSE,Fireflies,Owl City,2009,Jun 19 2012,Pop/Dance/Electronic,M,English,DLC3,♥♥♥♥♥   0,♥♥♥♥♥   1,♥♥♥♥♥   4,♥♥♥♥♥   4,♥♥♥♥♥   4,♥♥♥♥♥   4,3,X,X,No,Yes,Yes,,,
2942,FALSE,In My Head,Queens of the Stone Age,2005,Jun 19 2012,Alternative,M,English,DLC3,♥♥♥♥♥   2,♥♥♥♥♥   2,♥♥♥♥♥   2,♥♥♥♥♥   2,♥♥♥♥♥   2,♥♥♥♥♥   3,3,♥♥♥♥♥   2,♥♥♥♥♥   2,No,Yes,Yes,,,
2943,FALSE,Before He Cheats,Carrie Underwood,2005,Jun 26 2012,Country,F,English,DLC3,♥♥♥♥♥   3,♥♥♥♥♥   3,♥♥♥♥♥   2,♥♥♥♥♥   3,♥♥♥♥♥   3,♥♥♥♥♥   4,3,X,X,No,Yes,Yes,,,
2944,FALSE,Cowboy Casanova,Carrie Underwood,2009,Jun 26 2012,Country,F,English,DLC3,♥♥♥♥♥   2,♥♥♥♥♥   2,♥♥♥♥♥   3,♥♥♥♥♥   5,♥♥♥♥♥   5,♥♥♥♥♥   5,3,X,X,No,Yes,Yes,,,
2945,FALSE,Good Girl,Carrie Underwood,2012,Jun 26 2012,Country,F,English,DLC3,♥♥♥♥♥   3,♥♥♥♥♥   1,♥♥♥♥♥   3,X,X,♥♥♥♥♥   6,3,♥♥♥♥♥   3,♥♥♥♥♥   1,No,Yes,Yes,,,
2946,FALSE,Gonzo,All-American Rejects,2012,Jul 3 2012,Emo,M,English,DLC3,♥♥♥♥♥   1,♥♥♥♥♥   3,♥♥♥♥♥   3,♥♥♥♥♥   2,♥♥♥♥♥   2,♥♥♥♥♥   3,3,X,X,No,Yes,Yes,,,
2947,FALSE,Happy?,Mudvayne,2005,Jul 3 2012,Metal,M,English,DLC3,♥♥♥♥♥   4,♥♥♥♥♥   5,♥♥♥♥♥   5,♥♥♥♥♥   0,♥♥♥♥♥   0,♥♥♥♥♥   2,3,♥♥♥♥♥   4,♥♥♥♥♥   6,No,Yes,Yes,,,
2948,FALSE,Satellite,Rise Against,2011,Jul 3 2012,Punk,M,English,DLC3,♥♥♥♥♥   3,♥♥♥♥♥   4,♥♥♥♥♥   4,X,X,♥♥♥♥♥   4,3,X,X,No,Yes,Yes,,,
2949,FALSE,It's Not Over,Daughtry,2006,Jul 10 2012,Rock,M,English,DLC3,♥♥♥♥♥   2,♥♥♥♥♥   2,♥♥♥♥♥   2,X,X,♥♥♥♥♥   3,3,X,X,No,Yes,Yes,,,
2950,FALSE,No Surprise,Daughtry,2009,Jul 10 2012,Rock,M,English,DLC3,♥♥♥♥♥   1,♥♥♥♥♥   1,♥♥♥♥♥   2,♥♥♥♥♥   3,♥♥♥♥♥   3,♥♥♥♥♥   3,3,♥♥♥♥♥   1,♥♥♥♥♥   1,No,Yes,Yes,,,
2951,FALSE,Crawling Back to You,Daughtry,2011,Jul 10 2012,Rock,M,English,DLC3,♥♥♥♥♥   2,♥♥♥♥♥   2,♥♥♥♥♥   2,♥♥♥♥♥   2,♥♥♥♥♥   2,♥♥♥♥♥   3,3,X,X,No,Yes,Yes,,,
2952,FALSE,Love Shack,The B-52's,1989,Jul 17 2012,New Wave,M,English,DLC3,♥♥♥♥♥   3,♥♥♥♥♥   2,♥♥♥♥♥   2,♥♥♥♥♥   1,♥♥♥♥♥   1,♥♥♥♥♥   4,3,♥♥♥♥♥   2,♥♥♥♥♥   2,No,Yes,Yes,,,
2953,FALSE,Not Again,Staind,2011,Jul 17 2012,Nu-Metal,M,English,DLC3,♥♥♥♥♥   5,♥♥♥♥♥   1,♥♥♥♥♥   3,X,X,♥♥♥♥♥   2,3,X,X,No,Yes,Yes,,,
2954,FALSE,My Body,Young the Giant,2010,Jul 17 2012,Indie Rock,M,English,DLC3,♥♥♥♥♥   3,♥♥♥♥♥   3,♥♥♥♥♥   3,♥♥♥♥♥   1,♥♥♥♥♥   1,♥♥♥♥♥   4,3,X,X,No,Yes,Yes,,,
2955,FALSE,Helena Beat,Foster the People,2011,Jul 24 2012,Pop-Rock,M,English,DLC3,♥♥♥♥♥   2,♥♥♥♥♥   3,♥♥♥♥♥   4,♥♥♥♥♥   4,♥♥♥♥♥   4,♥♥♥♥♥   2,3,X,X,No,Yes,Yes,,,
2956,FALSE,Don't Stop (Color on the Walls),Foster the People,2011,Jul 24 2012,Pop-Rock,M,English,DLC3,♥♥♥♥♥   2,♥♥♥♥♥   2,♥♥♥♥♥   2,♥♥♥♥♥   3,♥♥♥♥♥   3,♥♥♥♥♥   3,3,X,X,No,Yes,Yes,,,
2957,FALSE,Under Cover of Darkness,The Strokes,2011,Jul 24 2012,Rock,M,English,DLC3,♥♥♥♥♥   3,♥♥♥♥♥   3,♥♥♥♥♥   3,X,X,♥♥♥♥♥   3,3,♥♥♥♥♥   4,♥♥♥♥♥   2,No,Yes,Yes,,,
2958,FALSE,The End of Heartache,Killswitch Engage,2004,Jul 31 2012,Metal,M,English,DLC3,♥♥♥♥♥   4,♥♥♥♥♥   3,♥♥♥♥♥   3,X,X,♥♥♥♥♥   2,3,♥♥♥♥♥   4,♥♥♥♥♥   2,No,Yes,Yes,,,
2959,FALSE,The Arms of Sorrow,Killswitch Engage,2006,Jul 31 2012,Metal,M,English,DLC3,♥♥♥♥♥   4,♥♥♥♥♥   3,♥♥♥♥♥   4,X,X,♥♥♥♥♥   3,3,X,X,No,Yes,Yes,,,
2960,FALSE,Starting Over,Killswitch Engage,2009,Jul 31 2012,Metal,M,English,DLC3,♥♥♥♥♥   5,♥♥♥♥♥   3,♥♥♥♥♥   3,♥♥♥♥♥   0,♥♥♥♥♥   1,♥♥♥♥♥   2,3,X,X,No,Yes,Yes,,,
2961,FALSE,(I Just) Died in Your Arms,Cutting Crew,1986,Aug 7 2012,New Wave,M,English,DLC3,♥♥♥♥♥   2,♥♥♥♥♥   1,♥♥♥♥♥   2,♥♥♥♥♥   3,♥♥♥♥♥   3,♥♥♥♥♥   4,3,♥♥♥♥♥   3,♥♥♥♥♥   1,No,Yes,Yes,,,
2962,FALSE,Still of the Night,Whitesnake,1987,Aug 7 2012,Glam,M,English,DLC3,♥♥♥♥♥   5,♥♥♥♥♥   5,♥♥♥♥♥   2,♥♥♥♥♥   5,♥♥♥♥♥   5,♥♥♥♥♥   5,3,X,X,No,Yes,Yes,,,
2963,FALSE,Crawling in the Dark,Hoobastank,2001,Aug 7 2012,Alternative,M,English,DLC3,♥♥♥♥♥   5,♥♥♥♥♥   3,♥♥♥♥♥   3,X,X,♥♥♥♥♥   3,3,X,X,No,Yes,Yes,,,
2964,FALSE,I Want to Know What Love Is,Foreigner,1983,Aug 14 2012,Classic Rock,M,English,DLC3,X,♥♥♥♥♥   1,♥♥♥♥♥   2,♥♥♥♥♥   1,♥♥♥♥♥   1,♥♥♥♥♥   5,3,X,X,No,Yes,Yes,,"In RB4, Guitar plays the 5L Keys chart",
2965,FALSE,Waiting for a Girl Like You,Foreigner,1981,Aug 14 2012,Classic Rock,M,English,DLC3,♥♥♥♥♥   2,♥♥♥♥♥   2,♥♥♥♥♥   1,♥♥♥♥♥   3,♥♥♥♥♥   3,♥♥♥♥♥   4,3,X,X,No,Yes,Yes,,,
2966,FALSE,Amaranth,Nightwish,2007,Aug 14 2012,Metal,F,English,DLC3,♥♥♥♥♥   2,♥♥♥♥♥   2,♥♥♥♥♥   2,♥♥♥♥♥   3,♥♥♥♥♥   3,♥♥♥♥♥   5,3,♥♥♥♥♥   2,♥♥♥♥♥   1,No,Yes,Yes,,,
2967,FALSE,Tighten Up,The Black Keys,2010,Aug 21 2012,Rock,M,English,DLC3,♥♥♥♥♥   1,♥♥♥♥♥   1,♥♥♥♥♥   3,♥♥♥♥♥   1,♥♥♥♥♥   1,♥♥♥♥♥   4,X,♥♥♥♥♥   1,♥♥♥♥♥   1,No,Yes,Yes,,,
2968,FALSE,Howlin' for You,The Black Keys,2010,Aug 21 2012,Rock,M,English,DLC3,♥♥♥♥♥   2,♥♥♥♥♥   1,♥♥♥♥♥   3,♥♥♥♥♥   2,♥♥♥♥♥   2,♥♥♥♥♥   5,2,X,X,No,Yes,Yes,,,
2969,FALSE,Lonely Boy,The Black Keys,2011,Aug 21 2012,Rock,M,English,DLC3,♥♥♥♥♥   2,♥♥♥♥♥   1,♥♥♥♥♥   3,♥♥♥♥♥   0,♥♥♥♥♥   0,♥♥♥♥♥   2,2,X,X,No,Yes,Yes,,,
2970,FALSE,One Week,Barenaked Ladies,1998,Aug 28 2012,Rock,M,English,DLC3,♥♥♥♥♥   3,♥♥♥♥♥   3,♥♥♥♥♥   2,♥♥♥♥♥   3,♥♥♥♥♥   3,♥♥♥♥♥   5,2,X,X,No,Yes,Yes,Blitz,,
2971,FALSE,These Days,Foo Fighters,2011,Aug 28 2012,Alternative,M,English,DLC3,♥♥♥♥♥   3,♥♥♥♥♥   3,♥♥♥♥♥   3,X,X,♥♥♥♥♥   3,3,X,X,No,Yes,Yes,Blitz,,
2972,FALSE,Death on Two Legs (Dedicated to...),Queen,1975,Aug 28 2012,Classic Rock,M,English,DLC3,♥♥♥♥♥   3,♥♥♥♥♥   3,♥♥♥♥♥   3,♥♥♥♥♥   5,♥♥♥♥♥   5,♥♥♥♥♥   6,3,X,X,No,Yes,Yes,Blitz,,
2973,FALSE,Breaking the Habit,Linkin Park,2003,Sep 4 2012,Nu-Metal,M,English,DLC3,♥♥♥♥♥   3,♥♥♥♥♥   0,♥♥♥♥♥   5,♥♥♥♥♥   1,♥♥♥♥♥   2,♥♥♥♥♥   2,3,X,X,No,Yes,Yes,,,
2974,FALSE,Shadow of the Day,Linkin Park,2007,Sep 4 2012,Nu-Metal,M,English,DLC3,♥♥♥♥♥   2,♥♥♥♥♥   1,♥♥♥♥♥   2,♥♥♥♥♥   1,♥♥♥♥♥   1,♥♥♥♥♥   1,3,X,X,No,Yes,Yes,,,
2975,FALSE,New Divide,Linkin Park,2009,Sep 4 2012,Nu-Metal,M,English,DLC3,♥♥♥♥♥   1,♥♥♥♥♥   1,♥♥♥♥♥   2,♥♥♥♥♥   2,♥♥♥♥♥   2,♥♥♥♥♥   2,3,♥♥♥♥♥   1,♥♥♥♥♥   0,No,Yes,Yes,,,
2976,FALSE,Burn It Down,Linkin Park,2012,Sep 4 2012,Nu-Metal,M,English,DLC3,♥♥♥♥♥   0,♥♥♥♥♥   0,♥♥♥♥♥   2,♥♥♥♥♥   0,♥♥♥♥♥   0,♥♥♥♥♥   2,2,X,X,No,Yes,Yes,,,
2977,FALSE,Bent,Matchbox Twenty,2000,Sep 11 2012,Alternative,M,English,DLC3,♥♥♥♥♥   2,♥♥♥♥♥   3,♥♥♥♥♥   3,♥♥♥♥♥   1,♥♥♥♥♥   1,♥♥♥♥♥   5,3,X,X,No,Yes,Yes,,,
2978,FALSE,How Far We've Come,Matchbox Twenty,2007,Sep 11 2012,Alternative,M,English,DLC3,♥♥♥♥♥   2,♥♥♥♥♥   2,♥♥♥♥♥   5,♥♥♥♥♥   1,♥♥♥♥♥   1,♥♥♥♥♥   3,3,♥♥♥♥♥   2,♥♥♥♥♥   1,No,Yes,Yes,,,
2979,FALSE,She's So Mean,Matchbox Twenty,2012,Sep 11 2012,Alternative,M,English,DLC3,♥♥♥♥♥   2,♥♥♥♥♥   2,♥♥♥♥♥   3,♥♥♥♥♥   1,♥♥♥♥♥   1,♥♥♥♥♥   5,3,X,X,No,Yes,Yes,,,
2980,FALSE,Days Go By,The Offspring,2012,Sep 18 2012,Punk,M,English,DLC3,♥♥♥♥♥   2,♥♥♥♥♥   2,♥♥♥♥♥   3,♥♥♥♥♥   1,♥♥♥♥♥   1,♥♥♥♥♥   2,3,♥♥♥♥♥   2,♥♥♥♥♥   2,No,Yes,Yes,,,
2981,FALSE,Why Can't We Be Friends?,Smash Mouth,1997,Sep 18 2012,Pop-Rock,M,English,DLC3,♥♥♥♥♥   4,♥♥♥♥♥   3,♥♥♥♥♥   5,♥♥♥♥♥   4,♥♥♥♥♥   4,♥♥♥♥♥   2,2,X,X,No,Yes,Yes,,,
2982,FALSE,Can’t Get Enough of You Baby,Smash Mouth,1999,Sep 18 2012,Pop-Rock,M,English,DLC3,♥♥♥♥♥   2,♥♥♥♥♥   1,♥♥♥♥♥   2,♥♥♥♥♥   3,♥♥♥♥♥   3,♥♥♥♥♥   2,2,X,X,No,Yes,Yes,,,
2983,FALSE,Oh Love,Green Day,2012,Sep 25 2012,Rock,M,English,DLC3,♥♥♥♥♥   1,♥♥♥♥♥   1,♥♥♥♥♥   2,♥♥♥♥♥   0,♥♥♥♥♥   1,♥♥♥♥♥   2,2,X,X,No,Yes,Yes,,,
2984,FALSE,Down,311,1995,Oct 2 2012,Alternative,M,English,DLC3,♥♥♥♥♥   3,♥♥♥♥♥   2,♥♥♥♥♥   4,X,X,♥♥♥♥♥   1,2,♥♥♥♥♥   3,♥♥♥♥♥   2,No,Yes,Yes,,,
2985,FALSE,Beautiful Disaster,311,1997,Oct 2 2012,Alternative,M,English,DLC3,♥♥♥♥♥   3,♥♥♥♥♥   3,♥♥♥♥♥   4,♥♥♥♥♥   0,♥♥♥♥♥   0,♥♥♥♥♥   1,2,X,X,No,Yes,Yes,,,
2986,FALSE,Amber,311,2001,Oct 2 2012,Alternative,M,English,DLC3,♥♥♥♥♥   2,♥♥♥♥♥   2,♥♥♥♥♥   3,♥♥♥♥♥   3,♥♥♥♥♥   3,♥♥♥♥♥   2,2,X,X,No,Yes,Yes,,,
2987,FALSE,I Ran (So Far Away),A Flock of Seagulls,1982,Oct 9 2012,New Wave,M,English,DLC3,♥♥♥♥♥   2,♥♥♥♥♥   2,♥♥♥♥♥   2,♥♥♥♥♥   0,♥♥♥♥♥   0,♥♥♥♥♥   1,2,X,X,No,Yes,Yes,,,
2988,FALSE,The Stroke,Billy Squier,1981,Oct 9 2012,Classic Rock,M,English,DLC3,♥♥♥♥♥   2,♥♥♥♥♥   2,♥♥♥♥♥   1,♥♥♥♥♥   1,♥♥♥♥♥   1,♥♥♥♥♥   5,3,♥♥♥♥♥   1,♥♥♥♥♥   1,No,Yes,Yes,,,
2989,FALSE,Everybody Wants You,Billy Squier,1982,Oct 9 2012,Classic Rock,M,English,DLC3,♥♥♥♥♥   3,♥♥♥♥♥   3,♥♥♥♥♥   2,♥♥♥♥♥   2,♥♥♥♥♥   2,♥♥♥♥♥   3,3,X,X,No,Yes,Yes,,,
2990,FALSE,Come On Eileen,Save Ferris,1997,Oct 16 2012,Reggae/Ska,F,English,DLC3,♥♥♥♥♥   5,♥♥♥♥♥   3,♥♥♥♥♥   3,♥♥♥♥♥   3,♥♥♥♥♥   3,♥♥♥♥♥   3,2,♥♥♥♥♥   3,♥♥♥♥♥   3,No,Yes,Yes,,,
2991,FALSE,All I Wanna Do,Sheryl Crow,1993,Oct 16 2012,Pop-Rock,F,English,DLC3,♥♥♥♥♥   3,♥♥♥♥♥   3,♥♥♥♥♥   2,♥♥♥♥♥   2,♥♥♥♥♥   3,♥♥♥♥♥   6,2,X,X,No,Yes,Yes,,,
2992,FALSE,Animal I Have Become,Three Days Grace,2006,Oct 16 2012,Rock,M,English,DLC3,♥♥♥♥♥   1,♥♥♥♥♥   1,♥♥♥♥♥   1,♥♥♥♥♥   0,♥♥♥♥♥   1,♥♥♥♥♥   3,3,X,X,No,Yes,Yes,,,
2993,FALSE,Make Me Smile,Chicago,1970,Oct 23 2012,Classic Rock,M,English,DLC3,♥♥♥♥♥   5,♥♥♥♥♥   5,♥♥♥♥♥   4,♥♥♥♥♥   3,♥♥♥♥♥   4,♥♥♥♥♥   4,3,♥♥♥♥♥   6,♥♥♥♥♥   5,No,Yes,Yes,,,
2994,FALSE,Feelin' Stronger Every Day,Chicago,1973,Oct 23 2012,Classic Rock,M,English,DLC3,♥♥♥♥♥   3,♥♥♥♥♥   3,♥♥♥♥♥   5,♥♥♥♥♥   3,♥♥♥♥♥   3,♥♥♥♥♥   5,3,X,X,No,Yes,Yes,,,
2995,FALSE,If You Leave Me Now,Chicago,1976,Oct 23 2012,Classic Rock,M,English,DLC3,♥♥♥♥♥   3,♥♥♥♥♥   3,♥♥♥♥♥   1,♥♥♥♥♥   2,♥♥♥♥♥   2,♥♥♥♥♥   4,2,X,X,No,Yes,Yes,,,
2996,FALSE,What I Got,Sublime,1996,Oct 29 2012,Reggae/Ska,M,English,DLC3,♥♥♥♥♥   3,♥♥♥♥♥   1,♥♥♥♥♥   2,♥♥♥♥♥   1,♥♥♥♥♥   1,♥♥♥♥♥   3,3,X,X,No,Yes,Yes,,,
2997,FALSE,Wrong Way,Sublime,1996,Oct 29 2012,Reggae/Ska,M,English,DLC3,♥♥♥♥♥   3,♥♥♥♥♥   3,♥♥♥♥♥   2,♥♥♥♥♥   2,♥♥♥♥♥   2,♥♥♥♥♥   4,X,X,X,No,Yes,Yes,,,
2998,FALSE,Santeria,Sublime,1996,Oct 29 2012,Reggae/Ska,M,English,DLC3,♥♥♥♥♥   3,♥♥♥♥♥   4,♥♥♥♥♥   3,X,X,♥♥♥♥♥   3,X,♥♥♥♥♥   4,♥♥♥♥♥   4,No,Yes,Yes,,,
2999,FALSE,Ants Marching,Dave Matthews Band,1994,Nov 6 2012,Rock,M,English,DLC3,♥♥♥♥♥   3,♥♥♥♥♥   3,♥♥♥♥♥   4,♥♥♥♥♥   3,♥♥♥♥♥   4,♥♥♥♥♥   6,X,♥♥♥♥♥   3,♥♥♥♥♥   3,No,Yes,Yes,,,
3000,FALSE,Mercy,Dave Matthews Band,2012,Nov 6 2012,Rock,M,English,DLC3,♥♥♥♥♥   4,♥♥♥♥♥   1,♥♥♥♥♥   3,♥♥♥♥♥   2,♥♥♥♥♥   2,♥♥♥♥♥   4,2,X,X,No,Yes,Yes,,,
3001,FALSE,So Much to Say,Dave Matthews Band,1996,Nov 6 2012,Rock,M,English,DLC3,♥♥♥♥♥   4,♥♥♥♥♥   4,♥♥♥♥♥   4,♥♥♥♥♥   2,♥♥♥♥♥   4,♥♥♥♥♥   5,2,X,X,No,Yes,Yes,,,
3002,FALSE,I'm Alright,Kenny Loggins,1980,Nov 13 2012,Pop-Rock,M,English,DLC3,♥♥♥♥♥   3,♥♥♥♥♥   3,♥♥♥♥♥   3,X,X,♥♥♥♥♥   6,3,X,X,No,Yes,Yes,,,
3003,FALSE,Footloose,Kenny Loggins,1984,Nov 13 2012,Pop-Rock,M,English,DLC3,♥♥♥♥♥   4,♥♥♥♥♥   5,♥♥♥♥♥   3,♥♥♥♥♥   2,♥♥♥♥♥   2,♥♥♥♥♥   5,3,♥♥♥♥♥   4,♥♥♥♥♥   5,No,Yes,Yes,,,
3004,FALSE,Jessica,The Allman Brothers Band,1973,Nov 20 2012,Southern Rock,X,X,DLC3,♥♥♥♥♥   5,♥♥♥♥♥   5,♥♥♥♥♥   5,♥♥♥♥♥   5,♥♥♥♥♥   5,X,X,♥♥♥♥♥   5,♥♥♥♥♥   5,No,Yes,Yes,,,
3005,FALSE,The Weight (Live),The Band,1972,Nov 20 2012,Classic Rock,M,English,DLC3,♥♥♥♥♥   3,♥♥♥♥♥   3,♥♥♥♥♥   2,♥♥♥♥♥   3,♥♥♥♥♥   4,♥♥♥♥♥   5,3,♥♥♥♥♥   3,♥♥♥♥♥   4,No,Yes,Yes,,,
3006,FALSE,Cold,Crossfade,2004,Nov 20 2012,Rock,M,English,DLC3,♥♥♥♥♥   3,♥♥♥♥♥   1,♥♥♥♥♥   2,X,X,♥♥♥♥♥   4,3,X,X,No,Yes,Yes,,,
3007,FALSE,Cry Thunder,DragonForce,2012,Nov 20 2012,Metal,M,English,DLC3,♥♥♥♥♥   6,♥♥♥♥♥   3,♥♥♥♥♥   5,♥♥♥♥♥   4,♥♥♥♥♥   4,♥♥♥♥♥   4,3,X,X,No,Yes,Yes,,,
3008,FALSE,I Melt With You,Modern English,1982,Nov 20 2012,New Wave,M,English,DLC3,♥♥♥♥♥   2,♥♥♥♥♥   3,♥♥♥♥♥   3,♥♥♥♥♥   1,♥♥♥♥♥   2,♥♥♥♥♥   1,2,X,X,No,Yes,Yes,,,
3009,FALSE,Closer,Nine Inch Nails,1994,Nov 20 2012,Rock,M,English,DLC3,♥♥♥♥♥   2,♥♥♥♥♥   2,♥♥♥♥♥   3,♥♥♥♥♥   1,♥♥♥♥♥   1,♥♥♥♥♥   3,3,X,X,No,Yes,Yes,,,
3010,FALSE,Call Me Maybe,Carly Rae Jepsen,2012,Nov 27 2012,Pop/Dance/Electronic,F,English,DLC3,♥♥♥♥♥   3,♥♥♥♥♥   1,♥♥♥♥♥   2,♥♥♥♥♥   2,♥♥♥♥♥   2,♥♥♥♥♥   3,3,X,X,No,Yes,Yes,,,
3011,FALSE,Sex and Candy,Marcy Playground,1997,Nov 27 2012,Alternative,M,English,DLC3,♥♥♥♥♥   1,♥♥♥♥♥   1,♥♥♥♥♥   2,X,X,♥♥♥♥♥   2,X,♥♥♥♥♥   0,♥♥♥♥♥   1,No,Yes,Yes,,,
3012,FALSE,She Talks to Angels,The Black Crowes,1990,Dec 4 2012,Southern Rock,M,English,DLC3,♥♥♥♥♥   3,♥♥♥♥♥   2,♥♥♥♥♥   1,♥♥♥♥♥   3,♥♥♥♥♥   4,♥♥♥♥♥   4,X,♥♥♥♥♥   2,♥♥♥♥♥   1,No,Yes,Yes,,,
3013,FALSE,Remedy,The Black Crowes,1992,Dec 4 2012,Southern Rock,M,English,DLC3,♥♥♥♥♥   4,♥♥♥♥♥   2,♥♥♥♥♥   3,♥♥♥♥♥   3,♥♥♥♥♥   3,♥♥♥♥♥   5,3,X,X,No,Yes,Yes,,,
3014,FALSE,Sometimes Salvation,The Black Crowes,1992,Dec 4 2012,Southern Rock,M,English,DLC3,♥♥♥♥♥   3,♥♥♥♥♥   1,♥♥♥♥♥   2,X,X,♥♥♥♥♥   6,X,X,X,No,Yes,Yes,,,
3015,FALSE,Possum Kingdom,Toadies,1994,Dec 11 2012,Grunge,M,English,DLC3,♥♥♥♥♥   3,♥♥♥♥♥   1,♥♥♥♥♥   3,X,X,♥♥♥♥♥   4,X,♥♥♥♥♥   3,♥♥♥♥♥   1,No,Yes,Yes,,,
3016,FALSE,Away,Toadies,1994,Dec 11 2012,Grunge,M,English,DLC3,♥♥♥♥♥   3,♥♥♥♥♥   1,♥♥♥♥♥   3,X,X,♥♥♥♥♥   2,2,X,X,No,Yes,Yes,,,
3017,FALSE,Tyler,Toadies,1994,Dec 11 2012,Grunge,M,English,DLC3,♥♥♥♥♥   3,♥♥♥♥♥   1,♥♥♥♥♥   3,X,X,♥♥♥♥♥   3,X,X,X,No,Yes,Yes,,,
3018,FALSE,The Bitch Is Back,Elton John,1974,Dec 18 2012,Classic Rock,M,English,DLC3,♥♥♥♥♥   4,♥♥♥♥♥   3,♥♥♥♥♥   3,♥♥♥♥♥   3,♥♥♥♥♥   4,♥♥♥♥♥   4,3,X,X,No,Yes,Yes,,,
3019,FALSE,Don't Let the Sun Go Down on Me,Elton John,1974,Dec 18 2012,Classic Rock,M,English,DLC3,♥♥♥♥♥   2,♥♥♥♥♥   2,♥♥♥♥♥   1,♥♥♥♥♥   3,♥♥♥♥♥   3,♥♥♥♥♥   4,3,X,X,No,Yes,Yes,,,
3020,FALSE,I'm Still Standing,Elton John,1983,Dec 18 2012,Classic Rock,M,English,DLC3,♥♥♥♥♥   3,♥♥♥♥♥   3,♥♥♥♥♥   2,♥♥♥♥♥   5,♥♥♥♥♥   5,♥♥♥♥♥   5,3,X,X,No,Yes,Yes,Blitz,,
3021,FALSE,Helena,My Chemical Romance,2004,Dec 25 2012,Emo,M,English,DLC3,♥♥♥♥♥   3,♥♥♥♥♥   2,♥♥♥♥♥   4,♥♥♥♥♥   2,♥♥♥♥♥   2,♥♥♥♥♥   3,2,X,X,No,Yes,Yes,,,
3022,FALSE,Teenagers,My Chemical Romance,2006,Dec 25 2012,Emo,M,English,DLC3,♥♥♥♥♥   3,♥♥♥♥♥   2,♥♥♥♥♥   3,♥♥♥♥♥   3,♥♥♥♥♥   3,♥♥♥♥♥   2,3,♥♥♥♥♥   3,♥♥♥♥♥   2,No,Yes,Yes,,,
3023,FALSE,Sing,My Chemical Romance,2010,Dec 25 2012,Emo,M,English,DLC3,♥♥♥♥♥   2,♥♥♥♥♥   3,♥♥♥♥♥   4,♥♥♥♥♥   3,♥♥♥♥♥   3,♥♥♥♥♥   5,3,X,X,No,Yes,Yes,Blitz,,
3024,FALSE,Party Hard,Andrew W.K.,2001,Dec 30 2012,Rock,M,English,DLC3,♥♥♥♥♥   3,♥♥♥♥♥   3,♥♥♥♥♥   3,♥♥♥♥♥   2,♥♥♥♥♥   2,♥♥♥♥♥   1,3,X,X,No,Yes,Yes,,,
3025,FALSE,Tonight Tonight,Hot Chelle Rae,2011,Dec 30 2012,Pop/Dance/Electronic,M,English,DLC3,♥♥♥♥♥   2,♥♥♥♥♥   1,♥♥♥♥♥   2,♥♥♥♥♥   2,♥♥♥♥♥   2,♥♥♥♥♥   3,3,X,X,No,Yes,Yes,,,
3026,FALSE,We Are Young,fun. ft. Janelle Monáe,2012,Dec 30 2012,Pop-Rock,M,English,DLC3,♥♥♥♥♥   2,♥♥♥♥♥   2,♥♥♥♥♥   3,♥♥♥♥♥   2,♥♥♥♥♥   3,♥♥♥♥♥   5,3,X,X,No,Yes,Yes,Blitz,,
3027,FALSE,Raise Your Glass,P!nk,2010,Dec 30 2012,Pop-Rock,F,English,DLC3,♥♥♥♥♥   3,♥♥♥♥♥   2,♥♥♥♥♥   1,♥♥♥♥♥   1,♥♥♥♥♥   1,♥♥♥♥♥   6,3,X,X,No,Yes,Yes,Blitz,,
3028,FALSE,Pumped Up Kicks,Foster the People,2011,Jan 8 2013,Pop-Rock,M,English,DLC3,♥♥♥♥♥   2,♥♥♥♥♥   2,♥♥♥♥♥   3,♥♥♥♥♥   2,♥♥♥♥♥   2,♥♥♥♥♥   4,3,X,X,No,Yes,Yes,Blitz,,
3029,FALSE,Moves Like Jagger,Maroon 5 ft. Christina Aguilera,2010,Jan 8 2013,Pop-Rock,M,English,DLC3,♥♥♥♥♥   3,♥♥♥♥♥   3,♥♥♥♥♥   3,♥♥♥♥♥   2,♥♥♥♥♥   2,♥♥♥♥♥   6,3,X,X,No,Yes,Yes,Blitz,,
3030,FALSE,Jessie's Girl,Rick Springfield,1981,Jan 15 2013,Classic Rock,M,English,DLC3,♥♥♥♥♥   3,♥♥♥♥♥   1,♥♥♥♥♥   3,♥♥♥♥♥   2,♥♥♥♥♥   2,♥♥♥♥♥   3,3,♥♥♥♥♥   3,♥♥♥♥♥   1,No,Yes,Yes,Blitz,,
3031,FALSE,I've Done Everything for You,Rick Springfield,1981,Jan 15 2013,Classic Rock,M,English,DLC3,♥♥♥♥♥   3,♥♥♥♥♥   2,♥♥♥♥♥   3,X,X,♥♥♥♥♥   2,3,♥♥♥♥♥   4,♥♥♥♥♥   2,No,Yes,Yes,,,
3032,FALSE,Don't Talk to Strangers,Rick Springfield,1982,Jan 15 2013,Classic Rock,M,English,DLC3,♥♥♥♥♥   2,♥♥♥♥♥   1,♥♥♥♥♥   3,♥♥♥♥♥   3,♥♥♥♥♥   3,♥♥♥♥♥   3,3,X,X,No,Yes,Yes,,,
3033,FALSE,Stronger (What Doesn't Kill You),Kelly Clarkson,2011,Jan 22 2013,Pop/Dance/Electronic,F,English,DLC3,♥♥♥♥♥   2,♥♥♥♥♥   2,♥♥♥♥♥   2,♥♥♥♥♥   4,♥♥♥♥♥   5,♥♥♥♥♥   6,3,X,X,No,Yes,Yes,Blitz,,
3034,FALSE,Cult of Personality,Living Colour,1988,Jan 22 2013,Rock,M,English,DLC3,♥♥♥♥♥   6,♥♥♥♥♥   4,♥♥♥♥♥   3,X,X,♥♥♥♥♥   3,2,♥♥♥♥♥   6,♥♥♥♥♥   5,No,Yes,Yes,Blitz,,
3035,FALSE,Bang Your Head (Metal Health),Quiet Riot,1983,Jan 22 2013,Metal,M,English,DLC3,♥♥♥♥♥   4,♥♥♥♥♥   2,♥♥♥♥♥   2,X,X,♥♥♥♥♥   5,3,X,X,No,Yes,Yes,Blitz,,
3036,FALSE,Walk This Way,Aerosmith,1975,Jan 29 2013,Rock,M,English,DLC3,♥♥♥♥♥   4,♥♥♥♥♥   4,♥♥♥♥♥   3,X,X,♥♥♥♥♥   5,3,X,X,No,Yes,Yes,VR,,
3037,FALSE,Sweet Emotion,Aerosmith,1975,Jan 29 2013,Rock,M,English,DLC3,♥♥♥♥♥   3,♥♥♥♥♥   4,♥♥♥♥♥   3,X,X,♥♥♥♥♥   2,3,♥♥♥♥♥   6,♥♥♥♥♥   2,No,Yes,Yes,,,
3038,FALSE,Dream On (Live),Aerosmith,1973,Jan 29 2013,Rock,M,English,DLC3,♥♥♥♥♥   2,♥♥♥♥♥   1,♥♥♥♥♥   1,♥♥♥♥♥   1,♥♥♥♥♥   1,♥♥♥♥♥   4,X,♥♥♥♥♥   4,♥♥♥♥♥   2,No,Yes,Yes,,,
3039,FALSE,Legendary Child,Aerosmith,2012,Jan 29 2013,Rock,M,English,DLC3,♥♥♥♥♥   3,♥♥♥♥♥   4,♥♥♥♥♥   3,X,X,♥♥♥♥♥   3,3,X,X,No,Yes,Yes,,,
3040,FALSE,Lover Alot,Aerosmith,2012,Jan 29 2013,Rock,M,English,DLC3,♥♥♥♥♥   3,♥♥♥♥♥   1,♥♥♥♥♥   3,X,X,♥♥♥♥♥   3,3,X,X,No,Yes,Yes,,,
3041,FALSE,Back in the Saddle,Aerosmith,1976,Jan 29 2013,Rock,M,English,DLC3,♥♥♥♥♥   4,♥♥♥♥♥   4,♥♥♥♥♥   2,X,X,♥♥♥♥♥   4,2,X,X,No,Yes,Yes,,,
3042,FALSE,The Wicker Man,Iron Maiden,2000,Feb 5 2013,Metal,M,English,DLC3,♥♥♥♥♥   5,♥♥♥♥♥   4,♥♥♥♥♥   5,♥♥♥♥♥   1,♥♥♥♥♥   1,♥♥♥♥♥   4,2,♥♥♥♥♥   5,♥♥♥♥♥   4,No,Yes,Yes,Blitz,,
3043,FALSE,"Once Bitten, Twice Shy",Great White,1989,Feb 5 2013,Glam,M,English,DLC3,♥♥♥♥♥   4,♥♥♥♥♥   1,♥♥♥♥♥   2,♥♥♥♥♥   4,♥♥♥♥♥   3,♥♥♥♥♥   4,3,X,X,No,Yes,Yes,Blitz,,
3044,FALSE,So Far Away,Avenged Sevenfold,2010,Feb 5 2013,Metal,M,English,DLC3,♥♥♥♥♥   2,♥♥♥♥♥   2,♥♥♥♥♥   3,♥♥♥♥♥   2,♥♥♥♥♥   3,♥♥♥♥♥   3,3,X,X,No,Yes,Yes,Blitz,,
3045,FALSE,More Than Words,Extreme,1990,Feb 12 2013,Rock,M,English,DLC3,♥♥♥♥♥   5,X,X,X,X,♥♥♥♥♥   4,2,♥♥♥♥♥   5,X,No,Yes,Yes,,,
3046,FALSE,Love Hurts,Nazareth,1975,Feb 12 2013,Classic Rock,M,English,DLC3,♥♥♥♥♥   0,♥♥♥♥♥   0,♥♥♥♥♥   0,X,X,♥♥♥♥♥   2,2,X,X,No,Yes,Yes,,,
3047,FALSE,Glory of Love,Peter Cetera,1986,Feb 12 2013,Classic Rock,M,English,DLC3,♥♥♥♥♥   2,♥♥♥♥♥   1,♥♥♥♥♥   1,♥♥♥♥♥   4,♥♥♥♥♥   5,♥♥♥♥♥   3,2,X,X,No,Yes,Yes,,,
3048,FALSE,Keep On Loving You,REO Speedwagon,1980,Feb 12 2013,Classic Rock,M,English,DLC3,♥♥♥♥♥   3,♥♥♥♥♥   3,♥♥♥♥♥   2,♥♥♥♥♥   3,♥♥♥♥♥   3,♥♥♥♥♥   3,3,X,X,No,Yes,Yes,,,
3049,FALSE,Tainted Love,Soft Cell,1981,Feb 12 2013,Pop/Dance/Electronic,M,English,DLC3,♥♥♥♥♥   0,♥♥♥♥♥   1,♥♥♥♥♥   0,♥♥♥♥♥   1,♥♥♥♥♥   2,♥♥♥♥♥   2,2,X,X,No,Yes,Yes,,,
3050,FALSE,Shine,Collective Soul,1994,Feb 19 2013,Alternative,M,English,DLC3,♥♥♥♥♥   4,♥♥♥♥♥   1,♥♥♥♥♥   2,X,X,♥♥♥♥♥   2,3,X,X,No,Yes,Yes,Blitz,,
3051,FALSE,"A Little Less Sixteen Candles, A Little More Touch Me",Fall Out Boy,2005,Feb 19 2013,Pop-Rock,M,English,DLC3,♥♥♥♥♥   3,♥♥♥♥♥   2,♥♥♥♥♥   3,X,X,♥♥♥♥♥   3,3,X,X,No,Yes,Yes,Blitz,,
3052,FALSE,Got You (Where I Want You),The Flys,1998,Feb 26 2013,Alternative,M,English,DLC3,♥♥♥♥♥   2,♥♥♥♥♥   2,♥♥♥♥♥   2,♥♥♥♥♥   1,♥♥♥♥♥   1,♥♥♥♥♥   3,3,♥♥♥♥♥   2,♥♥♥♥♥   1,No,Yes,Yes,,,
3053,FALSE,Silent Lucidity,Queensrÿche,1990,Feb 26 2013,Prog,M,English,DLC3,♥♥♥♥♥   3,♥♥♥♥♥   2,♥♥♥♥♥   3,♥♥♥♥♥   3,♥♥♥♥♥   4,♥♥♥♥♥   3,3,X,X,No,Yes,Yes,,,
3054,FALSE,It's Been Awhile,Staind,2001,Feb 26 2013,Nu-Metal,M,English,DLC3,♥♥♥♥♥   1,♥♥♥♥♥   1,♥♥♥♥♥   2,X,X,♥♥♥♥♥   1,2,X,X,No,Yes,Yes,,,
3055,FALSE,So Far Away,Staind,2003,Feb 26 2013,Nu-Metal,M,English,DLC3,♥♥♥♥♥   2,♥♥♥♥♥   1,♥♥♥♥♥   2,X,X,♥♥♥♥♥   2,2,X,X,No,Yes,Yes,,,
3056,FALSE,Kids in the Street,The All-American Rejects,2012,Mar 5 2013,Emo,M,English,DLC3,♥♥♥♥♥   2,♥♥♥♥♥   4,♥♥♥♥♥   5,♥♥♥♥♥   2,♥♥♥♥♥   1,♥♥♥♥♥   3,3,X,X,No,Yes,Yes,Blitz,,
3057,FALSE,Always,Blink-182,2003,Mar 5 2013,Punk,M,English,DLC3,♥♥♥♥♥   3,♥♥♥♥♥   3,♥♥♥♥♥   4,♥♥♥♥♥   2,♥♥♥♥♥   2,♥♥♥♥♥   3,3,X,X,No,Yes,Yes,Blitz,,
3058,FALSE,Weird Science,Oingo Boingo,1985,Mar 12 2013,New Wave,M,English,DLC3,♥♥♥♥♥   4,♥♥♥♥♥   4,♥♥♥♥♥   2,♥♥♥♥♥   6,♥♥♥♥♥   6,♥♥♥♥♥   6,3,♥♥♥♥♥   4,♥♥♥♥♥   4,No,Yes,Yes,,,
3059,FALSE,Rosanna,Toto,1982,Mar 12 2013,Pop-Rock,M,English,DLC3,♥♥♥♥♥   5,♥♥♥♥♥   3,♥♥♥♥♥   5,♥♥♥♥♥   4,♥♥♥♥♥   4,♥♥♥♥♥   5,3,X,X,No,Yes,Yes,,Delisted,
3060,FALSE,Diamond Eyes (Boom-Lay Boom-Lay Boom),Shinedown,2010,Mar 19 2013,Nu-Metal,M,English,DLC3,♥♥♥♥♥   4,♥♥♥♥♥   3,♥♥♥♥♥   3,♥♥♥♥♥   3,♥♥♥♥♥   3,♥♥♥♥♥   4,3,X,X,No,Yes,Yes,Blitz,,
3061,FALSE,Jungle Boogie,Kool and the Gang,1973,Mar 19 2013,R&B/Soul/Funk,M,English,DLC3,♥♥♥♥♥   3,♥♥♥♥♥   3,♥♥♥♥♥   2,♥♥♥♥♥   4,♥♥♥♥♥   4,♥♥♥♥♥   3,3,♥♥♥♥♥   1,♥♥♥♥♥   3,No,Yes,Yes,Blitz,,
3062,FALSE,Shout,Tears for Fears,1985,Mar 19 2013,New Wave,M,English,DLC3,♥♥♥♥♥   2,♥♥♥♥♥   1,♥♥♥♥♥   4,♥♥♥♥♥   3,♥♥♥♥♥   3,♥♥♥♥♥   4,3,X,X,No,Yes,Yes,Blitz,,
3063,FALSE,Send the Pain Below,Chevelle,2002,Mar 26 2013,Rock,M,English,DLC3,♥♥♥♥♥   3,♥♥♥♥♥   2,♥♥♥♥♥   3,X,X,♥♥♥♥♥   3,3,X,X,No,Yes,Yes,,,
3064,FALSE,The Red,Chevelle,2002,Mar 26 2013,Rock,M,English,DLC3,♥♥♥♥♥   2,♥♥♥♥♥   2,♥♥♥♥♥   2,X,X,♥♥♥♥♥   1,2,♥♥♥♥♥   1,♥♥♥♥♥   1,No,Yes,Yes,,,
3065,FALSE,Face to the Floor,Chevelle,2011,Mar 26 2013,Rock,M,English,DLC3,♥♥♥♥♥   3,♥♥♥♥♥   3,♥♥♥♥♥   2,X,X,♥♥♥♥♥   2,2,X,X,No,Yes,Yes,,,
3066,FALSE,American Pie,Don McLean,1971,Apr 2 2013,Classic Rock,M,English,DLC3,♥♥♥♥♥   4,♥♥♥♥♥   4,♥♥♥♥♥   3,♥♥♥♥♥   5,♥♥♥♥♥   6,♥♥♥♥♥   4,3,X,X,No,Yes,Yes,,,
3067,FALSE,R U Mine?,Arctic Monkeys,2012,Jan 13 2015,Rock,M,English,DLC3,♥♥♥♥♥   3,♥♥♥♥♥   3,♥♥♥♥♥   3,X,X,♥♥♥♥♥   5,3,X,X,No,Yes,Yes,,,
3068,FALSE,Shepherd of Fire,Avenged Sevenfold,2013,Jan 13 2015,Metal,M,English,DLC3,♥♥♥♥♥   6,♥♥♥♥♥   2,♥♥♥♥♥   4,X,X,♥♥♥♥♥   3,2,X,X,No,Yes,Yes,,,
3069,FALSE,Something from Nothing,Foo Fighters,2014,Jan 13 2015,Alternative,M,English,DLC3,♥♥♥♥♥   4,♥♥♥♥♥   3,♥♥♥♥♥   4,X,X,♥♥♥♥♥   3,2,X,X,No,Yes,Yes,,,
3070,FALSE,Rize of the Fenix,Tenacious D,2012,Feb 17 2015,Rock,M,English,DLC3,♥♥♥♥♥   4,♥♥♥♥♥   4,♥♥♥♥♥   6,X,X,♥♥♥♥♥   5,3,X,X,No,Yes,Yes,,,
3071,FALSE,Back to the Shack,Weezer,2014,Feb 17 2015,Alternative,M,English,DLC3,♥♥♥♥♥   3,♥♥♥♥♥   3,♥♥♥♥♥   3,X,X,♥♥♥♥♥   1,3,X,X,No,Yes,Yes,,,
3072,FALSE,I Still Believe,Frank Turner,2011,Mar 5 2015,Rock,M,English,DLC3,♥♥♥♥♥   4,♥♥♥♥♥   1,♥♥♥♥♥   4,X,X,♥♥♥♥♥   2,2,X,X,No,Yes,Yes,,,
3073,FALSE,Blue (Da Ba Dee),Eiffel 65,1999,Mar 15 2011,Pop/Dance/Electronic,M,English,RBN2,♥♥♥♥♥   1,♥♥♥♥♥   3,♥♥♥♥♥   1,♥♥♥♥♥   1,♥♥♥♥♥   3,♥♥♥♥♥   4,X,X,X,No,Yes,No,,,
3074,FALSE,Airbrushed,Anamanaguchi,2010,Mar 23 2011,Pop/Dance/Electronic,X,X,RBN2,♥♥♥♥♥   3,♥♥♥♥♥   2,♥♥♥♥♥   6,♥♥♥♥♥   4,♥♥♥♥♥   6,X,X,X,X,No,Yes,Yes,,,
3075,FALSE,28 Days,Mafia Track Suit,2010,Mar 28 2011,Alternative,M,English,RBN2,♥♥♥♥♥   2,♥♥♥♥♥   2,♥♥♥♥♥   3,X,X,♥♥♥♥♥   1,2,X,X,No,Yes,No,,,
3076,FALSE,Andromeda,Bluefusion,2010,Mar 28 2011,Prog,M,English,RBN2,♥♥♥♥♥   6,♥♥♥♥♥   4,♥♥♥♥♥   6,♥♥♥♥♥   0,♥♥♥♥♥   0,♥♥♥♥♥   0,2,X,X,No,Yes,No,,,
3077,FALSE,Happy People,Big Kenny,2009,Mar 28 2011,Country,M,English,RBN2,♥♥♥♥♥   3,♥♥♥♥♥   2,♥♥♥♥♥   3,X,X,♥♥♥♥♥   2,X,X,X,No,Yes,No,,,
3078,FALSE,Fight For Greatness,Bloom,2010,Apr 6 2011,Indie Rock,M,English,RBN2,♥♥♥♥♥   5,♥♥♥♥♥   1,♥♥♥♥♥   4,♥♥♥♥♥   3,♥♥♥♥♥   4,♥♥♥♥♥   3,2,X,X,No,Yes,No,,,
3079,FALSE,"Slaughterhouse, Obituaries and a Love Story",Arcadia,2010,Apr 6 2011,Metal,M,English/Italian,RBN2,♥♥♥♥♥   5,♥♥♥♥♥   6,♥♥♥♥♥   6,X,X,♥♥♥♥♥   1,X,X,X,No,Xbox Only,No,,,
3080,FALSE,You Will Leave a Mark,A Silent Film,2010,Apr 6 2011,Alternative,M,English,RBN2,♥♥♥♥♥   2,♥♥♥♥♥   1,♥♥♥♥♥   4,♥♥♥♥♥   4,♥♥♥♥♥   5,♥♥♥♥♥   3,2,X,X,No,Yes,No,,,
3081,FALSE,Audience and Audio,Twin Atlantic,2009,Apr 11 2011,Alternative,M,English,RBN2,♥♥♥♥♥   2,♥♥♥♥♥   2,♥♥♥♥♥   4,X,X,♥♥♥♥♥   3,X,X,X,No,Yes,No,,,
3082,FALSE,Money,Madlife,2010,Apr 11 2011,Metal,M,English,RBN2,♥♥♥♥♥   1,♥♥♥♥♥   1,♥♥♥♥♥   2,X,X,♥♥♥♥♥   1,X,X,X,No,Xbox Only,No,,,
3083,FALSE,Deception - Concealing Fate Part Two,TesseracT,2011,Apr 12 2011,Prog,M,English,RBN2,♥♥♥♥♥   4,♥♥♥♥♥   4,♥♥♥♥♥   6,♥♥♥♥♥   0,♥♥♥♥♥   0,♥♥♥♥♥   5,3,X,X,No,Yes,No,,2x Drums Available,
3084,FALSE,Forest,Verax,2010,Apr 12 2011,Alternative,M,English,RBN2,♥♥♥♥♥   4,♥♥♥♥♥   2,♥♥♥♥♥   3,X,X,♥♥♥♥♥   3,X,X,X,No,Xbox Only,No,,,
3085,FALSE,Spaghetti Cat (I Weep For You),Parry Gripp,2008,Apr 12 2011,Novelty,M,English,RBN2,♥♥♥♥♥   0,♥♥♥♥♥   0,♥♥♥♥♥   2,♥♥♥♥♥   3,♥♥♥♥♥   3,♥♥♥♥♥   2,3,X,X,No,Yes,No,,,
3086,FALSE,Find Beauty,Rose of Jericho,2010,Apr 15 2011,Pop-Rock,F,English,RBN2,♥♥♥♥♥   1,♥♥♥♥♥   1,♥♥♥♥♥   0,♥♥♥♥♥   2,♥♥♥♥♥   3,♥♥♥♥♥   2,2,X,X,No,Yes,No,,,
3087,FALSE,Forest for the Trees,Mafia Track Suit,2010,Apr 15 2011,Alternative,M,English,RBN2,♥♥♥♥♥   2,♥♥♥♥♥   2,♥♥♥♥♥   2,X,X,♥♥♥♥♥   1,2,X,X,No,Xbox Only,No,,,
3088,FALSE,Lost Soul,Amberian Dawn,2009,Apr 15 2011,Metal,F,English,RBN2,♥♥♥♥♥   1,♥♥♥♥♥   2,♥♥♥♥♥   2,♥♥♥♥♥   3,♥♥♥♥♥   4,♥♥♥♥♥   2,3,X,X,No,Yes,No,,,
3089,FALSE,Payback (Come On),BioShaft,2011,Apr 15 2011,Rock,M,English,RBN2,♥♥♥♥♥   2,♥♥♥♥♥   2,♥♥♥♥♥   3,X,X,♥♥♥♥♥   2,3,X,X,No,Xbox Only,No,,,
3090,FALSE,Thou Shall Not Fear,Lazarus A.D.,2009,Apr 15 2011,Metal,M,English,RBN2,♥♥♥♥♥   6,♥♥♥♥♥   5,♥♥♥♥♥   6,X,X,♥♥♥♥♥   0,3,X,X,No,Yes,No,,,
3091,FALSE,Animal,Kink Ador,2009,Apr 18 2011,Rock,F,English,RBN2,♥♥♥♥♥   4,♥♥♥♥♥   1,♥♥♥♥♥   3,♥♥♥♥♥   1,♥♥♥♥♥   1,♥♥♥♥♥   3,X,X,X,No,Yes,No,,,
3092,FALSE,Half Crazy,Jukebox the Ghost,2010,Apr 18 2011,Pop-Rock,M,English,RBN2,♥♥♥♥♥   3,♥♥♥♥♥   3,♥♥♥♥♥   3,♥♥♥♥♥   6,♥♥♥♥♥   6,♥♥♥♥♥   5,2,X,X,No,Yes,Yes,,,
3093,FALSE,(pin)Ballz,Insomniac Games,2008,Apr 21 2011,Rock,M,English,RBN2,♥♥♥♥♥   3,♥♥♥♥♥   0,♥♥♥♥♥   3,X,X,♥♥♥♥♥   2,X,X,X,No,Yes,No,,,
3094,FALSE,Chameleon Carneval,Andromeda,2001,Apr 21 2011,Prog,X,X,RBN2,♥♥♥♥♥   6,♥♥♥♥♥   5,♥♥♥♥♥   6,♥♥♥♥♥   6,♥♥♥♥♥   6,X,X,X,X,No,Yes,No,,,
3095,FALSE,Everyone,Madlife,2010,Apr 21 2011,Metal,M,English,RBN2,♥♥♥♥♥   3,♥♥♥♥♥   2,♥♥♥♥♥   3,X,X,♥♥♥♥♥   2,X,X,X,No,Xbox Only,No,,,
3096,FALSE,Hair Trigger,The Acro-Brats,2010,Apr 21 2011,Rock,M,English,RBN2,♥♥♥♥♥   3,♥♥♥♥♥   4,♥♥♥♥♥   4,X,X,♥♥♥♥♥   2,2,X,X,No,Yes,Yes,,,
3097,FALSE,The Curse,Amberian Dawn,2008,Apr 21 2011,Metal,F,English,RBN2,♥♥♥♥♥   6,♥♥♥♥♥   4,♥♥♥♥♥   6,♥♥♥♥♥   4,♥♥♥♥♥   4,♥♥♥♥♥   4,3,X,X,No,Yes,No,,,
3098,FALSE,The Depths of Memory,NightShade,2011,Apr 21 2011,Metal,M,English,RBN2,♥♥♥♥♥   6,♥♥♥♥♥   5,♥♥♥♥♥   6,♥♥♥♥♥   6,♥♥♥♥♥   6,♥♥♥♥♥   0,3,X,X,No,Yes,No,,2x Drums Available (not in PS3 though),
3099,FALSE,Veil of Illumination (Part 1),Andromeda,2008,Apr 21 2011,Prog,M,English,RBN2,♥♥♥♥♥   6,♥♥♥♥♥   5,♥♥♥♥♥   6,♥♥♥♥♥   6,♥♥♥♥♥   6,♥♥♥♥♥   6,3,X,X,No,Yes,No,,,
3100,FALSE,Veil of Illumination (Part 2),Andromeda,2008,Apr 21 2011,Prog,M,English,RBN2,♥♥♥♥♥   6,♥♥♥♥♥   6,♥♥♥♥♥   6,♥♥♥♥♥   6,♥♥♥♥♥   6,♥♥♥♥♥   5,3,X,X,No,Yes,No,,,
3101,FALSE,Zig Zag Talk,Steve Fister,2007,Apr 21 2011,Blues,M,English,RBN2,♥♥♥♥♥   5,♥♥♥♥♥   3,♥♥♥♥♥   3,X,X,♥♥♥♥♥   3,X,X,X,No,Xbox Only,No,,,
3102,FALSE,A Grim Struggle,Nightrage,2009,Apr 22 2011,Metal,M,English,RBN2,♥♥♥♥♥   5,♥♥♥♥♥   3,♥♥♥♥♥   6,X,X,♥♥♥♥♥   0,X,X,X,No,Yes,No,,,
3103,FALSE,Angela Surf City,The Walkmen,2010,Apr 22 2011,Rock,M,English,RBN2,♥♥♥♥♥   4,♥♥♥♥♥   2,♥♥♥♥♥   4,X,X,♥♥♥♥♥   4,X,X,X,No,Yes,No,,,
3104,FALSE,Beat Fly,Tiny Danza,2011,Apr 28 2011,Hip-Hop/Rap,M,English,RBN2,♥♥♥♥♥   4,♥♥♥♥♥   2,♥♥♥♥♥   4,X,X,♥♥♥♥♥   3,2,X,X,No,Yes,No,,,
3105,FALSE,Dawn of the Condoms,Ultra Saturday,2010,Apr 28 2011,Punk,M,English,RBN2,♥♥♥♥♥   2,♥♥♥♥♥   3,♥♥♥♥♥   3,♥♥♥♥♥   4,♥♥♥♥♥   5,♥♥♥♥♥   1,3,X,X,No,Yes,No,,,
3106,FALSE,Dodgin Bullets,Steve Fister,2007,Apr 28 2011,Blues,X,X,RBN2,♥♥♥♥♥   5,♥♥♥♥♥   4,♥♥♥♥♥   4,X,X,X,X,X,X,No,Yes,No,,,
3107,FALSE,Doll in the Dust,Kurodust,2010,Apr 28 2011,Rock,M,English,RBN2,♥♥♥♥♥   4,♥♥♥♥♥   1,♥♥♥♥♥   1,X,X,♥♥♥♥♥   2,3,X,X,No,Xbox Only,No,,,
3108,FALSE,Leave Me Be,Kylie D. Hart,2010,Apr 28 2011,Country,F,English,RBN2,♥♥♥♥♥   3,♥♥♥♥♥   0,♥♥♥♥♥   1,♥♥♥♥♥   1,♥♥♥♥♥   1,♥♥♥♥♥   2,3,X,X,No,Yes,No,,,
3109,FALSE,River of Glass,Rishloo,2009,Apr 28 2011,Prog,M,English,RBN2,♥♥♥♥♥   5,♥♥♥♥♥   4,♥♥♥♥♥   5,X,X,♥♥♥♥♥   4,X,X,X,No,Yes,No,,,
3110,FALSE,Satisfying Angst,The Blackout Argument,2011,Apr 28 2011,Punk,M,English,RBN2,♥♥♥♥♥   2,♥♥♥♥♥   2,♥♥♥♥♥   4,X,X,♥♥♥♥♥   2,2,X,X,No,Xbox Only,No,,,
3111,FALSE,Self Medicate,Felsen,2009,Apr 28 2011,Alternative,M,English,RBN2,♥♥♥♥♥   2,♥♥♥♥♥   2,♥♥♥♥♥   1,X,X,♥♥♥♥♥   2,X,X,X,No,Xbox Only,No,,,
3112,FALSE,The Window,Raven Quinn,2010,Apr 28 2011,Rock,F,English,RBN2,♥♥♥♥♥   3,♥♥♥♥♥   1,♥♥♥♥♥   3,♥♥♥♥♥   0,♥♥♥♥♥   0,♥♥♥♥♥   4,2,X,X,No,Yes,No,,,
3113,FALSE,Hangman,Drugstore Fanatics,2009,May 5 2011,Alternative,M,English,RBN2,♥♥♥♥♥   4,♥♥♥♥♥   3,♥♥♥♥♥   3,X,X,♥♥♥♥♥   1,3,X,X,No,Yes,No,,,
3114,FALSE,Hey I,Blackberry Wednesday,2010,May 5 2011,Rock,M,English,RBN2,♥♥♥♥♥   3,♥♥♥♥♥   2,♥♥♥♥♥   3,X,X,♥♥♥♥♥   2,2,X,X,No,Yes,No,,,
3115,FALSE,Katsushika,Rishloo,2009,May 5 2011,Prog,M,English,RBN2,♥♥♥♥♥   3,♥♥♥♥♥   2,♥♥♥♥♥   4,X,X,♥♥♥♥♥   3,X,X,X,No,Yes,No,,,
3116,FALSE,My Star,Andromeda,2008,May 5 2011,Prog,M,English,RBN2,♥♥♥♥♥   6,♥♥♥♥♥   5,♥♥♥♥♥   6,♥♥♥♥♥   6,♥♥♥♥♥   6,♥♥♥♥♥   5,2,X,X,No,Yes,No,,,
3117,FALSE,Passing Bells,Amberian Dawn,2008,May 5 2011,Metal,F,English,RBN2,♥♥♥♥♥   1,♥♥♥♥♥   2,♥♥♥♥♥   4,♥♥♥♥♥   2,♥♥♥♥♥   2,♥♥♥♥♥   3,3,X,X,No,Yes,No,,,
3118,FALSE,Queen Bee,Tina Guo,2011,May 5 2011,Metal,X,X,RBN2,♥♥♥♥♥   6,♥♥♥♥♥   3,♥♥♥♥♥   6,X,X,X,X,X,X,No,Yes,No,,,
3119,FALSE,Seestrasse,Killbody Tuning,2011,May 5 2011,Indie Rock,X,X,RBN2,♥♥♥♥♥   1,♥♥♥♥♥   0,♥♥♥♥♥   2,X,X,X,X,X,X,No,Xbox Only,No,,,
3120,FALSE,Stay Alive,Rivethead,2009,May 5 2011,Metal,M,English,RBN2,♥♥♥♥♥   4,♥♥♥♥♥   3,♥♥♥♥♥   3,X,X,♥♥♥♥♥   3,X,X,X,No,Xbox Only,No,,,
3121,FALSE,Underground,Wargasm,1995,May 5 2011,Metal,M,English,RBN2,♥♥♥♥♥   5,♥♥♥♥♥   5,♥♥♥♥♥   6,X,X,♥♥♥♥♥   2,3,X,X,No,Xbox Only,No,,2x Drums Available,
3122,FALSE,Willow of Tears,Amberian Dawn,2009,May 5 2011,Metal,F,English,RBN2,♥♥♥♥♥   4,♥♥♥♥♥   1,♥♥♥♥♥   1,♥♥♥♥♥   3,♥♥♥♥♥   3,♥♥♥♥♥   1,2,X,X,No,Yes,No,,,
3123,FALSE,Another Step,Andromeda,2008,May 12 2011,Prog,M,English,RBN2,♥♥♥♥♥   6,♥♥♥♥♥   5,♥♥♥♥♥   6,♥♥♥♥♥   6,♥♥♥♥♥   6,♥♥♥♥♥   4,X,X,X,No,Yes,No,,,
3124,FALSE,Dreamchaser,Amberian Dawn,2008,May 12 2011,Metal,X,X,RBN2,♥♥♥♥♥   6,♥♥♥♥♥   6,♥♥♥♥♥   6,♥♥♥♥♥   6,♥♥♥♥♥   6,X,X,X,X,No,Yes,Yes,,2x Drums Available (not in PS3 though),
3125,FALSE,Eden,TesseracT,2011,May 12 2011,Prog,M,English,RBN2,♥♥♥♥♥   4,♥♥♥♥♥   4,♥♥♥♥♥   6,♥♥♥♥♥   1,♥♥♥♥♥   2,♥♥♥♥♥   4,3,X,X,No,Yes,No,,,
3126,FALSE,Give It Up! Give It Up!,His Statue Falls,2010,May 12 2011,Metal,M,English,RBN2,♥♥♥♥♥   3,♥♥♥♥♥   2,♥♥♥♥♥   3,♥♥♥♥♥   3,♥♥♥♥♥   4,♥♥♥♥♥   2,3,X,X,No,Yes,No,,,
3127,FALSE,I Hate,Madlife,2010,May 12 2011,Metal,M,English,RBN2,♥♥♥♥♥   2,♥♥♥♥♥   2,♥♥♥♥♥   2,X,X,♥♥♥♥♥   2,X,X,X,No,Xbox Only,No,,,
3128,FALSE,Revenants,The Cold Goodnight,2009,May 12 2011,Alternative,F,English,RBN2,♥♥♥♥♥   3,♥♥♥♥♥   1,♥♥♥♥♥   3,X,X,♥♥♥♥♥   2,2,X,X,No,Yes,No,,,
3129,FALSE,Schizophrenia,Jukebox the Ghost,2010,May 12 2011,Pop-Rock,M,English,RBN2,♥♥♥♥♥   3,♥♥♥♥♥   0,♥♥♥♥♥   5,♥♥♥♥♥   6,♥♥♥♥♥   6,♥♥♥♥♥   4,2,X,X,No,Yes,No,,,
3130,FALSE,Trying Hard,Loni Rose,2008,May 12 2011,Country,F,English,RBN2,♥♥♥♥♥   3,♥♥♥♥♥   1,♥♥♥♥♥   2,X,X,♥♥♥♥♥   3,X,X,X,No,Yes,No,,,
3131,FALSE,Alaska,Between the Buried and Me,2005,May 19 2011,Metal,M,English,RBN2,♥♥♥♥♥   6,♥♥♥♥♥   5,♥♥♥♥♥   6,♥♥♥♥♥   1,♥♥♥♥♥   1,♥♥♥♥♥   0,2,X,X,No,Yes,Yes,,2x Drums Available,
3132,FALSE,Arctica,Amberian Dawn,2010,May 19 2011,Metal,F,English,RBN2,♥♥♥♥♥   5,♥♥♥♥♥   3,♥♥♥♥♥   6,♥♥♥♥♥   4,♥♥♥♥♥   5,♥♥♥♥♥   4,3,X,X,No,Yes,No,,2x Drums Available (not in PS3 though),
3133,FALSE,Be Right Here,Mind At Risk,2011,May 19 2011,Rock,M,English,RBN2,♥♥♥♥♥   3,♥♥♥♥♥   3,♥♥♥♥♥   3,X,X,♥♥♥♥♥   2,3,X,X,No,Yes,No,,,
3134,FALSE,Burning Hearts,Silverstein,2011,May 19 2011,Rock,M,English,RBN2,♥♥♥♥♥   4,♥♥♥♥♥   2,♥♥♥♥♥   6,X,X,♥♥♥♥♥   3,3,X,X,No,Yes,Yes,,,
3135,FALSE,Country Song,Seether,2011,May 19 2011,Rock,M,English,RBN2,♥♥♥♥♥   3,♥♥♥♥♥   2,♥♥♥♥♥   2,♥♥♥♥♥   1,♥♥♥♥♥   1,♥♥♥♥♥   3,3,X,X,No,Yes,Yes,,,
3136,FALSE,Go North,The Pauses,2011,May 19 2011,Indie Rock,F,English,RBN2,♥♥♥♥♥   3,♥♥♥♥♥   1,♥♥♥♥♥   4,♥♥♥♥♥   1,♥♥♥♥♥   1,♥♥♥♥♥   4,3,X,X,No,Yes,No,,,
3137,FALSE,Halftime,Freen in Green,2010,May 19 2011,Novelty,M,Adlib/English,RBN2,X,X,X,X,X,♥♥♥♥♥   1,3,X,X,No,Xbox Only,No,,,
3138,FALSE,Machine Gun Kisses,Murder FM,2011,May 19 2011,Metal,M,English,RBN2,♥♥♥♥♥   2,♥♥♥♥♥   3,♥♥♥♥♥   4,♥♥♥♥♥   0,♥♥♥♥♥   0,♥♥♥♥♥   4,3,X,X,No,Xbox Only,No,,,
3139,FALSE,Magnolia,Texas in July,2011,May 19 2011,Metal,M,English,RBN2,♥♥♥♥♥   4,♥♥♥♥♥   4,♥♥♥♥♥   6,X,X,♥♥♥♥♥   0,X,X,X,No,Yes,No,,2x Drums Available (not in PS3 though),
3140,FALSE,Mayhem,Mortice,2011,May 19 2011,Rock,M,English,RBN2,♥♥♥♥♥   6,♥♥♥♥♥   3,♥♥♥♥♥   4,X,X,♥♥♥♥♥   2,3,X,X,No,Xbox Only,No,,,
3141,FALSE,Mercury Blooming,Askari Nari,2011,May 19 2011,Pop/Dance/Electronic,X,X,RBN2,♥♥♥♥♥   1,♥♥♥♥♥   3,♥♥♥♥♥   2,♥♥♥♥♥   2,♥♥♥♥♥   4,X,X,X,X,No,Xbox Only,No,,,
3142,FALSE,Riptide Resort,Freen in Green,2010,May 19 2011,Prog,X,X,RBN2,♥♥♥♥♥   4,♥♥♥♥♥   1,♥♥♥♥♥   4,♥♥♥♥♥   3,♥♥♥♥♥   4,X,X,X,X,No,Yes,No,,,
3143,FALSE,"Sick, Sick, Sick",Bayside,2011,May 19 2011,Alternative,M,English,RBN2,♥♥♥♥♥   3,♥♥♥♥♥   3,♥♥♥♥♥   4,♥♥♥♥♥   0,♥♥♥♥♥   0,♥♥♥♥♥   5,3,X,X,No,Yes,Yes,,,
3144,FALSE,Too Little Too Late,A Skylit Drive,2011,May 19 2011,Alternative,F,English,RBN2,♥♥♥♥♥   3,♥♥♥♥♥   2,♥♥♥♥♥   4,♥♥♥♥♥   0,♥♥♥♥♥   1,♥♥♥♥♥   4,3,X,X,No,Yes,Yes,,,
3145,FALSE,Bamberg,Killbody Tuning,2011,May 26 2011,Indie Rock,X,X,RBN2,♥♥♥♥♥   1,♥♥♥♥♥   1,♥♥♥♥♥   1,X,X,X,X,X,X,No,Xbox Only,No,,,
3146,FALSE,California,Winds of Plague,2011,May 26 2011,Metal,M,English,RBN2,♥♥♥♥♥   3,♥♥♥♥♥   3,♥♥♥♥♥   5,X,X,♥♥♥♥♥   0,2,X,X,No,Yes,No,,,
3147,FALSE,Crazy,Nonpoint,2010,May 26 2011,Rock,M,English,RBN2,♥♥♥♥♥   3,♥♥♥♥♥   3,♥♥♥♥♥   4,X,X,♥♥♥♥♥   3,3,X,X,No,Yes,Yes,,,
3148,FALSE,Last Chance,Tetrafusion,2010,May 26 2011,Prog,M,English,RBN2,♥♥♥♥♥   5,♥♥♥♥♥   5,♥♥♥♥♥   5,♥♥♥♥♥   5,♥♥♥♥♥   5,♥♥♥♥♥   4,3,X,X,No,Xbox Only,No,,,
3149,FALSE,Marker of Change,Killbody Tuning,2011,May 26 2011,Indie Rock,M,English,RBN2,♥♥♥♥♥   2,♥♥♥♥♥   0,♥♥♥♥♥   0,X,X,♥♥♥♥♥   3,3,X,X,No,Xbox Only,No,,,
3150,FALSE,My Only Star,Amberian Dawn,2008,May 26 2011,Metal,F,English,RBN2,♥♥♥♥♥   2,♥♥♥♥♥   1,♥♥♥♥♥   1,♥♥♥♥♥   1,♥♥♥♥♥   2,♥♥♥♥♥   3,3,X,X,No,Yes,No,,,
3151,FALSE,Pressure Cooker,Magnus 'SoulEye' Pålsson,2010,May 26 2011,Pop/Dance/Electronic,M,English,RBN2,♥♥♥♥♥   5,♥♥♥♥♥   4,♥♥♥♥♥   4,♥♥♥♥♥   6,♥♥♥♥♥   6,♥♥♥♥♥   0,X,X,X,No,Yes,No,,,
3152,FALSE,Rain,Indestructible Noise Command,2009,May 26 2011,Metal,M,English,RBN2,♥♥♥♥♥   5,♥♥♥♥♥   3,♥♥♥♥♥   5,X,X,♥♥♥♥♥   1,3,X,X,No,Xbox Only,No,,2x Drums Available,
3153,FALSE,The Devil's in the Details,Aesthetic Perfection,2011,May 26 2011,Pop/Dance/Electronic,M,English,RBN2,♥♥♥♥♥   0,♥♥♥♥♥   3,♥♥♥♥♥   4,♥♥♥♥♥   2,♥♥♥♥♥   3,♥♥♥♥♥   0,X,X,X,No,Yes,No,,,
3154,FALSE,This Round's On Me,Blackguard,2009,May 26 2011,Metal,M,English,RBN2,♥♥♥♥♥   6,♥♥♥♥♥   5,♥♥♥♥♥   6,♥♥♥♥♥   6,♥♥♥♥♥   6,♥♥♥♥♥   0,X,X,X,No,Yes,No,,2x Drums Available (not in PS3 though),
3155,FALSE,Turning Sheep Into Goats/Systematomatic,Rishloo,2009,May 26 2011,Prog,M,English,RBN2,♥♥♥♥♥   5,♥♥♥♥♥   4,♥♥♥♥♥   6,X,X,♥♥♥♥♥   4,X,X,X,No,Yes,No,,,
3156,FALSE,30 Lives,The Motion Sick,2008,Jun 2 2011,Indie Rock,M,English,RBN2,♥♥♥♥♥   2,♥♥♥♥♥   2,♥♥♥♥♥   1,♥♥♥♥♥   1,♥♥♥♥♥   1,♥♥♥♥♥   1,3,X,X,No,Yes,No,,,
3157,FALSE,Be Careful What You Wish For,Memphis May Fire,2010,Jun 2 2011,Metal,M,English,RBN2,♥♥♥♥♥   6,♥♥♥♥♥   4,♥♥♥♥♥   5,X,X,♥♥♥♥♥   1,2,X,X,No,Yes,Yes,,2x Drums Available (not in PS3 though),
3158,FALSE,Better Off This Way,A Day to Remember,2010,Jun 2 2011,Punk,M,English,RBN2,♥♥♥♥♥   2,♥♥♥♥♥   1,♥♥♥♥♥   3,♥♥♥♥♥   2,♥♥♥♥♥   3,♥♥♥♥♥   1,3,X,X,No,Yes,Yes,,,
3159,FALSE,Blackbird,Amberian Dawn,2010,Jun 2 2011,Metal,F,English,RBN2,♥♥♥♥♥   3,♥♥♥♥♥   3,♥♥♥♥♥   5,♥♥♥♥♥   6,♥♥♥♥♥   6,♥♥♥♥♥   2,3,X,X,No,Yes,No,,2x Drums Available (not in PS3 though),
3160,FALSE,Curse of the Werewolf,Timeless Miracle,2005,Jun 2 2011,Metal,M,English,RBN2,♥♥♥♥♥   4,♥♥♥♥♥   5,♥♥♥♥♥   6,♥♥♥♥♥   6,♥♥♥♥♥   6,♥♥♥♥♥   4,3,X,X,No,Yes,No,,2x Drums Available (not in PS3 though),
3161,FALSE,Death of an Era,No Bragging Rights,2011,Jun 2 2011,Metal,M,English,RBN2,♥♥♥♥♥   3,♥♥♥♥♥   3,♥♥♥♥♥   5,X,X,♥♥♥♥♥   2,3,X,X,No,Xbox Only,No,,2x Drums Available,
3162,FALSE,Demons With Ryu,Emmure,2011,Jun 2 2011,Metal,M,English,RBN2,♥♥♥♥♥   4,♥♥♥♥♥   4,♥♥♥♥♥   5,X,X,♥♥♥♥♥   0,3,X,X,No,Yes,No,,2x Drums Available (not in PS3 though),
3163,FALSE,Deny,Betrayed by Sorrow,2009,Jun 2 2011,Rock,M,English,RBN2,♥♥♥♥♥   4,♥♥♥♥♥   3,♥♥♥♥♥   4,X,X,♥♥♥♥♥   3,2,X,X,No,Yes,No,,,
3164,FALSE,Empire,Jukebox the Ghost,2010,Jun 2 2011,Pop-Rock,M,English,RBN2,♥♥♥♥♥   3,♥♥♥♥♥   0,♥♥♥♥♥   3,♥♥♥♥♥   4,♥♥♥♥♥   3,♥♥♥♥♥   3,3,X,X,No,Yes,No,,,
3165,FALSE,Fallen Into You,Kings Queens & Fairytales,2010,Jun 2 2011,Rock,M,English,RBN2,♥♥♥♥♥   5,♥♥♥♥♥   3,♥♥♥♥♥   4,♥♥♥♥♥   2,♥♥♥♥♥   3,♥♥♥♥♥   4,3,X,X,No,Yes,No,,,
3166,FALSE,Firefight,Blackguard,2011,Jun 2 2011,Metal,M,English,RBN2,♥♥♥♥♥   6,♥♥♥♥♥   4,♥♥♥♥♥   6,♥♥♥♥♥   5,♥♥♥♥♥   6,♥♥♥♥♥   0,2,X,X,No,Yes,No,,2x Drums Available (not in PS3 though),
3167,FALSE,Miracle,Nonpoint,2010,Jun 2 2011,Rock,M,English,RBN2,♥♥♥♥♥   4,♥♥♥♥♥   4,♥♥♥♥♥   4,X,X,♥♥♥♥♥   2,3,X,X,No,Yes,Yes,,,
3168,FALSE,Positive Force,Magnus 'SoulEye' Pålsson,2010,Jun 2 2011,Pop/Dance/Electronic,X,X,RBN2,♥♥♥♥♥   3,♥♥♥♥♥   5,♥♥♥♥♥   6,♥♥♥♥♥   5,♥♥♥♥♥   5,X,X,X,X,No,Yes,No,,,
3169,FALSE,Suffer,Stretford End,2010,Jun 2 2011,Alternative,M,English,RBN2,♥♥♥♥♥   5,♥♥♥♥♥   1,♥♥♥♥♥   3,X,X,♥♥♥♥♥   1,2,X,X,No,Xbox Only,No,,,
3170,FALSE,The Resolve of Cowards,Burning Twilight,2010,Jun 2 2011,Metal,M,English,RBN2,♥♥♥♥♥   5,♥♥♥♥♥   3,♥♥♥♥♥   6,X,X,♥♥♥♥♥   2,3,X,X,No,Xbox Only,No,,2x Drums Available,
3171,FALSE,Torture,Rival Sons,2010,Jun 2 2011,Rock,M,English,RBN2,♥♥♥♥♥   3,♥♥♥♥♥   3,♥♥♥♥♥   4,X,X,♥♥♥♥♥   3,X,X,X,No,Yes,No,,,
3172,FALSE,City of Corruption,Amberian Dawn,2010,Jun 9 2011,Metal,F,English,RBN2,♥♥♥♥♥   4,♥♥♥♥♥   4,♥♥♥♥♥   4,♥♥♥♥♥   6,♥♥♥♥♥   6,♥♥♥♥♥   3,2,X,X,No,Yes,No,,2x Drums Available,
3173,FALSE,"Epic Symphony in A Flat Minor, Third Movement: Zero Hour",Van Friscia,2011,Jun 9 2011,Prog,X,X,RBN2,♥♥♥♥♥   5,♥♥♥♥♥   4,♥♥♥♥♥   5,♥♥♥♥♥   6,♥♥♥♥♥   6,X,X,X,X,No,Yes,No,,2x Drums Available (not in PS3 though),
3174,FALSE,Familiar,CyLeW,2008,Jun 9 2011,Alternative,F,English,RBN2,♥♥♥♥♥   2,♥♥♥♥♥   1,♥♥♥♥♥   2,X,X,♥♥♥♥♥   2,X,X,X,No,Yes,No,,,
3175,FALSE,How Far,Synthetic Elements,2009,Jun 9 2011,Punk,M,English,RBN2,♥♥♥♥♥   3,♥♥♥♥♥   2,♥♥♥♥♥   4,X,X,♥♥♥♥♥   2,3,X,X,No,Xbox Only,No,,,
3176,FALSE,My Future Life,Mafia Track Suit,2010,Jun 9 2011,Alternative,M,English,RBN2,♥♥♥♥♥   2,♥♥♥♥♥   1,♥♥♥♥♥   1,X,X,♥♥♥♥♥   0,2,X,X,No,Xbox Only,No,,,
3177,FALSE,No Ghost,The Haunted,2011,Jun 9 2011,Metal,M,English,RBN2,♥♥♥♥♥   4,♥♥♥♥♥   3,♥♥♥♥♥   5,X,X,♥♥♥♥♥   3,2,X,X,No,Yes,No,,,
3178,FALSE,Ooops,Garden of Eden,2010,Jun 9 2011,Rock,M,English,RBN2,♥♥♥♥♥   2,♥♥♥♥♥   2,♥♥♥♥♥   3,X,X,♥♥♥♥♥   3,X,X,X,No,Xbox Only,No,,,
3179,FALSE,Rocket Car,Robotmakers,2010,Jun 9 2011,New Wave,M,English,RBN2,♥♥♥♥♥   3,♥♥♥♥♥   2,♥♥♥♥♥   4,♥♥♥♥♥   3,♥♥♥♥♥   3,♥♥♥♥♥   1,3,X,X,No,Xbox Only,No,,,
3180,FALSE,Slander,Dr. Acula,2011,Jun 9 2011,Metal,M,English,RBN2,♥♥♥♥♥   3,♥♥♥♥♥   2,♥♥♥♥♥   6,X,X,♥♥♥♥♥   0,3,X,X,No,Yes,No,,2x Drums Available (not in PS3 though),
3181,FALSE,Stay Awake,Stretford End,2010,Jun 9 2011,Alternative,M,English,RBN2,♥♥♥♥♥   2,♥♥♥♥♥   0,♥♥♥♥♥   3,X,X,♥♥♥♥♥   3,3,X,X,No,Xbox Only,No,,,
3182,FALSE,The Battle of Lil' Slugger (Remix),dB Soundworks,2010,Jun 9 2011,Pop/Dance/Electronic,X,X,RBN2,♥♥♥♥♥   6,♥♥♥♥♥   4,♥♥♥♥♥   6,♥♥♥♥♥   3,♥♥♥♥♥   3,X,X,X,X,No,Yes,No,,,
3183,FALSE,A Blinding Light,Blackguard,2011,Jun 16 2011,Metal,M,English,RBN2,♥♥♥♥♥   5,♥♥♥♥♥   4,♥♥♥♥♥   4,♥♥♥♥♥   5,♥♥♥♥♥   6,♥♥♥♥♥   0,2,X,X,No,Yes,No,,2x Drums Available (not in PS3 though),
3184,FALSE,Adicto al Dolor (Lágrimas),Don Tetto,2008,Jun 16 2011,Rock,M,Spanish,RBN2,♥♥♥♥♥   3,♥♥♥♥♥   3,♥♥♥♥♥   5,X,X,♥♥♥♥♥   3,3,X,X,No,Xbox Only,No,,,
3185,FALSE,Against the Wall,Ill Niño,2010,Jun 16 2011,Metal,M,English,RBN2,♥♥♥♥♥   2,♥♥♥♥♥   3,♥♥♥♥♥   4,X,X,♥♥♥♥♥   3,3,X,X,No,Yes,No,,,
3186,FALSE,Blood & Scars,Grynd Rodd Muse,2010,Jun 16 2011,Rock,M,English,RBN2,♥♥♥♥♥   3,♥♥♥♥♥   3,♥♥♥♥♥   4,X,X,♥♥♥♥♥   4,X,X,X,No,Xbox Only,No,,,
3187,FALSE,Come Now Follow,Amberian Dawn,2010,Jun 16 2011,Metal,F,English,RBN2,♥♥♥♥♥   5,♥♥♥♥♥   3,♥♥♥♥♥   4,♥♥♥♥♥   3,♥♥♥♥♥   3,♥♥♥♥♥   3,2,X,X,No,Yes,No,,2x Drums Available (not in PS3 though),
3188,FALSE,Dead Again,Possible Oscar,2008,Jun 16 2011,Rock,M,English,RBN2,♥♥♥♥♥   3,♥♥♥♥♥   1,♥♥♥♥♥   2,X,X,♥♥♥♥♥   2,2,X,X,No,Yes,No,,,
3189,FALSE,Expert Mode,LeetStreet Boys,2010,Jun 16 2011,Pop-Rock,M,English,RBN2,♥♥♥♥♥   6,♥♥♥♥♥   1,♥♥♥♥♥   4,♥♥♥♥♥   6,♥♥♥♥♥   6,♥♥♥♥♥   2,3,X,X,No,Yes,No,,,
3190,FALSE,Fallido Intento,Don Tetto,2008,Jun 16 2011,Rock,M,Spanish,RBN2,♥♥♥♥♥   3,♥♥♥♥♥   2,♥♥♥♥♥   3,X,X,♥♥♥♥♥   4,3,X,X,No,Xbox Only,No,,,
3191,FALSE,Field of Serpents,Amberian Dawn,2010,Jun 16 2011,Metal,F,English,RBN2,♥♥♥♥♥   6,♥♥♥♥♥   4,♥♥♥♥♥   6,♥♥♥♥♥   6,♥♥♥♥♥   6,♥♥♥♥♥   5,2,X,X,No,Yes,No,,2x Drums Available (not in PS3 though),
3192,FALSE,Fists Fall,Otep,2011,Jun 16 2011,Metal,F,English,RBN2,♥♥♥♥♥   5,♥♥♥♥♥   6,♥♥♥♥♥   5,X,X,♥♥♥♥♥   1,2,X,X,No,Yes,No,,,
3193,FALSE,Good Things,Hella Donna,2009,Jun 16 2011,Pop-Rock,F,English,RBN2,♥♥♥♥♥   1,♥♥♥♥♥   1,♥♥♥♥♥   1,X,X,♥♥♥♥♥   1,3,X,X,No,Xbox Only,No,,,
3194,FALSE,Hurricane,The Cold Goodnight,2009,Jun 16 2011,Alternative,F,English,RBN2,♥♥♥♥♥   2,♥♥♥♥♥   1,♥♥♥♥♥   2,X,X,♥♥♥♥♥   1,X,X,X,No,Yes,No,,,
3195,FALSE,New Solution,SHIROCK,2011,Jun 16 2011,Alternative,M,English,RBN2,♥♥♥♥♥   2,♥♥♥♥♥   1,♥♥♥♥♥   3,♥♥♥♥♥   1,♥♥♥♥♥   1,♥♥♥♥♥   3,3,X,X,No,Yes,No,,,
3196,FALSE,Sampo,Amberian Dawn,2010,Jun 16 2011,Metal,F,English,RBN2,♥♥♥♥♥   5,♥♥♥♥♥   4,♥♥♥♥♥   4,♥♥♥♥♥   2,♥♥♥♥♥   2,♥♥♥♥♥   4,2,X,X,No,Yes,No,,2x Drums Available (not in PS3 though),
3197,FALSE,Stuck in a Rut,Hip Kitty,2008,Jun 16 2011,Rock,F,English,RBN2,♥♥♥♥♥   2,♥♥♥♥♥   2,♥♥♥♥♥   3,X,X,♥♥♥♥♥   2,3,X,X,No,Xbox Only,No,,,
3198,FALSE,Talisman,Amberian Dawn,2010,Jun 16 2011,Metal,F,English,RBN2,♥♥♥♥♥   6,♥♥♥♥♥   4,♥♥♥♥♥   5,♥♥♥♥♥   5,♥♥♥♥♥   6,♥♥♥♥♥   4,3,X,X,No,Yes,No,,2x Drums Available (not in PS3 though),
3199,FALSE,The Mettle of a Man,Where the Ocean Meets the Sky,2010,Jun 16 2011,Metal,M,English,RBN2,♥♥♥♥♥   5,♥♥♥♥♥   3,♥♥♥♥♥   4,X,X,♥♥♥♥♥   2,X,X,X,No,Xbox Only,No,,,
3200,FALSE,Tonight We Ride,Reform the Resistance,2011,Jun 16 2011,Rock,M,English,RBN2,♥♥♥♥♥   3,♥♥♥♥♥   3,♥♥♥♥♥   5,♥♥♥♥♥   1,♥♥♥♥♥   1,♥♥♥♥♥   1,3,X,X,No,Xbox Only,No,,,
3201,FALSE,What's Left of Me,Blessthefall,2009,Jun 16 2011,Alternative,M,English,RBN2,♥♥♥♥♥   4,♥♥♥♥♥   3,♥♥♥♥♥   5,X,X,♥♥♥♥♥   3,3,X,X,No,Yes,Yes,,,
3202,FALSE,Zombies!! (Coming Out Tonight),Ultra Saturday,2010,Jun 16 2011,Punk,M,English,RBN2,♥♥♥♥♥   2,♥♥♥♥♥   2,♥♥♥♥♥   3,♥♥♥♥♥   2,♥♥♥♥♥   3,♥♥♥♥♥   1,3,X,X,No,Yes,No,,,
3203,FALSE,Betus Blues (Retro Remix),dB Soundworks,2010,Jun 23 2011,Pop/Dance/Electronic,X,X,RBN2,♥♥♥♥♥   5,♥♥♥♥♥   3,♥♥♥♥♥   4,♥♥♥♥♥   6,♥♥♥♥♥   6,X,X,X,X,No,Yes,No,,,
3204,FALSE,Diachylon,Chaotrope,2011,Jun 23 2011,Metal,X,X,RBN2,♥♥♥♥♥   6,♥♥♥♥♥   5,♥♥♥♥♥   6,♥♥♥♥♥   0,♥♥♥♥♥   0,X,X,X,X,No,Yes,No,,,
3205,FALSE,Froggy's Lament,Buckner & Garcia,1999,Jun 23 2011,Pop-Rock,M,English,RBN2,♥♥♥♥♥   1,♥♥♥♥♥   1,♥♥♥♥♥   0,♥♥♥♥♥   1,♥♥♥♥♥   1,♥♥♥♥♥   0,3,X,X,No,Yes,No,,,
3206,FALSE,Hyperspace,Buckner & Garcia,1999,Jun 23 2011,Pop-Rock,M,English,RBN2,♥♥♥♥♥   1,♥♥♥♥♥   1,♥♥♥♥♥   0,♥♥♥♥♥   1,♥♥♥♥♥   2,♥♥♥♥♥   3,3,X,X,No,Yes,No,,,
3207,FALSE,Masters of Puppet Rock,Action Action,2010,Jun 23 2011,Alternative,M,English,RBN2,♥♥♥♥♥   1,♥♥♥♥♥   1,♥♥♥♥♥   2,♥♥♥♥♥   1,♥♥♥♥♥   2,♥♥♥♥♥   2,3,X,X,No,Xbox Only,No,,,
3208,FALSE,Mousetrap,Buckner & Garcia,1999,Jun 23 2011,Pop-Rock,M,English,RBN2,♥♥♥♥♥   1,♥♥♥♥♥   1,♥♥♥♥♥   0,♥♥♥♥♥   1,♥♥♥♥♥   3,♥♥♥♥♥   3,3,X,X,No,Yes,No,,,
3209,FALSE,Namaste,Veil of Maya,2008,Jun 23 2011,Metal,M,English,RBN2,♥♥♥♥♥   5,♥♥♥♥♥   5,♥♥♥♥♥   6,X,X,♥♥♥♥♥   0,3,X,X,No,Yes,No,,,
3210,FALSE,Pac-Man Fever,Buckner & Garcia,1999,Jun 23 2011,Novelty,M,English,RBN2,♥♥♥♥♥   1,♥♥♥♥♥   1,♥♥♥♥♥   1,♥♥♥♥♥   1,♥♥♥♥♥   5,♥♥♥♥♥   2,3,X,X,No,Yes,Yes,,,
3211,FALSE,Prototype Death Machine,Bonded by Blood,2010,Jun 23 2011,Metal,M,English,RBN2,♥♥♥♥♥   6,♥♥♥♥♥   6,♥♥♥♥♥   5,X,X,♥♥♥♥♥   1,2,X,X,No,Xbox Only,No,,,
3212,FALSE,Rise and Shine,Destruction of a Rose,2010,Jun 23 2011,Metal,M,English,RBN2,♥♥♥♥♥   4,♥♥♥♥♥   3,♥♥♥♥♥   5,X,X,♥♥♥♥♥   0,2,X,X,No,Xbox Only,No,,2x Drums Available,
3213,FALSE,The Exit,I Am Cassettes,2010,Jun 23 2011,Alternative,M,English,RBN2,♥♥♥♥♥   3,♥♥♥♥♥   1,♥♥♥♥♥   4,♥♥♥♥♥   1,♥♥♥♥♥   2,♥♥♥♥♥   2,3,X,X,No,Xbox Only,No,,,
3214,FALSE,Bed Intruder Song (feat. Kelly Dodson),Antoine Dodson & The Gregory Brothers,2010,Jun 30 2011,Pop/Dance/Electronic,M,English,RBN2,X,♥♥♥♥♥   2,♥♥♥♥♥   1,♥♥♥♥♥   4,♥♥♥♥♥   4,♥♥♥♥♥   3,3,X,X,No,Yes,No,,,
3215,FALSE,Bland Street Bloom,SikTh,2006,Jun 30 2011,Metal,M,English,RBN2,♥♥♥♥♥   6,♥♥♥♥♥   6,♥♥♥♥♥   6,♥♥♥♥♥   0,♥♥♥♥♥   0,♥♥♥♥♥   2,3,X,X,No,Yes,No,,2x Drums Available (not in PS3 though),
3216,FALSE,By the Grace of the Grill,Graveyard BBQ,2007,Jun 30 2011,Metal,M,English,RBN2,♥♥♥♥♥   5,♥♥♥♥♥   4,♥♥♥♥♥   4,♥♥♥♥♥   0,♥♥♥♥♥   0,♥♥♥♥♥   4,3,X,X,No,Yes,No,,,
3217,FALSE,Foundation,An Unkindness,2010,Jun 30 2011,Alternative,M,English,RBN2,♥♥♥♥♥   2,♥♥♥♥♥   1,♥♥♥♥♥   2,♥♥♥♥♥   4,♥♥♥♥♥   4,♥♥♥♥♥   1,2,X,X,No,Yes,No,,,
3218,FALSE,Ghostly Echoes,Amberian Dawn,2010,Jun 30 2011,Metal,F,English,RBN2,♥♥♥♥♥   2,♥♥♥♥♥   4,♥♥♥♥♥   4,♥♥♥♥♥   6,♥♥♥♥♥   6,♥♥♥♥♥   4,3,X,X,No,Yes,No,,2x Drums Available (not in PS3 though),
3219,FALSE,Morte et Dabo ,Asking Alexandria,2011,Jun 30 2011,Metal,M,English,RBN2,♥♥♥♥♥   4,♥♥♥♥♥   4,♥♥♥♥♥   5,♥♥♥♥♥   3,♥♥♥♥♥   3,♥♥♥♥♥   2,3,X,X,No,Yes,Yes,,2x Drums Available,
3220,FALSE,New Ground,The Story Changes,2009,Jun 30 2011,Punk,M,English,RBN2,♥♥♥♥♥   2,♥♥♥♥♥   1,♥♥♥♥♥   2,X,X,♥♥♥♥♥   1,3,X,X,No,Xbox Only,No,,,
3221,FALSE,Pray for Plagues ,Bring Me the Horizon,2006,Jun 30 2011,Nu-Metal,M,English,RBN2,♥♥♥♥♥   5,♥♥♥♥♥   4,♥♥♥♥♥   6,X,X,♥♥♥♥♥   0,2,X,X,No,Yes,Yes,,2x Drums Available (not in PS3 though),
3222,FALSE,Queendom,B.et.a and The Neon Panthers,2011,Jun 30 2011,Pop/Dance/Electronic,F,English,RBN2,♥♥♥♥♥   1,♥♥♥♥♥   2,♥♥♥♥♥   3,♥♥♥♥♥   3,♥♥♥♥♥   3,♥♥♥♥♥   3,3,X,X,No,Yes,No,,,
3223,FALSE,Slaves to Substance ,Suicide Silence,2011,Jun 30 2011,Metal,M,English,RBN2,♥♥♥♥♥   5,♥♥♥♥♥   5,♥♥♥♥♥   6,X,X,♥♥♥♥♥   0,2,X,X,No,Yes,No,,2x Drums Available (not in PS3 though),
3224,FALSE,Sweet#hart,Closure in Moscow,2009,Jun 30 2011,Prog,M,English,RBN2,♥♥♥♥♥   4,♥♥♥♥♥   3,♥♥♥♥♥   6,X,X,♥♥♥♥♥   5,3,X,X,No,Yes,No,,,
3225,FALSE,You Only Live Once,Suicide Silence,2012,Jun 30 2011,Metal,M,English,RBN2,♥♥♥♥♥   4,♥♥♥♥♥   4,♥♥♥♥♥   5,X,X,♥♥♥♥♥   0,2,X,X,No,Yes,Yes,,2x Drums Available (not in PS3 though),
3226,FALSE,Ziltoidia Attaxx!!,Devin Townsend,2007,Jun 30 2011,Metal,M,English,RBN2,♥♥♥♥♥   6,♥♥♥♥♥   3,♥♥♥♥♥   6,X,X,♥♥♥♥♥   1,3,X,X,No,Yes,No,,2x Drums Available (not in PS3 though),
3227,FALSE,Better Life,Conditions,2010,Jul 7 2011,Rock,M,English,RBN2,♥♥♥♥♥   3,♥♥♥♥♥   1,♥♥♥♥♥   5,X,X,♥♥♥♥♥   2,3,X,X,No,Yes,No,,,
3228,FALSE,Caves,Chiodos,2010,Jul 7 2011,Emo,M,English,RBN2,♥♥♥♥♥   4,♥♥♥♥♥   4,♥♥♥♥♥   6,X,X,♥♥♥♥♥   4,2,X,X,No,Yes,Yes,,,
3229,FALSE,Circus Freak,Standing Shadows,2010,Jul 7 2011,Rock,M,English,RBN2,♥♥♥♥♥   4,♥♥♥♥♥   3,♥♥♥♥♥   4,X,X,♥♥♥♥♥   2,3,X,X,No,Xbox Only,No,,,
3230,FALSE,Cool Concoction,Shylo Elliott,2010,Jul 7 2011,Fusion,X,X,RBN2,♥♥♥♥♥   6,♥♥♥♥♥   1,♥♥♥♥♥   6,♥♥♥♥♥   6,♥♥♥♥♥   6,X,X,X,X,No,Xbox Only,No,,,
3231,FALSE,Dawn of Spring,Christopher J.,2011,Jul 7 2011,Other,X,X,RBN2,♥♥♥♥♥   0,♥♥♥♥♥   1,X,♥♥♥♥♥   4,♥♥♥♥♥   5,X,X,X,X,No,Yes,No,,,
3232,FALSE,Envision,Severed,2010,Jul 7 2011,Metal,M,English,RBN2,♥♥♥♥♥   5,♥♥♥♥♥   4,♥♥♥♥♥   5,♥♥♥♥♥   1,♥♥♥♥♥   1,♥♥♥♥♥   1,3,X,X,No,Xbox Only,No,,,
3233,FALSE,Fame Is Free,Child of Glass feat. Suela,2011,Jul 7 2011,Pop/Dance/Electronic,M,English,RBN2,♥♥♥♥♥   2,♥♥♥♥♥   2,♥♥♥♥♥   3,♥♥♥♥♥   3,♥♥♥♥♥   4,♥♥♥♥♥   3,3,X,X,No,Xbox Only,No,,,
3234,FALSE,"Farewell, Mona Lisa ",The Dillinger Escape Plan,2010,Jul 7 2011,Metal,M,English,RBN2,♥♥♥♥♥   6,♥♥♥♥♥   5,♥♥♥♥♥   6,♥♥♥♥♥   1,♥♥♥♥♥   1,♥♥♥♥♥   1,3,X,X,No,Yes,Yes,,2x Drums Available (not in PS3 though),
3235,FALSE,Glow,Alien Ant Farm,2003,Jul 7 2011,Alternative,M,English,RBN2,♥♥♥♥♥   3,♥♥♥♥♥   2,♥♥♥♥♥   3,X,X,♥♥♥♥♥   3,3,X,X,No,Yes,No,,,
3236,FALSE,Grant Me Peace,Fallen Angel,2010,Jul 7 2011,Metal,M,English,RBN2,♥♥♥♥♥   5,♥♥♥♥♥   3,♥♥♥♥♥   4,X,X,♥♥♥♥♥   4,2,X,X,No,Xbox Only,No,,,
3237,FALSE,Over the Top,White Wizzard,2010,Jul 7 2011,Metal,M,English,RBN2,♥♥♥♥♥   5,♥♥♥♥♥   5,♥♥♥♥♥   4,X,X,♥♥♥♥♥   5,2,X,X,No,Yes,No,,,
3238,FALSE,Rebel On My Side,Casey James Prestwood,2011,Jul 7 2011,Country,M,English,RBN2,♥♥♥♥♥   4,♥♥♥♥♥   1,♥♥♥♥♥   2,X,X,♥♥♥♥♥   4,2,X,X,No,Xbox Only,No,,,
3239,FALSE,Ship With No Sails,Neonfly,2011,Jul 7 2011,Prog,M,English,RBN2,♥♥♥♥♥   5,♥♥♥♥♥   3,♥♥♥♥♥   5,♥♥♥♥♥   5,♥♥♥♥♥   5,♥♥♥♥♥   3,3,X,X,No,Yes,No,,2x Drums Available (not in PS3 though),
3240,FALSE,Turn Around,Bumblefoot,2005,Jul 7 2011,Rock,M,English,RBN2,♥♥♥♥♥   6,♥♥♥♥♥   4,♥♥♥♥♥   5,X,X,♥♥♥♥♥   3,2,X,X,No,Yes,No,,,
3241,FALSE,3 In The Morning,Teflon Don feat. Antonio Cooke,2010,Jul 14 2011,R&B/Soul/Funk,M,English,RBN2,♥♥♥♥♥   1,♥♥♥♥♥   1,♥♥♥♥♥   2,♥♥♥♥♥   1,♥♥♥♥♥   1,♥♥♥♥♥   4,3,X,X,No,Xbox Only,No,,,
3242,FALSE,A Circus,My Wooden LeG,2011,Jul 14 2011,Other,M,English,RBN2,♥♥♥♥♥   2,♥♥♥♥♥   1,♥♥♥♥♥   5,♥♥♥♥♥   1,♥♥♥♥♥   1,♥♥♥♥♥   1,2,X,X,No,Xbox Only,No,,,
3243,FALSE,Bad Things,Gladhander,2009,Jul 14 2011,Grunge,M,English,RBN2,♥♥♥♥♥   5,♥♥♥♥♥   3,♥♥♥♥♥   2,X,X,♥♥♥♥♥   3,X,X,X,No,Xbox Only,No,,,
3244,FALSE,Betrayed,Musica Diablo,2010,Jul 14 2011,Metal,M,English,RBN2,♥♥♥♥♥   6,♥♥♥♥♥   6,♥♥♥♥♥   6,X,X,♥♥♥♥♥   0,2,X,X,No,Yes,No,,2x Drums Available (not in PS3 though),
3245,FALSE,Daydreamer,Mute Defeat,2010,Jul 14 2011,Rock,M,English,RBN2,♥♥♥♥♥   4,♥♥♥♥♥   5,♥♥♥♥♥   5,X,X,♥♥♥♥♥   5,2,X,X,No,Xbox Only,No,,,
3246,FALSE,Desecration Day,Halcyon Way,2011,Jul 14 2011,Metal,M,English,RBN2,♥♥♥♥♥   6,♥♥♥♥♥   4,♥♥♥♥♥   5,♥♥♥♥♥   0,♥♥♥♥♥   1,♥♥♥♥♥   3,3,X,X,No,Yes,No,,2x Drums Available (not in PS3 though),
3247,FALSE,Evelene,Synthetic Elements,2009,Jul 14 2011,Punk,M,English,RBN2,♥♥♥♥♥   2,♥♥♥♥♥   1,♥♥♥♥♥   3,♥♥♥♥♥   1,♥♥♥♥♥   1,♥♥♥♥♥   1,3,X,X,No,Xbox Only,No,,,
3248,FALSE,Für Elise (Beethoven),Magnefora,2011,Jul 14 2011,Classical,X,X,RBN2,X,♥♥♥♥♥   3,X,♥♥♥♥♥   4,♥♥♥♥♥   5,X,X,X,X,No,Yes,No,,,
3249,FALSE,Goodbye Goldblatt,Love Crushed Velvet,2010,Jul 14 2011,Rock,M,English,RBN2,♥♥♥♥♥   4,♥♥♥♥♥   1,♥♥♥♥♥   3,♥♥♥♥♥   2,♥♥♥♥♥   3,♥♥♥♥♥   3,3,X,X,No,Xbox Only,No,,,
3250,FALSE,Inheritors,Serianna,2011,Jul 14 2011,Metal,M,English,RBN2,♥♥♥♥♥   5,♥♥♥♥♥   4,♥♥♥♥♥   6,X,X,♥♥♥♥♥   2,3,X,X,No,Yes,No,,2x Drums Available,
3251,FALSE,Low Life in the Fast Lane,Pump,2009,Jul 14 2011,Rock,M,English,RBN2,♥♥♥♥♥   4,♥♥♥♥♥   2,♥♥♥♥♥   2,X,X,♥♥♥♥♥   4,X,X,X,No,Xbox Only,No,,,
3252,FALSE,Megalodon,Mastodon,2004,Jul 14 2011,Metal,M,English,RBN2,♥♥♥♥♥   5,♥♥♥♥♥   4,♥♥♥♥♥   6,X,X,♥♥♥♥♥   1,3,X,X,No,Yes,No,,2x Drums Available (not in PS3 though),
3253,FALSE,Need Strange,Chad Smith's Bombastic Meatbats,2009,Jul 14 2011,R&B/Soul/Funk,X,X,RBN2,♥♥♥♥♥   2,♥♥♥♥♥   4,♥♥♥♥♥   6,♥♥♥♥♥   6,♥♥♥♥♥   6,X,X,X,X,No,Yes,No,,,
3254,FALSE,Pendulum ,After the Burial,2010,Jul 14 2011,Metal,M,English,RBN2,♥♥♥♥♥   5,♥♥♥♥♥   4,♥♥♥♥♥   5,X,X,♥♥♥♥♥   0,3,X,X,No,Yes,No,,2x Drums Available (not in PS3 though),
3255,FALSE,Piano Sonata No. 11 - Ronda Alla Turca (Mozart),Thomas Walker,2011,Jul 14 2011,Classical,X,X,RBN2,X,X,X,♥♥♥♥♥   6,♥♥♥♥♥   6,X,X,X,X,No,Yes,No,,,
3256,FALSE,Preacher & Devil,Noah Engh The Kid Fantastic,2010,Jul 14 2011,Country,M,English,RBN2,♥♥♥♥♥   6,♥♥♥♥♥   3,♥♥♥♥♥   2,X,X,♥♥♥♥♥   0,2,X,X,No,Xbox Only,No,,,
3257,FALSE,Seahorse Seahell,Lions!Tigers!Bears!,2011,Jul 14 2011,Metal,M,English,RBN2,♥♥♥♥♥   3,♥♥♥♥♥   3,♥♥♥♥♥   5,♥♥♥♥♥   3,♥♥♥♥♥   3,♥♥♥♥♥   0,2,X,X,No,Xbox Only,No,,,
3258,FALSE,Sinner's Vengeance,Fallen Angel,2010,Jul 14 2011,Metal,M,English,RBN2,♥♥♥♥♥   6,♥♥♥♥♥   6,♥♥♥♥♥   6,X,X,♥♥♥♥♥   4,2,X,X,No,Xbox Only,No,,,
3259,FALSE,Still Young,SHIROCK,2011,Jul 14 2011,Alternative,M,English,RBN2,♥♥♥♥♥   2,♥♥♥♥♥   2,♥♥♥♥♥   4,♥♥♥♥♥   3,♥♥♥♥♥   3,♥♥♥♥♥   2,3,X,X,No,Yes,No,,,
3260,FALSE,The Difference Between Medicine and Poison is in the Dose,Circa Survive,2007,Jul 14 2011,Alternative,M,English,RBN2,♥♥♥♥♥   3,♥♥♥♥♥   2,♥♥♥♥♥   5,X,X,♥♥♥♥♥   3,2,X,X,No,Yes,Yes,,,
3261,FALSE,The Nightrager,Bob Katsionis,2008,Jul 14 2011,Metal,X,X,RBN2,♥♥♥♥♥   5,♥♥♥♥♥   4,♥♥♥♥♥   5,♥♥♥♥♥   6,♥♥♥♥♥   6,X,X,X,X,No,Xbox Only,No,,2x Drums Available,
3262,FALSE,The Stars,Jukebox the Ghost,2010,Jul 14 2011,Pop-Rock,M,English,RBN2,♥♥♥♥♥   4,X,♥♥♥♥♥   4,♥♥♥♥♥   4,♥♥♥♥♥   4,♥♥♥♥♥   5,3,X,X,No,Yes,No,,,
3263,FALSE,The Sword,Blackguard,2009,Jul 14 2011,Metal,M,English,RBN2,♥♥♥♥♥   6,♥♥♥♥♥   5,♥♥♥♥♥   6,♥♥♥♥♥   5,♥♥♥♥♥   6,♥♥♥♥♥   0,3,X,X,No,Xbox Only,No,,2x Drums Available,
3264,FALSE,Whiskey's Got A Job To Do,Karla Davis,2010,Jul 14 2011,Country,F,English,RBN2,♥♥♥♥♥   3,♥♥♥♥♥   2,♥♥♥♥♥   3,X,X,♥♥♥♥♥   2,3,X,X,No,Yes,No,,,
3265,FALSE,By Your Command,Devin Townsend,2007,Jul 21 2011,Metal,M,English,RBN2,♥♥♥♥♥   5,♥♥♥♥♥   5,♥♥♥♥♥   6,X,X,♥♥♥♥♥   1,3,X,X,No,Yes,No,,2x Drums Available (not in PS3 though),
3266,FALSE,Category I: Slave to the Empirical,Ethereal Collapse,2008,Jul 21 2011,Metal,M,English,RBN2,♥♥♥♥♥   5,♥♥♥♥♥   4,♥♥♥♥♥   6,X,X,♥♥♥♥♥   0,X,X,X,No,Xbox Only,No,,2x Drums Available,
3267,FALSE,Fragments,Serianna,2011,Jul 21 2011,Metal,M,English,RBN2,♥♥♥♥♥   5,♥♥♥♥♥   5,♥♥♥♥♥   6,♥♥♥♥♥   1,♥♥♥♥♥   1,♥♥♥♥♥   2,3,X,X,No,Yes,No,,2x Drums Available,
3268,FALSE,Paper (Feat. Single White Infidel),Bluefusion,2009,Jul 21 2011,Punk,M,English,RBN2,♥♥♥♥♥   5,♥♥♥♥♥   4,♥♥♥♥♥   6,X,X,♥♥♥♥♥   2,2,X,X,No,Xbox Only,No,,,
3269,FALSE,Regret,Dan Rothery,2009,Jul 21 2011,Pop-Rock,M,English,RBN2,♥♥♥♥♥   2,♥♥♥♥♥   0,♥♥♥♥♥   3,♥♥♥♥♥   1,♥♥♥♥♥   1,♥♥♥♥♥   3,3,X,X,No,Xbox Only,No,,,
3270,FALSE,Stabbing the Drama,Soilwork,2005,Jul 21 2011,Metal,M,English,RBN2,♥♥♥♥♥   5,♥♥♥♥♥   3,♥♥♥♥♥   5,♥♥♥♥♥   2,♥♥♥♥♥   2,♥♥♥♥♥   1,2,X,X,No,Yes,No,,,
3271,FALSE,The Fall of Psilanthropy,Chaotrope,2011,Jul 21 2011,Metal,X,X,RBN2,♥♥♥♥♥   6,♥♥♥♥♥   6,♥♥♥♥♥   6,♥♥♥♥♥   6,♥♥♥♥♥   6,X,X,X,X,No,Yes,No,,,
3272,FALSE,The Grinding Wheels of War,Fallen Angel,2010,Jul 21 2011,Metal,X,X,RBN2,♥♥♥♥♥   6,♥♥♥♥♥   1,♥♥♥♥♥   2,X,X,X,X,X,X,No,Xbox Only,No,,,
3273,FALSE,The Thief in the Night - Part I,Chaotrope,2011,Jul 21 2011,Metal,X,X,RBN2,♥♥♥♥♥   6,♥♥♥♥♥   6,♥♥♥♥♥   6,♥♥♥♥♥   6,♥♥♥♥♥   6,X,X,X,X,No,Yes,No,,2x Drums Available (not in PS3 though),
3274,FALSE,These City Lights,Rose of Jericho,2007,Jul 21 2011,Pop-Rock,F,English,RBN2,♥♥♥♥♥   2,♥♥♥♥♥   0,♥♥♥♥♥   3,♥♥♥♥♥   4,♥♥♥♥♥   4,♥♥♥♥♥   5,2,X,X,No,Yes,No,,,
3275,FALSE,Bagatelle No. 25 - Für Elise (Beethoven),Thomas Walker,2011,Jul 28 2011,Classical,X,X,RBN2,X,X,X,♥♥♥♥♥   5,♥♥♥♥♥   5,X,X,X,X,No,Yes,No,,,
3276,FALSE,Battle of Egos Part I,Winter Crescent,2009,Jul 28 2011,Metal,M,English,RBN2,♥♥♥♥♥   6,♥♥♥♥♥   5,♥♥♥♥♥   6,X,X,♥♥♥♥♥   3,3,X,X,No,Xbox Only,No,,2x Drums Available,
3277,FALSE,Heroes Don't Cry,Free Spirit,2009,Jul 28 2011,Rock,M,English,RBN2,♥♥♥♥♥   2,♥♥♥♥♥   2,♥♥♥♥♥   2,♥♥♥♥♥   0,♥♥♥♥♥   1,♥♥♥♥♥   2,2,X,X,No,Yes,No,,,
3278,FALSE,Honeys Takin' Money,Audio Ammunition,2007,Jul 28 2011,Hip-Hop/Rap,M,English,RBN2,♥♥♥♥♥   0,X,♥♥♥♥♥   3,♥♥♥♥♥   2,♥♥♥♥♥   2,♥♥♥♥♥   0,2,X,X,No,Xbox Only,No,,,
3279,FALSE,I,Before Nine,2010,Jul 28 2011,Rock,M,English,RBN2,♥♥♥♥♥   4,♥♥♥♥♥   1,♥♥♥♥♥   5,X,X,♥♥♥♥♥   3,3,X,X,No,Yes,No,,,
3280,FALSE,If I Was King,Dan Markland,2009,Jul 28 2011,Alternative,M,English,RBN2,♥♥♥♥♥   2,♥♥♥♥♥   1,♥♥♥♥♥   0,♥♥♥♥♥   1,♥♥♥♥♥   2,♥♥♥♥♥   3,3,X,X,No,Xbox Only,No,,,
3281,FALSE,Now or Never,Stagehands,2009,Jul 28 2011,Pop-Rock,M,English,RBN2,♥♥♥♥♥   3,♥♥♥♥♥   3,♥♥♥♥♥   4,♥♥♥♥♥   2,♥♥♥♥♥   4,♥♥♥♥♥   3,3,X,X,No,Yes,No,,,
3282,FALSE,On and On,Fallen Angel,2010,Jul 28 2011,Metal,M,English,RBN2,♥♥♥♥♥   6,♥♥♥♥♥   2,♥♥♥♥♥   3,X,X,♥♥♥♥♥   3,2,X,X,No,Xbox Only,No,,,
3283,FALSE,Piano Sonata No. 14 - Moonlight Sonata (Beethoven),Thomas Walker,2011,Jul 28 2011,Classical,X,X,RBN2,X,X,X,♥♥♥♥♥   1,♥♥♥♥♥   3,X,X,X,X,No,Yes,No,,,
3284,FALSE,Pirats 'Til We Die,Halfbrick Studios,2011,Jul 28 2011,Metal,M,English,RBN2,♥♥♥♥♥   5,♥♥♥♥♥   4,♥♥♥♥♥   5,♥♥♥♥♥   2,♥♥♥♥♥   4,♥♥♥♥♥   2,3,X,X,No,Yes,No,,,
3285,FALSE,Very Busy People,The Limousines,2010,Jul 28 2011,Alternative,M,English,RBN2,♥♥♥♥♥   2,♥♥♥♥♥   2,♥♥♥♥♥   3,♥♥♥♥♥   3,♥♥♥♥♥   3,♥♥♥♥♥   4,3,X,X,No,Yes,Yes,,,
3286,FALSE,Walks Like A Ghost,Quartered,2010,Jul 28 2011,Rock,M,English,RBN2,♥♥♥♥♥   3,♥♥♥♥♥   2,♥♥♥♥♥   4,X,X,♥♥♥♥♥   2,3,X,X,No,Yes,No,,,
3287,FALSE,!I,!I!,2011,Jul 28 2011,Other,X,X,RBN2,X,X,X,♥♥♥♥♥   2,♥♥♥♥♥   3,X,X,X,X,No,Xbox Only,No,,,
3288,FALSE,American Hero vs. Done,Robin Skouteris,2011,Aug 4 2011,Rock,M,English,RBN2,♥♥♥♥♥   5,♥♥♥♥♥   1,♥♥♥♥♥   4,X,X,♥♥♥♥♥   3,3,X,X,No,Xbox Only,No,,,
3289,FALSE,Cluster #2,Askari Nari,2011,Aug 4 2011,Pop/Dance/Electronic,X,X,RBN2,X,♥♥♥♥♥   5,♥♥♥♥♥   6,♥♥♥♥♥   6,♥♥♥♥♥   6,X,X,X,X,No,Xbox Only,No,,RB2 Version available with guitar intead of keys under artist Jacob Chaney,
3290,FALSE,Dawn (Blood Saga I)/Through the Maelström,Morgawr,2010,Aug 4 2011,Metal,M,English,RBN2,♥♥♥♥♥   6,♥♥♥♥♥   5,♥♥♥♥♥   6,♥♥♥♥♥   2,♥♥♥♥♥   3,♥♥♥♥♥   0,3,X,X,No,Xbox Only,No,,,
3291,FALSE,Devil's Boulevard,Eminence,2008,Aug 4 2011,Metal,M,English,RBN2,♥♥♥♥♥   4,♥♥♥♥♥   4,♥♥♥♥♥   6,X,X,♥♥♥♥♥   0,2,X,X,No,Xbox Only,No,,2x Drums Available,
3292,FALSE,Gymnopédie No. 1 (Satie),Thomas Walker,2011,Aug 4 2011,Classical,X,X,RBN2,X,♥♥♥♥♥   0,X,♥♥♥♥♥   0,♥♥♥♥♥   0,X,X,X,X,No,Yes,No,,,
3293,FALSE,Moonlight Ride,Free Spirit,2009,Aug 4 2011,Rock,M,English,RBN2,♥♥♥♥♥   4,♥♥♥♥♥   3,♥♥♥♥♥   2,♥♥♥♥♥   0,♥♥♥♥♥   1,♥♥♥♥♥   4,3,X,X,No,Yes,No,,,
3294,FALSE,PON DE FIOR,SNMT,2011,Aug 4 2011,Other,X,X,RBN2,♥♥♥♥♥   4,♥♥♥♥♥   5,♥♥♥♥♥   3,♥♥♥♥♥   6,♥♥♥♥♥   6,X,X,X,X,No,Xbox Only,No,,,
3295,FALSE,Poor Yorick,Shakespeare in Hell,2001,Aug 4 2011,Metal,M,English,RBN2,♥♥♥♥♥   2,♥♥♥♥♥   2,♥♥♥♥♥   5,♥♥♥♥♥   0,♥♥♥♥♥   1,♥♥♥♥♥   0,X,X,X,No,Xbox Only,No,,2x Drums Available,
3296,FALSE,Reviving a Dead Language,Askari Nari,2011,Aug 4 2011,Pop/Dance/Electronic,X,X,RBN2,♥♥♥♥♥   5,♥♥♥♥♥   5,♥♥♥♥♥   6,♥♥♥♥♥   6,♥♥♥♥♥   6,X,X,X,X,No,Xbox Only,No,,,
3297,FALSE,Shadow of a Man,Free Spirit,2009,Aug 4 2011,Rock,M,English,RBN2,♥♥♥♥♥   1,♥♥♥♥♥   3,♥♥♥♥♥   2,♥♥♥♥♥   1,♥♥♥♥♥   1,♥♥♥♥♥   2,3,X,X,No,Yes,No,,,
3298,FALSE,The Cheval Glass,Emery,2011,Aug 4 2011,Rock,M,English,RBN2,♥♥♥♥♥   4,♥♥♥♥♥   4,♥♥♥♥♥   4,X,X,♥♥♥♥♥   2,3,X,X,No,Yes,No,,,
3299,FALSE,Toast (Live),Heywood Banks,1998,Aug 4 2011,Novelty,M,English,RBN2,X,X,♥♥♥♥♥   2,X,X,♥♥♥♥♥   0,2,X,X,No,Yes,No,,,
3300,FALSE,Wha-Chow Theme (Feat. ShadyVox),Psyguy,2010,Aug 4 2011,Novelty,M,English,RBN2,♥♥♥♥♥   6,X,♥♥♥♥♥   6,X,X,♥♥♥♥♥   3,3,X,X,No,Xbox Only,No,,,
3301,FALSE,Act of War,Lich King,2010,Aug 11 2011,Metal,M,English,RBN2,♥♥♥♥♥   6,♥♥♥♥♥   6,♥♥♥♥♥   6,X,X,♥♥♥♥♥   0,3,X,X,No,Yes,No,,,
3302,FALSE,Ashes to Ashes / Leaving It All Behind,Fallen Angel,2010,Aug 11 2011,Metal,M,English,RBN2,♥♥♥♥♥   3,♥♥♥♥♥   2,♥♥♥♥♥   5,♥♥♥♥♥   0,♥♥♥♥♥   0,♥♥♥♥♥   5,3,X,X,No,Xbox Only,No,,,
3303,FALSE,Caraphernelia,Pierce the Veil,2010,Aug 18 2011,Emo,M,English,RBN2,♥♥♥♥♥   4,♥♥♥♥♥   2,♥♥♥♥♥   6,♥♥♥♥♥   1,♥♥♥♥♥   2,♥♥♥♥♥   3,3,X,X,No,Yes,Yes,,,
3304,FALSE,Dance Battle Alpha,Active Knowledge,2010,Aug 18 2011,Pop/Dance/Electronic,X,X,RBN2,♥♥♥♥♥   3,♥♥♥♥♥   4,♥♥♥♥♥   4,♥♥♥♥♥   5,♥♥♥♥♥   6,X,X,X,X,No,Xbox Only,No,,,
3305,FALSE,Doppelgänger,Freezepop,2010,Aug 18 2011,Pop/Dance/Electronic,F,English,RBN2,♥♥♥♥♥   3,♥♥♥♥♥   3,♥♥♥♥♥   3,♥♥♥♥♥   3,♥♥♥♥♥   3,♥♥♥♥♥   2,2,X,X,No,Yes,Yes,,,
3306,FALSE,Dystopia,Chaotrope,2011,Aug 18 2011,Metal,X,X,RBN2,♥♥♥♥♥   6,♥♥♥♥♥   6,♥♥♥♥♥   6,♥♥♥♥♥   6,♥♥♥♥♥   6,X,X,X,X,No,Yes,No,,,
3307,FALSE,Gold Rush,Armor For The Broken,2011,Aug 18 2011,Metal,M,English,RBN2,♥♥♥♥♥   5,♥♥♥♥♥   5,♥♥♥♥♥   5,X,X,♥♥♥♥♥   0,2,X,X,No,Xbox Only,No,,,
3308,FALSE,Life Will Fade Away,Synthetic Elements,2009,Aug 18 2011,Punk,M,English,RBN2,♥♥♥♥♥   3,♥♥♥♥♥   3,♥♥♥♥♥   4,♥♥♥♥♥   2,♥♥♥♥♥   2,♥♥♥♥♥   1,3,X,X,No,Xbox Only,No,,,
3309,FALSE,Make It Last,Devoutcast,2010,Aug 18 2011,Rock,M,English,RBN2,♥♥♥♥♥   5,♥♥♥♥♥   2,♥♥♥♥♥   3,X,X,♥♥♥♥♥   3,2,X,X,No,Xbox Only,No,,,
3310,FALSE,Nugget Man,Paul and Storm,2007,Aug 18 2011,Novelty,M,English,RBN2,♥♥♥♥♥   3,♥♥♥♥♥   3,♥♥♥♥♥   5,♥♥♥♥♥   5,♥♥♥♥♥   5,♥♥♥♥♥   6,3,X,X,No,Yes,No,,,
3311,FALSE,Soy Bomb,Honest Bob and the Factory-to-Dealer Incentives,2008,Aug 18 2011,Indie Rock,X,X,RBN2,♥♥♥♥♥   2,♥♥♥♥♥   3,♥♥♥♥♥   3,X,X,X,X,X,X,No,Yes,Yes,,,
3312,FALSE,Stabbing to Purge Dissimulation,All Shall Perish,2008,Aug 18 2011,Metal,M,English,RBN2,♥♥♥♥♥   6,♥♥♥♥♥   5,♥♥♥♥♥   6,X,X,♥♥♥♥♥   0,3,X,X,No,Yes,No,,2x Drums Available (not in PS3 though),
3313,FALSE,Sweet Rain,Weeping Buddhas,2011,Aug 18 2011,Pop-Rock,M,English,RBN2,♥♥♥♥♥   3,♥♥♥♥♥   2,♥♥♥♥♥   3,♥♥♥♥♥   2,♥♥♥♥♥   2,♥♥♥♥♥   2,X,X,X,No,Yes,No,,,
3314,FALSE,The Space for This,Cynic,2008,Aug 18 2011,Metal,M,English,RBN2,♥♥♥♥♥   5,♥♥♥♥♥   5,♥♥♥♥♥   6,X,X,♥♥♥♥♥   2,3,X,X,No,Yes,No,,2x Drums Available,
3315,FALSE,Your Troubles Will Cease and Fortune Will Smile Upon You ,After the Burial,2010,Aug 18 2011,Metal,M,English,RBN2,♥♥♥♥♥   6,♥♥♥♥♥   5,♥♥♥♥♥   6,X,X,♥♥♥♥♥   0,3,X,X,No,Yes,No,,2x Drums Available,
3316,FALSE,Flight of the Bumblebee (Rimsky-Korsakov - Piano Version),Thomas Walker,2011,Aug 25 2011,Classical,X,X,RBN2,X,♥♥♥♥♥   3,X,♥♥♥♥♥   6,♥♥♥♥♥   6,X,X,X,X,No,Yes,No,,,
3317,FALSE,Glamour Life,IDLEMINE,2006,Aug 25 2011,Hip-Hop/Rap,M,English,RBN2,♥♥♥♥♥   3,♥♥♥♥♥   3,♥♥♥♥♥   3,X,X,♥♥♥♥♥   1,2,X,X,No,Xbox Only,No,,,
3318,FALSE,Hyperdrive,Devin Townsend,2007,Aug 25 2011,Metal,M,English,RBN2,♥♥♥♥♥   1,♥♥♥♥♥   2,♥♥♥♥♥   3,X,X,♥♥♥♥♥   0,2,X,X,No,Yes,No,,,
3319,FALSE,Madness,Myrath,2010,Aug 25 2011,Prog,M,English,RBN2,♥♥♥♥♥   6,♥♥♥♥♥   5,♥♥♥♥♥   5,♥♥♥♥♥   5,♥♥♥♥♥   5,♥♥♥♥♥   3,3,X,X,No,Yes,No,,,
3320,FALSE,Magnolia,Terrorhorse,2010,Aug 25 2011,Metal,M,English,RBN2,♥♥♥♥♥   6,♥♥♥♥♥   6,♥♥♥♥♥   6,X,X,♥♥♥♥♥   2,2,X,X,No,Xbox Only,No,,2x Drums Available,
3321,FALSE,Making Love (To a Foreign Woman While Reading Time Magazine),Blue Water Dance,2010,Aug 25 2011,Metal,M,English,RBN2,♥♥♥♥♥   3,♥♥♥♥♥   2,♥♥♥♥♥   4,X,X,♥♥♥♥♥   1,X,X,X,No,Xbox Only,No,,,
3322,FALSE,My Frailty,After the Burial,2010,Aug 25 2011,Metal,M,English,RBN2,♥♥♥♥♥   6,♥♥♥♥♥   5,♥♥♥♥♥   6,X,X,♥♥♥♥♥   0,3,X,X,No,Yes,No,,,
3323,FALSE,Rock Me Roxy,Haunted By Heroes,2010,Aug 25 2011,Rock,M,English,RBN2,♥♥♥♥♥   2,♥♥♥♥♥   1,♥♥♥♥♥   1,X,X,♥♥♥♥♥   2,3,X,X,No,Xbox Only,No,,,
3324,FALSE,Scissors,Emery,2011,Aug 25 2011,Rock,M,English,RBN2,♥♥♥♥♥   4,♥♥♥♥♥   3,♥♥♥♥♥   4,♥♥♥♥♥   1,♥♥♥♥♥   1,♥♥♥♥♥   3,3,X,X,No,Yes,No,,,
3325,FALSE,War in Heaven,Amberian Dawn,2010,Aug 25 2011,Metal,F,English,RBN2,♥♥♥♥♥   1,♥♥♥♥♥   1,♥♥♥♥♥   2,♥♥♥♥♥   6,♥♥♥♥♥   6,♥♥♥♥♥   3,3,X,X,No,Yes,No,,2x Drums Available (not in PS3 though),
3326,FALSE,Young Love,Oh Darling,2011,Aug 25 2011,Pop-Rock,F,English,RBN2,♥♥♥♥♥   0,♥♥♥♥♥   0,♥♥♥♥♥   2,X,X,♥♥♥♥♥   3,2,X,X,No,Xbox Only,No,,,
3327,FALSE,Anubis,Septicflesh,2008,Sep 1 2011,Metal,M,English,RBN2,♥♥♥♥♥   2,♥♥♥♥♥   3,♥♥♥♥♥   4,♥♥♥♥♥   2,♥♥♥♥♥   2,♥♥♥♥♥   1,3,X,X,No,Yes,No,,2x Drums Available (not in PS3 though),
3328,FALSE,Bombshell From Hell,Scum of the Earth,2007,Sep 1 2011,Metal,M,English,RBN2,♥♥♥♥♥   3,♥♥♥♥♥   2,♥♥♥♥♥   3,X,X,♥♥♥♥♥   2,2,X,X,No,Xbox Only,No,,,
3329,FALSE,Conquer Me,Damone,2008,Sep 1 2011,Rock,F,English,RBN2,♥♥♥♥♥   2,♥♥♥♥♥   3,♥♥♥♥♥   4,♥♥♥♥♥   2,♥♥♥♥♥   3,♥♥♥♥♥   3,3,X,X,No,Yes,No,,,
3330,FALSE,England Rock Anthems,Richard Campbell,2011,Sep 1 2011,Prog,M,English,RBN2,♥♥♥♥♥   3,♥♥♥♥♥   2,♥♥♥♥♥   5,♥♥♥♥♥   1,♥♥♥♥♥   1,♥♥♥♥♥   0,3,X,X,No,Yes,No,,,
3331,FALSE,Fading Sacrifice,Chaotrope,2011,Sep 1 2011,Metal,X,X,RBN2,♥♥♥♥♥   6,♥♥♥♥♥   6,♥♥♥♥♥   6,X,X,X,X,X,X,No,Yes,No,,,
3332,FALSE,Fuzzy Man (Fuzzy Nation),Paul and Storm,2011,Sep 1 2011,Pop-Rock,M,English,RBN2,♥♥♥♥♥   3,♥♥♥♥♥   0,♥♥♥♥♥   2,♥♥♥♥♥   1,♥♥♥♥♥   3,♥♥♥♥♥   3,3,X,X,No,Yes,No,,,
3333,FALSE,Genuine Penguin,Askari Nari,2011,Sep 1 2011,Pop/Dance/Electronic,X,X,RBN2,♥♥♥♥♥   2,♥♥♥♥♥   3,♥♥♥♥♥   5,♥♥♥♥♥   6,♥♥♥♥♥   6,X,X,X,X,No,Xbox Only,No,,,
3334,FALSE,Give,One Day,2011,Sep 1 2011,Alternative,M,English,RBN2,♥♥♥♥♥   4,♥♥♥♥♥   3,♥♥♥♥♥   5,X,X,♥♥♥♥♥   2,X,X,X,No,Xbox Only,No,,,
3335,FALSE,Hitman Blues,The Blue News,2011,Sep 1 2011,Blues,M,English,RBN2,♥♥♥♥♥   2,♥♥♥♥♥   2,♥♥♥♥♥   2,X,X,♥♥♥♥♥   2,X,X,X,No,Yes,No,,,
3336,FALSE,Slit,Without Mercy,2009,Sep 1 2011,Metal,M,English,RBN2,♥♥♥♥♥   6,♥♥♥♥♥   5,♥♥♥♥♥   5,X,X,♥♥♥♥♥   0,X,X,X,No,Xbox Only,No,,,
3337,FALSE,So Let Us Create,Jukebox the Ghost,2010,Sep 1 2011,Pop-Rock,M,English,RBN2,♥♥♥♥♥   2,♥♥♥♥♥   0,♥♥♥♥♥   1,♥♥♥♥♥   5,♥♥♥♥♥   5,♥♥♥♥♥   4,3,X,X,No,Yes,No,,,
3338,FALSE,Spineless,All Shall Perish,2011,Sep 1 2011,Metal,M,English,RBN2,♥♥♥♥♥   6,♥♥♥♥♥   6,♥♥♥♥♥   6,X,X,♥♥♥♥♥   0,2,X,X,No,Yes,No,,2x Drums Available (not in PS3 though),
3339,FALSE,The Age of Betrayal,Halcyon Way,2010,Sep 1 2011,Metal,M,English,RBN2,♥♥♥♥♥   5,♥♥♥♥♥   4,♥♥♥♥♥   6,X,X,♥♥♥♥♥   4,3,X,X,No,Yes,No,,2x Drums Available (not in PS3 though),
3340,FALSE,Victor(ia),Conflicted,2011,Sep 1 2011,Metal,M,English,RBN2,♥♥♥♥♥   6,♥♥♥♥♥   4,♥♥♥♥♥   4,♥♥♥♥♥   6,♥♥♥♥♥   6,♥♥♥♥♥   2,2,X,X,No,Xbox Only,No,,,
3341,FALSE,Wake Up Fall,All City Elite,2011,Sep 1 2011,Pop/Dance/Electronic,M,English,RBN2,♥♥♥♥♥   2,♥♥♥♥♥   0,♥♥♥♥♥   3,♥♥♥♥♥   2,♥♥♥♥♥   3,♥♥♥♥♥   2,3,X,X,No,Xbox Only,No,,,
3342,FALSE,Estranger,Vangough,2011,Sep 8 2011,Prog,M,English,RBN2,♥♥♥♥♥   2,♥♥♥♥♥   3,♥♥♥♥♥   4,♥♥♥♥♥   4,♥♥♥♥♥   4,♥♥♥♥♥   3,3,X,X,No,Xbox Only,No,,2x Drums Available,
3343,FALSE,Forbidden City,Tina Guo,2011,Sep 8 2011,Metal,X,X,RBN2,♥♥♥♥♥   6,♥♥♥♥♥   3,♥♥♥♥♥   2,X,X,X,X,X,X,No,Yes,No,,,
3344,FALSE,Funeral on Parade,Mafia Track Suit,2010,Sep 8 2011,Alternative,M,English,RBN2,♥♥♥♥♥   2,♥♥♥♥♥   2,♥♥♥♥♥   2,X,X,♥♥♥♥♥   1,2,X,X,No,Xbox Only,No,,,
3345,FALSE,He's Our Savior,DJ Raptorz,2010,Sep 8 2011,Other,M,English,RBN2,X,♥♥♥♥♥   2,♥♥♥♥♥   4,♥♥♥♥♥   6,♥♥♥♥♥   6,♥♥♥♥♥   0,2,X,X,No,Xbox Only,No,,2x Drums Available,
3346,FALSE,OH-KAY!,Jutbox,2009,Sep 8 2011,Hip-Hop/Rap,M,English,RBN2,X,♥♥♥♥♥   0,♥♥♥♥♥   2,♥♥♥♥♥   0,♥♥♥♥♥   1,♥♥♥♥♥   2,3,X,X,No,Xbox Only,No,,,
3347,FALSE,Space Unicorn,Parry Gripp,2011,Sep 8 2011,Novelty,M,English,RBN2,♥♥♥♥♥   3,♥♥♥♥♥   1,♥♥♥♥♥   4,♥♥♥♥♥   6,♥♥♥♥♥   6,♥♥♥♥♥   2,3,X,X,No,Yes,No,,,
3348,FALSE,Stellar Crash,Hedras Ramos,2011,Sep 8 2011,Metal,X,X,RBN2,♥♥♥♥♥   6,♥♥♥♥♥   2,♥♥♥♥♥   3,♥♥♥♥♥   5,♥♥♥♥♥   5,X,X,X,X,No,Xbox Only,No,,,
3349,FALSE,A Sickness You Like,Yesternight's Decision,2010,Sep 15 2011,Rock,M,English,RBN2,♥♥♥♥♥   3,♥♥♥♥♥   3,♥♥♥♥♥   1,X,X,♥♥♥♥♥   2,X,X,X,No,Xbox Only,No,,,
3350,FALSE,Any Other Heart,Go Radio,2011,Sep 15 2011,Pop-Rock,M,English,RBN2,♥♥♥♥♥   3,♥♥♥♥♥   2,♥♥♥♥♥   3,X,X,♥♥♥♥♥   3,3,X,X,No,Yes,Yes,,,
3351,FALSE,Courage,Alien Ant Farm,2001,Sep 15 2011,Rock,M,English,RBN2,♥♥♥♥♥   4,♥♥♥♥♥   4,♥♥♥♥♥   4,X,X,♥♥♥♥♥   3,3,X,X,No,Yes,No,,,
3352,FALSE,Dig Your Grave,Kamikaze,2011,Sep 15 2011,Punk,M,English,RBN2,♥♥♥♥♥   3,♥♥♥♥♥   3,♥♥♥♥♥   2,X,X,♥♥♥♥♥   0,X,X,X,No,Xbox Only,No,,,
3353,FALSE,Downhill,Rishloo,2009,Sep 15 2011,Prog,M,English,RBN2,♥♥♥♥♥   5,♥♥♥♥♥   2,♥♥♥♥♥   4,♥♥♥♥♥   4,♥♥♥♥♥   4,♥♥♥♥♥   4,3,X,X,No,Yes,No,,,
3354,FALSE,Hey,Honest Bob and the Factory-to-Dealer Incentives,2004,Sep 15 2011,Indie Rock,M,English,RBN2,♥♥♥♥♥   1,♥♥♥♥♥   1,♥♥♥♥♥   1,X,X,♥♥♥♥♥   1,3,X,X,No,Yes,No,,,
3355,FALSE,In Division,Underoath,2010,Sep 15 2011,Metal,M,English,RBN2,♥♥♥♥♥   4,♥♥♥♥♥   4,♥♥♥♥♥   6,X,X,♥♥♥♥♥   1,2,X,X,No,Yes,No,,,
3356,FALSE,Into the Black Light,Ghost Brigade,2009,Sep 15 2011,Metal,M,English,RBN2,♥♥♥♥♥   3,♥♥♥♥♥   2,♥♥♥♥♥   4,♥♥♥♥♥   2,♥♥♥♥♥   2,♥♥♥♥♥   3,2,X,X,No,Yes,No,,,
3357,FALSE,Just a Game,The Blue News,2011,Sep 15 2011,Blues,M,English,RBN2,♥♥♥♥♥   3,♥♥♥♥♥   3,♥♥♥♥♥   3,X,X,♥♥♥♥♥   2,3,X,X,No,Yes,No,,,
3358,FALSE,Nemesis,Arch Enemy,2005,Sep 15 2011,Metal,F,English,RBN2,♥♥♥♥♥   6,♥♥♥♥♥   5,♥♥♥♥♥   6,X,X,♥♥♥♥♥   0,3,X,X,No,Yes,Yes,,,
3359,FALSE,Reaching Down,Order of Voices,2010,Sep 15 2011,Prog,M,English,RBN2,♥♥♥♥♥   2,♥♥♥♥♥   2,♥♥♥♥♥   3,X,X,♥♥♥♥♥   2,3,X,X,No,Yes,No,,,
3360,FALSE,A Bridge That Will Burn,Moving Picture Show,2007,Sep 22 2011,Pop-Rock,M,English,RBN2,♥♥♥♥♥   3,♥♥♥♥♥   3,♥♥♥♥♥   5,♥♥♥♥♥   3,♥♥♥♥♥   5,♥♥♥♥♥   4,2,X,X,No,Yes,No,,,
3361,FALSE,A Family Affair,Verah Falls,2011,Sep 22 2011,Metal,M,English,RBN2,♥♥♥♥♥   4,♥♥♥♥♥   3,♥♥♥♥♥   4,X,X,♥♥♥♥♥   2,2,X,X,No,Xbox Only,No,,,
3362,FALSE,Children Surrender,Black Veil Brides,2010,Sep 22 2011,Metal,M,English,RBN2,♥♥♥♥♥   6,♥♥♥♥♥   5,♥♥♥♥♥   6,X,X,♥♥♥♥♥   3,3,X,X,No,Yes,No,,,
3363,FALSE,Constellation,The Story Changes,2009,Sep 22 2011,Punk,M,English,RBN2,♥♥♥♥♥   3,♥♥♥♥♥   3,♥♥♥♥♥   4,X,X,♥♥♥♥♥   3,3,X,X,No,Xbox Only,No,,,
3364,FALSE,Diana Don't Slow Down,Gary Dean Smith,2011,Sep 22 2011,Country,M,English,RBN2,♥♥♥♥♥   3,♥♥♥♥♥   1,♥♥♥♥♥   1,♥♥♥♥♥   2,♥♥♥♥♥   2,♥♥♥♥♥   3,3,X,X,No,Xbox Only,No,,,
3365,FALSE,Echo,Dance for the Dying,2011,Sep 22 2011,Pop-Rock,F,English,RBN2,♥♥♥♥♥   2,♥♥♥♥♥   3,♥♥♥♥♥   2,♥♥♥♥♥   1,♥♥♥♥♥   1,♥♥♥♥♥   2,2,X,X,No,Yes,No,,,
3366,FALSE,End of My Rope,Spinning Chain,2010,Sep 22 2011,Rock,M,English,RBN2,♥♥♥♥♥   2,♥♥♥♥♥   2,♥♥♥♥♥   5,X,X,♥♥♥♥♥   2,3,X,X,No,Yes,No,,,
3367,FALSE,Fair Weather Friend,Gary Dean Smith,2011,Sep 22 2011,R&B/Soul/Funk,M,English,RBN2,♥♥♥♥♥   4,♥♥♥♥♥   3,♥♥♥♥♥   3,♥♥♥♥♥   2,♥♥♥♥♥   2,♥♥♥♥♥   4,3,X,X,No,Xbox Only,No,,,
3368,FALSE,Fire Death and Fear,Rotting Christ,2009,Sep 22 2011,Metal,M,English,RBN2,♥♥♥♥♥   5,♥♥♥♥♥   5,♥♥♥♥♥   5,♥♥♥♥♥   0,♥♥♥♥♥   1,♥♥♥♥♥   0,X,X,X,No,Xbox Only,No,,2x Drums Available,
3369,FALSE,Heaven's Calling,Black Veil Brides,2010,Sep 22 2011,Metal,M,English,RBN2,♥♥♥♥♥   6,♥♥♥♥♥   5,♥♥♥♥♥   5,X,X,♥♥♥♥♥   3,3,X,X,No,Yes,No,,,
3370,FALSE,Mouth Without a Head,Halcyon Way,2010,Sep 22 2011,Metal,M,English,RBN2,♥♥♥♥♥   4,♥♥♥♥♥   4,♥♥♥♥♥   4,♥♥♥♥♥   0,♥♥♥♥♥   2,♥♥♥♥♥   4,3,X,X,No,Yes,No,,2x Drums Available (not in PS3 though),
3371,FALSE,Perfect Weapon,Black Veil Brides,2010,Sep 22 2011,Metal,M,English,RBN2,♥♥♥♥♥   5,♥♥♥♥♥   3,♥♥♥♥♥   6,X,X,♥♥♥♥♥   2,2,X,X,No,Yes,No,,,
3372,FALSE,Remember,Jenium,2009,Sep 22 2011,Indie Rock,M,English,RBN2,♥♥♥♥♥   2,♥♥♥♥♥   2,♥♥♥♥♥   3,X,X,♥♥♥♥♥   2,X,X,X,No,Xbox Only,No,,,
3373,FALSE,Solar Winds,Devin Townsend,2007,Sep 22 2011,Metal,M,English,RBN2,♥♥♥♥♥   4,♥♥♥♥♥   3,♥♥♥♥♥   5,X,X,♥♥♥♥♥   1,3,X,X,No,Yes,No,,2x Drums Available (not in PS3 though),
3374,FALSE,"4 Walls, 1 Window",Finespun,2010,Sep 29 2011,Rock,M,English,RBN2,♥♥♥♥♥   3,♥♥♥♥♥   3,♥♥♥♥♥   3,X,X,♥♥♥♥♥   2,2,X,X,No,Xbox Only,No,,,
3375,FALSE,Examination,I Am Abomination,2011,Sep 29 2011,Metal,M,English,RBN2,♥♥♥♥♥   6,♥♥♥♥♥   4,♥♥♥♥♥   6,♥♥♥♥♥   4,♥♥♥♥♥   4,♥♥♥♥♥   4,3,X,X,No,Yes,No,,2x Drums Available,
3376,FALSE,If You Can't Hang,Sleeping with Sirens,2011,Sep 29 2011,Emo,M,English,RBN2,♥♥♥♥♥   4,♥♥♥♥♥   4,♥♥♥♥♥   4,X,X,♥♥♥♥♥   5,3,X,X,No,Yes,Yes,,,
3377,FALSE,Never... Again,All Shall Perish,2008,Sep 29 2011,Metal,M,English,RBN2,♥♥♥♥♥   6,♥♥♥♥♥   3,♥♥♥♥♥   4,X,X,♥♥♥♥♥   0,3,X,X,No,Yes,No,,2x Drums Available (not in PS3 though),
3378,FALSE,Pain I Feel,Spinning Chain,2010,Sep 29 2011,Rock,M,English,RBN2,♥♥♥♥♥   1,♥♥♥♥♥   1,♥♥♥♥♥   1,♥♥♥♥♥   1,♥♥♥♥♥   0,♥♥♥♥♥   2,3,X,X,No,Yes,No,,,
3379,FALSE,Scarred,Chaotrope,2011,Sep 29 2011,Metal,X,X,RBN2,♥♥♥♥♥   6,♥♥♥♥♥   5,♥♥♥♥♥   6,♥♥♥♥♥   6,♥♥♥♥♥   6,X,X,X,X,No,Yes,No,,,
3380,FALSE,Surface,Imperative Reaction,2011,Sep 29 2011,Pop/Dance/Electronic,M,English,RBN2,♥♥♥♥♥   2,♥♥♥♥♥   3,♥♥♥♥♥   2,♥♥♥♥♥   3,♥♥♥♥♥   4,♥♥♥♥♥   3,3,X,X,No,Yes,No,,,
3381,FALSE,The Elevator,I Am Empire,2011,Sep 29 2011,Rock,M,English,RBN2,♥♥♥♥♥   4,♥♥♥♥♥   3,♥♥♥♥♥   4,X,X,♥♥♥♥♥   3,3,X,X,No,Yes,No,,,
3382,FALSE,The Entertainer (Joplin),Thomas Walker,2011,Sep 29 2011,Classical,X,X,RBN2,X,♥♥♥♥♥   3,X,♥♥♥♥♥   3,♥♥♥♥♥   5,X,X,X,X,No,Yes,No,,,
3383,FALSE,White Shoes,Bright Midnight,2010,Sep 29 2011,Rock,M,English,RBN2,♥♥♥♥♥   2,♥♥♥♥♥   3,♥♥♥♥♥   4,♥♥♥♥♥   0,♥♥♥♥♥   0,♥♥♥♥♥   3,3,X,X,No,Xbox Only,No,,,
3384,FALSE,Cody,We Set The Sun,2011,Oct 6 2011,Metal,M,English,RBN2,♥♥♥♥♥   4,♥♥♥♥♥   2,♥♥♥♥♥   5,♥♥♥♥♥   1,♥♥♥♥♥   1,♥♥♥♥♥   2,3,X,X,No,Yes,No,,,
3385,FALSE,Last Breath ,Attack Attack!,2011,Oct 6 2011,Metal,M,English,RBN2,♥♥♥♥♥   3,♥♥♥♥♥   3,♥♥♥♥♥   4,♥♥♥♥♥   1,♥♥♥♥♥   1,♥♥♥♥♥   3,3,X,X,No,Yes,No,,2x Drums Available,
3386,FALSE,Run Away With Me,Daryle Stephen Ackerman,2006,Oct 6 2011,Pop-Rock,M,English,RBN2,♥♥♥♥♥   1,♥♥♥♥♥   0,X,♥♥♥♥♥   0,♥♥♥♥♥   0,♥♥♥♥♥   1,X,X,X,No,Xbox Only,No,,,
3387,FALSE,Wicked N' Wild,IDLEMINE,2006,Oct 6 2011,Hip-Hop/Rap,M,English,RBN2,♥♥♥♥♥   5,♥♥♥♥♥   3,♥♥♥♥♥   4,X,X,♥♥♥♥♥   0,2,X,X,No,Xbox Only,No,,,
3388,FALSE,Winter Water Waves,Denullification,2011,Oct 6 2011,New Wave,X,X,RBN2,X,♥♥♥♥♥   1,♥♥♥♥♥   4,♥♥♥♥♥   0,♥♥♥♥♥   0,X,X,X,X,No,Xbox Only,No,,,
3389,FALSE,All Signs Point to Lauderdale ,A Day to Remember,2010,Oct 13 2011,Rock,M,English,RBN2,♥♥♥♥♥   3,♥♥♥♥♥   2,♥♥♥♥♥   4,♥♥♥♥♥   0,♥♥♥♥♥   1,♥♥♥♥♥   3,3,X,X,No,Yes,No,,2x Drums Available,
3390,FALSE,Category II: Discovering the Absolute,Ethereal Collapse,2008,Oct 13 2011,Metal,M,English,RBN2,♥♥♥♥♥   6,♥♥♥♥♥   3,♥♥♥♥♥   5,X,X,♥♥♥♥♥   0,X,X,X,No,Xbox Only,No,,2x Drums Available,
3391,FALSE,Cry of an Eagle,Free Spirit,2009,Oct 13 2011,Rock,M,English,RBN2,♥♥♥♥♥   5,♥♥♥♥♥   3,♥♥♥♥♥   1,♥♥♥♥♥   2,♥♥♥♥♥   4,♥♥♥♥♥   2,3,X,X,No,Yes,No,,,
3392,FALSE,Dark Escape,Shylo Elliott,2010,Oct 13 2011,Prog,X,X,RBN2,♥♥♥♥♥   5,♥♥♥♥♥   4,♥♥♥♥♥   6,♥♥♥♥♥   4,♥♥♥♥♥   5,X,X,X,X,No,Xbox Only,No,,,
3393,FALSE,Indulgence,Tokyo Raid,2011,Oct 13 2011,Rock,M,English,RBN2,♥♥♥♥♥   4,♥♥♥♥♥   1,♥♥♥♥♥   5,X,X,♥♥♥♥♥   1,2,X,X,No,Xbox Only,No,,,
3394,FALSE,Internal Cannon,August Burns Red,2011,Oct 13 2011,Metal,M,English,RBN2,♥♥♥♥♥   6,♥♥♥♥♥   4,♥♥♥♥♥   6,X,X,♥♥♥♥♥   1,2,X,X,No,Yes,No,,2x Drums Available,
3395,FALSE,Movies,Alien Ant Farm,2001,Oct 13 2011,Rock,M,English,RBN2,♥♥♥♥♥   3,♥♥♥♥♥   3,♥♥♥♥♥   6,X,X,♥♥♥♥♥   3,3,X,X,No,Yes,No,,,
3396,FALSE,Reaping Tide,Mile Marker Zero,2009,Oct 13 2011,Prog,M,English,RBN2,♥♥♥♥♥   4,♥♥♥♥♥   4,♥♥♥♥♥   4,♥♥♥♥♥   5,♥♥♥♥♥   5,♥♥♥♥♥   3,3,X,X,No,Yes,No,,,
3397,FALSE,Say,The Asbestos,2010,Oct 13 2011,Rock,M,English,RBN2,♥♥♥♥♥   1,♥♥♥♥♥   1,♥♥♥♥♥   1,♥♥♥♥♥   0,♥♥♥♥♥   1,♥♥♥♥♥   2,3,X,X,No,Yes,No,,,
3398,FALSE,The Carrion Call,Misery Index,2010,Oct 13 2011,Metal,M,English,RBN2,♥♥♥♥♥   6,♥♥♥♥♥   5,♥♥♥♥♥   6,X,X,♥♥♥♥♥   0,3,X,X,No,Xbox Only,No,,2x Drums Available,
3399,FALSE,Coelacanths,Coelacanths,2011,Oct 20 2011,Other,M,English,RBN2,♥♥♥♥♥   2,♥♥♥♥♥   0,♥♥♥♥♥   1,X,X,♥♥♥♥♥   0,X,X,X,No,Xbox Only,No,,,
3400,FALSE,Crazy Idea,Goliath Down,2011,Oct 20 2011,Inspirational,F,English,RBN2,♥♥♥♥♥   5,♥♥♥♥♥   5,♥♥♥♥♥   3,X,X,♥♥♥♥♥   2,3,X,X,No,Xbox Only,No,,,
3401,FALSE,Easy Days,Free Spirit,2009,Oct 20 2011,Rock,M,English,RBN2,♥♥♥♥♥   3,♥♥♥♥♥   1,♥♥♥♥♥   3,♥♥♥♥♥   2,♥♥♥♥♥   2,♥♥♥♥♥   2,2,X,X,No,Yes,No,,,
3402,FALSE,For God or Country,Single White Infidel,2011,Oct 20 2011,Punk,M,English,RBN2,♥♥♥♥♥   2,♥♥♥♥♥   3,♥♥♥♥♥   2,X,X,♥♥♥♥♥   3,X,X,X,No,Xbox Only,No,,,
3403,FALSE,Grocery Party,Freen in Green,2010,Oct 20 2011,Novelty,F,English,RBN2,♥♥♥♥♥   5,♥♥♥♥♥   0,♥♥♥♥♥   0,X,X,♥♥♥♥♥   1,X,X,X,No,Xbox Only,No,,,
3404,FALSE,He Is Good,Denbigh Cherry,2011,Oct 20 2011,Inspirational,M,English,RBN2,♥♥♥♥♥   3,♥♥♥♥♥   2,♥♥♥♥♥   2,X,X,♥♥♥♥♥   2,3,X,X,No,Xbox Only,No,,,
3405,FALSE,Heat Seeking Ghost of Sex,Dance Gavin Dance,2011,Oct 20 2011,Metal,M,English,RBN2,♥♥♥♥♥   5,♥♥♥♥♥   4,♥♥♥♥♥   5,X,X,♥♥♥♥♥   4,3,X,X,No,Yes,No,,,
3406,FALSE,Looking (Foot in Your Mouth),Analogue Revolution feat. The Chance Sisters,2009,Oct 20 2011,Pop-Rock,F,English,RBN2,♥♥♥♥♥   0,♥♥♥♥♥   0,♥♥♥♥♥   3,♥♥♥♥♥   1,♥♥♥♥♥   2,♥♥♥♥♥   3,3,X,X,No,Xbox Only,No,,,
3407,FALSE,My God Is There Controlling,Denbigh Cherry,2011,Oct 20 2011,Inspirational,M,English,RBN2,♥♥♥♥♥   3,♥♥♥♥♥   3,♥♥♥♥♥   3,♥♥♥♥♥   0,♥♥♥♥♥   0,♥♥♥♥♥   3,3,X,X,No,Xbox Only,No,,,
3408,FALSE,Of Dirt You Were Made...,Brad Gerke,2011,Oct 20 2011,Alternative,M,English,RBN2,♥♥♥♥♥   1,♥♥♥♥♥   0,♥♥♥♥♥   4,♥♥♥♥♥   5,♥♥♥♥♥   5,♥♥♥♥♥   1,3,X,X,No,Xbox Only,No,,,
3409,FALSE,Paced Energy,Magnus 'SoulEye' Pålsson,2009,Oct 20 2011,Pop/Dance/Electronic,M,English,RBN2,♥♥♥♥♥   3,♥♥♥♥♥   1,♥♥♥♥♥   4,♥♥♥♥♥   1,♥♥♥♥♥   1,♥♥♥♥♥   0,X,X,X,No,Yes,No,,,
3410,FALSE,The End of Progress,Mystakin,2011,Oct 20 2011,Prog,X,X,RBN2,♥♥♥♥♥   6,♥♥♥♥♥   4,♥♥♥♥♥   4,♥♥♥♥♥   4,♥♥♥♥♥   5,X,X,X,X,No,Yes,No,,,
3411,FALSE,2nd Sucks,A Day to Remember,2010,Oct 27 2011,Rock,M,English,RBN2,♥♥♥♥♥   3,♥♥♥♥♥   3,♥♥♥♥♥   4,X,X,♥♥♥♥♥   0,3,X,X,No,Yes,No,,2x Drums Available,
3412,FALSE,Blood Red Rose,The Boyscout feat. Amanda Somerville,2011,Oct 27 2011,Pop-Rock,M,English,RBN2,♥♥♥♥♥   1,♥♥♥♥♥   1,♥♥♥♥♥   3,♥♥♥♥♥   2,♥♥♥♥♥   3,♥♥♥♥♥   2,3,X,X,No,Xbox Only,No,,,
3413,FALSE,CMDUC,Without Mercy,2009,Oct 27 2011,Metal,M,English,RBN2,♥♥♥♥♥   6,♥♥♥♥♥   5,♥♥♥♥♥   6,X,X,♥♥♥♥♥   0,X,X,X,No,Xbox Only,No,,,
3414,FALSE,Death of a Dream,Halcyon Way,2010,Oct 27 2011,Metal,M,English,RBN2,♥♥♥♥♥   4,♥♥♥♥♥   4,♥♥♥♥♥   5,X,X,♥♥♥♥♥   4,3,X,X,No,Yes,No,,2x Drums Available (not in PS3 though),
3415,FALSE,Galactic Love,New Nobility,2009,Oct 27 2011,Rock,M,English,RBN2,♥♥♥♥♥   4,♥♥♥♥♥   3,♥♥♥♥♥   4,♥♥♥♥♥   2,♥♥♥♥♥   3,♥♥♥♥♥   2,3,X,X,No,Xbox Only,No,,,
3416,FALSE,If It Means a Lot to You,A Day to Remember,2009,Oct 27 2011,Rock,M,English,RBN2,♥♥♥♥♥   2,♥♥♥♥♥   0,♥♥♥♥♥   2,X,X,♥♥♥♥♥   4,3,X,X,No,Yes,Yes,,,
3417,FALSE,"My Name's Horatio, You Got Me, You Ain't Got Nobody Else, So Deal With It, And Love It",Mega64,2010,Oct 27 2011,Novelty,M,English,RBN2,♥♥♥♥♥   3,♥♥♥♥♥   2,♥♥♥♥♥   2,X,X,♥♥♥♥♥   3,X,X,X,No,Xbox Only,No,,,
3418,FALSE,Never Again,The Bloody Five,2010,Oct 27 2011,Grunge,M,English,RBN2,♥♥♥♥♥   3,♥♥♥♥♥   2,♥♥♥♥♥   4,X,X,♥♥♥♥♥   1,3,X,X,No,Xbox Only,No,,,
3419,FALSE,Reality Down,Active Knowledge,2010,Oct 27 2011,Pop/Dance/Electronic,X,X,RBN2,♥♥♥♥♥   4,♥♥♥♥♥   2,♥♥♥♥♥   0,♥♥♥♥♥   4,♥♥♥♥♥   5,X,X,X,X,No,Xbox Only,No,,,
3420,FALSE,Selkies: The Endless Obsession,Between the Buried and Me,2005,Oct 27 2011,Metal,M,English,RBN2,♥♥♥♥♥   5,♥♥♥♥♥   4,♥♥♥♥♥   6,♥♥♥♥♥   4,♥♥♥♥♥   4,♥♥♥♥♥   2,2,X,X,No,Yes,Yes,,2x Drums Available (not in PS3 though),
3421,FALSE,Show Me What You've Got,Powerman 5000,2009,Oct 27 2011,Nu-Metal,M,English,RBN2,♥♥♥♥♥   3,♥♥♥♥♥   3,♥♥♥♥♥   3,♥♥♥♥♥   4,♥♥♥♥♥   5,♥♥♥♥♥   1,3,X,X,No,Yes,No,,,
3422,FALSE,Sisters,JOANovARC,2011,Oct 27 2011,Pop-Rock,F,English,RBN2,♥♥♥♥♥   1,♥♥♥♥♥   2,♥♥♥♥♥   5,X,X,♥♥♥♥♥   3,3,X,X,No,Xbox Only,No,,,
3423,FALSE,Sweet Canadian Mullet,Glenn Case,2008,Oct 27 2011,Rock,M,English,RBN2,♥♥♥♥♥   2,♥♥♥♥♥   2,♥♥♥♥♥   3,X,X,♥♥♥♥♥   2,3,X,X,No,Xbox Only,No,,,
3424,FALSE,The Monster Stroll,Jocko of Sha Na Na,2006,Oct 27 2011,Rock,M,English,RBN2,♥♥♥♥♥   2,♥♥♥♥♥   1,♥♥♥♥♥   2,♥♥♥♥♥   1,♥♥♥♥♥   1,♥♥♥♥♥   0,3,X,X,No,Yes,No,,,
3425,FALSE,-20% for Being a Loser,We Are Knuckle Dragger,2010,Nov 3 2011,Metal,M,English,RBN2,♥♥♥♥♥   5,♥♥♥♥♥   4,♥♥♥♥♥   5,X,X,♥♥♥♥♥   0,2,X,X,No,Xbox Only,No,,,
3426,FALSE,Battle,Christina Marie Magenta,2011,Nov 3 2011,Pop/Dance/Electronic,F,English,RBN2,♥♥♥♥♥   4,♥♥♥♥♥   1,♥♥♥♥♥   4,♥♥♥♥♥   6,♥♥♥♥♥   6,♥♥♥♥♥   2,2,X,X,No,Xbox Only,No,,,
3427,FALSE,Church of No Return,Christian Death,1988,Nov 3 2011,Glam,M,English,RBN2,♥♥♥♥♥   3,♥♥♥♥♥   1,♥♥♥♥♥   4,X,X,♥♥♥♥♥   4,2,X,X,No,Xbox Only,No,,,
3428,FALSE,Do the Donkey Kong,Buckner & Garcia,1999,Nov 3 2011,Pop-Rock,M,English,RBN2,♥♥♥♥♥   1,♥♥♥♥♥   1,♥♥♥♥♥   1,♥♥♥♥♥   2,♥♥♥♥♥   2,♥♥♥♥♥   2,3,X,X,No,Yes,No,,,
3429,FALSE,Embrace the Curse,All Shall Perish,2011,Nov 3 2011,Metal,M,English,RBN2,♥♥♥♥♥   6,♥♥♥♥♥   6,♥♥♥♥♥   6,X,X,♥♥♥♥♥   0,2,X,X,No,Xbox Only,No,,2x Drums Available,
3430,FALSE,Flags,Christina Marie Magenta,2011,Nov 3 2011,Pop/Dance/Electronic,F,English,RBN2,♥♥♥♥♥   2,♥♥♥♥♥   0,♥♥♥♥♥   5,♥♥♥♥♥   3,♥♥♥♥♥   4,♥♥♥♥♥   1,3,X,X,No,Xbox Only,No,,,
3431,FALSE,Found Me the Bomb,Buckner & Garcia,2011,Nov 3 2011,Blues,M,English,RBN2,♥♥♥♥♥   2,♥♥♥♥♥   2,♥♥♥♥♥   0,♥♥♥♥♥   3,♥♥♥♥♥   3,♥♥♥♥♥   1,X,X,X,No,Yes,No,,,
3432,FALSE,Goin' Berzerk,Buckner & Garcia,1999,Nov 3 2011,Pop-Rock,M,English,RBN2,♥♥♥♥♥   4,♥♥♥♥♥   1,♥♥♥♥♥   1,♥♥♥♥♥   4,♥♥♥♥♥   4,♥♥♥♥♥   3,X,X,X,No,Xbox Only,No,,,
3433,FALSE,Hold Me In Your Arms,The Trews,2008,Nov 3 2011,Rock,M,English,RBN2,♥♥♥♥♥   3,♥♥♥♥♥   2,♥♥♥♥♥   2,♥♥♥♥♥   0,♥♥♥♥♥   0,♥♥♥♥♥   4,X,X,X,No,Yes,No,,,
3434,FALSE,Lunatic,Christina Marie Magenta,2011,Nov 3 2011,Pop/Dance/Electronic,F,English,RBN2,♥♥♥♥♥   1,♥♥♥♥♥   2,♥♥♥♥♥   3,♥♥♥♥♥   3,♥♥♥♥♥   4,♥♥♥♥♥   1,2,X,X,No,Xbox Only,No,,,
3435,FALSE,Melted Picks & Broken Sticks,Savage Minotaur,2009,Nov 3 2011,Metal,X,X,RBN2,♥♥♥♥♥   6,♥♥♥♥♥   6,♥♥♥♥♥   6,X,X,X,X,X,X,No,Xbox Only,No,,,
3436,FALSE,Ode to a Centipede,Buckner & Garcia,1999,Nov 3 2011,Pop-Rock,M,English,RBN2,♥♥♥♥♥   5,♥♥♥♥♥   1,♥♥♥♥♥   1,♥♥♥♥♥   3,♥♥♥♥♥   4,♥♥♥♥♥   2,X,X,X,No,Yes,No,,,
3437,FALSE,The Defender,Buckner & Garcia,1999,Nov 3 2011,Pop-Rock,M,English,RBN2,♥♥♥♥♥   2,♥♥♥♥♥   1,♥♥♥♥♥   0,♥♥♥♥♥   3,♥♥♥♥♥   3,♥♥♥♥♥   1,X,X,X,No,Xbox Only,No,,,
3438,FALSE,Boy,Ra Ra Riot,2010,Nov 10 2011,Indie Rock,M,English,RBN2,♥♥♥♥♥   2,♥♥♥♥♥   4,♥♥♥♥♥   3,♥♥♥♥♥   2,♥♥♥♥♥   2,♥♥♥♥♥   3,X,X,X,No,Yes,Yes,,,
3439,FALSE,Can You Tell,Ra Ra Riot,2008,Nov 10 2011,Indie Rock,M,English,RBN2,♥♥♥♥♥   2,♥♥♥♥♥   1,♥♥♥♥♥   2,♥♥♥♥♥   1,♥♥♥♥♥   2,♥♥♥♥♥   2,X,X,X,No,Yes,Yes,,,
3440,FALSE,Faux King Christ,Atheist,2010,Nov 10 2011,Metal,M,English,RBN2,♥♥♥♥♥   6,♥♥♥♥♥   5,♥♥♥♥♥   6,X,X,♥♥♥♥♥   0,X,X,X,No,Xbox Only,No,,2x Drums Available,
3441,FALSE,Frankenstein Teaser Trailer,Richard Campbell,2011,Nov 10 2011,Prog,X,X,RBN2,♥♥♥♥♥   4,♥♥♥♥♥   3,♥♥♥♥♥   5,♥♥♥♥♥   6,♥♥♥♥♥   6,X,X,X,X,No,Yes,No,,,
3442,FALSE,Haunting the Dead,Lockdown,2011,Nov 10 2011,Pop/Dance/Electronic,F,Adlib,RBN2,♥♥♥♥♥   5,♥♥♥♥♥   5,♥♥♥♥♥   6,♥♥♥♥♥   1,♥♥♥♥♥   1,♥♥♥♥♥   0,3,X,X,No,Xbox Only,No,,2x Drums Available,
3443,FALSE,Heavy Weather - The Storm ov The Undead,Rainbowdragoneyes,2011,Nov 10 2011,Pop/Dance/Electronic,M,English,RBN2,♥♥♥♥♥   6,♥♥♥♥♥   6,♥♥♥♥♥   6,♥♥♥♥♥   6,♥♥♥♥♥   6,♥♥♥♥♥   6,3,X,X,No,Yes,No,,2x Drums Available (not in PS3 though),
3444,FALSE,Inversion,Halcyon Way,2011,Nov 10 2011,Metal,M,English,RBN2,♥♥♥♥♥   6,♥♥♥♥♥   5,♥♥♥♥♥   5,♥♥♥♥♥   2,♥♥♥♥♥   3,♥♥♥♥♥   4,3,X,X,No,Yes,No,,2x Drums Available (not in PS3 though),
3445,FALSE,Let It Ride,Spinning Chain,2010,Nov 10 2011,Rock,M,English,RBN2,♥♥♥♥♥   1,♥♥♥♥♥   1,♥♥♥♥♥   2,X,X,♥♥♥♥♥   1,3,X,X,No,Xbox Only,No,,,
3446,FALSE,Life or Death,Fallen Angel,2010,Nov 10 2011,Metal,M,English,RBN2,♥♥♥♥♥   5,♥♥♥♥♥   1,♥♥♥♥♥   4,X,X,♥♥♥♥♥   4,2,X,X,No,Xbox Only,No,,,
3447,FALSE,The Answer,Fallen Angel,2010,Nov 10 2011,Metal,M,English,RBN2,♥♥♥♥♥   3,♥♥♥♥♥   1,♥♥♥♥♥   4,♥♥♥♥♥   0,♥♥♥♥♥   0,♥♥♥♥♥   3,3,X,X,No,Xbox Only,No,,,
3448,FALSE,The Cascade Effect,Chaotrope,2011,Nov 10 2011,Metal,X,X,RBN2,♥♥♥♥♥   6,♥♥♥♥♥   6,♥♥♥♥♥   6,♥♥♥♥♥   6,♥♥♥♥♥   6,X,X,X,X,No,Yes,No,,,
3449,FALSE,The Consequences,Mystakin,2011,Nov 10 2011,Prog,X,X,RBN2,♥♥♥♥♥   4,♥♥♥♥♥   5,♥♥♥♥♥   6,X,X,X,X,X,X,No,Yes,No,,,
3450,FALSE,The Fractal Reason,Active Knowledge,2010,Nov 10 2011,Pop/Dance/Electronic,X,X,RBN2,♥♥♥♥♥   6,♥♥♥♥♥   4,♥♥♥♥♥   6,♥♥♥♥♥   5,♥♥♥♥♥   6,X,X,X,X,No,Yes,No,,,
3451,FALSE,Apology Rejected,These Hearts,2011,Nov 17 2011,Rock,M,English,RBN2,♥♥♥♥♥   2,♥♥♥♥♥   1,♥♥♥♥♥   3,X,X,♥♥♥♥♥   4,3,X,X,No,Yes,No,,,
3452,FALSE,Cross and Crows,The Asbestos,2010,Nov 17 2011,Rock,M,English,RBN2,♥♥♥♥♥   3,♥♥♥♥♥   2,♥♥♥♥♥   2,♥♥♥♥♥   1,♥♥♥♥♥   2,♥♥♥♥♥   3,3,X,X,No,Xbox Only,No,,,
3453,FALSE,El Monstro,Dance for the Dying,2011,Nov 17 2011,Pop-Rock,F,English,RBN2,♥♥♥♥♥   2,♥♥♥♥♥   2,♥♥♥♥♥   3,♥♥♥♥♥   0,♥♥♥♥♥   0,♥♥♥♥♥   3,2,X,X,No,Yes,No,,,
3454,FALSE,Forget,Christina Marie Magenta,2011,Nov 17 2011,Pop/Dance/Electronic,F,English,RBN2,♥♥♥♥♥   1,♥♥♥♥♥   1,♥♥♥♥♥   2,♥♥♥♥♥   2,♥♥♥♥♥   3,♥♥♥♥♥   1,3,X,X,No,Xbox Only,No,,,
3455,FALSE,Harmony of the Spheres,Jake Dreyer,2011,Nov 17 2011,Metal,X,X,RBN2,♥♥♥♥♥   6,♥♥♥♥♥   5,♥♥♥♥♥   6,X,X,X,X,X,X,No,Xbox Only,No,,,
3456,FALSE,Strangers,Free Spirit,2009,Nov 17 2011,Rock,M,English,RBN2,♥♥♥♥♥   2,♥♥♥♥♥   1,♥♥♥♥♥   1,♥♥♥♥♥   1,♥♥♥♥♥   1,♥♥♥♥♥   2,3,X,X,No,Yes,No,,,
3457,FALSE,The Way It Ends,Prototype,2006,Nov 17 2011,Metal,M,English,RBN2,♥♥♥♥♥   6,♥♥♥♥♥   6,♥♥♥♥♥   6,X,X,♥♥♥♥♥   2,2,X,X,No,Yes,No,,2x Drums Available (not in PS3 though),
3458,FALSE,Undercover,Anita Maj,2010,Nov 17 2011,Pop-Rock,F,English,RBN2,♥♥♥♥♥   1,♥♥♥♥♥   1,♥♥♥♥♥   4,X,X,♥♥♥♥♥   2,3,X,X,No,Xbox Only,No,,,
3459,FALSE,Traffic Jam,Lino Gonzalez,2008,Nov 23 2011,Rock,X,X,RBN2,♥♥♥♥♥   6,♥♥♥♥♥   4,♥♥♥♥♥   4,X,X,X,X,X,X,No,Xbox Only,No,,,
3460,FALSE,Trenches,The Haunted,2008,Nov 23 2011,Metal,M,English,RBN2,♥♥♥♥♥   4,♥♥♥♥♥   3,♥♥♥♥♥   4,X,X,♥♥♥♥♥   2,2,X,X,No,Yes,No,,,
3461,FALSE,A Tadg30 Song,Askari Nari,2011,Dec 1 2011,Metal,X,X,RBN2,♥♥♥♥♥   5,♥♥♥♥♥   6,♥♥♥♥♥   5,♥♥♥♥♥   6,♥♥♥♥♥   6,X,X,X,X,No,Xbox Only,No,,,
3462,FALSE,Bigger than Kiss,Teenage Bottlerocket,2011,Dec 1 2011,Punk,M,English,RBN2,♥♥♥♥♥   2,♥♥♥♥♥   2,♥♥♥♥♥   1,X,X,♥♥♥♥♥   1,X,X,X,No,Yes,No,,,
3463,FALSE,Break Free from Your Life,Design the Skyline,2011,Dec 1 2011,Metal,M,English,RBN2,♥♥♥♥♥   3,♥♥♥♥♥   3,♥♥♥♥♥   5,♥♥♥♥♥   1,♥♥♥♥♥   2,♥♥♥♥♥   3,3,X,X,No,Yes,No,,,
3464,FALSE,Break Me,The Irresponsibles,2010,Dec 1 2011,Rock,F,English,RBN2,♥♥♥♥♥   4,♥♥♥♥♥   3,♥♥♥♥♥   4,X,X,♥♥♥♥♥   3,3,X,X,No,Yes,No,,,
3465,FALSE,Can o' Salt (Remix),dB Soundworks,2010,Dec 1 2011,Pop/Dance/Electronic,X,X,RBN2,♥♥♥♥♥   4,♥♥♥♥♥   2,♥♥♥♥♥   6,♥♥♥♥♥   2,♥♥♥♥♥   3,X,X,X,X,No,Yes,No,,,
3466,FALSE,Horizon,Thunder and Lightning,2010,Dec 1 2011,Metal,M,English,RBN2,♥♥♥♥♥   5,♥♥♥♥♥   3,♥♥♥♥♥   6,X,X,♥♥♥♥♥   3,3,X,X,No,Xbox Only,No,,,
3467,FALSE,"It's Sno, Baby - Not Sugar",Snovonne,2010,Dec 1 2011,Rock,F,English,RBN2,♥♥♥♥♥   3,♥♥♥♥♥   2,♥♥♥♥♥   3,♥♥♥♥♥   2,♥♥♥♥♥   2,♥♥♥♥♥   2,3,X,X,No,Xbox Only,No,,,
3468,FALSE,My Retaliation,All Shall Perish,2011,Dec 1 2011,Metal,M,English,RBN2,♥♥♥♥♥   5,♥♥♥♥♥   5,♥♥♥♥♥   6,X,X,♥♥♥♥♥   0,2,X,X,No,Xbox Only,No,,2x Drums Available,
3469,FALSE,Ocean Floor,The Bunny the Bear,2011,Dec 1 2011,Metal,M,English,RBN2,♥♥♥♥♥   3,♥♥♥♥♥   2,♥♥♥♥♥   5,♥♥♥♥♥   4,♥♥♥♥♥   6,♥♥♥♥♥   3,3,X,X,No,Yes,No,,,
3470,FALSE,Over and Out,Cancer,2009,Dec 1 2011,Rock,M,English,RBN2,♥♥♥♥♥   2,♥♥♥♥♥   2,♥♥♥♥♥   3,X,X,♥♥♥♥♥   2,X,X,X,No,Xbox Only,No,,,
3471,FALSE,Preacher Man,Free Spirit,2009,Dec 1 2011,Rock,M,English,RBN2,♥♥♥♥♥   4,♥♥♥♥♥   1,♥♥♥♥♥   2,♥♥♥♥♥   0,♥♥♥♥♥   0,♥♥♥♥♥   2,3,X,X,No,Yes,No,,,
3472,FALSE,Pretty Boy,The Irresponsibles,2010,Dec 1 2011,Rock,F,English,RBN2,♥♥♥♥♥   3,♥♥♥♥♥   3,♥♥♥♥♥   5,X,X,♥♥♥♥♥   3,3,X,X,No,Xbox Only,No,,,
3473,FALSE,Proto-Lupus,Wolfblur,2010,Dec 1 2011,Pop/Dance/Electronic,F,Adlib,RBN2,♥♥♥♥♥   2,♥♥♥♥♥   0,♥♥♥♥♥   0,♥♥♥♥♥   0,♥♥♥♥♥   1,♥♥♥♥♥   0,3,X,X,No,Xbox Only,No,,,
3474,FALSE,Starlight Speedway,Rocket Ship Resort,2011,Dec 1 2011,Pop/Dance/Electronic,M,English,RBN2,♥♥♥♥♥   6,♥♥♥♥♥   5,♥♥♥♥♥   6,♥♥♥♥♥   5,♥♥♥♥♥   6,♥♥♥♥♥   4,3,X,X,No,Yes,No,,Singer has since transitioned so ingame gender is wrong,
3475,FALSE,The Man's Masterpiece,BioShaft,2011,Dec 1 2011,Rock,M,English,RBN2,♥♥♥♥♥   2,♥♥♥♥♥   3,♥♥♥♥♥   3,♥♥♥♥♥   0,♥♥♥♥♥   0,♥♥♥♥♥   2,3,X,X,No,Xbox Only,No,,,
3476,FALSE,The Reapers Shall Gather / Arrival,Fallen Angel,2010,Dec 1 2011,Metal,M,English,RBN2,♥♥♥♥♥   5,♥♥♥♥♥   4,♥♥♥♥♥   4,♥♥♥♥♥   0,♥♥♥♥♥   0,♥♥♥♥♥   4,X,X,X,No,Xbox Only,No,,,
3477,FALSE,Tired Climb,Kylesa,2010,Dec 1 2011,Metal,M,English,RBN2,♥♥♥♥♥   3,♥♥♥♥♥   2,♥♥♥♥♥   5,♥♥♥♥♥   0,♥♥♥♥♥   0,♥♥♥♥♥   0,2,X,X,No,Xbox Only,No,,,
3478,FALSE,Without Morals,Nevermore,2010,Dec 1 2011,Metal,M,English,RBN2,♥♥♥♥♥   5,♥♥♥♥♥   4,♥♥♥♥♥   4,X,X,♥♥♥♥♥   3,3,X,X,No,Yes,No,,2x Drums Available (not in PS3 though),
3479,FALSE,Cheesy Pop Song,A Talking Fish,2011,Dec 8 2011,Novelty,M,English,RBN2,♥♥♥♥♥   6,♥♥♥♥♥   3,♥♥♥♥♥   4,♥♥♥♥♥   3,♥♥♥♥♥   5,♥♥♥♥♥   3,3,X,X,No,Yes,No,,,
3480,FALSE,Cold,Christina Marie Magenta,2011,Dec 8 2011,Pop/Dance/Electronic,F,English,RBN2,♥♥♥♥♥   3,♥♥♥♥♥   3,♥♥♥♥♥   2,♥♥♥♥♥   4,♥♥♥♥♥   4,♥♥♥♥♥   1,X,X,X,No,Yes,No,,,
3481,FALSE,Hysteria,Aiden,2011,Dec 8 2011,Rock,M,English,RBN2,♥♥♥♥♥   3,♥♥♥♥♥   2,♥♥♥♥♥   3,X,X,♥♥♥♥♥   3,3,X,X,No,Yes,No,,,
3482,FALSE,If We Only Saw Sepia,The Fenton Project,2011,Dec 8 2011,Prog,X,X,RBN2,♥♥♥♥♥   3,♥♥♥♥♥   1,♥♥♥♥♥   3,X,X,X,X,X,X,No,Xbox Only,No,,,
3483,FALSE,Last Hope,A Call To Remain,2010,Dec 8 2011,Alternative,M,English,RBN2,♥♥♥♥♥   2,♥♥♥♥♥   1,♥♥♥♥♥   3,X,X,♥♥♥♥♥   3,X,X,X,No,Xbox Only,No,,,
3484,FALSE,Little Sister,Ultra Saturday,2010,Dec 8 2011,Punk,M,English,RBN2,♥♥♥♥♥   5,♥♥♥♥♥   4,♥♥♥♥♥   4,♥♥♥♥♥   1,♥♥♥♥♥   1,♥♥♥♥♥   1,3,X,X,No,Xbox Only,No,,,
3485,FALSE,March Into Hell / Blood on My Soul,Fallen Angel,2010,Dec 8 2011,Metal,M,English,RBN2,♥♥♥♥♥   5,♥♥♥♥♥   3,♥♥♥♥♥   4,X,X,♥♥♥♥♥   3,2,X,X,No,Xbox Only,No,,,
3486,FALSE,Martyr to Science,Deadlock,2008,Dec 8 2011,Metal,F,English,RBN2,♥♥♥♥♥   6,♥♥♥♥♥   6,♥♥♥♥♥   5,X,X,♥♥♥♥♥   1,3,X,X,No,Yes,No,,2x Drums Available (not in PS3 though),
3487,FALSE,Mida's Secret,Will Haven,2011,Dec 8 2011,Metal,M,English,RBN2,♥♥♥♥♥   1,♥♥♥♥♥   0,♥♥♥♥♥   3,X,X,♥♥♥♥♥   0,X,X,X,No,Xbox Only,No,,,
3488,FALSE,No More Excuses,Kill the Alarm,2007,Dec 8 2011,Alternative,M,English,RBN2,♥♥♥♥♥   2,♥♥♥♥♥   1,♥♥♥♥♥   3,♥♥♥♥♥   1,♥♥♥♥♥   2,♥♥♥♥♥   4,2,X,X,No,Yes,No,,,
3489,FALSE,Ocaso Escarlata,Nod 206,2011,Dec 8 2011,Rock,M,Spanish,RBN2,♥♥♥♥♥   2,♥♥♥♥♥   3,♥♥♥♥♥   4,♥♥♥♥♥   0,♥♥♥♥♥   0,♥♥♥♥♥   1,3,X,X,No,Xbox Only,No,,,
3490,FALSE,Potential for Anything,Magnus 'SoulEye' Pålsson,2010,Dec 8 2011,Pop/Dance/Electronic,X,X,RBN2,♥♥♥♥♥   5,♥♥♥♥♥   4,♥♥♥♥♥   5,♥♥♥♥♥   6,♥♥♥♥♥   6,X,X,X,X,No,Yes,No,,,
3491,FALSE,Rage and Pain,Francisco Meza,2009,Dec 8 2011,Metal,X,X,RBN2,♥♥♥♥♥   6,♥♥♥♥♥   4,♥♥♥♥♥   6,X,X,X,X,X,X,No,Yes,No,,2x Drums Available (not in PS3 though),
3492,FALSE,Respiration Desperation / The Neutral Zone,Fallen Angel,2010,Dec 8 2011,Metal,M,English,RBN2,♥♥♥♥♥   6,♥♥♥♥♥   5,♥♥♥♥♥   6,♥♥♥♥♥   0,♥♥♥♥♥   0,♥♥♥♥♥   3,3,X,X,No,Xbox Only,No,,,
3493,FALSE,The Grinder's Tale,Wrong Side of Dawn,2010,Dec 8 2011,Alternative,M,English,RBN2,♥♥♥♥♥   5,♥♥♥♥♥   5,♥♥♥♥♥   5,♥♥♥♥♥   6,♥♥♥♥♥   6,♥♥♥♥♥   4,3,X,X,No,Yes,No,,,
3494,FALSE,The Obsidian Conspiracy,Nevermore,2010,Dec 8 2011,Metal,M,English,RBN2,♥♥♥♥♥   6,♥♥♥♥♥   4,♥♥♥♥♥   6,X,X,♥♥♥♥♥   2,2,X,X,No,Yes,No,,2x Drums Available (not in PS3 though),
3495,FALSE,Victim,The Bitter Roots,2010,Dec 8 2011,Rock,M,English,RBN2,♥♥♥♥♥   3,♥♥♥♥♥   2,♥♥♥♥♥   4,X,X,♥♥♥♥♥   2,2,X,X,No,Xbox Only,No,,,
3496,FALSE,A Pure Evil,All Shall Perish,2011,Dec 15 2011,Metal,M,English,RBN2,♥♥♥♥♥   6,♥♥♥♥♥   6,♥♥♥♥♥   6,X,X,♥♥♥♥♥   0,2,X,X,No,Yes,No,,2x Drums Available (not in PS3 though),
3497,FALSE,All I Want Is You,Jerry Naylor,2011,Dec 15 2011,Rock,M,English,RBN2,♥♥♥♥♥   4,♥♥♥♥♥   2,♥♥♥♥♥   4,X,X,♥♥♥♥♥   3,3,X,X,No,Yes,No,,,
3498,FALSE,Category III: Architect,Ethereal Collapse,2008,Dec 15 2011,Metal,M,English,RBN2,♥♥♥♥♥   6,♥♥♥♥♥   5,♥♥♥♥♥   6,X,X,♥♥♥♥♥   0,X,X,X,No,Xbox Only,No,,2x Drums Available,
3499,FALSE,Dark Beat,The Black Beverly Heels,2010,Dec 15 2011,Rock,M,English,RBN2,♥♥♥♥♥   3,♥♥♥♥♥   2,♥♥♥♥♥   3,♥♥♥♥♥   1,♥♥♥♥♥   1,♥♥♥♥♥   2,2,X,X,No,Xbox Only,No,,,
3500,FALSE,Death In General,Gigakoops,2011,Dec 15 2011,Pop/Dance/Electronic,M,Adlib,RBN2,♥♥♥♥♥   6,♥♥♥♥♥   4,♥♥♥♥♥   6,♥♥♥♥♥   5,♥♥♥♥♥   5,♥♥♥♥♥   0,X,X,X,No,Xbox Only,No,,2x Drums Available,
3501,FALSE,Don't Ever Change,Jerry Naylor,2011,Dec 15 2011,Rock,M,English,RBN2,♥♥♥♥♥   2,♥♥♥♥♥   1,♥♥♥♥♥   2,♥♥♥♥♥   3,♥♥♥♥♥   3,♥♥♥♥♥   2,2,X,X,No,Yes,No,,,
3502,FALSE,Go,Kari Kimmel,2011,Dec 15 2011,Pop-Rock,F,English,RBN2,♥♥♥♥♥   2,♥♥♥♥♥   2,♥♥♥♥♥   3,♥♥♥♥♥   2,♥♥♥♥♥   2,♥♥♥♥♥   3,3,X,X,No,Yes,No,,,
3503,FALSE,Icon of Resolution,Halcyon Way,2010,Dec 15 2011,Metal,M,English,RBN2,♥♥♥♥♥   4,♥♥♥♥♥   5,♥♥♥♥♥   4,X,X,♥♥♥♥♥   3,3,X,X,No,Xbox Only,No,,2x Drums Available,
3504,FALSE,In Between,Silent House,2011,Dec 15 2011,Indie Rock,M,English,RBN2,X,♥♥♥♥♥   2,♥♥♥♥♥   5,♥♥♥♥♥   5,♥♥♥♥♥   6,♥♥♥♥♥   2,X,X,X,No,Xbox Only,No,,,
3505,FALSE,Lethean Tears,Solution .45,2010,Dec 15 2011,Prog,M,English,RBN2,♥♥♥♥♥   6,♥♥♥♥♥   1,♥♥♥♥♥   4,♥♥♥♥♥   1,♥♥♥♥♥   3,♥♥♥♥♥   5,3,X,X,No,Yes,No,,2x Drums Available (not in PS3 though),
3506,FALSE,Love's the Profit,Mike Kotulka,2009,Dec 15 2011,Rock,M,English,RBN2,♥♥♥♥♥   3,♥♥♥♥♥   2,♥♥♥♥♥   2,X,X,♥♥♥♥♥   3,X,X,X,No,Xbox Only,No,,,
3507,FALSE,Mil Rosas,Niño Burbuja,2010,Dec 15 2011,Indie Rock,M,Spanish,RBN2,♥♥♥♥♥   2,♥♥♥♥♥   2,♥♥♥♥♥   4,♥♥♥♥♥   0,♥♥♥♥♥   0,♥♥♥♥♥   3,3,X,X,No,Xbox Only,No,,,
3508,FALSE,N9,Devin Townsend,2007,Dec 15 2011,Metal,M,English,RBN2,♥♥♥♥♥   4,♥♥♥♥♥   2,♥♥♥♥♥   4,X,X,♥♥♥♥♥   0,2,X,X,No,Yes,No,,2x Drums Available (not in PS3 though),
3509,FALSE,Real Wild Child,Jerry Naylor,2011,Dec 15 2011,Rock,M,English,RBN2,♥♥♥♥♥   5,♥♥♥♥♥   3,♥♥♥♥♥   3,♥♥♥♥♥   4,♥♥♥♥♥   5,♥♥♥♥♥   3,X,X,X,No,Yes,No,,,
3510,FALSE,Sad Wings,Fallen Angel,2010,Dec 15 2011,Metal,M,English,RBN2,♥♥♥♥♥   2,♥♥♥♥♥   1,♥♥♥♥♥   5,X,X,♥♥♥♥♥   4,3,X,X,No,Xbox Only,No,,,
3511,FALSE,Tear It Up,Jerry Naylor,2011,Dec 15 2011,Rock,M,English,RBN2,♥♥♥♥♥   5,♥♥♥♥♥   2,♥♥♥♥♥   5,♥♥♥♥♥   6,♥♥♥♥♥   6,♥♥♥♥♥   3,2,X,X,No,Yes,No,,,
3512,FALSE,"The Epic, Part 3.7 (RBN Remix)",Bankai,2011,Dec 15 2011,Pop/Dance/Electronic,M,English,RBN2,♥♥♥♥♥   6,♥♥♥♥♥   6,♥♥♥♥♥   6,♥♥♥♥♥   5,♥♥♥♥♥   5,♥♥♥♥♥   2,3,X,X,No,Yes,No,,,
3513,FALSE,Underneath the Cenotaph,Watain,2007,Dec 15 2011,Metal,M,English,RBN2,♥♥♥♥♥   5,♥♥♥♥♥   4,♥♥♥♥♥   6,X,X,♥♥♥♥♥   0,X,X,X,No,Xbox Only,No,,2x Drums Available,
3514,FALSE,V is for Vampire,Powerman 5000,2009,Dec 15 2011,Nu-Metal,M,English,RBN2,♥♥♥♥♥   4,♥♥♥♥♥   3,♥♥♥♥♥   2,♥♥♥♥♥   4,♥♥♥♥♥   5,♥♥♥♥♥   2,3,X,X,No,Yes,No,,,
3515,FALSE,Bullet,Drugstore Fanatics,2009,Dec 22 2011,Alternative,M,English,RBN2,♥♥♥♥♥   5,♥♥♥♥♥   2,♥♥♥♥♥   5,♥♥♥♥♥   0,♥♥♥♥♥   0,♥♥♥♥♥   2,3,X,X,No,Yes,No,,,
3516,FALSE,Darkness,Fallen Angel,2010,Dec 22 2011,Metal,M,English,RBN2,♥♥♥♥♥   5,♥♥♥♥♥   4,♥♥♥♥♥   4,X,X,♥♥♥♥♥   3,2,X,X,No,Xbox Only,No,,,
3517,FALSE,Hatas (Rock Band Mix),LEL Brothas,2010,Dec 22 2011,Hip-Hop/Rap,M,English,RBN2,♥♥♥♥♥   3,♥♥♥♥♥   0,♥♥♥♥♥   2,♥♥♥♥♥   3,♥♥♥♥♥   2,♥♥♥♥♥   1,3,X,X,No,Xbox Only,No,,,
3518,FALSE,Nevermore,Morbid Angel,2011,Dec 22 2011,Metal,M,English,RBN2,♥♥♥♥♥   6,♥♥♥♥♥   4,♥♥♥♥♥   6,X,X,♥♥♥♥♥   0,3,X,X,No,Xbox Only,No,,2x Drums Available,
3519,FALSE,Red Crayon,Christina Marie Magenta,2011,Dec 22 2011,Pop/Dance/Electronic,F,English,RBN2,♥♥♥♥♥   1,♥♥♥♥♥   0,♥♥♥♥♥   2,♥♥♥♥♥   2,♥♥♥♥♥   3,♥♥♥♥♥   1,2,X,X,No,Xbox Only,No,,,
3520,FALSE,Still Alive,Jonathan Coulton ft. Sara Quin,2011,Dec 22 2011,Rock,F,English,RBN2,♥♥♥♥♥   2,♥♥♥♥♥   1,♥♥♥♥♥   2,♥♥♥♥♥   2,♥♥♥♥♥   3,♥♥♥♥♥   1,2,X,X,No,Yes,Yes,,,
3521,FALSE,The Final Hour,Those Among Us,2011,Dec 22 2011,New Wave,M,English,RBN2,♥♥♥♥♥   2,♥♥♥♥♥   0,♥♥♥♥♥   1,♥♥♥♥♥   1,♥♥♥♥♥   1,♥♥♥♥♥   2,2,X,X,No,Xbox Only,No,,,
3522,FALSE,The Massacre (Rock Band Mix),FantomenK,2011,Dec 22 2011,Pop/Dance/Electronic,M,English,RBN2,♥♥♥♥♥   4,♥♥♥♥♥   4,♥♥♥♥♥   4,♥♥♥♥♥   4,♥♥♥♥♥   5,♥♥♥♥♥   0,X,X,X,No,Yes,No,,,
3523,FALSE,These Voices,Deception of a Ghost,2010,Dec 22 2011,Metal,M,English,RBN2,♥♥♥♥♥   3,♥♥♥♥♥   4,♥♥♥♥♥   5,X,X,♥♥♥♥♥   2,3,X,X,No,Yes,No,,,
3524,FALSE,(I Want to Go to) Space,A Talking Fish,2010,Jan 5 2012,Novelty,M,English,RBN2,♥♥♥♥♥   5,♥♥♥♥♥   5,♥♥♥♥♥   5,♥♥♥♥♥   6,♥♥♥♥♥   6,♥♥♥♥♥   1,3,X,X,No,Xbox Only,No,,,
3525,FALSE,"Beer, Metal, Trolls and Vomit!",Nordheim,2011,Jan 5 2012,Metal,M,English,RBN2,♥♥♥♥♥   4,♥♥♥♥♥   2,♥♥♥♥♥   6,♥♥♥♥♥   4,♥♥♥♥♥   4,♥♥♥♥♥   2,3,X,X,No,Yes,No,,2x Drums Available (not in PS3 though),
3526,FALSE,Burn,Christina Marie Magenta,2011,Jan 5 2012,Pop/Dance/Electronic,F,English,RBN2,♥♥♥♥♥   3,♥♥♥♥♥   3,♥♥♥♥♥   2,♥♥♥♥♥   3,♥♥♥♥♥   4,♥♥♥♥♥   2,2,X,X,No,Xbox Only,No,,,
3527,FALSE,Culling the Weak,Broken Equilibrium,2010,Jan 5 2012,Rock,M,English,RBN2,♥♥♥♥♥   3,♥♥♥♥♥   4,♥♥♥♥♥   4,X,X,♥♥♥♥♥   3,3,X,X,No,Xbox Only,No,,2x Drums Available,
3528,FALSE,Diamond Eyes,Rishloo,2009,Jan 5 2012,Prog,M,English,RBN2,♥♥♥♥♥   5,♥♥♥♥♥   3,♥♥♥♥♥   5,X,X,♥♥♥♥♥   4,X,X,X,No,Yes,No,,,
3529,FALSE,Eternity Below,Quartered,2010,Jan 5 2012,Rock,M,English,RBN2,♥♥♥♥♥   3,♥♥♥♥♥   3,♥♥♥♥♥   4,X,X,♥♥♥♥♥   2,2,X,X,No,Yes,No,,,
3530,FALSE,Just a Lie,Pythia,2011,Jan 5 2012,Metal,F,English,RBN2,♥♥♥♥♥   5,♥♥♥♥♥   4,♥♥♥♥♥   6,♥♥♥♥♥   4,♥♥♥♥♥   5,♥♥♥♥♥   4,3,X,X,No,Yes,No,,2x Drums Available (not in PS3 though),
3531,FALSE,Planet Smasher,Devin Townsend,2007,Jan 5 2012,Metal,M,English,RBN2,♥♥♥♥♥   4,♥♥♥♥♥   2,♥♥♥♥♥   5,X,X,♥♥♥♥♥   2,3,X,X,No,Yes,No,,2x Drums Available (not in PS3 though),
3532,FALSE,The One Who Walks Alone,Fallen Angel,2010,Jan 5 2012,Metal,M,English,RBN2,♥♥♥♥♥   6,♥♥♥♥♥   4,♥♥♥♥♥   4,♥♥♥♥♥   0,♥♥♥♥♥   1,♥♥♥♥♥   3,X,X,X,No,Xbox Only,No,,,
3533,FALSE,BRODYQUEST,Lemon Demon,2010,Jan 12 2012,Novelty,M,English,RBN2,♥♥♥♥♥   5,♥♥♥♥♥   3,♥♥♥♥♥   3,♥♥♥♥♥   5,♥♥♥♥♥   5,♥♥♥♥♥   0,X,X,X,No,Yes,No,,,
3534,FALSE,Clawmaster,Ghost Brigade,2011,Jan 12 2012,Metal,M,English,RBN2,♥♥♥♥♥   4,♥♥♥♥♥   2,♥♥♥♥♥   4,♥♥♥♥♥   1,♥♥♥♥♥   0,♥♥♥♥♥   2,3,X,X,No,Yes,No,,,
3535,FALSE,Console War,DRUOX,2010,Jan 12 2012,Metal,M,English,RBN2,♥♥♥♥♥   6,X,♥♥♥♥♥   6,X,X,♥♥♥♥♥   5,3,X,X,No,Xbox Only,No,,2x Drums Available,
3536,FALSE,Elysian,Chaotrope,2011,Jan 12 2012,Metal,X,X,RBN2,♥♥♥♥♥   4,♥♥♥♥♥   2,♥♥♥♥♥   4,♥♥♥♥♥   5,♥♥♥♥♥   5,X,X,X,X,No,Xbox Only,No,,,
3537,FALSE,Entropy/Extropy,Chaotrope,2011,Jan 12 2012,Metal,X,X,RBN2,♥♥♥♥♥   6,♥♥♥♥♥   6,♥♥♥♥♥   6,♥♥♥♥♥   6,♥♥♥♥♥   6,X,X,X,X,No,Yes,No,,,
3538,FALSE,Existo Vulgoré,Morbid Angel,2011,Jan 12 2012,Metal,M,English,RBN2,♥♥♥♥♥   6,♥♥♥♥♥   2,♥♥♥♥♥   6,X,X,♥♥♥♥♥   0,X,X,X,No,Xbox Only,No,,2x Drums Available,
3539,FALSE,Fairweather Stranger,Mafia Track Suit,2010,Jan 12 2012,Alternative,M,English,RBN2,♥♥♥♥♥   2,♥♥♥♥♥   2,♥♥♥♥♥   3,X,X,♥♥♥♥♥   0,2,X,X,No,Xbox Only,No,,,
3540,FALSE,Inside,Cold Steel,2009,Jan 12 2012,Rock,M,English,RBN2,♥♥♥♥♥   5,♥♥♥♥♥   2,♥♥♥♥♥   4,X,X,♥♥♥♥♥   2,3,X,X,No,Yes,No,,,
3541,FALSE,Keyhole in the Sky,Rishloo,2009,Jan 12 2012,Prog,M,English,RBN2,♥♥♥♥♥   4,♥♥♥♥♥   3,♥♥♥♥♥   3,X,X,♥♥♥♥♥   3,X,X,X,No,Yes,No,,,
3542,FALSE,Mountains of Maths,Ultra Vomit,2008,Jan 12 2012,Metal,M,French,RBN2,♥♥♥♥♥   6,♥♥♥♥♥   4,♥♥♥♥♥   6,X,X,♥♥♥♥♥   0,3,X,X,No,Xbox Only,No,,,
3543,FALSE,Mow,Miss Crazy,2008,Jan 12 2012,Rock,M,English,RBN2,♥♥♥♥♥   4,♥♥♥♥♥   4,♥♥♥♥♥   3,X,X,♥♥♥♥♥   2,3,X,X,No,Xbox Only,No,,,
3544,FALSE,Superjet,Raggedy Angry,2010,Jan 12 2012,Pop/Dance/Electronic,M,English,RBN2,♥♥♥♥♥   2,♥♥♥♥♥   2,♥♥♥♥♥   4,♥♥♥♥♥   5,♥♥♥♥♥   5,♥♥♥♥♥   1,3,X,X,No,Xbox Only,No,,,
3545,FALSE,The Hourglass Paroxysm - Part I,Chaotrope,2011,Jan 12 2012,Metal,X,X,RBN2,♥♥♥♥♥   4,♥♥♥♥♥   3,♥♥♥♥♥   2,♥♥♥♥♥   3,♥♥♥♥♥   4,X,X,X,X,No,Yes,No,,,
3546,FALSE,Too Little Too Late,Pan.a.ce.a,2009,Jan 12 2012,Rock,M,English,RBN2,♥♥♥♥♥   2,♥♥♥♥♥   3,♥♥♥♥♥   4,X,X,♥♥♥♥♥   3,2,X,X,No,Xbox Only,No,,,
3547,FALSE,Touch the Mic,The Break Down,2009,Jan 12 2012,Hip-Hop/Rap,M,English,RBN2,♥♥♥♥♥   3,♥♥♥♥♥   2,♥♥♥♥♥   5,♥♥♥♥♥   5,♥♥♥♥♥   6,♥♥♥♥♥   2,2,X,X,No,Xbox Only,No,,,
3548,FALSE,All In My Head,The Last Nova,2010,Jan 19 2012,Rock,M,English,RBN2,♥♥♥♥♥   3,♥♥♥♥♥   2,♥♥♥♥♥   3,X,X,♥♥♥♥♥   3,3,X,X,No,Xbox Only,No,,,
3549,FALSE,BEER!!,Psychostick,2003,Jan 19 2012,Metal,M,English,RBN2,♥♥♥♥♥   2,♥♥♥♥♥   1,♥♥♥♥♥   1,X,X,♥♥♥♥♥   0,3,X,X,No,Yes,Yes,,,
3550,FALSE,Don't Eye Me Like a Child,Bright Midnight,2010,Jan 19 2012,Rock,M,English,RBN2,♥♥♥♥♥   3,♥♥♥♥♥   3,♥♥♥♥♥   5,♥♥♥♥♥   1,♥♥♥♥♥   1,♥♥♥♥♥   3,X,X,X,No,Xbox Only,No,,,
3551,FALSE,Dos Impar,Channel,2011,Jan 19 2012,Indie Rock,M,Spanish,RBN2,♥♥♥♥♥   2,♥♥♥♥♥   1,♥♥♥♥♥   1,♥♥♥♥♥   2,♥♥♥♥♥   2,♥♥♥♥♥   1,X,X,X,No,Xbox Only,No,,,
3552,FALSE,Gordon Freeman Saved My Life,Miracle of Sound,2011,Jan 19 2012,Pop-Rock,M,English,RBN2,♥♥♥♥♥   3,♥♥♥♥♥   3,♥♥♥♥♥   4,♥♥♥♥♥   2,♥♥♥♥♥   2,♥♥♥♥♥   3,3,X,X,No,Yes,No,,,
3553,FALSE,Gravitational Lensing,Solution .45,2010,Jan 19 2012,Metal,M,English,RBN2,♥♥♥♥♥   6,♥♥♥♥♥   3,♥♥♥♥♥   5,♥♥♥♥♥   3,♥♥♥♥♥   3,♥♥♥♥♥   3,3,X,X,No,Yes,No,,2x Drums Available (not in PS3 though),
3554,FALSE,Heart Of A Child,A Plea for Purging,2011,Jan 19 2012,Metal,M,English,RBN2,♥♥♥♥♥   4,♥♥♥♥♥   4,♥♥♥♥♥   4,X,X,♥♥♥♥♥   1,3,X,X,No,Yes,No,,2x Drums Available (not in PS3 though),
3555,FALSE,Heartless,Pythia,2011,Jan 19 2012,Metal,F,English,RBN2,♥♥♥♥♥   5,♥♥♥♥♥   3,♥♥♥♥♥   6,♥♥♥♥♥   4,♥♥♥♥♥   5,♥♥♥♥♥   3,2,X,X,No,Yes,No,,2x Drums Available (not in PS3 though),
3556,FALSE,Indiscriminate Murder is Counter-Productive,Machinae Supremacy,2011,Jan 19 2012,Metal,M,English,RBN2,♥♥♥♥♥   4,♥♥♥♥♥   2,♥♥♥♥♥   4,♥♥♥♥♥   0,♥♥♥♥♥   0,♥♥♥♥♥   6,2,X,X,No,Yes,No,,,
3557,FALSE,Inside Looking Out (The Icon & the Ghost),Halcyon Way,2010,Jan 19 2012,Metal,M,English,RBN2,♥♥♥♥♥   4,♥♥♥♥♥   4,♥♥♥♥♥   5,♥♥♥♥♥   0,♥♥♥♥♥   0,♥♥♥♥♥   4,3,X,X,No,Xbox Only,No,,2x Drums Available,
3558,FALSE,"Lights, Camera and Action",The Asbestos,2010,Jan 19 2012,Rock,M,English,RBN2,♥♥♥♥♥   2,♥♥♥♥♥   1,♥♥♥♥♥   3,♥♥♥♥♥   0,♥♥♥♥♥   0,♥♥♥♥♥   3,2,X,X,No,Xbox Only,No,,,
3559,FALSE,M.O.N.O.S,Los Noelia,2011,Jan 19 2012,Rock,M,Spanish,RBN2,♥♥♥♥♥   2,♥♥♥♥♥   1,♥♥♥♥♥   2,X,X,♥♥♥♥♥   2,2,X,X,No,Xbox Only,No,,,
3560,FALSE,Melodicus Counterpointus,Coldera,2011,Jan 19 2012,Metal,X,X,RBN2,♥♥♥♥♥   6,♥♥♥♥♥   4,♥♥♥♥♥   5,X,X,X,X,X,X,No,Xbox Only,No,,2x Drums Available,
3561,FALSE,Night,Gigakoops,2011,Jan 19 2012,Pop/Dance/Electronic,X,X,RBN2,♥♥♥♥♥   6,♥♥♥♥♥   3,♥♥♥♥♥   6,♥♥♥♥♥   0,♥♥♥♥♥   0,X,X,X,X,No,Xbox Only,No,,2x Drums Available,
3562,FALSE,Nightfall,Silent House,2011,Jan 19 2012,Indie Rock,M,English,RBN2,X,♥♥♥♥♥   4,♥♥♥♥♥   4,♥♥♥♥♥   5,♥♥♥♥♥   5,♥♥♥♥♥   1,3,X,X,No,Xbox Only,No,,,
3563,FALSE,Pray for You,Jaron and the Long Road to Love,2010,Jan 19 2012,Country,M,English,RBN2,♥♥♥♥♥   3,♥♥♥♥♥   1,♥♥♥♥♥   1,♥♥♥♥♥   1,♥♥♥♥♥   1,♥♥♥♥♥   2,2,X,X,No,Yes,No,,,
3564,FALSE,Radio World,IDLEMINE,2007,Jan 19 2012,Rock,X,X,RBN2,♥♥♥♥♥   6,♥♥♥♥♥   4,♥♥♥♥♥   5,X,X,X,X,X,X,No,Xbox Only,No,,,
3565,FALSE,Shipwrecked,Alestorm,2011,Jan 19 2012,Metal,M,English,RBN2,♥♥♥♥♥   5,♥♥♥♥♥   3,♥♥♥♥♥   4,♥♥♥♥♥   3,♥♥♥♥♥   4,♥♥♥♥♥   2,3,X,X,No,Yes,Yes,,2x Drums Available (not in PS3 though),
3566,FALSE,The Stache,Jonathan Coulton,2011,Jan 19 2012,Rock,M,English,RBN2,♥♥♥♥♥   1,♥♥♥♥♥   1,♥♥♥♥♥   4,♥♥♥♥♥   1,♥♥♥♥♥   1,♥♥♥♥♥   2,3,X,X,No,Yes,No,,,
3567,FALSE,The System,Halcyon Way,2011,Jan 19 2012,Metal,M,English,RBN2,♥♥♥♥♥   5,♥♥♥♥♥   3,♥♥♥♥♥   5,♥♥♥♥♥   1,♥♥♥♥♥   2,♥♥♥♥♥   2,3,X,X,No,Xbox Only,No,,2x Drums Available,
3568,FALSE,Twenty One,Oh My!,2011,Jan 19 2012,Indie Rock,M,English,RBN2,♥♥♥♥♥   3,♥♥♥♥♥   3,♥♥♥♥♥   3,X,X,♥♥♥♥♥   5,X,X,X,No,Xbox Only,No,,,
3569,FALSE,Building the Towers,Halcyon Way,2010,Jan 26 2012,Metal,M,English,RBN2,♥♥♥♥♥   5,♥♥♥♥♥   5,♥♥♥♥♥   6,♥♥♥♥♥   4,♥♥♥♥♥   5,♥♥♥♥♥   4,3,X,X,No,Xbox Only,No,,2x Drums Available,
3570,FALSE,Flesh and Blood,Edge,2008,Jan 26 2012,Alternative,M,English,RBN2,♥♥♥♥♥   3,♥♥♥♥♥   2,♥♥♥♥♥   5,X,X,♥♥♥♥♥   2,2,X,X,No,Yes,No,,,
3571,FALSE,Generic Techno Song,Askari Nari,2011,Jan 26 2012,Pop/Dance/Electronic,X,X,RBN2,♥♥♥♥♥   3,♥♥♥♥♥   4,♥♥♥♥♥   3,♥♥♥♥♥   1,♥♥♥♥♥   1,X,X,X,X,No,Xbox Only,No,,,
3572,FALSE,Grace Kelly,The Motion Sick,2006,Jan 26 2012,Indie Rock,M,English,RBN2,♥♥♥♥♥   3,♥♥♥♥♥   1,♥♥♥♥♥   4,♥♥♥♥♥   2,♥♥♥♥♥   3,♥♥♥♥♥   2,2,X,X,No,Yes,No,,,
3573,FALSE,Half Cab,Quartered,2010,Jan 26 2012,Rock,M,English,RBN2,♥♥♥♥♥   3,♥♥♥♥♥   2,♥♥♥♥♥   5,X,X,♥♥♥♥♥   3,3,X,X,No,Yes,No,,,
3574,FALSE,Play Around,SuperSeed,2011,Jan 26 2012,Rock,M,English,RBN2,♥♥♥♥♥   3,♥♥♥♥♥   3,♥♥♥♥♥   4,♥♥♥♥♥   3,♥♥♥♥♥   3,♥♥♥♥♥   3,2,X,X,No,Xbox Only,No,,,
3575,FALSE,Second to Sun,Atheist,2010,Jan 26 2012,Metal,M,English,RBN2,♥♥♥♥♥   6,♥♥♥♥♥   6,♥♥♥♥♥   6,X,X,♥♥♥♥♥   0,3,X,X,No,Xbox Only,No,,,
3576,FALSE,Super Villain,Powerman 5000,2009,Jan 26 2012,Nu-Metal,M,English,RBN2,♥♥♥♥♥   3,♥♥♥♥♥   3,♥♥♥♥♥   3,♥♥♥♥♥   3,♥♥♥♥♥   4,♥♥♥♥♥   1,3,X,X,No,Yes,No,,,
3577,FALSE,Thug Love,Dance for the Dying,2011,Jan 26 2012,Pop-Rock,F,English,RBN2,♥♥♥♥♥   2,♥♥♥♥♥   3,♥♥♥♥♥   4,X,X,♥♥♥♥♥   2,3,X,X,No,Yes,Yes,,,
3578,FALSE,Time Bomb,Powerman 5000,2009,Jan 26 2012,Nu-Metal,M,English,RBN2,♥♥♥♥♥   3,♥♥♥♥♥   3,♥♥♥♥♥   4,♥♥♥♥♥   4,♥♥♥♥♥   4,♥♥♥♥♥   2,3,X,X,No,Yes,No,,,
3579,FALSE,Battle of Egos Intro,Winter Crescent,2009,Feb 2 2012,Metal,M,English,RBN2,♥♥♥♥♥   2,♥♥♥♥♥   3,♥♥♥♥♥   5,X,X,♥♥♥♥♥   2,3,X,X,No,Xbox Only,No,,,
3580,FALSE,Feathergun in the Garden of the Sun,Rishloo,2009,Feb 2 2012,Prog,M,English,RBN2,♥♥♥♥♥   5,♥♥♥♥♥   2,♥♥♥♥♥   5,X,X,♥♥♥♥♥   4,X,X,X,No,Yes,No,,,
3581,FALSE,Für Immer Verloren,Anarchy Club,2011,Feb 2 2012,Metal,M,English,RBN2,♥♥♥♥♥   4,♥♥♥♥♥   2,♥♥♥♥♥   4,♥♥♥♥♥   1,♥♥♥♥♥   2,♥♥♥♥♥   2,3,X,X,No,Yes,No,,,
3582,FALSE,Good Morning Tucson,Jonathan Coulton,2011,Feb 2 2012,Rock,M,English,RBN2,♥♥♥♥♥   3,♥♥♥♥♥   2,♥♥♥♥♥   2,♥♥♥♥♥   2,♥♥♥♥♥   4,♥♥♥♥♥   3,3,X,X,No,Yes,Yes,,,
3583,FALSE,Baptised,Codex Alimentarius,2011,Feb 9 2012,Metal,M,English,RBN2,♥♥♥♥♥   6,♥♥♥♥♥   6,♥♥♥♥♥   6,♥♥♥♥♥   4,♥♥♥♥♥   5,♥♥♥♥♥   0,X,X,X,No,Xbox Only,No,,,
3584,FALSE,Do Your Thing,Powerman 5000,2009,Feb 9 2012,Nu-Metal,M,English,RBN2,♥♥♥♥♥   4,♥♥♥♥♥   1,♥♥♥♥♥   3,♥♥♥♥♥   2,♥♥♥♥♥   3,♥♥♥♥♥   1,3,X,X,No,Yes,No,,,
3585,FALSE,Force Feedback,Machinae Supremacy,2011,Feb 9 2012,Metal,M,English,RBN2,♥♥♥♥♥   6,♥♥♥♥♥   5,♥♥♥♥♥   5,♥♥♥♥♥   4,♥♥♥♥♥   5,♥♥♥♥♥   3,3,X,X,No,Yes,No,,,
3586,FALSE,Garble Arch,Blame Ringo,2009,Feb 9 2012,Rock,M,English,RBN2,♥♥♥♥♥   4,♥♥♥♥♥   0,♥♥♥♥♥   1,♥♥♥♥♥   0,♥♥♥♥♥   0,♥♥♥♥♥   1,3,X,X,No,Xbox Only,No,,,
3587,FALSE,I'm Dirt,Josh Blackburn,2010,Feb 9 2012,Rock,M,English,RBN2,♥♥♥♥♥   4,♥♥♥♥♥   3,♥♥♥♥♥   4,X,X,♥♥♥♥♥   2,3,X,X,No,Xbox Only,No,,,
3588,FALSE,In A Hurricane,Blame Ringo,2010,Feb 9 2012,Pop-Rock,M,English,RBN2,♥♥♥♥♥   4,♥♥♥♥♥   3,♥♥♥♥♥   4,X,X,♥♥♥♥♥   3,3,X,X,No,Yes,No,,,
3589,FALSE,Narcissus Metamorphosis Of,Christian Death,2007,Feb 9 2012,Glam,M,English,RBN2,♥♥♥♥♥   2,♥♥♥♥♥   1,♥♥♥♥♥   1,X,X,♥♥♥♥♥   2,2,X,X,No,Xbox Only,No,,,
3590,FALSE,Scissorlips,Rishloo,2009,Feb 9 2012,Prog,M,English,RBN2,♥♥♥♥♥   5,♥♥♥♥♥   3,♥♥♥♥♥   5,X,X,♥♥♥♥♥   3,X,X,X,No,Yes,No,,,
3591,FALSE,Welcome to the Skalocaust,Sunny Side Up,2011,Feb 9 2012,Reggae/Ska,M,English,RBN2,♥♥♥♥♥   5,♥♥♥♥♥   3,♥♥♥♥♥   4,♥♥♥♥♥   3,♥♥♥♥♥   3,♥♥♥♥♥   0,2,X,X,No,Yes,No,,,
3592,FALSE,Wild Yellowness,Radidsh,2009,Feb 9 2012,Pop/Dance/Electronic,X,X,RBN2,♥♥♥♥♥   4,♥♥♥♥♥   5,♥♥♥♥♥   5,♥♥♥♥♥   2,♥♥♥♥♥   3,X,X,X,X,No,Xbox Only,No,,,
3593,FALSE,Calling Out,Engel,2007,Feb 16 2012,Metal,M,English,RBN2,♥♥♥♥♥   6,♥♥♥♥♥   5,♥♥♥♥♥   5,♥♥♥♥♥   0,♥♥♥♥♥   1,♥♥♥♥♥   0,2,X,X,No,Xbox Only,No,,,
3594,FALSE,"Drink Beer, Destroy",Trucker Diablo,2011,Feb 16 2012,Rock,M,English,RBN2,♥♥♥♥♥   4,♥♥♥♥♥   4,♥♥♥♥♥   3,X,X,♥♥♥♥♥   2,3,X,X,No,Xbox Only,No,,,
3595,FALSE,Easter Island Radiation,Raggedy Angry,2010,Feb 16 2012,Pop/Dance/Electronic,M,English,RBN2,♥♥♥♥♥   3,♥♥♥♥♥   3,♥♥♥♥♥   4,♥♥♥♥♥   3,♥♥♥♥♥   4,♥♥♥♥♥   2,3,X,X,No,Xbox Only,No,,,
3596,FALSE,Give,Mystic Syntax,2010,Feb 16 2012,Metal,M,English,RBN2,♥♥♥♥♥   1,♥♥♥♥♥   3,♥♥♥♥♥   3,♥♥♥♥♥   3,♥♥♥♥♥   3,♥♥♥♥♥   2,X,X,X,No,Xbox Only,No,,,
3597,FALSE,Je Collectionne des Canards (Vivants),Ultra Vomit,2008,Feb 16 2012,Punk,M,French,RBN2,♥♥♥♥♥   3,♥♥♥♥♥   4,♥♥♥♥♥   4,X,X,♥♥♥♥♥   4,3,X,X,No,Yes,No,,,
3598,FALSE,King of Everything,Anarchy Club,2005,Feb 16 2012,Metal,M,English,RBN2,♥♥♥♥♥   0,♥♥♥♥♥   2,♥♥♥♥♥   1,♥♥♥♥♥   2,♥♥♥♥♥   3,♥♥♥♥♥   2,2,X,X,No,Yes,No,,,
3599,FALSE,Lonesome Cowboy,Richard Snow,2008,Feb 16 2012,Indie Rock,M,English,RBN2,♥♥♥♥♥   4,♥♥♥♥♥   2,♥♥♥♥♥   3,X,X,♥♥♥♥♥   2,3,X,X,No,Xbox Only,No,,,
3600,FALSE,Machine,Strikken,2011,Feb 16 2012,Metal,M,English,RBN2,♥♥♥♥♥   5,♥♥♥♥♥   3,♥♥♥♥♥   3,X,X,♥♥♥♥♥   4,3,X,X,No,Xbox Only,No,,2x Drums Available,
3601,FALSE,Put Out the Fire,Look Left,2010,Feb 16 2012,Rock,M,English,RBN2,♥♥♥♥♥   4,♥♥♥♥♥   2,♥♥♥♥♥   2,X,X,♥♥♥♥♥   3,3,X,X,No,Xbox Only,No,,,
3602,FALSE,Rise to Revise,Halcyon Way,2011,Feb 16 2012,Metal,M,English,RBN2,♥♥♥♥♥   5,♥♥♥♥♥   3,♥♥♥♥♥   4,X,X,♥♥♥♥♥   3,3,X,X,No,Xbox Only,No,,2x Drums Available,
3603,FALSE,Rocket Dragon,Machinae Supremacy,2011,Feb 16 2012,Metal,M,English,RBN2,♥♥♥♥♥   5,♥♥♥♥♥   3,♥♥♥♥♥   4,♥♥♥♥♥   6,♥♥♥♥♥   6,♥♥♥♥♥   4,3,X,X,No,Yes,No,,,
3604,FALSE,Song for Meg,SIMPL3JACK,2011,Feb 16 2012,Punk,M,English,RBN2,♥♥♥♥♥   3,♥♥♥♥♥   1,♥♥♥♥♥   3,X,X,♥♥♥♥♥   3,3,X,X,No,Xbox Only,No,,,
3605,FALSE,The Thief in the Night - Part II,Chaotrope,2011,Feb 16 2012,Metal,X,X,RBN2,♥♥♥♥♥   6,♥♥♥♥♥   6,♥♥♥♥♥   6,♥♥♥♥♥   6,♥♥♥♥♥   6,X,X,X,X,No,Yes,No,,,
3606,FALSE,Weevil Bride,Rishloo,2009,Feb 16 2012,Prog,M,English,RBN2,♥♥♥♥♥   5,♥♥♥♥♥   3,♥♥♥♥♥   5,X,X,♥♥♥♥♥   3,X,X,X,No,Yes,No,,,
3607,FALSE,Ashes,Strikken,2011,Feb 23 2012,Metal,M,English,RBN2,♥♥♥♥♥   5,♥♥♥♥♥   2,♥♥♥♥♥   4,X,X,♥♥♥♥♥   4,3,X,X,No,Yes,No,,2x Drums Available (not in PS3 though),
3608,FALSE,Built to Grind,Anarchy Club,2009,Feb 23 2012,Metal,M,English,RBN2,♥♥♥♥♥   5,♥♥♥♥♥   3,♥♥♥♥♥   4,X,X,♥♥♥♥♥   1,2,X,X,No,Yes,No,,,
3609,FALSE,Calling to Dance,EA,2011,Feb 23 2012,Pop/Dance/Electronic,M,English,RBN2,♥♥♥♥♥   1,♥♥♥♥♥   2,♥♥♥♥♥   1,♥♥♥♥♥   3,♥♥♥♥♥   3,♥♥♥♥♥   2,3,X,X,No,Xbox Only,No,,,
3610,FALSE,Desconocido,Leche de Tigre,2011,Feb 23 2012,Latin,X,X,RBN2,♥♥♥♥♥   5,♥♥♥♥♥   3,♥♥♥♥♥   4,♥♥♥♥♥   2,♥♥♥♥♥   2,X,X,X,X,No,Yes,No,,,
3611,FALSE,Ghost of Fallen Pluto (Instrumental),Spassm,2011,Feb 23 2012,Punk,X,X,RBN2,♥♥♥♥♥   5,♥♥♥♥♥   2,♥♥♥♥♥   2,♥♥♥♥♥   2,♥♥♥♥♥   3,X,X,X,X,No,Xbox Only,No,,,
3612,FALSE,Not Fade Away,Jerry Naylor,2011,Feb 23 2012,Rock,M,English,RBN2,♥♥♥♥♥   3,♥♥♥♥♥   0,♥♥♥♥♥   5,♥♥♥♥♥   1,♥♥♥♥♥   1,♥♥♥♥♥   3,3,X,X,No,Yes,No,,,
3613,FALSE,Omega Wave,Forbidden,2010,Feb 23 2012,Metal,M,English,RBN2,♥♥♥♥♥   6,♥♥♥♥♥   5,♥♥♥♥♥   6,X,X,♥♥♥♥♥   1,2,X,X,No,Xbox Only,No,,2x Drums Available,
3614,FALSE,Over & Over,Valor & Vengeance,2011,Feb 23 2012,Rock,M,English,RBN2,♥♥♥♥♥   5,♥♥♥♥♥   3,♥♥♥♥♥   3,X,X,♥♥♥♥♥   2,3,X,X,No,Xbox Only,No,,,
3615,FALSE,Por Nada,Maríafer,2011,Feb 23 2012,Pop-Rock,F,Spanish,RBN2,♥♥♥♥♥   4,♥♥♥♥♥   2,♥♥♥♥♥   2,X,X,♥♥♥♥♥   4,2,X,X,No,Xbox Only,No,,,
3616,FALSE,This Gigantic Robot Kills,MC Lars feat. MC Bat Commander and Suburban Legends,2009,Feb 23 2012,Reggae/Ska,M,English,RBN2,♥♥♥♥♥   3,♥♥♥♥♥   3,♥♥♥♥♥   3,♥♥♥♥♥   1,♥♥♥♥♥   1,♥♥♥♥♥   1,3,X,X,No,Yes,No,,,
3617,FALSE,What Do You Do When the Money Runs Out,The Duel,2006,Feb 23 2012,Punk,F,English,RBN2,♥♥♥♥♥   3,♥♥♥♥♥   2,♥♥♥♥♥   2,♥♥♥♥♥   2,♥♥♥♥♥   2,♥♥♥♥♥   4,3,X,X,No,Xbox Only,No,,,
3618,FALSE,Absolute,Gatling,2011,Mar 1 2012,Prog,M,English,RBN2,♥♥♥♥♥   5,♥♥♥♥♥   5,♥♥♥♥♥   5,X,X,♥♥♥♥♥   3,2,X,X,No,Yes,No,,,
3619,FALSE,Corporate Control,Sunny Side Up,2011,Mar 1 2012,Reggae/Ska,M,English,RBN2,♥♥♥♥♥   3,♥♥♥♥♥   2,♥♥♥♥♥   3,♥♥♥♥♥   2,♥♥♥♥♥   3,♥♥♥♥♥   1,2,X,X,No,Yes,No,,,
3620,FALSE,Hope & Ruin,The Trews,2011,Mar 1 2012,Rock,M,English,RBN2,♥♥♥♥♥   3,♥♥♥♥♥   2,♥♥♥♥♥   1,♥♥♥♥♥   1,♥♥♥♥♥   5,♥♥♥♥♥   4,3,X,X,No,Yes,No,,,
3621,FALSE,In My Head,Swound!,2012,Mar 1 2012,Pop-Rock,M,English,RBN2,♥♥♥♥♥   0,♥♥♥♥♥   0,♥♥♥♥♥   0,♥♥♥♥♥   0,♥♥♥♥♥   0,♥♥♥♥♥   0,3,X,X,No,Xbox Only,No,,,
3622,FALSE,Mystery Train,Jerry Naylor,2011,Mar 1 2012,Rock,M,English,RBN2,♥♥♥♥♥   4,♥♥♥♥♥   2,♥♥♥♥♥   4,♥♥♥♥♥   3,♥♥♥♥♥   3,♥♥♥♥♥   3,X,X,X,No,Yes,No,,,
3623,FALSE,XenoChrist,The Faceless,2008,Mar 1 2012,Metal,M,English,RBN2,♥♥♥♥♥   6,♥♥♥♥♥   6,♥♥♥♥♥   6,♥♥♥♥♥   6,♥♥♥♥♥   6,♥♥♥♥♥   0,3,X,X,No,Yes,No,,2x Drums Available (not in PS3 though),
3624,FALSE,Visceral,Gnostic,2009,Mar 6 2012,Metal,M,English,RBN2,♥♥♥♥♥   6,♥♥♥♥♥   6,♥♥♥♥♥   6,X,X,♥♥♥♥♥   0,X,X,X,No,Xbox Only,No,,2x Drums Available,
3625,FALSE,Back Through Time,Alestorm,2011,Mar 8 2012,Metal,M,English,RBN2,♥♥♥♥♥   5,♥♥♥♥♥   4,♥♥♥♥♥   6,♥♥♥♥♥   6,♥♥♥♥♥   6,♥♥♥♥♥   2,3,X,X,No,Yes,Yes,,2x Drums Available (not in PS3 though),
3626,FALSE,Color Your World,Devin Townsend,2007,Mar 8 2012,Metal,M,English,RBN2,♥♥♥♥♥   6,♥♥♥♥♥   6,♥♥♥♥♥   6,X,X,♥♥♥♥♥   1,2,X,X,No,Yes,No,,2x Drums Available (not in PS3 though),
3627,FALSE,Forever in Lies,Strikken,2011,Mar 8 2012,Metal,M,English,RBN2,♥♥♥♥♥   4,♥♥♥♥♥   2,♥♥♥♥♥   5,X,X,♥♥♥♥♥   3,3,X,X,No,Yes,No,,2x Drums Available (not in PS3 though),
3628,FALSE,I am S/H(im)e[r] as You am S/H(im)e[r] as You are Me and We am I and I are All Our Together,Giraffes? Giraffes!,2007,Mar 8 2012,Indie Rock,M,English,RBN2,♥♥♥♥♥   6,♥♥♥♥♥   6,♥♥♥♥♥   6,♥♥♥♥♥   1,♥♥♥♥♥   1,♥♥♥♥♥   0,X,X,X,No,Yes,No,,,
3629,FALSE,I Gotchu Babe,Rachel Lynn Sebastian and DJ Jounce,2011,Mar 8 2012,R&B/Soul/Funk,F,English,RBN2,♥♥♥♥♥   3,♥♥♥♥♥   0,♥♥♥♥♥   3,♥♥♥♥♥   2,♥♥♥♥♥   2,♥♥♥♥♥   4,3,X,X,No,Xbox Only,No,,,
3630,FALSE,Kitty Fight Song,Dance for the Dying,2011,Mar 8 2012,Pop-Rock,F,English,RBN2,♥♥♥♥♥   3,♥♥♥♥♥   3,♥♥♥♥♥   2,♥♥♥♥♥   0,♥♥♥♥♥   0,♥♥♥♥♥   3,X,X,X,No,Yes,No,,,
3631,FALSE,Liberation,Lucy Seven,2011,Mar 8 2012,Metal,M,English,RBN2,♥♥♥♥♥   3,♥♥♥♥♥   3,♥♥♥♥♥   3,♥♥♥♥♥   3,♥♥♥♥♥   3,♥♥♥♥♥   2,3,X,X,No,Xbox Only,No,,,
3632,FALSE,No War,Brutal Assault,2011,Mar 8 2012,Metal,M,English,RBN2,♥♥♥♥♥   5,♥♥♥♥♥   5,♥♥♥♥♥   6,X,X,♥♥♥♥♥   0,3,X,X,No,Xbox Only,No,,2x Drums Available,
3633,FALSE,Rise and Shine,Anarchy Club,2009,Mar 8 2012,Metal,M,English,RBN2,♥♥♥♥♥   4,♥♥♥♥♥   4,♥♥♥♥♥   4,X,X,♥♥♥♥♥   4,3,X,X,No,Yes,No,,,
3634,FALSE,Sense the Fire,Engel,2009,Mar 8 2012,Metal,M,English,RBN2,♥♥♥♥♥   4,♥♥♥♥♥   4,♥♥♥♥♥   3,♥♥♥♥♥   2,♥♥♥♥♥   2,♥♥♥♥♥   2,2,X,X,No,Xbox Only,No,,2x Drums Available,
3635,FALSE,Stairs on the Hill,Roman Klun,2008,Mar 8 2012,Rock,M,English,RBN2,♥♥♥♥♥   2,♥♥♥♥♥   3,♥♥♥♥♥   2,X,X,♥♥♥♥♥   2,3,X,X,No,Xbox Only,No,,,
3636,FALSE,The Greys,Devin Townsend,2007,Mar 8 2012,Metal,M,English,RBN2,♥♥♥♥♥   3,♥♥♥♥♥   2,♥♥♥♥♥   4,X,X,♥♥♥♥♥   1,3,X,X,No,Yes,No,,,
3637,FALSE,The Jack,Rosemary's Garden,2011,Mar 8 2012,Rock,M,English,RBN2,♥♥♥♥♥   4,♥♥♥♥♥   3,♥♥♥♥♥   4,X,X,♥♥♥♥♥   3,X,X,X,No,Xbox Only,No,,,
3638,FALSE,The Panic Range,Claire St. Link,2009,Mar 8 2012,Metal,M,English,RBN2,♥♥♥♥♥   3,♥♥♥♥♥   1,♥♥♥♥♥   4,X,X,♥♥♥♥♥   1,X,X,X,No,Xbox Only,No,,,
3639,FALSE,Twitter Twatter,Mind The Gap,2012,Mar 8 2012,Indie Rock,M,English,RBN2,♥♥♥♥♥   3,♥♥♥♥♥   2,♥♥♥♥♥   4,X,X,♥♥♥♥♥   2,3,X,X,No,Xbox Only,No,,,
3640,FALSE,We Actually Do This Thing Where We Drop the First String,A Lie to Live By,2009,Mar 8 2012,Metal,M,English,RBN2,♥♥♥♥♥   4,♥♥♥♥♥   3,♥♥♥♥♥   6,X,X,♥♥♥♥♥   1,3,X,X,No,Xbox Only,No,,,
3641,FALSE,Welcome to the Future,Left Spine Down,2009,Mar 8 2012,Punk,M,English,RBN2,♥♥♥♥♥   3,♥♥♥♥♥   3,♥♥♥♥♥   5,♥♥♥♥♥   2,♥♥♥♥♥   3,♥♥♥♥♥   3,3,X,X,No,Xbox Only,No,,,
3642,FALSE,Brains Out,RIBS,2010,Mar 15 2012,Rock,M,English,RBN2,♥♥♥♥♥   4,♥♥♥♥♥   3,♥♥♥♥♥   5,X,X,♥♥♥♥♥   4,3,X,X,No,Yes,No,,,
3643,FALSE,Creatures ov Deception (RB3 version),Rainbowdragoneyes,2011,Mar 15 2012,Pop/Dance/Electronic,M,English,RBN2,♥♥♥♥♥   6,♥♥♥♥♥   5,♥♥♥♥♥   6,♥♥♥♥♥   6,♥♥♥♥♥   6,♥♥♥♥♥   4,3,X,X,No,Yes,No,,"Marked separately as Guitar chart is different on RB2 Version, 2x Drums Available (not in PS3 though)",
3644,FALSE,Force,Bluefusion,2009,Mar 15 2012,Metal,X,X,RBN2,♥♥♥♥♥   6,♥♥♥♥♥   1,♥♥♥♥♥   4,♥♥♥♥♥   0,♥♥♥♥♥   0,X,X,X,X,No,Xbox Only,No,,,
3645,FALSE,Galileo,We Are The Storm,2011,Mar 15 2012,Indie Rock,M,English,RBN2,♥♥♥♥♥   3,♥♥♥♥♥   1,♥♥♥♥♥   4,♥♥♥♥♥   1,♥♥♥♥♥   3,♥♥♥♥♥   2,3,X,X,No,Yes,No,,,
3646,FALSE,SEX,SNMT,2011,Mar 15 2012,Other,M,English,RBN2,♥♥♥♥♥   3,X,X,♥♥♥♥♥   2,♥♥♥♥♥   2,♥♥♥♥♥   0,3,X,X,No,Xbox Only,No,,,
3647,FALSE,The Final Act,Strikken,2011,Mar 15 2012,Metal,M,English,RBN2,♥♥♥♥♥   4,♥♥♥♥♥   4,♥♥♥♥♥   6,X,X,♥♥♥♥♥   4,3,X,X,No,Yes,No,,2x Drums Available (not in PS3 though),
3648,FALSE,The Plot to Bomb the Panhandle,A Day to Remember,2007,Mar 15 2012,Punk,M,English,RBN2,♥♥♥♥♥   3,♥♥♥♥♥   2,♥♥♥♥♥   3,X,X,♥♥♥♥♥   3,3,X,X,No,Yes,Yes,,,
3649,FALSE,Animal Instinct,Sherryce ft. Beta Control,2011,Mar 22 2012,Pop/Dance/Electronic,F,English,RBN2,♥♥♥♥♥   2,♥♥♥♥♥   3,♥♥♥♥♥   4,♥♥♥♥♥   0,♥♥♥♥♥   0,♥♥♥♥♥   4,2,X,X,No,Xbox Only,No,,,
3650,FALSE,Insidious,Nightrage,2011,Mar 22 2012,Metal,M,English,RBN2,♥♥♥♥♥   6,♥♥♥♥♥   4,♥♥♥♥♥   6,X,X,♥♥♥♥♥   0,3,X,X,No,Xbox Only,No,,2x Drums Available,
3651,FALSE,Nemeses,Jonathan Coulton ft. John Roderick,2011,Mar 22 2012,Rock,M,English,RBN2,♥♥♥♥♥   2,♥♥♥♥♥   2,♥♥♥♥♥   1,X,X,♥♥♥♥♥   3,3,X,X,No,Yes,No,,,
3652,FALSE,Until I Feel Nothing,Carnifex,2011,Mar 22 2012,Metal,M,English,RBN2,♥♥♥♥♥   6,♥♥♥♥♥   4,♥♥♥♥♥   6,♥♥♥♥♥   0,♥♥♥♥♥   1,♥♥♥♥♥   0,2,X,X,No,Yes,No,,,
3653,FALSE,Broken Bones,Aiden,2011,Mar 29 2012,Punk,M,English,RBN2,♥♥♥♥♥   4,♥♥♥♥♥   4,♥♥♥♥♥   5,X,X,♥♥♥♥♥   3,3,X,X,No,Yes,No,,,
3654,FALSE,Gypsy Rave Massacre Party 2,Sweethammer,2011,Mar 29 2012,Pop/Dance/Electronic,X,X,RBN2,♥♥♥♥♥   3,♥♥♥♥♥   1,♥♥♥♥♥   6,♥♥♥♥♥   6,♥♥♥♥♥   6,X,X,X,X,No,Xbox Only,No,,,
3655,FALSE,Last Call,Sworn To Oath,2011,Mar 29 2012,Rock,M,English,RBN2,♥♥♥♥♥   3,♥♥♥♥♥   3,♥♥♥♥♥   5,X,X,♥♥♥♥♥   3,3,X,X,No,Yes,No,,,
3656,FALSE,No Shaking,Bikey ft. Dapper AJ,2011,Mar 29 2012,Hip-Hop/Rap,M,English,RBN2,♥♥♥♥♥   2,♥♥♥♥♥   0,♥♥♥♥♥   2,♥♥♥♥♥   1,♥♥♥♥♥   1,♥♥♥♥♥   0,3,X,X,No,Xbox Only,No,,,
3657,FALSE,She's Rad,Sunny Side Up,2011,Mar 29 2012,Reggae/Ska,M,English,RBN2,♥♥♥♥♥   3,♥♥♥♥♥   2,♥♥♥♥♥   3,♥♥♥♥♥   2,♥♥♥♥♥   2,♥♥♥♥♥   0,2,X,X,No,Xbox Only,No,,,
3658,FALSE,Song for the Broken,Close Your Eyes,2010,Mar 29 2012,Punk,M,English,RBN2,♥♥♥♥♥   4,♥♥♥♥♥   3,♥♥♥♥♥   4,X,X,♥♥♥♥♥   3,3,X,X,No,Yes,No,,,
3659,FALSE,Soul Candy,Danny and the Lost Souls,2011,Mar 29 2012,R&B/Soul/Funk,M,English,RBN2,♥♥♥♥♥   1,♥♥♥♥♥   2,♥♥♥♥♥   3,♥♥♥♥♥   3,♥♥♥♥♥   4,♥♥♥♥♥   4,2,X,X,No,Xbox Only,No,,,
3660,FALSE,The Luck You Got,The High Strung,2005,Mar 29 2012,Indie Rock,M,English,RBN2,♥♥♥♥♥   2,♥♥♥♥♥   3,♥♥♥♥♥   4,♥♥♥♥♥   2,♥♥♥♥♥   2,♥♥♥♥♥   2,2,X,X,No,Xbox Only,No,,,
3661,FALSE,Todo lo que Pienso,Joe Vikingo,2011,Mar 29 2012,Rock,M,Spanish,RBN2,♥♥♥♥♥   3,♥♥♥♥♥   2,♥♥♥♥♥   3,X,X,♥♥♥♥♥   4,3,X,X,No,Xbox Only,No,,,
3662,FALSE,You Get What You Pay For,Jason Charles Miller,2011,Mar 29 2012,Country,M,English,RBN2,♥♥♥♥♥   3,♥♥♥♥♥   2,♥♥♥♥♥   3,♥♥♥♥♥   3,♥♥♥♥♥   3,♥♥♥♥♥   2,3,X,X,No,Yes,No,,,
3663,FALSE,A Bullet in the Head,Anarchy Club,2009,Apr 5 2012,Metal,M,English,RBN2,♥♥♥♥♥   2,♥♥♥♥♥   4,♥♥♥♥♥   4,X,X,♥♥♥♥♥   2,2,X,X,No,Yes,No,,,
3664,FALSE,Greed,The Mercy House,2012,Apr 5 2012,Grunge,M,English,RBN2,♥♥♥♥♥   4,♥♥♥♥♥   4,♥♥♥♥♥   3,X,X,♥♥♥♥♥   3,3,X,X,No,Xbox Only,No,,,
3665,FALSE,Hapless,Seven Day Sonnet,2011,Apr 5 2012,Rock,M,English,RBN2,♥♥♥♥♥   3,♥♥♥♥♥   3,♥♥♥♥♥   5,♥♥♥♥♥   2,♥♥♥♥♥   2,♥♥♥♥♥   3,3,X,X,No,Yes,No,,,
3666,FALSE,Me and You,The Bitter Roots,2011,Apr 5 2012,Rock,M,English,RBN2,♥♥♥♥♥   2,♥♥♥♥♥   2,♥♥♥♥♥   3,X,X,♥♥♥♥♥   2,3,X,X,No,Xbox Only,No,,,
3667,FALSE,Our Time,The Buffalo Joe Band,1998,Apr 5 2012,Classic Rock,M,English,RBN2,♥♥♥♥♥   3,♥♥♥♥♥   1,♥♥♥♥♥   2,♥♥♥♥♥   3,♥♥♥♥♥   4,♥♥♥♥♥   3,3,X,X,No,Yes,No,,,
3668,FALSE,Toccata and Fugue in D Minor (Bach),Magnefora,2011,Apr 5 2012,Classical,X,X,RBN2,X,♥♥♥♥♥   5,X,♥♥♥♥♥   6,♥♥♥♥♥   6,X,X,X,X,No,Yes,No,,,
3669,FALSE,Valleys,Close Your Eyes,2011,Apr 5 2012,Punk,M,English,RBN2,♥♥♥♥♥   4,♥♥♥♥♥   3,♥♥♥♥♥   5,X,X,♥♥♥♥♥   3,3,X,X,No,Yes,No,,,
3670,FALSE,What's Left of the Right Brain?,Single White Infidel,2011,Apr 5 2012,Punk,M,English,RBN2,♥♥♥♥♥   6,♥♥♥♥♥   4,♥♥♥♥♥   4,X,X,♥♥♥♥♥   4,3,X,X,No,Xbox Only,No,,,
3671,FALSE,Amazing Horse,Weebl's Stuff,2009,Apr 12 2012,Novelty,M,English,RBN2,♥♥♥♥♥   1,♥♥♥♥♥   4,♥♥♥♥♥   4,♥♥♥♥♥   0,♥♥♥♥♥   0,♥♥♥♥♥   2,3,X,X,No,Yes,No,,,
3672,FALSE,Heroism,Mystakin,2011,Apr 12 2012,Prog,X,X,RBN2,♥♥♥♥♥   6,♥♥♥♥♥   2,♥♥♥♥♥   4,♥♥♥♥♥   5,♥♥♥♥♥   6,X,X,X,X,No,Yes,No,,,
3673,FALSE,IndoctriNation,Halcyon Way,2011,Apr 12 2012,Metal,M,English,RBN2,♥♥♥♥♥   5,♥♥♥♥♥   5,♥♥♥♥♥   5,♥♥♥♥♥   0,♥♥♥♥♥   1,♥♥♥♥♥   4,3,X,X,No,Yes,No,,2x Drums Available (not in PS3 though),
3674,FALSE,Into Your Hands,Kandia,2010,Apr 12 2012,Metal,F,English,RBN2,♥♥♥♥♥   5,♥♥♥♥♥   3,♥♥♥♥♥   4,X,X,♥♥♥♥♥   4,2,X,X,No,Yes,No,,,
3675,FALSE,Love Dragons,Charlie Drown,2010,Apr 12 2012,Metal,F,English,RBN2,♥♥♥♥♥   3,♥♥♥♥♥   4,♥♥♥♥♥   2,♥♥♥♥♥   2,♥♥♥♥♥   2,♥♥♥♥♥   3,2,X,X,No,Xbox Only,No,,,
3676,FALSE,No Holy Man,Eden's Curse ft. James LaBrie,2011,Apr 12 2012,Prog,M,English,RBN2,♥♥♥♥♥   5,♥♥♥♥♥   2,♥♥♥♥♥   4,♥♥♥♥♥   5,♥♥♥♥♥   6,♥♥♥♥♥   3,3,X,X,No,Yes,No,,,
3677,FALSE,Sleek Peak,Mada,2010,Apr 12 2012,Pop/Dance/Electronic,X,X,RBN2,♥♥♥♥♥   2,♥♥♥♥♥   2,♥♥♥♥♥   2,♥♥♥♥♥   3,♥♥♥♥♥   2,X,X,X,X,No,Xbox Only,No,,,
3678,FALSE,Younger Lungs,Less Than Jake,2012,Apr 12 2012,Reggae/Ska,M,English,RBN2,♥♥♥♥♥   3,♥♥♥♥♥   3,♥♥♥♥♥   2,♥♥♥♥♥   0,♥♥♥♥♥   1,♥♥♥♥♥   2,3,X,X,No,Yes,Yes,,,
3679,FALSE,California,Heart Pharmacy,2011,Apr 19 2012,Alternative,M,English,RBN2,♥♥♥♥♥   3,♥♥♥♥♥   1,♥♥♥♥♥   3,♥♥♥♥♥   1,♥♥♥♥♥   1,♥♥♥♥♥   2,2,X,X,No,Xbox Only,No,,,
3680,FALSE,Farewell to Good Days,Seven Day Sonnet,2011,Apr 19 2012,Rock,M,English,RBN2,♥♥♥♥♥   3,♥♥♥♥♥   2,♥♥♥♥♥   5,♥♥♥♥♥   2,♥♥♥♥♥   3,♥♥♥♥♥   3,3,X,X,No,Yes,No,,,
3681,FALSE,Gamers Unite,Dante's Dream,2009,Apr 19 2012,Pop/Dance/Electronic,M,English/Latin,RBN2,♥♥♥♥♥   3,♥♥♥♥♥   3,♥♥♥♥♥   5,♥♥♥♥♥   2,♥♥♥♥♥   3,♥♥♥♥♥   5,3,X,X,No,Yes,No,,,
3682,FALSE,Keep the Lights On,Close Your Eyes,2011,Apr 19 2012,Punk,M,English,RBN2,♥♥♥♥♥   3,♥♥♥♥♥   3,♥♥♥♥♥   6,X,X,♥♥♥♥♥   3,3,X,X,No,Yes,No,,,
3683,FALSE,Ooh La La,Sherryce and DJ Jounce,2011,Apr 19 2012,Pop/Dance/Electronic,F,English,RBN2,♥♥♥♥♥   3,♥♥♥♥♥   0,♥♥♥♥♥   4,♥♥♥♥♥   3,♥♥♥♥♥   3,♥♥♥♥♥   3,2,X,X,No,Xbox Only,No,,,
3684,FALSE,Riddle Me This,Anarchy Club,2009,Apr 19 2012,Metal,M,English,RBN2,♥♥♥♥♥   4,♥♥♥♥♥   1,♥♥♥♥♥   3,♥♥♥♥♥   1,♥♥♥♥♥   2,♥♥♥♥♥   2,3,X,X,No,Yes,No,,,
3685,FALSE,Take Me Home,Raggedy Angry,2010,Apr 19 2012,Pop/Dance/Electronic,M,English,RBN2,♥♥♥♥♥   3,♥♥♥♥♥   3,♥♥♥♥♥   5,♥♥♥♥♥   4,♥♥♥♥♥   5,♥♥♥♥♥   3,3,X,X,No,Xbox Only,No,,,
3686,FALSE,Apple Martini,Shelita Vaughns,2011,Apr 26 2012,R&B/Soul/Funk,F,English,RBN2,♥♥♥♥♥   2,♥♥♥♥♥   1,♥♥♥♥♥   1,♥♥♥♥♥   0,♥♥♥♥♥   1,♥♥♥♥♥   1,3,X,X,No,Xbox Only,No,,,
3687,FALSE,Children of Brodom,Oklahoma Caddy Shack,2011,Apr 26 2012,Metal,M,English,RBN2,♥♥♥♥♥   3,♥♥♥♥♥   2,♥♥♥♥♥   5,♥♥♥♥♥   6,♥♥♥♥♥   6,♥♥♥♥♥   0,3,X,X,No,Xbox Only,No,,2x Drums Available,
3688,FALSE,Controller,Within the Ruins,2011,Apr 26 2012,Metal,M,English,RBN2,♥♥♥♥♥   5,♥♥♥♥♥   5,♥♥♥♥♥   6,X,X,♥♥♥♥♥   0,2,X,X,No,Yes,No,,2x Drums Available,
3689,FALSE,Interplanetary Cruise,Jeff Ball,2011,Apr 26 2012,Pop/Dance/Electronic,X,X,RBN2,♥♥♥♥♥   0,♥♥♥♥♥   0,♥♥♥♥♥   1,♥♥♥♥♥   1,♥♥♥♥♥   1,X,X,X,X,No,Xbox Only,No,,,
3690,FALSE,Jumping Ship,Counterparts,2011,Apr 26 2012,Punk,M,English,RBN2,♥♥♥♥♥   5,♥♥♥♥♥   5,♥♥♥♥♥   6,X,X,♥♥♥♥♥   0,2,X,X,No,Yes,No,,,
3691,FALSE,Por Analogía,Pedro Castillo,2008,Apr 26 2012,Pop-Rock,M,Spanish,RBN2,♥♥♥♥♥   3,♥♥♥♥♥   2,♥♥♥♥♥   4,♥♥♥♥♥   2,♥♥♥♥♥   3,♥♥♥♥♥   2,3,X,X,No,Xbox Only,No,,,
3692,FALSE,TGTW,Boomchick,2011,Apr 26 2012,Indie Rock,F,English,RBN2,♥♥♥♥♥   1,♥♥♥♥♥   2,♥♥♥♥♥   4,X,X,♥♥♥♥♥   4,2,X,X,No,Xbox Only,No,,,
3693,FALSE,The Only Difference,Cohesive,2008,Apr 26 2012,Alternative,M,English,RBN2,♥♥♥♥♥   1,♥♥♥♥♥   1,♥♥♥♥♥   3,♥♥♥♥♥   0,♥♥♥♥♥   1,♥♥♥♥♥   3,X,X,X,No,Xbox Only,No,,,
3694,FALSE,Wabi-Sabi,Sky Pie,2003,Apr 26 2012,Other,X,X,RBN2,X,X,X,♥♥♥♥♥   6,♥♥♥♥♥   6,X,X,X,X,No,Xbox Only,No,,,
3695,FALSE,Watching,Fallen Angel,2010,Apr 26 2012,Metal,M,English,RBN2,♥♥♥♥♥   5,♥♥♥♥♥   3,♥♥♥♥♥   4,X,X,♥♥♥♥♥   3,2,X,X,No,Xbox Only,No,,,
3696,FALSE,Wrapped in Deceitful Dreams,Nightrage,2011,Apr 26 2012,Metal,M,English,RBN2,♥♥♥♥♥   5,♥♥♥♥♥   3,♥♥♥♥♥   5,X,X,♥♥♥♥♥   2,3,X,X,No,Xbox Only,No,,2x Drums Available,
3697,FALSE,Absolution,Dirge Within,2011,May 3 2012,Metal,M,English,RBN2,♥♥♥♥♥   6,♥♥♥♥♥   4,♥♥♥♥♥   6,X,X,♥♥♥♥♥   0,2,X,X,No,Xbox Only,No,,2x Drums Available,
3698,FALSE,Adonaï,Eths,2012,May 3 2012,Metal,M,French,RBN2,♥♥♥♥♥   5,♥♥♥♥♥   3,♥♥♥♥♥   4,X,X,♥♥♥♥♥   2,3,X,X,No,Yes,No,,,
3699,FALSE,All the Hated,Sifting,2012,May 3 2012,Rock,M,English,RBN2,♥♥♥♥♥   3,♥♥♥♥♥   3,♥♥♥♥♥   5,X,X,♥♥♥♥♥   1,2,X,X,No,Xbox Only,No,,,
3700,FALSE,Blood of the Resistance,Volumes of Revolution,2011,May 3 2012,Metal,F,English,RBN2,♥♥♥♥♥   4,♥♥♥♥♥   2,♥♥♥♥♥   4,X,X,♥♥♥♥♥   2,3,X,X,No,Xbox Only,No,,,
3701,FALSE,Coming Undone,Shatterglass,2011,May 3 2012,Rock,M,English,RBN2,♥♥♥♥♥   2,♥♥♥♥♥   2,♥♥♥♥♥   3,♥♥♥♥♥   1,♥♥♥♥♥   1,♥♥♥♥♥   2,3,X,X,No,Yes,No,,,
3702,FALSE,Crack My Head and Let the People Out,Look Left,2011,May 3 2012,Rock,M,English,RBN2,♥♥♥♥♥   3,♥♥♥♥♥   4,♥♥♥♥♥   4,X,X,♥♥♥♥♥   4,3,X,X,No,Xbox Only,No,,,
3703,FALSE,"Goodbye, Mr. Personality",Less Than Jake,2011,May 3 2012,Reggae/Ska,M,English,RBN2,♥♥♥♥♥   4,♥♥♥♥♥   2,♥♥♥♥♥   3,♥♥♥♥♥   1,♥♥♥♥♥   2,♥♥♥♥♥   2,3,X,X,No,Yes,No,,,
3704,FALSE,I Don't Want to Hear About Your Crappy Boyfriend,Honest Bob and the Factory-to-Dealer Incentives,2004,May 3 2012,Indie Rock,M,English,RBN2,♥♥♥♥♥   3,♥♥♥♥♥   2,♥♥♥♥♥   3,♥♥♥♥♥   3,♥♥♥♥♥   3,♥♥♥♥♥   3,X,X,X,No,Yes,No,,,
3705,FALSE,I'm Dancing!,Bikey ft. Alyce,2011,May 3 2012,Hip-Hop/Rap,M,English,RBN2,♥♥♥♥♥   0,♥♥♥♥♥   0,♥♥♥♥♥   2,♥♥♥♥♥   2,♥♥♥♥♥   2,♥♥♥♥♥   1,3,X,X,No,Xbox Only,No,,,
3706,FALSE,Never Trust the Hazel Eyed,Hopes Die Last,2012,May 3 2012,Metal,M,English,RBN2,♥♥♥♥♥   3,♥♥♥♥♥   3,♥♥♥♥♥   4,X,X,♥♥♥♥♥   3,3,X,X,No,Yes,No,,2x Drums Available (not in PS3 though),
3707,FALSE,Paging Ground Control,Small Room 9,2011,May 3 2012,Alternative,M,English,RBN2,♥♥♥♥♥   2,♥♥♥♥♥   2,♥♥♥♥♥   3,♥♥♥♥♥   2,♥♥♥♥♥   2,♥♥♥♥♥   2,3,X,X,No,Xbox Only,No,,,
3708,FALSE,Reap (Radio Edit),The Red Jumpsuit Apparatus,2011,May 3 2012,Rock,M,English,RBN2,♥♥♥♥♥   4,♥♥♥♥♥   3,♥♥♥♥♥   5,♥♥♥♥♥   2,♥♥♥♥♥   1,♥♥♥♥♥   3,3,X,X,No,Yes,No,,,
3709,FALSE,Relationship Sneakers,Goin' Places,2012,May 3 2012,Punk,M,English,RBN2,♥♥♥♥♥   2,♥♥♥♥♥   3,♥♥♥♥♥   2,X,X,♥♥♥♥♥   2,2,X,X,No,Xbox Only,No,,,
3710,FALSE,The Death Plague,All Shall Perish,2011,May 3 2012,Metal,M,English,RBN2,♥♥♥♥♥   6,♥♥♥♥♥   6,♥♥♥♥♥   6,X,X,♥♥♥♥♥   0,2,X,X,No,Xbox Only,No,,2x Drums Available,
3711,FALSE,Wish I Was Dead,Harbour Grace,2010,May 3 2012,Rock,M,English,RBN2,♥♥♥♥♥   3,♥♥♥♥♥   3,♥♥♥♥♥   3,X,X,♥♥♥♥♥   2,2,X,X,No,Yes,No,,,
3712,FALSE,Crabplosion,Skylliton,2011,May 10 2012,Metal,M,English,RBN2,♥♥♥♥♥   2,♥♥♥♥♥   3,♥♥♥♥♥   5,X,X,♥♥♥♥♥   1,3,X,X,No,Xbox Only,No,,,
3713,FALSE,En Donde Duermen Los Sueños,Nod 206,2011,May 10 2012,Prog,M,Spanish,RBN2,♥♥♥♥♥   1,♥♥♥♥♥   1,♥♥♥♥♥   3,♥♥♥♥♥   0,♥♥♥♥♥   0,♥♥♥♥♥   1,2,X,X,No,Xbox Only,No,,,
3714,FALSE,For the Kids of the Multiculture,Sonic Boom Six,2011,May 10 2012,Rock,F,English,RBN2,♥♥♥♥♥   4,♥♥♥♥♥   4,♥♥♥♥♥   4,♥♥♥♥♥   4,♥♥♥♥♥   4,♥♥♥♥♥   2,2,X,X,No,Yes,No,,,
3715,FALSE,Gravis Venter,Eths,2012,May 10 2012,Metal,F,French,RBN2,♥♥♥♥♥   4,♥♥♥♥♥   3,♥♥♥♥♥   4,♥♥♥♥♥   1,♥♥♥♥♥   4,♥♥♥♥♥   2,X,X,X,No,Xbox Only,No,,,
3716,FALSE,Impulse,An Endless Sporadic,2008,May 10 2012,Prog,X,X,RBN2,♥♥♥♥♥   5,♥♥♥♥♥   4,♥♥♥♥♥   6,♥♥♥♥♥   2,♥♥♥♥♥   3,X,X,X,X,No,Yes,No,,2x Drums Available (not in PS3 though),
3717,FALSE,Death in the Garden,Dance for the Dying,2011,May 17 2012,Pop-Rock,F,English,RBN2,♥♥♥♥♥   2,♥♥♥♥♥   3,♥♥♥♥♥   2,♥♥♥♥♥   1,♥♥♥♥♥   2,♥♥♥♥♥   3,2,X,X,No,Yes,No,,,
3718,FALSE,Got 2 Me,Ten Year Vamp,2011,May 17 2012,Rock,F,English,RBN2,♥♥♥♥♥   3,♥♥♥♥♥   3,♥♥♥♥♥   4,X,X,♥♥♥♥♥   3,3,X,X,No,Xbox Only,No,,,
3719,FALSE,L.E.V.A.N.T.A_te,Masseratti 2lts,2010,May 17 2012,Pop/Dance/Electronic,M,Spanish,RBN2,♥♥♥♥♥   1,♥♥♥♥♥   1,♥♥♥♥♥   1,♥♥♥♥♥   1,♥♥♥♥♥   1,♥♥♥♥♥   1,2,X,X,No,Xbox Only,No,,,
3720,FALSE,Nobody Gives a S*** About Us,Goin' Places,2012,May 17 2012,Punk,M,English,RBN2,♥♥♥♥♥   2,♥♥♥♥♥   3,♥♥♥♥♥   2,♥♥♥♥♥   2,♥♥♥♥♥   2,♥♥♥♥♥   1,3,X,X,No,Xbox Only,No,,,
3721,FALSE,To the Stars,Cohesive,2008,May 17 2012,Alternative,M,English,RBN2,♥♥♥♥♥   1,♥♥♥♥♥   2,♥♥♥♥♥   3,♥♥♥♥♥   2,♥♥♥♥♥   2,♥♥♥♥♥   3,3,X,X,No,Xbox Only,No,,,
3722,FALSE,Top,Look Left,2011,May 17 2012,R&B/Soul/Funk,M,English,RBN2,X,♥♥♥♥♥   2,♥♥♥♥♥   2,♥♥♥♥♥   2,♥♥♥♥♥   4,♥♥♥♥♥   4,3,X,X,No,Xbox Only,No,,,
3723,FALSE,Dudes and Guys and Things and Stuff,Straight Outta Junior High,2009,May 24 2012,Punk,M,English,RBN2,♥♥♥♥♥   4,♥♥♥♥♥   2,♥♥♥♥♥   4,X,X,♥♥♥♥♥   2,3,X,X,No,Xbox Only,No,,,
3724,FALSE,So High,Lee-Leet,2011,May 24 2012,Alternative,F,English,RBN2,♥♥♥♥♥   1,♥♥♥♥♥   2,♥♥♥♥♥   2,♥♥♥♥♥   3,♥♥♥♥♥   3,♥♥♥♥♥   2,2,X,X,No,Yes,No,,,
3725,FALSE,5 Segundos,Languidez,2011,May 31 2012,Rock,F,Spanish,RBN2,♥♥♥♥♥   2,♥♥♥♥♥   1,♥♥♥♥♥   1,X,X,♥♥♥♥♥   2,2,X,X,No,Xbox Only,No,,,
3726,FALSE,Fight The Rain,Scratching the Itch,2010,May 31 2012,New Wave,M,English,RBN2,♥♥♥♥♥   2,♥♥♥♥♥   3,♥♥♥♥♥   4,♥♥♥♥♥   3,♥♥♥♥♥   3,♥♥♥♥♥   3,3,X,X,No,Yes,No,,,
3727,FALSE,La Inclinación de la Balanza,Niño Burbuja,2010,May 31 2012,Indie Rock,M,Spanish,RBN2,♥♥♥♥♥   2,♥♥♥♥♥   2,♥♥♥♥♥   3,♥♥♥♥♥   3,♥♥♥♥♥   3,♥♥♥♥♥   3,3,X,X,No,Xbox Only,No,,,
3728,FALSE,On the Run,Emerald,2010,May 31 2012,Rock,M,English,RBN2,♥♥♥♥♥   6,♥♥♥♥♥   3,♥♥♥♥♥   3,X,X,♥♥♥♥♥   3,3,X,X,No,Yes,No,,,
3729,FALSE,Pearls; The Frailty of Matter,The Burial,2011,May 31 2012,Metal,M,English,RBN2,♥♥♥♥♥   6,♥♥♥♥♥   6,♥♥♥♥♥   6,X,X,♥♥♥♥♥   0,2,X,X,No,Yes,No,,2x Drums Available (not in PS3 though),
3730,FALSE,Reckless & Relentless ,Asking Alexandria,2011,May 31 2012,Metal,M,English,RBN2,♥♥♥♥♥   4,♥♥♥♥♥   4,♥♥♥♥♥   4,♥♥♥♥♥   4,♥♥♥♥♥   4,♥♥♥♥♥   1,3,X,X,No,Yes,Yes,,2x Drums Available (not in PS3 though),
3731,FALSE,Reson-8-R (Pts. I & II),Christopher J.,2012,May 31 2012,Pop/Dance/Electronic,M,Adlib,RBN2,♥♥♥♥♥   3,♥♥♥♥♥   4,♥♥♥♥♥   5,♥♥♥♥♥   3,♥♥♥♥♥   4,♥♥♥♥♥   0,3,X,X,No,Yes,No,,,
3732,FALSE,Skeletonizer,Wolfcrusher,2011,May 31 2012,Metal,M,English,RBN2,♥♥♥♥♥   6,♥♥♥♥♥   5,♥♥♥♥♥   6,X,X,♥♥♥♥♥   0,2,X,X,No,Xbox Only,No,,2x Drums Available,
3733,FALSE,The Way That It Goes,Cohesive,2008,May 31 2012,Alternative,M,English,RBN2,♥♥♥♥♥   1,♥♥♥♥♥   3,♥♥♥♥♥   3,♥♥♥♥♥   1,♥♥♥♥♥   1,♥♥♥♥♥   3,3,X,X,No,Xbox Only,No,,,
3734,FALSE,Another Purity Failing,Edenshade,2011,Jun 7 2012,Metal,M,English,RBN2,♥♥♥♥♥   5,♥♥♥♥♥   4,♥♥♥♥♥   5,♥♥♥♥♥   0,♥♥♥♥♥   0,♥♥♥♥♥   3,3,X,X,No,Xbox Only,No,,2x Drums Available,
3735,FALSE,Dear Insanity,Asking Alexandria,2011,Jun 7 2012,Metal,M,English,RBN2,♥♥♥♥♥   5,♥♥♥♥♥   4,♥♥♥♥♥   4,♥♥♥♥♥   2,♥♥♥♥♥   2,♥♥♥♥♥   3,3,X,X,No,Yes,Yes,,2x Drums Available (not in PS3 though),
3736,FALSE,Sarah,Daryle Stephen Ackerman,2006,Jun 7 2012,Pop-Rock,M,English,RBN2,♥♥♥♥♥   0,♥♥♥♥♥   2,♥♥♥♥♥   2,♥♥♥♥♥   3,♥♥♥♥♥   4,♥♥♥♥♥   2,3,X,X,No,Xbox Only,No,,,
3737,FALSE,Skinny Seventeen,Jeremy Manjorin,2011,Jun 7 2012,Rock,M,English,RBN2,♥♥♥♥♥   5,♥♥♥♥♥   2,♥♥♥♥♥   3,♥♥♥♥♥   2,♥♥♥♥♥   2,♥♥♥♥♥   4,X,X,X,No,Yes,No,,,
3738,FALSE,The Infinite Descent,Spires,2010,Jun 7 2012,Metal,M,English,RBN2,♥♥♥♥♥   6,♥♥♥♥♥   5,♥♥♥♥♥   6,X,X,♥♥♥♥♥   1,2,X,X,No,Xbox Only,No,,2x Drums Available,
3739,FALSE,This is the Album You've Been Waiting For,brentalfloss,2012,Jun 7 2012,Rock,M,English,RBN2,♥♥♥♥♥   4,♥♥♥♥♥   3,♥♥♥♥♥   3,♥♥♥♥♥   6,♥♥♥♥♥   6,♥♥♥♥♥   3,X,X,X,No,Yes,No,,,
3740,FALSE,At War With the Cherubs,SIMPL3JACK,2011,Jun 14 2012,Punk,M,English,RBN2,♥♥♥♥♥   2,♥♥♥♥♥   1,♥♥♥♥♥   3,X,X,♥♥♥♥♥   2,3,X,X,No,Xbox Only,No,,,
3741,FALSE,Collide,Anarchy Club,2007,Jun 14 2012,Metal,M,English,RBN2,♥♥♥♥♥   4,♥♥♥♥♥   2,♥♥♥♥♥   2,♥♥♥♥♥   1,♥♥♥♥♥   1,♥♥♥♥♥   1,2,X,X,No,Yes,Yes,,,
3742,FALSE,The Hourglass Paroxysm - Part II,Chaotrope,2012,Jun 14 2012,Metal,M,English,RBN2,♥♥♥♥♥   6,♥♥♥♥♥   6,♥♥♥♥♥   6,♥♥♥♥♥   6,♥♥♥♥♥   6,♥♥♥♥♥   0,X,X,X,No,Yes,No,,,
3743,FALSE,Circus Black,Amberian Dawn,2012,Jun 21 2012,Metal,F,English,RBN2,♥♥♥♥♥   5,♥♥♥♥♥   3,♥♥♥♥♥   5,♥♥♥♥♥   6,♥♥♥♥♥   6,♥♥♥♥♥   4,3,X,X,No,Yes,No,,2x Drums Available (not in PS3 though),
3744,FALSE,Don't Drink the Bottle,John Daly Project,2011,Jun 21 2012,Rock,M,English,RBN2,♥♥♥♥♥   1,♥♥♥♥♥   1,♥♥♥♥♥   0,X,X,♥♥♥♥♥   2,X,X,X,No,Xbox Only,No,,,
3745,FALSE,From the Blue/Point of No Return,An Endless Sporadic,2009,Jun 21 2012,Prog,X,X,RBN2,♥♥♥♥♥   5,♥♥♥♥♥   5,♥♥♥♥♥   5,♥♥♥♥♥   6,♥♥♥♥♥   6,X,X,X,X,No,Yes,No,,2x Drums Available (not in PS3 though),
3746,FALSE,Romancing the Ordinary,Rose of Jericho,2010,Jun 21 2012,Pop-Rock,F,English,RBN2,♥♥♥♥♥   3,♥♥♥♥♥   1,♥♥♥♥♥   2,♥♥♥♥♥   3,♥♥♥♥♥   3,♥♥♥♥♥   4,2,X,X,No,Yes,No,,,
3747,FALSE,So Far Away / Delirium Of The Fallen,Nightrage,2011,Jun 21 2012,Metal,M,English,RBN2,♥♥♥♥♥   6,♥♥♥♥♥   4,♥♥♥♥♥   6,♥♥♥♥♥   0,♥♥♥♥♥   0,♥♥♥♥♥   1,3,X,X,No,Xbox Only,No,,2x Drums Available,
3748,FALSE,Superficial,X-Y,2011,Jun 21 2012,Rock,M,English,RBN2,♥♥♥♥♥   3,♥♥♥♥♥   3,♥♥♥♥♥   4,X,X,♥♥♥♥♥   2,3,X,X,No,Yes,No,,,
3749,FALSE,The Ravenous,"I, Omega",2012,Jun 21 2012,Metal,M,English,RBN2,♥♥♥♥♥   5,♥♥♥♥♥   4,♥♥♥♥♥   5,X,X,♥♥♥♥♥   3,2,X,X,No,Yes,No,,,
3750,FALSE,The Will,Die Hard Till Death,2011,Jun 21 2012,Rock,M,English,RBN2,♥♥♥♥♥   3,♥♥♥♥♥   2,♥♥♥♥♥   3,X,X,♥♥♥♥♥   1,2,X,X,No,Xbox Only,No,,,
3751,FALSE,(I'm the One That's) Cool,The Guild feat. Felicia Day,2012,Jun 28 2012,Pop-Rock,F,English,RBN2,♥♥♥♥♥   2,♥♥♥♥♥   3,♥♥♥♥♥   3,♥♥♥♥♥   2,♥♥♥♥♥   3,♥♥♥♥♥   3,3,X,X,No,Yes,No,,,
3752,FALSE,Anything,An Endless Sporadic,2008,Jun 28 2012,Prog,X,X,RBN2,♥♥♥♥♥   5,♥♥♥♥♥   5,♥♥♥♥♥   5,♥♥♥♥♥   2,♥♥♥♥♥   4,X,X,X,X,No,Yes,No,,"2x Drums Available (not in PS3 though, V1 Contains a Vocal Track (0 dot, 2 Harms)",
3753,FALSE,AY,Sin Dirección,2010,Jun 28 2012,Rock,M,Spanish,RBN2,♥♥♥♥♥   3,♥♥♥♥♥   2,♥♥♥♥♥   3,X,X,♥♥♥♥♥   3,2,X,X,No,Xbox Only,No,,,
3754,FALSE,Chiasm,Chaotrope,2011,Jun 28 2012,Metal,X,X,RBN2,♥♥♥♥♥   6,♥♥♥♥♥   6,♥♥♥♥♥   6,♥♥♥♥♥   6,♥♥♥♥♥   6,X,X,X,X,No,Yes,No,,,
3755,FALSE,Frontier Factory: Remanufactured,Freen in Green,2011,Jun 28 2012,Prog,M,Adlib,RBN2,♥♥♥♥♥   4,♥♥♥♥♥   1,♥♥♥♥♥   4,♥♥♥♥♥   0,♥♥♥♥♥   0,♥♥♥♥♥   2,3,X,X,No,Yes,No,,,
3756,FALSE,I Like Trains,Lil Deuce Deuce,2011,Jun 28 2012,Reggae/Ska,M,English,RBN2,♥♥♥♥♥   3,♥♥♥♥♥   3,♥♥♥♥♥   3,♥♥♥♥♥   3,♥♥♥♥♥   3,♥♥♥♥♥   3,3,X,X,No,Yes,No,,,
3757,FALSE,O-Ren,SIMPL3JACK,2011,Jun 28 2012,Punk,M,English,RBN2,♥♥♥♥♥   1,♥♥♥♥♥   1,♥♥♥♥♥   3,X,X,♥♥♥♥♥   1,3,X,X,No,Xbox Only,No,,,
3758,FALSE,Political Bum,Psychostick,2011,Jun 28 2012,Metal,M,English,RBN2,♥♥♥♥♥   5,♥♥♥♥♥   4,♥♥♥♥♥   3,X,X,♥♥♥♥♥   0,2,X,X,No,Yes,No,,,
3759,FALSE,Say Sayonara (English version),JOANovARC,2012,Jun 28 2012,Pop-Rock,F,English,RBN2,♥♥♥♥♥   4,♥♥♥♥♥   3,♥♥♥♥♥   5,X,X,♥♥♥♥♥   2,3,X,X,No,Xbox Only,No,,,
3760,FALSE,Say Sayonara (Japanese version),JOANovARC,2012,Jun 28 2012,Pop-Rock,F,English/Japanese,RBN2,♥♥♥♥♥   4,♥♥♥♥♥   3,♥♥♥♥♥   5,X,X,♥♥♥♥♥   2,3,X,X,No,Yes,No,,,
3761,FALSE,Wasted,Fail Emotions,2010,Jun 28 2012,Metal,M,English,RBN2,♥♥♥♥♥   3,♥♥♥♥♥   2,♥♥♥♥♥   4,♥♥♥♥♥   6,♥♥♥♥♥   6,♥♥♥♥♥   3,3,X,X,No,Yes,No,,2x Drums Available (not in PS3 though),
3762,FALSE,A Death,An Unkindness,2010,Jul 5 2012,Alternative,M,English,RBN2,♥♥♥♥♥   2,♥♥♥♥♥   2,♥♥♥♥♥   3,♥♥♥♥♥   3,♥♥♥♥♥   4,♥♥♥♥♥   2,3,X,X,No,Yes,No,,,
3763,FALSE,Alone at Home,Jonathan Coulton,2011,Jul 5 2012,Rock,M,English,RBN2,♥♥♥♥♥   4,♥♥♥♥♥   1,♥♥♥♥♥   4,X,X,♥♥♥♥♥   2,3,X,X,No,Yes,No,,,
3764,FALSE,The Border,The Giraffes,2011,Jul 5 2012,Rock,M,English,RBN2,♥♥♥♥♥   5,♥♥♥♥♥   4,♥♥♥♥♥   6,X,X,♥♥♥♥♥   2,3,X,X,No,Xbox Only,No,,,
3765,FALSE,Discord (The Living Tombstone Remix),Eurobeat Brony,2012,Jul 5 2012,Pop/Dance/Electronic,M,English,RBN2,♥♥♥♥♥   1,♥♥♥♥♥   1,♥♥♥♥♥   0,♥♥♥♥♥   1,♥♥♥♥♥   2,♥♥♥♥♥   5,3,X,X,No,Yes,No,,,
3766,FALSE,In the Wake of Evolution,Kaipa,2010,Jul 5 2012,Prog,F,English,RBN2,♥♥♥♥♥   5,♥♥♥♥♥   4,♥♥♥♥♥   6,♥♥♥♥♥   5,♥♥♥♥♥   6,♥♥♥♥♥   6,3,X,X,No,Yes,No,,,
3767,FALSE,Rebirth,All Shall Perish,2011,Jul 5 2012,Metal,M,English,RBN2,♥♥♥♥♥   6,♥♥♥♥♥   4,♥♥♥♥♥   6,X,X,♥♥♥♥♥   0,2,X,X,No,Xbox Only,No,,2x Drums Available,
3768,FALSE,Whole Lotta Shakin' Goin' On,Jerry Naylor,2005,Jul 5 2012,Rock,M,English,RBN2,♥♥♥♥♥   3,♥♥♥♥♥   2,♥♥♥♥♥   3,♥♥♥♥♥   3,♥♥♥♥♥   4,♥♥♥♥♥   3,X,X,X,No,Yes,No,,,
3769,FALSE,Wolves,Brand New Analogues,2012,Jul 5 2012,Rock,M,English,RBN2,♥♥♥♥♥   2,♥♥♥♥♥   3,♥♥♥♥♥   2,X,X,♥♥♥♥♥   1,2,X,X,No,Xbox Only,No,,,
3770,FALSE,Words Cannot Express,An Unkindness,2010,Jul 5 2012,Alternative,M,English,RBN2,X,X,X,♥♥♥♥♥   1,♥♥♥♥♥   1,♥♥♥♥♥   2,X,X,X,No,Xbox Only,No,,,
3771,FALSE,Evolutionary Sleeper,Cynic,2008,Jul 12 2012,Metal,M,English,RBN2,♥♥♥♥♥   5,♥♥♥♥♥   4,♥♥♥♥♥   5,X,X,♥♥♥♥♥   3,3,X,X,No,Yes,No,,2x Drums Available (not in PS3 though),
3772,FALSE,Faster Than a Bullet,Zing Experience,2011,Jul 12 2012,Other,M,English,RBN2,♥♥♥♥♥   2,X,X,X,X,♥♥♥♥♥   1,X,X,X,No,Xbox Only,No,,,
3773,FALSE,L'alfabeto,Simone Bacchini,2009,Jul 12 2012,Pop-Rock,M,Italian,RBN2,♥♥♥♥♥   2,♥♥♥♥♥   0,♥♥♥♥♥   5,♥♥♥♥♥   2,♥♥♥♥♥   2,♥♥♥♥♥   3,3,X,X,No,Xbox Only,No,,,
3774,FALSE,Moments of Clarity,Children of Nova,2012,Jul 12 2012,Prog,M,English,RBN2,♥♥♥♥♥   5,♥♥♥♥♥   4,♥♥♥♥♥   6,♥♥♥♥♥   0,♥♥♥♥♥   0,♥♥♥♥♥   4,2,X,X,No,Yes,No,,,
3775,FALSE,Radiant Light,Free Spirit,2009,Jul 12 2012,Rock,M,English,RBN2,♥♥♥♥♥   4,♥♥♥♥♥   1,♥♥♥♥♥   3,♥♥♥♥♥   0,♥♥♥♥♥   0,♥♥♥♥♥   3,3,X,X,No,Yes,No,,,
3776,FALSE,Subterfuge,Terrorizer,2012,Jul 12 2012,Metal,M,English,RBN2,♥♥♥♥♥   6,♥♥♥♥♥   4,♥♥♥♥♥   6,X,X,♥♥♥♥♥   0,2,X,X,No,Xbox Only,No,,,
3777,FALSE,Tear My Heart In Two,Daryle Stephen Ackerman,2006,Jul 12 2012,Pop-Rock,M,English,RBN2,♥♥♥♥♥   2,♥♥♥♥♥   0,♥♥♥♥♥   3,♥♥♥♥♥   3,♥♥♥♥♥   4,♥♥♥♥♥   1,X,X,X,No,Xbox Only,No,,,
3778,FALSE,Episodes,Dante's Dream,2009,Jul 19 2012,Rock,M,English,RBN2,♥♥♥♥♥   3,♥♥♥♥♥   1,♥♥♥♥♥   3,♥♥♥♥♥   4,♥♥♥♥♥   5,♥♥♥♥♥   4,3,X,X,No,Xbox Only,No,,,
3779,FALSE,Lady Luck,Hillcrest,2011,Jul 19 2012,Punk,M,English,RBN2,♥♥♥♥♥   4,♥♥♥♥♥   3,♥♥♥♥♥   4,X,X,♥♥♥♥♥   1,3,X,X,No,Xbox Only,No,,,
3780,FALSE,The Duel,Not Above Evil,2011,Jul 19 2012,Metal,M,English,RBN2,♥♥♥♥♥   6,♥♥♥♥♥   6,♥♥♥♥♥   4,X,X,♥♥♥♥♥   0,2,X,X,No,Xbox Only,No,,2x Drums Available,
3781,FALSE,These Days,Astra Kelly,2011,Jul 19 2012,Pop-Rock,F,English,RBN2,♥♥♥♥♥   2,♥♥♥♥♥   2,♥♥♥♥♥   3,♥♥♥♥♥   3,♥♥♥♥♥   3,♥♥♥♥♥   2,3,X,X,No,Yes,No,,,
3782,FALSE,Walk of Shame,My Ruin,2011,Jul 19 2012,Metal,F,English,RBN2,♥♥♥♥♥   5,♥♥♥♥♥   3,♥♥♥♥♥   2,X,X,♥♥♥♥♥   0,2,X,X,No,Xbox Only,No,,,
3783,FALSE,Angeles,Merlot,2011,Jul 26 2012,Rock,M,Spanish,RBN2,♥♥♥♥♥   1,♥♥♥♥♥   1,♥♥♥♥♥   1,♥♥♥♥♥   1,♥♥♥♥♥   1,♥♥♥♥♥   2,2,X,X,No,Xbox Only,No,,,
3784,FALSE,Everything I Hate About Myself,Death of the Cool,2010,Jul 26 2012,Rock,M,English,RBN2,♥♥♥♥♥   4,♥♥♥♥♥   4,♥♥♥♥♥   4,♥♥♥♥♥   2,♥♥♥♥♥   2,♥♥♥♥♥   3,2,X,X,No,Yes,No,,,
3785,FALSE,My Little Girl,Jerry Naylor,2012,Jul 26 2012,Rock,M,English,RBN2,♥♥♥♥♥   3,♥♥♥♥♥   2,♥♥♥♥♥   4,♥♥♥♥♥   3,♥♥♥♥♥   4,♥♥♥♥♥   3,2,X,X,No,Yes,No,,,
3786,FALSE,On Black Wings,Halcyon Way,2011,Jul 26 2012,Metal,M,English,RBN2,♥♥♥♥♥   5,♥♥♥♥♥   5,♥♥♥♥♥   5,♥♥♥♥♥   0,♥♥♥♥♥   0,♥♥♥♥♥   4,3,X,X,No,Yes,No,,2x Drums Available (not in PS3 though),
3787,FALSE,Say What You Want,Counterfeit Pennies,2010,Jul 26 2012,Punk,M,English,RBN2,♥♥♥♥♥   2,♥♥♥♥♥   1,♥♥♥♥♥   3,X,X,♥♥♥♥♥   2,3,X,X,No,Xbox Only,No,,,
3788,FALSE,Teardrops Fall Like Rain,Jerry Naylor,2012,Jul 26 2012,Rock,M,English,RBN2,♥♥♥♥♥   2,♥♥♥♥♥   2,♥♥♥♥♥   2,♥♥♥♥♥   2,♥♥♥♥♥   3,♥♥♥♥♥   3,3,X,X,No,Xbox Only,No,,,
3789,FALSE,To the Stage ,Asking Alexandria,2011,Jul 26 2012,Metal,M,English,RBN2,♥♥♥♥♥   4,♥♥♥♥♥   3,♥♥♥♥♥   5,♥♥♥♥♥   3,♥♥♥♥♥   1,♥♥♥♥♥   1,3,X,X,No,Yes,Yes,,2x Drums Available (not in PS3 though),
3790,FALSE,Blessed Night,Saint Vitus,2012,Aug 9 2012,Metal,M,English,RBN2,♥♥♥♥♥   5,♥♥♥♥♥   3,♥♥♥♥♥   2,X,X,♥♥♥♥♥   1,X,X,X,No,Xbox Only,No,,,
3791,FALSE,From the Ground Up,Trial By Fire,2012,Aug 9 2012,Alternative,M,English,RBN2,♥♥♥♥♥   2,♥♥♥♥♥   1,♥♥♥♥♥   4,♥♥♥♥♥   2,♥♥♥♥♥   2,♥♥♥♥♥   2,3,X,X,No,Yes,No,,,
3792,FALSE,Our Finest Hour,Halcyon Way,2011,Aug 9 2012,Metal,M,English,RBN2,♥♥♥♥♥   6,♥♥♥♥♥   4,♥♥♥♥♥   5,♥♥♥♥♥   4,♥♥♥♥♥   4,♥♥♥♥♥   4,3,X,X,No,Yes,No,,2x Drums Available (not in PS3 though),
3793,FALSE,Wrong Side,Catsmelvin,2011,Aug 9 2012,Rock,M,English,RBN2,♥♥♥♥♥   3,♥♥♥♥♥   2,♥♥♥♥♥   3,X,X,♥♥♥♥♥   2,2,X,X,No,Xbox Only,No,,,
3794,FALSE,Hoy,Vargas,2011,Aug 16 2012,Jazz,M,Spanish,RBN2,♥♥♥♥♥   1,♥♥♥♥♥   2,♥♥♥♥♥   3,♥♥♥♥♥   5,♥♥♥♥♥   5,♥♥♥♥♥   3,3,X,X,No,Xbox Only,No,,,
3795,FALSE,Version 2,Yogurt With Sprinkles,2011,Aug 16 2012,Pop/Dance/Electronic,X,X,RBN2,♥♥♥♥♥   2,♥♥♥♥♥   1,♥♥♥♥♥   1,♥♥♥♥♥   4,♥♥♥♥♥   4,X,X,X,X,No,Xbox Only,No,,,
3796,FALSE,But Then I Fell in Love,Look Left,2012,Aug 23 2012,Rock,M,English,RBN2,♥♥♥♥♥   2,♥♥♥♥♥   2,♥♥♥♥♥   3,X,X,♥♥♥♥♥   4,3,X,X,No,Xbox Only,No,,,
3797,FALSE,Move Your Body,Eiffel 65,1999,Aug 23 2012,Pop/Dance/Electronic,M,English,RBN2,♥♥♥♥♥   1,♥♥♥♥♥   4,♥♥♥♥♥   2,♥♥♥♥♥   3,♥♥♥♥♥   3,♥♥♥♥♥   2,X,X,X,No,Yes,No,,,
3798,FALSE,Stop Staring,Leadership by Assault,2012,Aug 23 2012,Indie Rock,F,English,RBN2,♥♥♥♥♥   0,♥♥♥♥♥   0,♥♥♥♥♥   1,♥♥♥♥♥   0,♥♥♥♥♥   0,♥♥♥♥♥   1,X,X,X,No,Xbox Only,No,,,
3799,FALSE,The Restless Mind,Francisco Meza,2011,Aug 31 2012,Prog,X,X,RBN2,♥♥♥♥♥   5,♥♥♥♥♥   4,♥♥♥♥♥   4,X,X,X,X,X,X,No,Yes,No,,,
3800,FALSE,Dash,Bumblefoot,2008,Aug 31 2012,Rock,M,English,RBN2,♥♥♥♥♥   6,♥♥♥♥♥   3,♥♥♥♥♥   3,♥♥♥♥♥   2,♥♥♥♥♥   3,♥♥♥♥♥   4,X,X,X,No,Yes,No,,,
3801,FALSE,Let's Write a Song,Una Jensen,2012,Aug 31 2012,Pop-Rock,F,English,RBN2,♥♥♥♥♥   2,♥♥♥♥♥   1,♥♥♥♥♥   4,X,X,♥♥♥♥♥   3,3,X,X,No,Yes,No,,,
3802,FALSE,Livin' the Dream,Silent Theory,2011,Aug 31 2012,Rock,M,English,RBN2,♥♥♥♥♥   2,♥♥♥♥♥   0,♥♥♥♥♥   1,X,X,♥♥♥♥♥   1,X,X,X,No,Xbox Only,No,,,
3803,FALSE,Mind In Motion,Art Benson,2011,Aug 31 2012,Pop-Rock,M,English,RBN2,♥♥♥♥♥   2,♥♥♥♥♥   1,♥♥♥♥♥   2,♥♥♥♥♥   1,♥♥♥♥♥   1,♥♥♥♥♥   2,X,X,X,No,Xbox Only,No,,,
3804,FALSE,Ride,Fretless,2012,Aug 31 2012,Metal,M,English,RBN2,♥♥♥♥♥   4,♥♥♥♥♥   3,♥♥♥♥♥   4,♥♥♥♥♥   0,♥♥♥♥♥   1,♥♥♥♥♥   2,3,X,X,No,Xbox Only,No,,,
3805,FALSE,That'll Be the Day,Jerry Naylor,2012,Aug 31 2012,Rock,M,English,RBN2,♥♥♥♥♥   3,♥♥♥♥♥   1,♥♥♥♥♥   2,X,X,♥♥♥♥♥   3,3,X,X,No,Yes,No,,,
3806,FALSE,The Main Thing,Nathaniel Whitlock,2011,Aug 31 2012,Other,X,X,RBN2,♥♥♥♥♥   5,♥♥♥♥♥   2,♥♥♥♥♥   1,♥♥♥♥♥   0,♥♥♥♥♥   0,X,X,X,X,No,Xbox Only,No,,,
3807,FALSE,The Triangular Race Through Space,An Endless Sporadic,2009,Aug 31 2012,Prog,X,X,RBN2,♥♥♥♥♥   4,♥♥♥♥♥   5,♥♥♥♥♥   5,♥♥♥♥♥   4,♥♥♥♥♥   4,X,X,X,X,No,Yes,No,,2x Drums Available (not in PS3 though),
3808,FALSE,Deconsecrated,My Ruin,2011,Sep 13 2012,Metal,F,English,RBN2,♥♥♥♥♥   6,♥♥♥♥♥   4,♥♥♥♥♥   4,X,X,♥♥♥♥♥   0,2,X,X,No,Xbox Only,No,,,
3809,FALSE,Fight!,Mada,2010,Sep 13 2012,Pop/Dance/Electronic,X,X,RBN2,♥♥♥♥♥   3,♥♥♥♥♥   3,♥♥♥♥♥   6,♥♥♥♥♥   5,♥♥♥♥♥   6,X,X,X,X,No,Xbox Only,No,,,
3810,FALSE,Gambit,Zef,2012,Sep 13 2012,Pop/Dance/Electronic,X,X,RBN2,♥♥♥♥♥   6,♥♥♥♥♥   4,♥♥♥♥♥   4,♥♥♥♥♥   5,♥♥♥♥♥   5,X,X,X,X,No,Xbox Only,No,,,
3811,FALSE,Giant Bombstep: Reloaded,The Hamster Alliance (ft. The Giant Bomb Crew),2011,Sep 13 2012,Pop/Dance/Electronic,M,English,RBN2,♥♥♥♥♥   6,♥♥♥♥♥   3,♥♥♥♥♥   1,♥♥♥♥♥   1,♥♥♥♥♥   1,♥♥♥♥♥   0,3,X,X,No,Yes,No,,,
3812,FALSE,Higher,Tora,2012,Sep 13 2012,Pop/Dance/Electronic,F,English,RBN2,♥♥♥♥♥   1,♥♥♥♥♥   1,♥♥♥♥♥   4,♥♥♥♥♥   0,♥♥♥♥♥   0,♥♥♥♥♥   2,3,X,X,No,Xbox Only,No,,,
3813,FALSE,Nube,Okills,2011,Sep 13 2012,Rock,M,Spanish,RBN2,♥♥♥♥♥   2,♥♥♥♥♥   1,♥♥♥♥♥   4,♥♥♥♥♥   2,♥♥♥♥♥   2,♥♥♥♥♥   1,2,X,X,No,Xbox Only,No,,,
3814,FALSE,Sticks & Bricks,A Day to Remember,2010,Sep 13 2012,Punk,M,English,RBN2,♥♥♥♥♥   3,♥♥♥♥♥   3,♥♥♥♥♥   4,♥♥♥♥♥   0,♥♥♥♥♥   0,♥♥♥♥♥   3,3,X,X,No,Yes,Yes,,,
3815,FALSE,Supertronic Lazering,Active Knowledge,2010,Sep 13 2012,Pop/Dance/Electronic,X,X,RBN2,♥♥♥♥♥   3,♥♥♥♥♥   0,♥♥♥♥♥   5,♥♥♥♥♥   4,♥♥♥♥♥   4,X,X,X,X,No,Xbox Only,No,,,
3816,FALSE,There is Nothing Left,All Shall Perish,2011,Sep 13 2012,Metal,M,English,RBN2,♥♥♥♥♥   6,♥♥♥♥♥   4,♥♥♥♥♥   6,X,X,♥♥♥♥♥   0,3,X,X,No,Xbox Only,No,,2x Drums Available,
3817,FALSE,Things That Make You Scream,Memory of a Melody,2011,Sep 13 2012,Rock,M,English,RBN2,♥♥♥♥♥   4,♥♥♥♥♥   2,♥♥♥♥♥   3,X,X,♥♥♥♥♥   3,2,X,X,No,Yes,No,,,
3818,FALSE,Under a Raging Moon,John Parr,2011,Sep 13 2012,Classic Rock,M,English,RBN2,♥♥♥♥♥   3,♥♥♥♥♥   2,♥♥♥♥♥   5,♥♥♥♥♥   4,♥♥♥♥♥   4,♥♥♥♥♥   4,3,X,X,No,Yes,No,,,
3819,FALSE,Would I Were,Husky in Denial,2011,Sep 13 2012,Alternative,M,English,RBN2,♥♥♥♥♥   2,♥♥♥♥♥   3,♥♥♥♥♥   5,♥♥♥♥♥   3,♥♥♥♥♥   3,♥♥♥♥♥   2,3,X,X,No,Xbox Only,No,,,
3820,FALSE,Back to You,Mikel James,2011,Sep 18 2012,Pop-Rock,M,English,RBN2,♥♥♥♥♥   3,♥♥♥♥♥   2,♥♥♥♥♥   5,♥♥♥♥♥   3,♥♥♥♥♥   3,♥♥♥♥♥   3,3,X,X,No,Xbox Only,No,,,
3821,FALSE,Cold Kiss,Amberian Dawn,2012,Sep 18 2012,Metal,F,English,RBN2,♥♥♥♥♥   4,♥♥♥♥♥   3,♥♥♥♥♥   4,♥♥♥♥♥   5,♥♥♥♥♥   5,♥♥♥♥♥   3,3,X,X,No,Yes,No,,,
3822,FALSE,Like Never Before,Astra Kelly,2011,Sep 18 2012,Pop-Rock,F,English,RBN2,♥♥♥♥♥   2,♥♥♥♥♥   0,♥♥♥♥♥   3,X,X,♥♥♥♥♥   4,3,X,X,No,Xbox Only,No,,,
3823,FALSE,Phantasmal Cruise,Shylo Elliott,2010,Sep 18 2012,Prog,X,X,RBN2,♥♥♥♥♥   0,♥♥♥♥♥   6,♥♥♥♥♥   5,♥♥♥♥♥   6,♥♥♥♥♥   6,X,X,X,X,No,Xbox Only,No,,2x Drums Available,
3824,FALSE,Closer,Strikken,2011,Sep 20 2012,Metal,M,English,RBN2,♥♥♥♥♥   4,♥♥♥♥♥   2,♥♥♥♥♥   4,X,X,♥♥♥♥♥   3,3,X,X,No,Xbox Only,No,,2x Drums Available,
3825,FALSE,Doesn't Count,A Life Divided,2011,Sep 20 2012,Rock,M,English,RBN2,♥♥♥♥♥   2,♥♥♥♥♥   1,♥♥♥♥♥   3,♥♥♥♥♥   2,♥♥♥♥♥   2,♥♥♥♥♥   3,3,X,X,No,Xbox Only,No,,,
3826,FALSE,I Believe It,Flatfoot 56,2012,Sep 20 2012,Punk,M,English,RBN2,♥♥♥♥♥   3,♥♥♥♥♥   2,♥♥♥♥♥   4,♥♥♥♥♥   2,♥♥♥♥♥   2,♥♥♥♥♥   2,3,X,X,No,Xbox Only,No,,,
3827,FALSE,Majesty,Ava Inferi,2011,Sep 20 2012,Metal,F,English,RBN2,♥♥♥♥♥   4,♥♥♥♥♥   3,♥♥♥♥♥   5,X,X,♥♥♥♥♥   5,3,X,X,No,Yes,No,,,
3828,FALSE,Phoenix Down,The Unguided,2011,Sep 20 2012,Metal,M,English,RBN2,♥♥♥♥♥   5,♥♥♥♥♥   2,♥♥♥♥♥   4,♥♥♥♥♥   3,♥♥♥♥♥   3,♥♥♥♥♥   3,3,X,X,No,Xbox Only,No,,,
3829,FALSE,Resolute,Soma Dark,2011,Sep 20 2012,Metal,M,English,RBN2,♥♥♥♥♥   4,♥♥♥♥♥   3,♥♥♥♥♥   3,X,X,♥♥♥♥♥   1,2,X,X,No,Xbox Only,No,,2x Drums Available,
3830,FALSE,Things I'll Just Pretend,Edenshade,2011,Sep 20 2012,Metal,M,English,RBN2,♥♥♥♥♥   6,♥♥♥♥♥   3,♥♥♥♥♥   5,♥♥♥♥♥   0,♥♥♥♥♥   0,♥♥♥♥♥   3,3,X,X,No,Xbox Only,No,,2x Drums Available,
3831,FALSE,77345_018,The Minotaur Project,2011,Sep 27 2012,Metal,X,X,RBN2,♥♥♥♥♥   5,♥♥♥♥♥   6,♥♥♥♥♥   6,♥♥♥♥♥   6,♥♥♥♥♥   6,X,X,X,X,No,Yes,No,,2x Drums Available (not in PS3 though),
3832,FALSE,Acvodad,Tobey McTired,2012,Sep 27 2012,Novelty,M,English,RBN2,♥♥♥♥♥   3,♥♥♥♥♥   2,♥♥♥♥♥   4,♥♥♥♥♥   0,♥♥♥♥♥   0,♥♥♥♥♥   0,3,X,X,No,Xbox Only,No,,,
3833,FALSE,Baby,Carousel Kings,2012,Sep 27 2012,Punk,M,English,RBN2,♥♥♥♥♥   4,♥♥♥♥♥   2,♥♥♥♥♥   4,X,X,♥♥♥♥♥   2,3,X,X,No,Xbox Only,No,,,
3834,FALSE,Chaos of Forms,Revocation,2011,Sep 27 2012,Metal,M,English,RBN2,♥♥♥♥♥   6,♥♥♥♥♥   5,♥♥♥♥♥   6,♥♥♥♥♥   0,♥♥♥♥♥   0,♥♥♥♥♥   0,3,X,X,No,Xbox Only,No,,2x Drums Available,
3835,FALSE,Drained,Vangough,2011,Sep 27 2012,Prog,M,English,RBN2,♥♥♥♥♥   4,♥♥♥♥♥   3,♥♥♥♥♥   4,♥♥♥♥♥   3,♥♥♥♥♥   3,♥♥♥♥♥   3,3,X,X,No,Xbox Only,No,,2x Drums Available,
3836,FALSE,Fragments,An Unkindness,2010,Sep 27 2012,Alternative,M,English,RBN2,♥♥♥♥♥   3,♥♥♥♥♥   3,♥♥♥♥♥   3,♥♥♥♥♥   5,♥♥♥♥♥   5,♥♥♥♥♥   3,3,X,X,No,Yes,No,,,
3837,FALSE,Hate Turns Black,Nightrage,2011,Sep 27 2012,Metal,M,English,RBN2,♥♥♥♥♥   5,♥♥♥♥♥   3,♥♥♥♥♥   5,X,X,♥♥♥♥♥   0,2,X,X,No,Xbox Only,No,,2x Drums Available,
3838,FALSE,Keep on Running from My Love,Danny and the Lost Souls,2011,Sep 27 2012,R&B/Soul/Funk,M,English,RBN2,♥♥♥♥♥   2,♥♥♥♥♥   2,♥♥♥♥♥   1,♥♥♥♥♥   3,♥♥♥♥♥   5,♥♥♥♥♥   4,2,X,X,No,Yes,No,,,
3839,FALSE,Keepers of the Faith,Terror,2010,Sep 27 2012,Punk,M,English,RBN2,♥♥♥♥♥   3,♥♥♥♥♥   2,♥♥♥♥♥   4,X,X,♥♥♥♥♥   0,3,X,X,No,Xbox Only,No,,,
3840,FALSE,Legacy of Blood,Internal Corrosion,2011,Sep 27 2012,Metal,M,English,RBN2,♥♥♥♥♥   6,♥♥♥♥♥   4,♥♥♥♥♥   6,X,X,♥♥♥♥♥   2,2,X,X,No,Xbox Only,No,,,
3841,FALSE,One By One,Buried in Black,2012,Sep 27 2012,Metal,M,English,RBN2,♥♥♥♥♥   5,♥♥♥♥♥   3,♥♥♥♥♥   5,X,X,♥♥♥♥♥   0,2,X,X,No,Xbox Only,No,,2x Drums Available,
3842,FALSE,Re-Live,Strikken,2011,Sep 27 2012,Metal,M,English,RBN2,♥♥♥♥♥   5,♥♥♥♥♥   3,♥♥♥♥♥   6,X,X,♥♥♥♥♥   4,3,X,X,No,Xbox Only,No,,2x Drums Available,
3843,FALSE,Redeemer,War of Ages,2011,Sep 27 2012,Metal,M,English,RBN2,♥♥♥♥♥   5,♥♥♥♥♥   2,♥♥♥♥♥   5,♥♥♥♥♥   0,♥♥♥♥♥   0,♥♥♥♥♥   2,3,X,X,No,Xbox Only,No,,2x Drums Available,
3844,FALSE,Robots,Sweethammer,2011,Sep 27 2012,Pop/Dance/Electronic,X,X,RBN2,♥♥♥♥♥   6,♥♥♥♥♥   6,♥♥♥♥♥   6,♥♥♥♥♥   6,♥♥♥♥♥   6,X,X,X,X,No,Yes,No,,,
3845,FALSE,Who Am I?,MANNA,2011,Sep 27 2012,Rock,M,English,RBN2,♥♥♥♥♥   2,♥♥♥♥♥   1,♥♥♥♥♥   3,♥♥♥♥♥   0,♥♥♥♥♥   0,♥♥♥♥♥   2,2,X,X,No,Xbox Only,No,,,
3846,FALSE,"You, Me, & the Boatman",Quiet Company,2011,Sep 27 2012,Indie Rock,M,English,RBN2,♥♥♥♥♥   3,♥♥♥♥♥   3,♥♥♥♥♥   4,♥♥♥♥♥   3,♥♥♥♥♥   3,♥♥♥♥♥   4,3,X,X,No,Yes,No,,,
3847,FALSE,Godhead,Onslaught,2011,Oct 4 2012,Metal,M,English,RBN2,♥♥♥♥♥   6,♥♥♥♥♥   5,♥♥♥♥♥   6,X,X,♥♥♥♥♥   1,2,X,X,No,Xbox Only,No,,,
3848,FALSE,I Can Swing My Sword (ft. Terabrite),Toby Turner,2012,Oct 4 2012,Novelty,M,English,RBN2,♥♥♥♥♥   0,♥♥♥♥♥   0,♥♥♥♥♥   0,X,X,♥♥♥♥♥   1,3,X,X,No,Yes,No,,,
3849,FALSE,Rampage of Kronos,The Minotaur Project,2012,Oct 4 2012,Metal,X,X,RBN2,♥♥♥♥♥   5,♥♥♥♥♥   5,♥♥♥♥♥   6,♥♥♥♥♥   6,♥♥♥♥♥   6,X,X,X,X,No,Yes,No,,2x Drums Available (not in PS3 though),
3850,FALSE,Cross Over Attack,Emmure,2012,Oct 11 2012,Metal,M,English,RBN2,♥♥♥♥♥   4,♥♥♥♥♥   3,♥♥♥♥♥   5,X,X,♥♥♥♥♥   0,3,X,X,No,Yes,No,,,
3851,FALSE,How Do You Do It?,Quiet Company,2010,Oct 11 2012,Indie Rock,M,English,RBN2,♥♥♥♥♥   3,♥♥♥♥♥   1,♥♥♥♥♥   3,♥♥♥♥♥   1,♥♥♥♥♥   1,♥♥♥♥♥   4,3,X,X,No,Yes,No,,,
3852,FALSE,Lonely,The Bunny the Bear,2012,Oct 11 2012,Metal,M,English,RBN2,♥♥♥♥♥   4,♥♥♥♥♥   4,♥♥♥♥♥   4,♥♥♥♥♥   4,♥♥♥♥♥   4,♥♥♥♥♥   3,3,X,X,No,Yes,No,,,
3853,FALSE,Para Ti,Sin Dirección,2010,Oct 11 2012,Rock,M,Spanish,RBN2,♥♥♥♥♥   3,♥♥♥♥♥   2,♥♥♥♥♥   3,♥♥♥♥♥   1,♥♥♥♥♥   1,♥♥♥♥♥   2,3,X,X,No,Xbox Only,No,,,
3854,FALSE,Stop This (NOW!),Tub Ring,2010,Oct 11 2012,Rock,M,English,RBN2,♥♥♥♥♥   3,♥♥♥♥♥   3,♥♥♥♥♥   3,♥♥♥♥♥   3,♥♥♥♥♥   3,♥♥♥♥♥   4,3,X,X,No,Xbox Only,No,,,
3855,FALSE,All Bodies,Between the Buried and Me,2005,Oct 18 2012,Metal,M,English,RBN2,♥♥♥♥♥   6,♥♥♥♥♥   5,♥♥♥♥♥   6,♥♥♥♥♥   3,♥♥♥♥♥   3,♥♥♥♥♥   0,3,X,X,No,Yes,Yes,,2x Drums Available (not in PS3 though),
3856,FALSE,Carny Asada,SIMPL3JACK,2011,Oct 18 2012,Punk,M,English,RBN2,♥♥♥♥♥   3,♥♥♥♥♥   3,♥♥♥♥♥   3,♥♥♥♥♥   0,♥♥♥♥♥   0,♥♥♥♥♥   2,3,X,X,No,Xbox Only,No,,,
3857,FALSE,The Distance,Drugstore Fanatics,2009,Oct 18 2012,Alternative,M,English,RBN2,♥♥♥♥♥   2,♥♥♥♥♥   2,♥♥♥♥♥   3,♥♥♥♥♥   2,♥♥♥♥♥   2,♥♥♥♥♥   2,3,X,X,No,Yes,No,,,
3858,FALSE,Turn Back Time (Rock Band Edition),Escape The Day,2012,Oct 18 2012,Metal,M,English,RBN2,♥♥♥♥♥   2,♥♥♥♥♥   2,♥♥♥♥♥   4,♥♥♥♥♥   4,♥♥♥♥♥   6,♥♥♥♥♥   4,3,X,X,No,Xbox Only,No,,2x Drums Available,
3859,FALSE,This War Will Never Start,Steve Pardo,2010,Oct 24 2012,Indie Rock,M,English,RBN2,♥♥♥♥♥   4,♥♥♥♥♥   1,♥♥♥♥♥   0,X,X,♥♥♥♥♥   4,2,X,X,No,Yes,No,,,
3860,FALSE,EsCupido,Sincrónica,2011,Oct 25 2012,Rock,M,Spanish,RBN2,♥♥♥♥♥   3,♥♥♥♥♥   3,♥♥♥♥♥   4,X,X,♥♥♥♥♥   2,3,X,X,No,Xbox Only,No,,,
3861,FALSE,Monday Night Football,John Parr,2012,Oct 25 2012,Rock,M,English,RBN2,♥♥♥♥♥   3,♥♥♥♥♥   3,♥♥♥♥♥   0,X,X,♥♥♥♥♥   3,3,X,X,No,Yes,No,,,
3862,FALSE,Angels and Demons,Melissa Otero,2012,Nov 1 2012,Pop-Rock,F,English,RBN2,♥♥♥♥♥   2,♥♥♥♥♥   0,♥♥♥♥♥   1,♥♥♥♥♥   3,♥♥♥♥♥   4,♥♥♥♥♥   2,3,X,X,No,Yes,No,,,
3863,FALSE,Dilated Disappointment,Wretched,2012,Nov 1 2012,Metal,M,English,RBN2,♥♥♥♥♥   6,♥♥♥♥♥   5,♥♥♥♥♥   6,X,X,♥♥♥♥♥   0,3,X,X,No,Xbox Only,No,,,
3864,FALSE,Don't Tell Me What to Dream,God Forbid,2012,Nov 1 2012,Metal,M,English,RBN2,♥♥♥♥♥   5,♥♥♥♥♥   5,♥♥♥♥♥   6,♥♥♥♥♥   0,♥♥♥♥♥   0,♥♥♥♥♥   0,2,X,X,No,Yes,No,,,
3865,FALSE,Let the Blood Spill Between My Broken Teeth,Benighted,2011,Nov 1 2012,Metal,M,English,RBN2,♥♥♥♥♥   6,♥♥♥♥♥   4,♥♥♥♥♥   6,X,X,♥♥♥♥♥   0,2,X,X,No,Xbox Only,No,,,
3866,FALSE,Werewolf Grandma With Knives (Part Two: Don't Die),Giraffes? Giraffes!,2011,Nov 1 2012,Indie Rock,X,X,RBN2,♥♥♥♥♥   6,♥♥♥♥♥   1,♥♥♥♥♥   6,X,X,X,X,X,X,No,Yes,No,,,
3867,FALSE,Absolution,One Year Later,2012,Nov 8 2012,Metal,M,English,RBN2,♥♥♥♥♥   3,♥♥♥♥♥   3,♥♥♥♥♥   5,♥♥♥♥♥   4,♥♥♥♥♥   4,♥♥♥♥♥   3,3,X,X,No,Xbox Only,No,,2x Drums Available,
3868,FALSE,Kid's Gonna Rock,The Stanleys,2011,Nov 8 2012,Pop-Rock,M,English,RBN2,♥♥♥♥♥   3,♥♥♥♥♥   2,♥♥♥♥♥   3,X,X,♥♥♥♥♥   2,3,X,X,No,Xbox Only,No,,,
3869,FALSE,Ode to Stove,DRUOX,2010,Nov 8 2012,Rock,M,English,RBN2,♥♥♥♥♥   5,♥♥♥♥♥   2,♥♥♥♥♥   6,X,X,♥♥♥♥♥   2,3,X,X,No,Xbox Only,No,,,
3870,FALSE,Sham Piety,Nightrage,2011,Nov 8 2012,Metal,M,English,RBN2,♥♥♥♥♥   6,♥♥♥♥♥   1,♥♥♥♥♥   5,♥♥♥♥♥   0,♥♥♥♥♥   1,♥♥♥♥♥   0,2,X,X,No,Xbox Only,No,,2x Drums Available,
3871,FALSE,Shattered Satellites and Brutal Gods,The Minotaur Project,2011,Nov 8 2012,Metal,X,X,RBN2,♥♥♥♥♥   3,♥♥♥♥♥   3,♥♥♥♥♥   6,♥♥♥♥♥   3,♥♥♥♥♥   4,X,X,X,X,No,Yes,No,,2x Drums Available (not in PS3 though),
3872,FALSE,Black Rose,Icon & the Black Roses,2004,Nov 15 2012,Alternative,M,English,RBN2,♥♥♥♥♥   3,♥♥♥♥♥   0,♥♥♥♥♥   3,♥♥♥♥♥   3,♥♥♥♥♥   3,♥♥♥♥♥   3,3,X,X,No,Yes,No,,,
3873,FALSE,Gold Teeth on a Bum,The Dillinger Escape Plan,2010,Nov 15 2012,Metal,M,English,RBN2,♥♥♥♥♥   5,♥♥♥♥♥   4,♥♥♥♥♥   6,♥♥♥♥♥   0,♥♥♥♥♥   1,♥♥♥♥♥   3,3,X,X,No,Yes,No,,2x Drums Available (not in PS3 though),
3874,FALSE,No Surrender,Taproot,2012,Nov 15 2012,Rock,M,English,RBN2,♥♥♥♥♥   4,♥♥♥♥♥   3,♥♥♥♥♥   4,♥♥♥♥♥   0,♥♥♥♥♥   0,♥♥♥♥♥   4,3,X,X,No,Yes,No,,,
3875,FALSE,St. Elmo's Fire (Man in Motion),John Parr,1985,Nov 15 2012,Classic Rock,M,English,RBN2,♥♥♥♥♥   1,♥♥♥♥♥   4,♥♥♥♥♥   3,♥♥♥♥♥   3,♥♥♥♥♥   3,♥♥♥♥♥   4,3,X,X,No,Yes,No,,,
3876,FALSE,Tim Tebow's Fire,John Parr,2012,Nov 15 2012,Rock,M,English,RBN2,♥♥♥♥♥   1,♥♥♥♥♥   4,♥♥♥♥♥   3,♥♥♥♥♥   3,♥♥♥♥♥   3,♥♥♥♥♥   4,3,X,X,No,Xbox Only,No,,,
3877,FALSE,A Single Drop of Red (The Gentleman),Anarchy Club,2007,Nov 29 2012,Metal,M,English,RBN2,♥♥♥♥♥   1,♥♥♥♥♥   1,♥♥♥♥♥   1,♥♥♥♥♥   0,♥♥♥♥♥   0,♥♥♥♥♥   2,2,X,X,No,Yes,No,,,
3878,FALSE,Charnel's Ball,Amberian Dawn,2012,Nov 29 2012,Metal,F,English,RBN2,♥♥♥♥♥   5,♥♥♥♥♥   3,♥♥♥♥♥   4,♥♥♥♥♥   2,♥♥♥♥♥   3,♥♥♥♥♥   2,3,X,X,No,Yes,No,,,
3879,FALSE,Crusader,AFD Shift,2007,Nov 29 2012,Hip-Hop/Rap,M,English,RBN2,♥♥♥♥♥   3,♥♥♥♥♥   3,♥♥♥♥♥   3,♥♥♥♥♥   3,♥♥♥♥♥   3,♥♥♥♥♥   1,3,X,X,No,Xbox Only,No,,,
3880,FALSE,Gemini,Brian Kahanek,2004,Nov 29 2012,Blues,X,X,RBN2,♥♥♥♥♥   6,♥♥♥♥♥   5,♥♥♥♥♥   4,X,X,X,X,X,X,No,Yes,No,,,
3881,FALSE,Lars Attacks!,MC Lars,2011,Nov 29 2012,Hip-Hop/Rap,M,English,RBN2,♥♥♥♥♥   1,♥♥♥♥♥   0,♥♥♥♥♥   3,♥♥♥♥♥   2,♥♥♥♥♥   2,♥♥♥♥♥   0,2,X,X,No,Xbox Only,No,,,
3882,FALSE,Mannequin,Dance for the Dying,2012,Nov 29 2012,Pop-Rock,F,English,RBN2,♥♥♥♥♥   2,♥♥♥♥♥   2,♥♥♥♥♥   3,♥♥♥♥♥   0,♥♥♥♥♥   0,♥♥♥♥♥   2,2,X,X,No,Yes,No,,,
3883,FALSE,Mary,The Lora G Band,2012,Nov 29 2012,Rock,F,English,RBN2,♥♥♥♥♥   3,♥♥♥♥♥   3,♥♥♥♥♥   2,♥♥♥♥♥   0,♥♥♥♥♥   0,♥♥♥♥♥   3,3,X,X,No,Xbox Only,No,,,
3884,FALSE,Naughty Naughty,John Parr,1984,Nov 29 2012,Pop-Rock,M,English,RBN2,♥♥♥♥♥   1,♥♥♥♥♥   3,♥♥♥♥♥   2,♥♥♥♥♥   3,♥♥♥♥♥   4,♥♥♥♥♥   3,3,X,X,No,Yes,No,,,
3885,FALSE,People of the Deer,The Trews,2011,Nov 29 2012,Rock,M,English,RBN2,♥♥♥♥♥   4,♥♥♥♥♥   4,♥♥♥♥♥   4,X,X,♥♥♥♥♥   4,3,X,X,No,Yes,No,,,
3886,FALSE,Protoman,Emmure,2012,Nov 29 2012,Metal,M,English,RBN2,♥♥♥♥♥   5,♥♥♥♥♥   5,♥♥♥♥♥   5,X,X,♥♥♥♥♥   0,3,X,X,No,Xbox Only,No,,,
3887,FALSE,Rehén,Enemigo,2012,Nov 29 2012,Rock,M,Spanish,RBN2,♥♥♥♥♥   3,♥♥♥♥♥   2,♥♥♥♥♥   2,X,X,♥♥♥♥♥   3,3,X,X,No,Xbox Only,No,,,
3888,FALSE,Rock the Halls,Richard Campbell,2008,Nov 29 2012,Rock,X,X,RBN2,♥♥♥♥♥   5,♥♥♥♥♥   4,♥♥♥♥♥   5,X,X,X,X,X,X,No,Yes,No,,,
3889,FALSE,The Christmas Song (Live),Distant Autumn,2011,Nov 29 2012,Rock,M,English,RBN2,♥♥♥♥♥   1,♥♥♥♥♥   1,♥♥♥♥♥   1,♥♥♥♥♥   1,♥♥♥♥♥   1,♥♥♥♥♥   1,3,X,X,No,Xbox Only,No,,,
3890,FALSE,Battle of Egos Part II,Winter Crescent,2009,Dec 6 2012,Metal,M,English,RBN2,♥♥♥♥♥   5,♥♥♥♥♥   6,♥♥♥♥♥   6,X,X,♥♥♥♥♥   3,2,X,X,No,Xbox Only,No,,2x Drums Available,
3891,FALSE,Circus,IDLEMINE,2011,Dec 6 2012,Rock,X,X,RBN2,♥♥♥♥♥   4,♥♥♥♥♥   4,♥♥♥♥♥   5,X,X,X,X,X,X,No,Xbox Only,No,,,
3892,FALSE,Dozing Green,Dir En Grey,2008,Dec 6 2012,Metal,M,English,RBN2,♥♥♥♥♥   5,♥♥♥♥♥   4,♥♥♥♥♥   5,♥♥♥♥♥   0,♥♥♥♥♥   1,♥♥♥♥♥   6,3,X,X,No,Yes,No,,,
3893,FALSE,Jasmin W. Knows How to Mosh,His Statue Falls,2010,Dec 6 2012,Metal,M,English,RBN2,♥♥♥♥♥   3,♥♥♥♥♥   2,♥♥♥♥♥   4,♥♥♥♥♥   4,♥♥♥♥♥   4,♥♥♥♥♥   2,3,X,X,No,Yes,No,,,
3894,FALSE,Leave It All Behind,Cult to Follow,2012,Dec 6 2012,Rock,M,English,RBN2,♥♥♥♥♥   4,♥♥♥♥♥   2,♥♥♥♥♥   2,♥♥♥♥♥   1,♥♥♥♥♥   1,♥♥♥♥♥   3,3,X,X,No,Xbox Only,No,,,
3895,FALSE,Superföhn Bananendate,We Butter the Bread with Butter,2010,Dec 6 2012,Metal,M,German,RBN2,♥♥♥♥♥   4,♥♥♥♥♥   2,♥♥♥♥♥   5,♥♥♥♥♥   2,♥♥♥♥♥   3,♥♥♥♥♥   0,2,X,X,No,Yes,No,,,
3896,FALSE,The City,The Giraffes,2011,Dec 6 2012,Rock,M,English,RBN2,♥♥♥♥♥   4,♥♥♥♥♥   3,♥♥♥♥♥   4,X,X,♥♥♥♥♥   2,3,X,X,No,Xbox Only,No,,,
3897,FALSE,The Singularity,Chaotrope,2012,Dec 6 2012,Metal,X,X,RBN2,♥♥♥♥♥   6,♥♥♥♥♥   6,♥♥♥♥♥   6,♥♥♥♥♥   6,♥♥♥♥♥   6,X,X,X,X,No,Xbox Only,No,,,
3898,FALSE,Last,Dante,2010,Dec 13 2012,Prog,M,English,RBN2,♥♥♥♥♥   6,♥♥♥♥♥   4,♥♥♥♥♥   5,♥♥♥♥♥   6,♥♥♥♥♥   6,♥♥♥♥♥   2,2,X,X,No,Xbox Only,No,,,
3899,FALSE,Shapeshifter,One Year Later,2012,Dec 13 2012,Metal,M,English,RBN2,♥♥♥♥♥   3,♥♥♥♥♥   3,♥♥♥♥♥   5,♥♥♥♥♥   2,♥♥♥♥♥   2,♥♥♥♥♥   2,3,X,X,No,Xbox Only,No,,2x Drums Available,
3900,FALSE,Splitting Time,Nuke Wrath Tech,2012,Dec 13 2012,Pop/Dance/Electronic,M,English,RBN2,♥♥♥♥♥   2,♥♥♥♥♥   2,♥♥♥♥♥   4,♥♥♥♥♥   2,♥♥♥♥♥   2,♥♥♥♥♥   0,X,X,X,No,Xbox Only,No,,,
3901,FALSE,The Duel,Rusty Cooley,2003,Dec 13 2012,Metal,X,X,RBN2,♥♥♥♥♥   6,♥♥♥♥♥   4,♥♥♥♥♥   5,♥♥♥♥♥   6,♥♥♥♥♥   6,X,X,X,X,No,Yes,No,,,
3902,FALSE,The Window,Kenny Wesley,2011,Dec 13 2012,R&B/Soul/Funk,M,English,RBN2,♥♥♥♥♥   2,♥♥♥♥♥   2,♥♥♥♥♥   1,♥♥♥♥♥   2,♥♥♥♥♥   3,♥♥♥♥♥   5,3,X,X,No,Xbox Only,No,,,
3903,FALSE,Amylee,The Michael J. Epstein Memorial Library,2011,Dec 20 2012,Indie Rock,M,English,RBN2,♥♥♥♥♥   0,♥♥♥♥♥   0,♥♥♥♥♥   0,♥♥♥♥♥   1,♥♥♥♥♥   1,♥♥♥♥♥   1,3,X,X,No,Xbox Only,No,,,
3904,FALSE,Break Away,Memory of a Melody,2011,Dec 20 2012,Rock,M,English,RBN2,♥♥♥♥♥   2,♥♥♥♥♥   1,♥♥♥♥♥   2,♥♥♥♥♥   0,♥♥♥♥♥   0,♥♥♥♥♥   2,3,X,X,No,Yes,No,,,
3905,FALSE,"Hageshisa to, Kono Mune no Naka de Karamitsuita Shakunetsu no Yami",Dir En Grey,2011,Dec 20 2012,Metal,M,Japanese,RBN2,♥♥♥♥♥   5,♥♥♥♥♥   3,♥♥♥♥♥   6,X,X,♥♥♥♥♥   4,3,X,X,No,Yes,No,,,
3906,FALSE,Impossible Landscape,Children of Nova,2012,Dec 20 2012,Prog,M,English,RBN2,♥♥♥♥♥   4,♥♥♥♥♥   4,♥♥♥♥♥   6,X,X,♥♥♥♥♥   5,2,X,X,No,Yes,No,,,
3907,FALSE,Silence of a Gun,Mob Machine,2012,Dec 20 2012,Rock,M,English,RBN2,♥♥♥♥♥   4,♥♥♥♥♥   4,♥♥♥♥♥   4,X,X,♥♥♥♥♥   4,3,X,X,No,Xbox Only,No,,,
3908,FALSE,The Final Battle,Freen in Green,2010,Dec 20 2012,Prog,M,Adlib,RBN2,♥♥♥♥♥   6,♥♥♥♥♥   3,♥♥♥♥♥   4,♥♥♥♥♥   4,♥♥♥♥♥   4,♥♥♥♥♥   5,3,X,X,No,Yes,No,,2x Drums Available (not in PS3 though),
3909,FALSE,Highly Explosive,My Ruin,2011,Jan 3 2013,Metal,F,English,RBN2,♥♥♥♥♥   5,♥♥♥♥♥   3,♥♥♥♥♥   3,X,X,♥♥♥♥♥   2,2,X,X,No,Xbox Only,No,,,
3910,FALSE,In This Life of Pain,All Shall Perish,2011,Jan 3 2013,Metal,M,English,RBN2,♥♥♥♥♥   5,♥♥♥♥♥   5,♥♥♥♥♥   6,X,X,♥♥♥♥♥   0,3,X,X,No,Xbox Only,No,,,
3911,FALSE,Monument,ANKST,2009,Jan 3 2013,Glam,M,English,RBN2,♥♥♥♥♥   2,♥♥♥♥♥   1,♥♥♥♥♥   3,♥♥♥♥♥   4,♥♥♥♥♥   4,♥♥♥♥♥   1,X,X,X,No,Xbox Only,No,,,
3912,FALSE,The Living End,Ava Inferi,2011,Jan 3 2013,Metal,F,English,RBN2,♥♥♥♥♥   4,♥♥♥♥♥   2,♥♥♥♥♥   4,♥♥♥♥♥   0,♥♥♥♥♥   0,♥♥♥♥♥   2,3,X,X,No,Yes,No,,,
3913,FALSE,Two Thousand Eight Hundred,Sacred Mother Tongue,2011,Jan 3 2013,Metal,M,English,RBN2,♥♥♥♥♥   6,♥♥♥♥♥   4,♥♥♥♥♥   6,X,X,♥♥♥♥♥   2,3,X,X,No,Xbox Only,No,,,
3914,FALSE,Floating Feather (Blue Day & Age),Bright Midnight,2010,Jan 10 2013,Rock,M,English,RBN2,♥♥♥♥♥   3,♥♥♥♥♥   2,♥♥♥♥♥   3,♥♥♥♥♥   1,♥♥♥♥♥   1,♥♥♥♥♥   2,X,X,X,No,Xbox Only,No,,,
3915,FALSE,Great Balls of Fire,Jerry Lee Lewis,2005,Jan 10 2013,Rock,M,English,RBN2,X,♥♥♥♥♥   1,♥♥♥♥♥   4,♥♥♥♥♥   4,♥♥♥♥♥   5,♥♥♥♥♥   6,X,X,X,No,Yes,No,,,
3916,FALSE,KITTY! (ft. The Anime Cow),Bluefusion,2009,Jan 10 2013,Metal,M,English,RBN2,♥♥♥♥♥   6,♥♥♥♥♥   4,♥♥♥♥♥   5,♥♥♥♥♥   0,♥♥♥♥♥   0,♥♥♥♥♥   0,2,X,X,No,Xbox Only,No,,2x Drums Available,
3917,FALSE,Liberation,Bright Midnight,2010,Jan 10 2013,Rock,M,English,RBN2,♥♥♥♥♥   4,♥♥♥♥♥   3,♥♥♥♥♥   6,♥♥♥♥♥   3,♥♥♥♥♥   3,♥♥♥♥♥   3,2,X,X,No,Xbox Only,No,,,
3918,FALSE,Parasitic Twins,The Dillinger Escape Plan,2010,Jan 10 2013,Metal,M,English,RBN2,♥♥♥♥♥   1,♥♥♥♥♥   0,♥♥♥♥♥   1,♥♥♥♥♥   2,♥♥♥♥♥   2,♥♥♥♥♥   3,3,X,X,No,Yes,No,,,
3919,FALSE,Smartass Rascals,The Smartass Rascals,2011,Jan 10 2013,Rock,M,English,RBN2,♥♥♥♥♥   5,♥♥♥♥♥   3,♥♥♥♥♥   4,X,X,♥♥♥♥♥   2,2,X,X,No,Xbox Only,No,,,
3920,FALSE,Sober Up,Leadership by Assault,2012,Jan 10 2013,Indie Rock,F,English,RBN2,♥♥♥♥♥   2,♥♥♥♥♥   1,♥♥♥♥♥   3,♥♥♥♥♥   3,♥♥♥♥♥   3,♥♥♥♥♥   3,X,X,X,No,Xbox Only,No,,,
3921,FALSE,Vultures,My Ruin,2011,Jan 10 2013,Metal,F,English,RBN2,♥♥♥♥♥   4,♥♥♥♥♥   3,♥♥♥♥♥   3,X,X,♥♥♥♥♥   0,2,X,X,No,Xbox Only,No,,,
3922,FALSE,300 Thousand Miles,Jack Bundy,2012,Jan 17 2013,Punk,F,English,RBN2,♥♥♥♥♥   3,♥♥♥♥♥   3,♥♥♥♥♥   3,♥♥♥♥♥   0,♥♥♥♥♥   0,♥♥♥♥♥   2,3,X,X,No,Xbox Only,No,,,
3923,FALSE,All the Fires Burning,Anarchy Club,2012,Jan 17 2013,Rock,M,English,RBN2,♥♥♥♥♥   1,♥♥♥♥♥   2,♥♥♥♥♥   1,♥♥♥♥♥   0,♥♥♥♥♥   0,♥♥♥♥♥   1,3,X,X,No,Xbox Only,No,,,
3924,FALSE,Be With Me,Goin' Places,2012,Jan 17 2013,Punk,M,English,RBN2,♥♥♥♥♥   2,♥♥♥♥♥   1,♥♥♥♥♥   1,♥♥♥♥♥   1,♥♥♥♥♥   1,♥♥♥♥♥   0,2,X,X,No,Xbox Only,No,,,
3925,FALSE,Make the Sauce,Vegan Black Metal Chef,2012,Jan 17 2013,Metal,M,English,RBN2,♥♥♥♥♥   5,♥♥♥♥♥   5,♥♥♥♥♥   3,X,X,♥♥♥♥♥   0,X,X,X,No,Yes,No,,,
3926,FALSE,Ordinary Objects,Dance for the Dying,2012,Jan 17 2013,Pop-Rock,F,English,RBN2,♥♥♥♥♥   1,♥♥♥♥♥   1,♥♥♥♥♥   4,♥♥♥♥♥   3,♥♥♥♥♥   2,♥♥♥♥♥   3,2,X,X,No,Yes,No,,,
3927,FALSE,"Guys, You're Not Dead Yet",BabelFish,2011,Jan 24 2013,Alternative,M,English,RBN2,♥♥♥♥♥   4,♥♥♥♥♥   3,♥♥♥♥♥   4,♥♥♥♥♥   1,♥♥♥♥♥   2,♥♥♥♥♥   4,3,X,X,No,Xbox Only,No,,,
3928,FALSE,Level 1 - Winter City,Freen in Green,2011,Jan 24 2013,Pop/Dance/Electronic,X,X,RBN2,♥♥♥♥♥   3,♥♥♥♥♥   0,♥♥♥♥♥   4,♥♥♥♥♥   5,♥♥♥♥♥   5,X,X,X,X,No,Xbox Only,No,,,
3929,FALSE,Silent Night,War of Ages,2012,Jan 24 2013,Metal,M,English,RBN2,♥♥♥♥♥   6,♥♥♥♥♥   3,♥♥♥♥♥   5,X,X,♥♥♥♥♥   0,3,X,X,No,Xbox Only,No,,,
3930,FALSE,Standing Still,The Break Down,2009,Jan 24 2013,R&B/Soul/Funk,M,English,RBN2,♥♥♥♥♥   3,♥♥♥♥♥   1,♥♥♥♥♥   4,♥♥♥♥♥   1,♥♥♥♥♥   1,♥♥♥♥♥   3,2,X,X,No,Xbox Only,No,,,
3931,FALSE,Alarms,RIBS,2012,Jan 31 2013,Rock,M,English,RBN2,♥♥♥♥♥   2,♥♥♥♥♥   2,♥♥♥♥♥   3,X,X,♥♥♥♥♥   3,3,X,X,No,Xbox Only,No,,,
3932,FALSE,Beautiful Killer,Panic the Memory,2010,Jan 31 2013,Glam,F,English,RBN2,♥♥♥♥♥   2,♥♥♥♥♥   1,♥♥♥♥♥   1,♥♥♥♥♥   0,♥♥♥♥♥   1,♥♥♥♥♥   2,2,X,X,No,Xbox Only,No,,,
3933,FALSE,Endless Sky,I See Stars,2012,Jan 31 2013,Metal,M,English,RBN2,♥♥♥♥♥   3,♥♥♥♥♥   3,♥♥♥♥♥   5,♥♥♥♥♥   3,♥♥♥♥♥   3,♥♥♥♥♥   1,3,X,X,No,Yes,No,,,
3934,FALSE,More,Down June,2006,Jan 31 2013,Rock,F,English,RBN2,♥♥♥♥♥   2,♥♥♥♥♥   1,♥♥♥♥♥   3,X,X,♥♥♥♥♥   4,2,X,X,No,Yes,No,,,
3935,FALSE,"This is Not a Song, It's a Sandwich!",Psychostick,2009,Jan 31 2013,Metal,M,English,RBN2,♥♥♥♥♥   5,♥♥♥♥♥   4,♥♥♥♥♥   4,X,X,♥♥♥♥♥   1,3,X,X,No,Yes,Yes,,,
3936,FALSE,Timebomb,Astra Kelly,2011,Jan 31 2013,Pop-Rock,F,English,RBN2,♥♥♥♥♥   2,♥♥♥♥♥   1,♥♥♥♥♥   1,♥♥♥♥♥   1,♥♥♥♥♥   1,♥♥♥♥♥   3,3,X,X,No,Xbox Only,No,,,
3937,FALSE,Abre Tus Ojos,Lucybell,2010,Feb 7 2013,Rock,M,Spanish,RBN2,♥♥♥♥♥   2,♥♥♥♥♥   2,♥♥♥♥♥   4,♥♥♥♥♥   0,♥♥♥♥♥   0,♥♥♥♥♥   3,3,X,X,No,Xbox Only,No,,,
3938,FALSE,Bottle Rocket,Brian Kahanek,2010,Feb 7 2013,Blues,X,X,RBN2,♥♥♥♥♥   5,♥♥♥♥♥   4,♥♥♥♥♥   3,X,X,X,X,X,X,No,Xbox Only,No,,,
3939,FALSE,Deception,Nightmare Lyre,2012,Feb 7 2013,Prog,X,X,RBN2,♥♥♥♥♥   6,♥♥♥♥♥   5,♥♥♥♥♥   6,♥♥♥♥♥   4,♥♥♥♥♥   4,X,X,X,X,No,Xbox Only,No,,2x Drums Available,
3940,FALSE,NZT48,I See Stars,2012,Feb 7 2013,Metal,M,English,RBN2,♥♥♥♥♥   3,♥♥♥♥♥   3,♥♥♥♥♥   4,♥♥♥♥♥   2,♥♥♥♥♥   2,♥♥♥♥♥   1,3,X,X,No,Xbox Only,No,,,
3941,FALSE,Redirect,Your Memorial,2012,Feb 7 2013,Metal,M,English,RBN2,♥♥♥♥♥   2,♥♥♥♥♥   2,♥♥♥♥♥   5,X,X,♥♥♥♥♥   1,3,X,X,No,Xbox Only,No,,,
3942,FALSE,Trapped In Your Lies,Godhead,2006,Feb 7 2013,Rock,M,English,RBN2,♥♥♥♥♥   4,♥♥♥♥♥   2,♥♥♥♥♥   3,♥♥♥♥♥   0,♥♥♥♥♥   0,♥♥♥♥♥   3,3,X,X,No,Xbox Only,No,,,
3943,FALSE,At the Cathedral,John Parr,2012,Feb 14 2013,Other,M,English,RBN2,♥♥♥♥♥   1,X,X,X,X,♥♥♥♥♥   1,X,X,X,No,Xbox Only,No,,,
3944,FALSE,Synesthesia,Chaotrope,2012,Feb 14 2013,Metal,X,X,RBN2,♥♥♥♥♥   6,♥♥♥♥♥   6,♥♥♥♥♥   6,♥♥♥♥♥   6,♥♥♥♥♥   6,X,X,X,X,No,Xbox Only,No,,2x Drums Available,
3945,FALSE,Virus,Sonic Boom Six,2012,Feb 14 2013,Rock,F,English,RBN2,♥♥♥♥♥   3,♥♥♥♥♥   2,♥♥♥♥♥   4,♥♥♥♥♥   2,♥♥♥♥♥   2,♥♥♥♥♥   3,3,X,X,No,Xbox Only,No,,,
3946,FALSE,"10,000 Headless Horses",Our Last Enemy,2010,Feb 21 2013,Metal,M,English,RBN2,♥♥♥♥♥   4,♥♥♥♥♥   4,♥♥♥♥♥   5,♥♥♥♥♥   0,♥♥♥♥♥   0,♥♥♥♥♥   0,2,X,X,No,Xbox Only,No,,,
3947,FALSE,American Terrorist,Deception of a Ghost,2012,Feb 21 2013,Metal,M,English,RBN2,♥♥♥♥♥   4,♥♥♥♥♥   4,♥♥♥♥♥   5,♥♥♥♥♥   0,♥♥♥♥♥   0,♥♥♥♥♥   2,3,X,X,No,Xbox Only,No,,2x Drums Available,
3948,FALSE,Discord (EuroChaos Mix),Eurobeat Brony ft. Odyssey,2011,Feb 21 2013,Pop/Dance/Electronic,M,English,RBN2,♥♥♥♥♥   4,♥♥♥♥♥   2,♥♥♥♥♥   6,♥♥♥♥♥   6,♥♥♥♥♥   6,♥♥♥♥♥   3,3,X,X,No,Yes,No,,,
3949,FALSE,Haben Haben Haben,Dampfmaschine,2011,Feb 21 2013,Punk,M,German,RBN2,♥♥♥♥♥   1,♥♥♥♥♥   1,♥♥♥♥♥   2,X,X,♥♥♥♥♥   0,3,X,X,No,Xbox Only,No,,,
3950,FALSE,Hordes of Zombies,Terrorizer,2012,Feb 21 2013,Metal,M,English,RBN2,♥♥♥♥♥   6,♥♥♥♥♥   3,♥♥♥♥♥   6,X,X,♥♥♥♥♥   0,2,X,X,No,Xbox Only,No,,,
3951,FALSE,Rise Above,Van Friscia,2013,Feb 21 2013,Prog,X,X,RBN2,♥♥♥♥♥   5,♥♥♥♥♥   4,♥♥♥♥♥   6,♥♥♥♥♥   2,♥♥♥♥♥   2,X,X,X,X,No,Yes,No,,,
3952,FALSE,Integral Birth,Cynic,2008,Feb 28 2013,Metal,M,English,RBN2,♥♥♥♥♥   5,♥♥♥♥♥   5,♥♥♥♥♥   6,X,X,♥♥♥♥♥   4,3,X,X,No,Xbox Only,No,,2x Drums Available,
3953,FALSE,King of Those Who Know,Cynic,2008,Feb 28 2013,Metal,M,English,RBN2,♥♥♥♥♥   5,♥♥♥♥♥   5,♥♥♥♥♥   6,X,X,♥♥♥♥♥   3,3,X,X,No,Yes,No,,,
3954,FALSE,Need,Edenshade,2011,Feb 28 2013,Metal,M,English,RBN2,♥♥♥♥♥   4,♥♥♥♥♥   4,♥♥♥♥♥   5,♥♥♥♥♥   1,♥♥♥♥♥   1,♥♥♥♥♥   4,3,X,X,No,Xbox Only,No,,,
3955,FALSE,Overdriven,Left Spine Down,2011,Feb 28 2013,Punk,M,English,RBN2,♥♥♥♥♥   2,♥♥♥♥♥   1,♥♥♥♥♥   5,♥♥♥♥♥   4,♥♥♥♥♥   4,♥♥♥♥♥   2,2,X,X,No,Xbox Only,No,,,
3956,FALSE,Passing the Ace,Chad Smith's Bombastic Meatbats,2010,Feb 28 2013,R&B/Soul/Funk,X,X,RBN2,♥♥♥♥♥   4,♥♥♥♥♥   4,♥♥♥♥♥   5,♥♥♥♥♥   6,♥♥♥♥♥   6,X,X,X,X,No,Xbox Only,No,,,
3957,FALSE,Return to Strength,Terror,2010,Feb 28 2013,Punk,M,English,RBN2,♥♥♥♥♥   5,♥♥♥♥♥   3,♥♥♥♥♥   3,X,X,♥♥♥♥♥   0,3,X,X,No,Xbox Only,No,,,
3958,FALSE,Revolution is Now,Halcyon Way,2011,Feb 28 2013,Metal,M,English,RBN2,♥♥♥♥♥   5,♥♥♥♥♥   4,♥♥♥♥♥   5,X,X,♥♥♥♥♥   3,3,X,X,No,Xbox Only,No,,2x Drums Available,
3959,FALSE,Santa Fe (RB3 version),Blackberry River Band,2006,Feb 28 2013,Country,F,English,RBN2,♥♥♥♥♥   6,♥♥♥♥♥   0,X,♥♥♥♥♥   3,♥♥♥♥♥   3,♥♥♥♥♥   2,3,X,X,No,Xbox Only,No,,Marked separately as Guitar chart is different on RB2 Version,
3960,FALSE,Shizuku,Esprit D'Air,2012,Feb 28 2013,J-Rock,M,Japanese,RBN2,♥♥♥♥♥   5,♥♥♥♥♥   5,♥♥♥♥♥   4,♥♥♥♥♥   4,♥♥♥♥♥   4,♥♥♥♥♥   2,3,X,X,No,Xbox Only,Yes,,,
3961,FALSE,Show Me a Sign,Azania,2012,Feb 28 2013,R&B/Soul/Funk,F,English,RBN2,♥♥♥♥♥   4,♥♥♥♥♥   4,♥♥♥♥♥   1,♥♥♥♥♥   5,♥♥♥♥♥   5,♥♥♥♥♥   4,3,X,X,No,Xbox Only,No,,,
3962,FALSE,Skeleton,Adora,2012,Feb 28 2013,Punk,F,English,RBN2,♥♥♥♥♥   3,♥♥♥♥♥   2,♥♥♥♥♥   5,♥♥♥♥♥   5,♥♥♥♥♥   5,♥♥♥♥♥   4,3,X,X,No,Xbox Only,No,,,
3963,FALSE,The Duel,Van Friscia,2013,Feb 28 2013,Prog,X,X,RBN2,♥♥♥♥♥   6,♥♥♥♥♥   5,♥♥♥♥♥   6,♥♥♥♥♥   6,♥♥♥♥♥   6,X,X,X,X,No,Xbox Only,No,,2x Drums Available,
3964,FALSE,You Can't Swim With Concrete Shoes,Throw the Fight,2012,Feb 28 2013,Metal,M,English,RBN2,♥♥♥♥♥   5,♥♥♥♥♥   2,♥♥♥♥♥   3,X,X,♥♥♥♥♥   2,3,X,X,No,Xbox Only,No,,,
3965,FALSE,¿De qué Sirve?,Okills,2011,Feb 28 2013,Rock,M,Spanish,RBN2,♥♥♥♥♥   3,♥♥♥♥♥   2,♥♥♥♥♥   3,♥♥♥♥♥   0,♥♥♥♥♥   0,♥♥♥♥♥   3,3,X,X,No,Xbox Only,No,,,
3966,FALSE,Ave Fénix,Lucybell,2010,Mar 7 2013,Rock,M,Spanish,RBN2,♥♥♥♥♥   3,♥♥♥♥♥   2,♥♥♥♥♥   3,♥♥♥♥♥   4,♥♥♥♥♥   4,♥♥♥♥♥   3,2,X,X,No,Xbox Only,No,,,
3967,FALSE,Filth Friends Unite,I See Stars,2012,Mar 7 2013,Metal,M,English,RBN2,♥♥♥♥♥   4,♥♥♥♥♥   3,♥♥♥♥♥   5,♥♥♥♥♥   2,♥♥♥♥♥   2,♥♥♥♥♥   1,3,X,X,No,Xbox Only,No,,,
3968,FALSE,Madness is God,A Life Once Lost,2012,Mar 7 2013,Metal,M,English,RBN2,♥♥♥♥♥   3,♥♥♥♥♥   2,♥♥♥♥♥   3,♥♥♥♥♥   0,♥♥♥♥♥   0,♥♥♥♥♥   0,X,X,X,No,Xbox Only,No,,,
3969,FALSE,One,Those Among Us,2011,Mar 7 2013,New Wave,M,English,RBN2,♥♥♥♥♥   4,♥♥♥♥♥   0,♥♥♥♥♥   4,♥♥♥♥♥   0,♥♥♥♥♥   0,♥♥♥♥♥   2,3,X,X,No,Xbox Only,No,,,
3970,FALSE,Onyx,Ava Inferi,2011,Mar 7 2013,Metal,F,English,RBN2,♥♥♥♥♥   4,♥♥♥♥♥   3,♥♥♥♥♥   3,X,X,♥♥♥♥♥   4,3,X,X,No,Xbox Only,No,,,
3971,FALSE,Regeneration,Tyler Green,2011,Mar 7 2013,Pop/Dance/Electronic,X,X,RBN2,X,X,X,♥♥♥♥♥   4,♥♥♥♥♥   4,X,X,X,X,No,Xbox Only,No,,,
3972,FALSE,Transformation Pt. 1,Fail Emotions,2010,Mar 7 2013,Metal,M,English,RBN2,♥♥♥♥♥   5,♥♥♥♥♥   4,♥♥♥♥♥   6,♥♥♥♥♥   6,♥♥♥♥♥   6,♥♥♥♥♥   3,3,X,X,No,Xbox Only,No,,,
3973,FALSE,Widower,The Dillinger Escape Plan,2010,Mar 7 2013,Metal,M,English,RBN2,♥♥♥♥♥   3,♥♥♥♥♥   3,♥♥♥♥♥   5,♥♥♥♥♥   6,♥♥♥♥♥   6,♥♥♥♥♥   3,3,X,X,No,Xbox Only,No,,,
3974,FALSE,You're Gonna Say Yeah!,Hushpuppies,2005,Mar 7 2013,Rock,M,English,RBN2,♥♥♥♥♥   3,♥♥♥♥♥   1,♥♥♥♥♥   4,♥♥♥♥♥   3,♥♥♥♥♥   4,♥♥♥♥♥   1,3,X,X,No,Xbox Only,Yes,,,
3975,FALSE,Hell Yeah,Rhythm Bastard,2013,Mar 14 2013,Rock,M,English,RBN2,♥♥♥♥♥   3,♥♥♥♥♥   0,♥♥♥♥♥   2,♥♥♥♥♥   2,♥♥♥♥♥   3,♥♥♥♥♥   6,3,X,X,No,Xbox Only,No,,,
3976,FALSE,Laser Speed Force,Machinae Supremacy,2012,Mar 14 2013,Metal,M,English,RBN2,♥♥♥♥♥   5,♥♥♥♥♥   2,♥♥♥♥♥   4,♥♥♥♥♥   4,♥♥♥♥♥   4,♥♥♥♥♥   4,3,X,X,No,Xbox Only,No,,,
3977,FALSE,Neighbors Ate My Zombies!,Freen in Green,2010,Mar 14 2013,Prog,M,English,RBN2,♥♥♥♥♥   4,♥♥♥♥♥   1,♥♥♥♥♥   4,♥♥♥♥♥   2,♥♥♥♥♥   3,♥♥♥♥♥   0,3,X,X,No,Xbox Only,No,,,
3978,FALSE,Thrashbaath,Rainbowdragoneyes,2012,Mar 14 2013,Pop/Dance/Electronic,M,English,RBN2,♥♥♥♥♥   4,♥♥♥♥♥   3,♥♥♥♥♥   6,♥♥♥♥♥   4,♥♥♥♥♥   5,♥♥♥♥♥   3,3,X,X,No,Xbox Only,No,,2x Drums Available,
3979,FALSE,It's Better to Spend Money Like There's No Tomorrow Than Spend Tonight Like There's No Money,Quiet Company,2009,Mar 21 2013,Indie Rock,M,English,RBN2,♥♥♥♥♥   3,♥♥♥♥♥   1,♥♥♥♥♥   4,♥♥♥♥♥   3,♥♥♥♥♥   3,♥♥♥♥♥   5,X,X,X,No,Xbox Only,No,,,
3980,FALSE,The Light,The Lora G Band,2012,Mar 21 2013,Rock,F,English,RBN2,♥♥♥♥♥   2,♥♥♥♥♥   2,♥♥♥♥♥   3,♥♥♥♥♥   2,♥♥♥♥♥   2,♥♥♥♥♥   3,3,X,X,No,Xbox Only,No,,,
3981,FALSE,Unleash Hell,Hopes Die Last,2012,Mar 21 2013,Metal,M,English,RBN2,♥♥♥♥♥   3,♥♥♥♥♥   3,♥♥♥♥♥   4,X,X,♥♥♥♥♥   1,3,X,X,No,Xbox Only,No,,2x Drums Available,
3982,FALSE,The New Blood,Terror,2010,Mar 28 2013,Punk,M,English,RBN2,♥♥♥♥♥   3,♥♥♥♥♥   2,♥♥♥♥♥   4,X,X,♥♥♥♥♥   0,3,X,X,No,Xbox Only,No,,,
3983,FALSE,Vapor Radian,Jeff Ball,2012,Mar 28 2013,Pop/Dance/Electronic,X,X,RBN2,♥♥♥♥♥   1,♥♥♥♥♥   1,♥♥♥♥♥   3,♥♥♥♥♥   2,♥♥♥♥♥   2,X,X,X,X,No,Xbox Only,No,,,
3984,FALSE,Hero,Machinae Supremacy,2012,May 2 2013,Metal,M,English,RBN2,♥♥♥♥♥   6,♥♥♥♥♥   4,♥♥♥♥♥   4,♥♥♥♥♥   2,♥♥♥♥♥   3,♥♥♥♥♥   2,2,X,X,No,Xbox Only,No,,,
3985,FALSE,Presence Everlasting,Nonexist,2012,May 2 2013,Metal,M,English,RBN2,♥♥♥♥♥   6,♥♥♥♥♥   6,♥♥♥♥♥   6,♥♥♥♥♥   1,♥♥♥♥♥   2,♥♥♥♥♥   0,2,X,X,No,Xbox Only,No,,,
3986,FALSE,The End of Prom Night,Snow White's Poison Bite,2011,May 2 2013,Emo,M,English,RBN2,♥♥♥♥♥   4,♥♥♥♥♥   1,♥♥♥♥♥   3,♥♥♥♥♥   0,♥♥♥♥♥   0,♥♥♥♥♥   3,3,X,X,No,Xbox Only,No,,,
3987,FALSE,Fire At Will,Nonexist,2012,May 23 2013,Metal,M,English,RBN2,♥♥♥♥♥   6,♥♥♥♥♥   6,♥♥♥♥♥   6,♥♥♥♥♥   6,♥♥♥♥♥   6,♥♥♥♥♥   0,3,X,X,No,Xbox Only,No,,,
3988,FALSE,The Journey,Grand Warp Focus,2013,May 23 2013,Prog,M,English,RBN2,♥♥♥♥♥   5,♥♥♥♥♥   5,♥♥♥♥♥   5,♥♥♥♥♥   5,♥♥♥♥♥   5,♥♥♥♥♥   0,3,X,X,No,Xbox Only,No,,,
3989,FALSE,Via Dela Rosa,Scum of the Earth,2012,May 23 2013,Nu-Metal,M,English,RBN2,♥♥♥♥♥   4,♥♥♥♥♥   0,♥♥♥♥♥   4,♥♥♥♥♥   2,♥♥♥♥♥   2,♥♥♥♥♥   0,X,X,X,No,Xbox Only,No,,,
3990,FALSE,Halcyon,Chaotrope,2012,Jun 6 2013,Metal,X,X,RBN2,♥♥♥♥♥   5,♥♥♥♥♥   5,♥♥♥♥♥   5,♥♥♥♥♥   5,♥♥♥♥♥   6,X,X,X,X,No,Xbox Only,No,,,
3991,FALSE,Victory,Christian Muenzner,2012,Jun 6 2013,Metal,X,X,RBN2,♥♥♥♥♥   6,♥♥♥♥♥   6,♥♥♥♥♥   6,♥♥♥♥♥   6,♥♥♥♥♥   6,X,X,X,X,No,Xbox Only,No,,,
3992,FALSE,Beyond the Night,Richard Campbell,2012,Jun 20 2013,Prog,M,English,RBN2,♥♥♥♥♥   5,♥♥♥♥♥   5,♥♥♥♥♥   5,♥♥♥♥♥   3,♥♥♥♥♥   5,♥♥♥♥♥   4,3,X,X,No,Xbox Only,No,,,
3993,FALSE,Humanoid,SIMPL3JACK,2011,Jun 20 2013,Punk,M,English,RBN2,♥♥♥♥♥   1,♥♥♥♥♥   1,♥♥♥♥♥   2,X,X,♥♥♥♥♥   1,3,X,X,No,Xbox Only,No,,,
3994,FALSE,Trixie,Jeff Burgess,2012,Jun 20 2013,Alternative,M,English,RBN2,♥♥♥♥♥   3,♥♥♥♥♥   2,♥♥♥♥♥   4,X,X,♥♥♥♥♥   2,2,X,X,No,Xbox Only,No,,,
3995,FALSE,Don't Go Home,Carousel Kings,2012,Nov 15 2012,Punk,M,English,RBN2,♥♥♥♥♥   3,♥♥♥♥♥   2,♥♥♥♥♥   4,X,X,♥♥♥♥♥   2,3,X,X,No,Xbox Only,No,,Not Listed On Wikipedia,
3996,FALSE,Edge Of Town,Distant Autumn,2012,Jun 28 2012,Rock,M,English,RBN2,♥♥♥♥♥   1,♥♥♥♥♥   1,♥♥♥♥♥   3,♥♥♥♥♥   0,♥♥♥♥♥   0,♥♥♥♥♥   2,3,X,X,No,Xbox Only,No,,Not Listed On Wikipedia,
3997,FALSE,Republic Of Gamers,Machinae Supremacy,2012,Jul 1 2013,Metal,M,English,RBN2,♥♥♥♥♥   5,♥♥♥♥♥   4,♥♥♥♥♥   5,♥♥♥♥♥   5,♥♥♥♥♥   5,♥♥♥♥♥   4,2,X,X,No,Xbox Only,No,,Not Listed On Wikipedia,
3998,FALSE,The Spark Of Life,Richard Campbell,2012,Oct 3 2013,Prog,M,English,RBN2,♥♥♥♥♥   5,♥♥♥♥♥   4,♥♥♥♥♥   6,♥♥♥♥♥   5,♥♥♥♥♥   5,♥♥♥♥♥   4,X,X,X,No,Xbox Only,No,,Not Listed On Wikipedia,
3999,FALSE,The Modern Prometheus,Richard Campbell,2012,Aug 28 2013,Prog,M,English,RBN2,♥♥♥♥♥   6,♥♥♥♥♥   5,♥♥♥♥♥   5,♥♥♥♥♥   4,♥♥♥♥♥   4,♥♥♥♥♥   5,2,X,X,No,Xbox Only,No,,Not Listed On Wikipedia,
4000,FALSE,Free Fall,Rose Of Jericho,2013,Jan 10 2014,Pop-Rock,F,English,RBN2,♥♥♥♥♥   3,♥♥♥♥♥   3,♥♥♥♥♥   3,♥♥♥♥♥   2,♥♥♥♥♥   3,♥♥♥♥♥   3,2,X,X,No,Xbox Only,No,,Not Listed On Wikipedia,
4001,FALSE,Wake Up,SOiL,2013,Oct 3 2013,Metal,M,English,RBN2,♥♥♥♥♥   5,♥♥♥♥♥   3,♥♥♥♥♥   5,X,X,♥♥♥♥♥   3,3,X,X,No,Xbox Only,No,,Not Listed On Wikipedia,
4002,FALSE,"Ready, Set, Stop",Vanattica,2011,Dec 22 2011,Alternative,M,English,RBN2,♥♥♥♥♥   4,♥♥♥♥♥   3,♥♥♥♥♥   4,X,X,♥♥♥♥♥   3,3,X,X,No,Xbox Only,No,,Not Listed On Wikipedia,
4003,FALSE,"Thirteen (ft. M_80!, Watershed & Wolfblur)",Bluefusion,2009,Aug 30 2013,Prog,M,English,RBN2,♥♥♥♥♥   6,♥♥♥♥♥   4,♥♥♥♥♥   4,X,X,♥♥♥♥♥   0,3,X,X,No,Xbox Only,No,,,Not Listed On Wikipedia
4004,FALSE,Caught Up in You,.38 Special,1982,Oct 6 2015,Southern Rock,M,English,RB4,♥♥♥♥♥   6,♥♥♥♥♥   1,♥♥♥♥♥   1,X,X,♥♥♥♥♥   3,2,X,X,No,No,Yes,,,
4005,FALSE,What's Up?,4 Non Blondes,1992,Oct 6 2015,Alternative,F,English,RB4,♥♥♥♥♥   0,♥♥♥♥♥   0,♥♥♥♥♥   0,X,X,♥♥♥♥♥   6,2,X,X,No,No,Yes,,,
4006,FALSE,Toys in the Attic,Aerosmith,1975,Oct 6 2015,Rock,M,English,RB4,♥♥♥♥♥   5,♥♥♥♥♥   6,♥♥♥♥♥   5,X,X,♥♥♥♥♥   5,3,X,X,No,No,Yes,,,
4007,FALSE,Arabella,Arctic Monkeys,2013,Oct 6 2015,Rock,M,English,RB4,♥♥♥♥♥   1,♥♥♥♥♥   5,♥♥♥♥♥   2,X,X,♥♥♥♥♥   3,3,X,X,No,No,Yes,,,
4008,FALSE,Hail to the King,Avenged Sevenfold,2013,Oct 6 2015,Metal,M,English,RB4,♥♥♥♥♥   6,♥♥♥♥♥   0,♥♥♥♥♥   0,X,X,♥♥♥♥♥   0,3,X,X,No,No,Yes,,,
4009,FALSE,Violent Shiver,Benjamin Booker,2014,Oct 6 2015,Rock,M,English,RB4,♥♥♥♥♥   3,♥♥♥♥♥   4,♥♥♥♥♥   5,X,X,♥♥♥♥♥   5,3,X,X,No,No,Yes,,,
4010,FALSE,Start a Band,Brad Paisley ft. Keith Urban,2008,Oct 6 2015,Country,M,English,RB4,♥♥♥♥♥   6,♥♥♥♥♥   2,♥♥♥♥♥   3,X,X,♥♥♥♥♥   5,3,X,X,No,No,Yes,,,
4011,FALSE,Mainstream Kid,Brandi Carlile,2015,Oct 6 2015,Blues,F,English,RB4,♥♥♥♥♥   5,♥♥♥♥♥   3,♥♥♥♥♥   2,X,X,♥♥♥♥♥   3,3,X,X,No,No,Yes,,,
4012,FALSE,Short Skirt/Long Jacket,Cake,2001,Oct 6 2015,Alternative,M,English,RB4,♥♥♥♥♥   2,♥♥♥♥♥   4,♥♥♥♥♥   1,X,X,♥♥♥♥♥   0,3,X,X,No,No,Yes,,,
4013,FALSE,V-Bomb,Dark Wheels,2015,Oct 6 2015,Rock,M,English,RB4,♥♥♥♥♥   1,♥♥♥♥♥   3,♥♥♥♥♥   3,X,X,♥♥♥♥♥   0,3,X,X,No,No,Yes,,,
4014,FALSE,Prayer,Disturbed,2002,Oct 6 2015,Nu-Metal,M,English,RB4,♥♥♥♥♥   3,♥♥♥♥♥   2,♥♥♥♥♥   5,X,X,♥♥♥♥♥   2,3,X,X,No,No,Yes,,,
4015,FALSE,Metropolis—Part I: The Miracle and the Sleeper,Dream Theater,1992,Oct 6 2015,Prog,M,English,RB4,♥♥♥♥♥   6,♥♥♥♥♥   6,♥♥♥♥♥   6,X,X,♥♥♥♥♥   6,2,X,X,No,No,Yes,,,
4016,FALSE,Knock Em Down,Duck & Cover,2014,Oct 6 2015,Punk,M,English,RB4,♥♥♥♥♥   4,♥♥♥♥♥   4,♥♥♥♥♥   6,X,X,♥♥♥♥♥   4,X,X,X,No,No,Yes,,,
4017,FALSE,Albert,Eddie Japan,2015,Oct 6 2015,Indie Rock,M,English,RB4,♥♥♥♥♥   2,♥♥♥♥♥   4,♥♥♥♥♥   5,X,X,♥♥♥♥♥   1,3,X,X,No,No,Yes,,,
4018,FALSE,Suspicious Minds,Elvis Presley,1969,Oct 6 2015,Rock,M,English,RB4,♥♥♥♥♥   4,♥♥♥♥♥   5,♥♥♥♥♥   0,X,X,♥♥♥♥♥   2,3,X,X,No,No,Yes,,,
4019,FALSE,Centuries,Fall Out Boy,2015,Oct 6 2015,Pop-Rock,M,English,RB4,♥♥♥♥♥   0,♥♥♥♥♥   1,♥♥♥♥♥   0,X,X,♥♥♥♥♥   4,3,X,X,No,No,Yes,,,
4020,FALSE,You Make Loving Fun,Fleetwood Mac,1977,Oct 6 2015,Classic Rock,M,English,RB4,♥♥♥♥♥   2,♥♥♥♥♥   2,♥♥♥♥♥   1,X,X,♥♥♥♥♥   5,3,X,X,No,No,Yes,,,
4021,FALSE,The Feast and the Famine,Foo Fighters,2014,Oct 6 2015,Alternative,M,English,RB4,♥♥♥♥♥   2,♥♥♥♥♥   3,♥♥♥♥♥   4,X,X,♥♥♥♥♥   3,3,X,X,No,No,Yes,,,
4022,FALSE,Ain’t Messin ‘Round,"Gary Clark, Jr.",2012,Oct 6 2015,Rock,M,English,RB4,♥♥♥♥♥   4,♥♥♥♥♥   1,♥♥♥♥♥   5,X,X,♥♥♥♥♥   5,X,X,X,No,No,Yes,,,
4023,FALSE,Follow You Down,Gin Blossoms,1996,Oct 6 2015,Alternative,M,English,RB4,♥♥♥♥♥   2,♥♥♥♥♥   5,♥♥♥♥♥   4,X,X,♥♥♥♥♥   1,3,X,X,No,No,Yes,,,
4024,FALSE,Tongue Tied,Grouplove,2011,Oct 6 2015,Indie Rock,M,English,RB4,♥♥♥♥♥   1,♥♥♥♥♥   2,♥♥♥♥♥   5,X,X,♥♥♥♥♥   1,3,X,X,No,No,Yes,,,
4025,FALSE,I Miss the Misery,Halestorm,2012,Oct 6 2015,Rock,F,English,RB4,♥♥♥♥♥   2,♥♥♥♥♥   3,♥♥♥♥♥   3,X,X,♥♥♥♥♥   4,3,X,X,No,No,Yes,,,
4026,FALSE,Kick It Out,Heart,1977,Oct 6 2015,Classic Rock,F,English,RB4,♥♥♥♥♥   3,♥♥♥♥♥   4,♥♥♥♥♥   4,X,X,♥♥♥♥♥   5,2,X,X,No,No,Yes,,,
4027,FALSE,I Am Electric,Heaven's Basement,2013,Oct 6 2015,Rock,M,English,RB4,♥♥♥♥♥   1,♥♥♥♥♥   2,♥♥♥♥♥   6,X,X,♥♥♥♥♥   1,2,X,X,No,No,Yes,,,
4028,FALSE,I Bet My Life,Imagine Dragons,2015,Oct 6 2015,Alternative,M,English,RB4,♥♥♥♥♥   3,♥♥♥♥♥   0,♥♥♥♥♥   1,X,X,♥♥♥♥♥   5,3,X,X,No,No,Yes,,,
4029,FALSE,Lazaretto,Jack White,2014,Oct 6 2015,Rock,M,English,RB4,♥♥♥♥♥   4,♥♥♥♥♥   5,♥♥♥♥♥   4,X,X,♥♥♥♥♥   2,2,X,X,No,No,Yes,,,
4030,FALSE,Recession,Jeff Allen ft. Noelle LeBlanc and Naoko Takamoto,2015,Oct 6 2015,Pop/Dance/Electronic,F,English,RB4,♥♥♥♥♥   5,♥♥♥♥♥   6,♥♥♥♥♥   6,X,X,♥♥♥♥♥   4,3,X,X,No,No,Yes,,,
4031,FALSE,Cold Clear Light,Johnny Blazes and the Pretty Boys,2015,Oct 6 2015,R&B/Soul/Funk,NB,English,RB4,♥♥♥♥♥   4,♥♥♥♥♥   2,♥♥♥♥♥   2,X,X,♥♥♥♥♥   6,3,X,X,No,No,Yes,,,
4032,FALSE,Halls of Valhalla,Judas Priest,2014,Oct 6 2015,Metal,M,English,RB4,♥♥♥♥♥   6,♥♥♥♥♥   5,♥♥♥♥♥   4,X,X,♥♥♥♥♥   6,3,X,X,No,No,Yes,,,
4033,FALSE,Dream Genie,Lightning Bolt,2015,Oct 6 2015,Rock,M,English,RB4,♥♥♥♥♥   6,♥♥♥♥♥   6,♥♥♥♥♥   6,X,X,♥♥♥♥♥   6,X,X,X,No,No,Yes,,,
4034,FALSE,Little White Church,Little Big Town,2010,Oct 6 2015,Country,F,English,RB4,♥♥♥♥♥   1,♥♥♥♥♥   1,♥♥♥♥♥   0,X,X,♥♥♥♥♥   3,3,X,X,No,No,Yes,,,
4035,FALSE,All Over You,Live,1994,Oct 6 2015,Alternative,M,English,RB4,♥♥♥♥♥   2,♥♥♥♥♥   3,♥♥♥♥♥   4,X,X,♥♥♥♥♥   3,2,X,X,No,No,Yes,,,
4036,FALSE,Turn it Around,Lucius,2013,Oct 6 2015,Indie Rock,F,English,RB4,♥♥♥♥♥   0,♥♥♥♥♥   4,♥♥♥♥♥   2,X,X,♥♥♥♥♥   4,3,X,X,No,No,Yes,,,
4037,FALSE,That Smell,Lynyrd Skynyrd,1977,Oct 6 2015,Southern Rock,M,English,RB4,♥♥♥♥♥   6,♥♥♥♥♥   5,♥♥♥♥♥   4,X,X,♥♥♥♥♥   6,3,X,X,No,No,Yes,,,
4038,FALSE,Uptown Funk,Mark Ronson ft. Bruno Mars,2015,Oct 6 2015,R&B/Soul/Funk,M,English,RB4,♥♥♥♥♥   1,♥♥♥♥♥   3,♥♥♥♥♥   2,X,X,♥♥♥♥♥   6,3,X,X,No,No,Yes,,,
4039,FALSE,The Wolf,Mumford & Sons,2015,Oct 6 2015,Rock,M,English,RB4,♥♥♥♥♥   0,♥♥♥♥♥   2,♥♥♥♥♥   4,X,X,♥♥♥♥♥   1,3,X,X,No,No,Yes,,,
4040,FALSE,Miracle Man,Ozzy Osbourne,1988,Oct 6 2015,Metal,M,English,RB4,♥♥♥♥♥   5,♥♥♥♥♥   5,♥♥♥♥♥   6,X,X,♥♥♥♥♥   1,2,X,X,No,No,Yes,,,
4041,FALSE,Still Into You,Paramore,2013,Oct 6 2015,Pop-Rock,F,English,RB4,♥♥♥♥♥   1,♥♥♥♥♥   5,♥♥♥♥♥   3,X,X,♥♥♥♥♥   6,2,X,X,No,No,Yes,,,
4042,FALSE,My God Is the Sun,Queens of the Stone Age,2013,Oct 6 2015,Alternative,M,English,RB4,♥♥♥♥♥   3,♥♥♥♥♥   4,♥♥♥♥♥   5,X,X,♥♥♥♥♥   4,2,X,X,No,No,Yes,,,
4043,FALSE,The One I Love,R.E.M.,1987,Oct 6 2015,Alternative,M,English,RB4,♥♥♥♥♥   0,♥♥♥♥♥   0,♥♥♥♥♥   1,X,X,♥♥♥♥♥   0,3,X,X,No,No,Yes,,,
4044,FALSE,"Rock and Roll, Hoochie Koo",Rick Derringer,1973,Oct 6 2015,Classic Rock,M,English,RB4,♥♥♥♥♥   6,♥♥♥♥♥   6,♥♥♥♥♥   5,X,X,♥♥♥♥♥   6,3,X,X,No,No,Yes,,,
4045,FALSE,A Passage to Bangkok,Rush,1976,Oct 6 2015,Prog,M,English,RB4,♥♥♥♥♥   4,♥♥♥♥♥   6,♥♥♥♥♥   3,X,X,♥♥♥♥♥   5,X,X,X,No,No,Yes,,,
4046,FALSE,The Warrior,Scandal,1984,Oct 6 2015,Rock,F,English,RB4,♥♥♥♥♥   1,♥♥♥♥♥   1,♥♥♥♥♥   2,X,X,♥♥♥♥♥   3,3,X,X,No,No,Yes,,,
4047,FALSE,No One Like You,Scorpions,1982,Oct 6 2015,Metal,M,English,RB4,♥♥♥♥♥   5,♥♥♥♥♥   1,♥♥♥♥♥   1,X,X,♥♥♥♥♥   0,3,X,X,No,No,Yes,,,
4048,FALSE,Light the Fuse,Slydigs,2015,Oct 6 2015,Rock,M,English,RB4,♥♥♥♥♥   3,♥♥♥♥♥   1,♥♥♥♥♥   4,X,X,♥♥♥♥♥   1,2,X,X,No,No,Yes,,,
4049,FALSE,Dead Black (Heart of Ice),Soul Remnants,2013,Oct 6 2015,Metal,M,English,RB4,♥♥♥♥♥   6,♥♥♥♥♥   6,♥♥♥♥♥   6,X,X,♥♥♥♥♥   0,X,X,X,No,No,Yes,,,
4050,FALSE,Superunknown,Soundgarden,1994,Oct 6 2015,Grunge,M,English,RB4,♥♥♥♥♥   6,♥♥♥♥♥   3,♥♥♥♥♥   3,X,X,♥♥♥♥♥   4,2,X,X,No,No,Yes,,,
4051,FALSE,Little Miss Can't Be Wrong,Spin Doctors,1991,Oct 6 2015,Alternative,M,English,RB4,♥♥♥♥♥   5,♥♥♥♥♥   6,♥♥♥♥♥   0,X,X,♥♥♥♥♥   5,3,X,X,No,No,Yes,,,
4052,FALSE,Birth in Reverse,St. Vincent,2014,Oct 6 2015,Indie Rock,F,English,RB4,♥♥♥♥♥   4,♥♥♥♥♥   3,♥♥♥♥♥   6,X,X,♥♥♥♥♥   2,X,X,X,No,No,Yes,,,
4053,FALSE,Spiders,System of a Down,1998,Oct 6 2015,Nu-Metal,M,English,RB4,♥♥♥♥♥   1,♥♥♥♥♥   1,♥♥♥♥♥   2,X,X,♥♥♥♥♥   4,3,X,X,No,No,Yes,,,
4054,FALSE,Fever,The Black Keys,2014,Oct 6 2015,Rock,M,English,RB4,♥♥♥♥♥   0,♥♥♥♥♥   2,♥♥♥♥♥   0,X,X,♥♥♥♥♥   0,2,X,X,No,No,Yes,,,
4055,FALSE,Milwaukee,The Both,2014,Oct 6 2015,Pop-Rock,F,English,RB4,♥♥♥♥♥   5,♥♥♥♥♥   4,♥♥♥♥♥   3,X,X,♥♥♥♥♥   2,2,X,X,No,No,Yes,,,
4056,FALSE,Friday I'm In Love,The Cure,1992,Oct 6 2015,New Wave,M,English,RB4,♥♥♥♥♥   2,♥♥♥♥♥   0,♥♥♥♥♥   1,X,X,♥♥♥♥♥   3,3,X,X,No,No,Yes,,,
4057,FALSE,Somebody Told Me,The Killers,2004,Oct 6 2015,Alternative,M,English,RB4,♥♥♥♥♥   3,♥♥♥♥♥   5,♥♥♥♥♥   6,X,X,♥♥♥♥♥   2,3,X,X,No,No,Yes,,,
4058,FALSE,The Impression That I Get,The Mighty Mighty Bosstones,1997,Oct 6 2015,Reggae/Ska,M,English,RB4,♥♥♥♥♥   4,♥♥♥♥♥   6,♥♥♥♥♥   5,X,X,♥♥♥♥♥   2,2,X,X,No,No,Yes,,,
4059,FALSE,Your Love,The Outfield,1985,Oct 6 2015,Pop-Rock,M,English,RB4,♥♥♥♥♥   3,♥♥♥♥♥   0,♥♥♥♥♥   1,X,X,♥♥♥♥♥   4,3,X,X,No,No,Yes,,,
4060,FALSE,Light Up the Night,The Protomen,2009,Oct 6 2015,Rock,M,English,RB4,♥♥♥♥♥   2,♥♥♥♥♥   1,♥♥♥♥♥   3,X,X,♥♥♥♥♥   6,3,X,X,No,No,Yes,,,
4061,FALSE,Free Falling,The Warning,2015,Oct 6 2015,Rock,F,English,RB4,♥♥♥♥♥   0,♥♥♥♥♥   0,♥♥♥♥♥   0,X,X,♥♥♥♥♥   0,3,X,X,No,No,Yes,,,
4062,FALSE,The Seeker,The Who,1970,Oct 6 2015,Classic Rock,M,English,RB4,♥♥♥♥♥   4,♥♥♥♥♥   4,♥♥♥♥♥   3,X,X,♥♥♥♥♥   2,3,X,X,No,No,Yes,,,
4063,FALSE,Pistol Whipped,Tijuana Sweetheart,2012,Oct 6 2015,Punk,F,English,RB4,♥♥♥♥♥   5,♥♥♥♥♥   2,♥♥♥♥♥   5,X,X,♥♥♥♥♥   1,3,X,X,No,No,Yes,,,
4064,FALSE,Cedarwood Road,U2,2014,Oct 6 2015,Rock,M,English,RB4,♥♥♥♥♥   0,♥♥♥♥♥   0,♥♥♥♥♥   0,X,X,♥♥♥♥♥   1,3,X,X,No,No,Yes,,,
4065,FALSE,I Will Follow,U2,1980,Oct 6 2015,Rock,M,English,RB4,♥♥♥♥♥   0,♥♥♥♥♥   0,♥♥♥♥♥   2,X,X,♥♥♥♥♥   0,2,X,X,No,No,Yes,,,
4066,FALSE,Panama,Van Halen,1984,Oct 6 2015,Rock,M,English,RB4,♥♥♥♥♥   5,♥♥♥♥♥   5,♥♥♥♥♥   2,X,X,♥♥♥♥♥   2,3,X,X,No,No,Yes,VR,,
4067,FALSE,Brown Eyed Girl,Van Morrison,1967,Oct 6 2015,R&B/Soul/Funk,M,English,RB4,♥♥♥♥♥   3,♥♥♥♥♥   3,♥♥♥♥♥   1,X,X,♥♥♥♥♥   5,3,X,X,No,No,Yes,,,
4068,FALSE,At Night in Dreams,White Denim,2013,Oct 6 2015,Indie Rock,M,English,RB4,♥♥♥♥♥   5,♥♥♥♥♥   6,♥♥♥♥♥   6,X,X,♥♥♥♥♥   3,2,X,X,No,No,Yes,,,
4069,FALSE,My Own Eyes,"""Weird Al"" Yankovic",2014,Oct 6 2015,Novelty,M,English,DLC4,♥♥♥♥♥   2,♥♥♥♥♥   2,♥♥♥♥♥   4,X,X,♥♥♥♥♥   3,3,X,X,No,No,Yes,,,
4070,FALSE,Divide,All That Remains,2014,Oct 6 2015,Metal,M,English,DLC4,♥♥♥♥♥   4,♥♥♥♥♥   3,♥♥♥♥♥   4,X,X,♥♥♥♥♥   3,3,X,X,No,No,Yes,,,
4071,FALSE,What If I Was Nothing,All That Remains,2012,Oct 6 2015,Metal,M,English,DLC4,♥♥♥♥♥   3,♥♥♥♥♥   1,♥♥♥♥♥   1,X,X,♥♥♥♥♥   1,3,X,X,No,No,Yes,,,
4072,FALSE,Gimme Chocolate!!,BABYMETAL,2014,Oct 6 2015,Metal,F,Japanese,DLC4,♥♥♥♥♥   6,♥♥♥♥♥   5,♥♥♥♥♥   6,X,X,♥♥♥♥♥   3,3,X,X,No,No,Yes,,,
4073,FALSE,Run for Cover,Blitz Kids,2014,Oct 6 2015,Pop-Rock,M,English,DLC4,♥♥♥♥♥   4,♥♥♥♥♥   2,♥♥♥♥♥   4,X,X,♥♥♥♥♥   3,2,X,X,No,No,Yes,,,
4074,FALSE,Throne,Bring Me the Horizon,2015,Oct 6 2015,Nu-Metal,M,English,DLC4,♥♥♥♥♥   3,♥♥♥♥♥   1,♥♥♥♥♥   5,X,X,♥♥♥♥♥   2,3,X,X,No,No,Yes,,,
4075,FALSE,Mona Lisa,Dead Sara,2015,Oct 6 2015,Alternative,F,English,DLC4,♥♥♥♥♥   2,♥♥♥♥♥   2,♥♥♥♥♥   4,X,X,♥♥♥♥♥   4,3,X,X,No,No,Yes,,,
4076,FALSE,The Reflex,Duran Duran,1983,Oct 6 2015,Pop-Rock,M,English,DLC4,♥♥♥♥♥   3,♥♥♥♥♥   3,♥♥♥♥♥   5,X,X,♥♥♥♥♥   4,3,X,X,No,No,Yes,,,
4077,FALSE,September,"Earth, Wind & Fire",1978,Oct 6 2015,R&B/Soul/Funk,M,English,DLC4,♥♥♥♥♥   3,♥♥♥♥♥   3,♥♥♥♥♥   1,X,X,♥♥♥♥♥   4,3,X,X,No,No,Yes,,,
4078,FALSE,All the Rage Back Home,Interpol,2014,Oct 6 2015,Indie Rock,M,English,DLC4,♥♥♥♥♥   1,♥♥♥♥♥   2,♥♥♥♥♥   4,X,X,♥♥♥♥♥   3,3,X,X,No,No,Yes,,,
4079,FALSE,Move Over,Janis Joplin,1971,Oct 6 2015,Classic Rock,F,English,DLC4,♥♥♥♥♥   5,♥♥♥♥♥   3,♥♥♥♥♥   3,X,X,♥♥♥♥♥   5,X,X,X,No,No,Yes,,,
4080,FALSE,Jane,Jefferson Starship,1979,Oct 6 2015,Classic Rock,M,English,DLC4,♥♥♥♥♥   3,♥♥♥♥♥   1,♥♥♥♥♥   4,X,X,♥♥♥♥♥   6,3,X,X,No,No,Yes,,,
4081,FALSE,Rebellion (ft. Daron Malakian),Linkin Park,2014,Oct 6 2015,Nu-Metal,M,English,DLC4,♥♥♥♥♥   5,♥♥♥♥♥   6,♥♥♥♥♥   6,X,X,♥♥♥♥♥   2,3,X,X,No,No,Yes,,,
4082,FALSE,The Mephistopheles of Los Angeles,Marilyn Manson,2015,Oct 6 2015,Metal,M,English,DLC4,♥♥♥♥♥   2,♥♥♥♥♥   2,♥♥♥♥♥   3,X,X,♥♥♥♥♥   4,3,X,X,No,No,Yes,,,
4083,FALSE,High Road,Mastodon,2014,Oct 6 2015,Metal,M,English,DLC4,♥♥♥♥♥   4,♥♥♥♥♥   4,♥♥♥♥♥   6,X,X,♥♥♥♥♥   1,2,X,X,No,No,Yes,,,
4084,FALSE,One Big Holiday,My Morning Jacket,2003,Oct 6 2015,Southern Rock,M,English,DLC4,♥♥♥♥♥   4,♥♥♥♥♥   1,♥♥♥♥♥   6,X,X,♥♥♥♥♥   1,X,X,X,No,No,Yes,,,
4085,FALSE,Would You Still Be There,Of Mice & Men,2014,Oct 6 2015,Nu-Metal,M,English,DLC4,♥♥♥♥♥   2,♥♥♥♥♥   2,♥♥♥♥♥   5,X,X,♥♥♥♥♥   2,3,X,X,No,No,Yes,,,
4086,FALSE,"Sugar, You",Oh Honey,2015,Oct 6 2015,Indie Rock,F,English,DLC4,♥♥♥♥♥   2,♥♥♥♥♥   2,♥♥♥♥♥   3,X,X,♥♥♥♥♥   3,3,X,X,No,No,Yes,,,
4087,FALSE,Cowboys from Hell (Live from Monsters in Moscow Festival),Pantera,1991,Oct 6 2015,Metal,M,English,DLC4,♥♥♥♥♥   6,♥♥♥♥♥   6,♥♥♥♥♥   4,X,X,♥♥♥♥♥   2,X,X,X,No,No,Yes,,,
4088,FALSE,King for a Day (ft. Kellin Quinn),Pierce the Veil,2012,Oct 6 2015,Emo,M,English,DLC4,♥♥♥♥♥   3,♥♥♥♥♥   4,♥♥♥♥♥   6,X,X,♥♥♥♥♥   3,3,X,X,No,No,Yes,,,
4089,FALSE,Summertime Boy,Seasick Steve,2015,Oct 6 2015,Blues,M,English,DLC4,♥♥♥♥♥   2,♥♥♥♥♥   2,♥♥♥♥♥   1,X,X,♥♥♥♥♥   5,3,X,X,No,No,Yes,,,
4090,FALSE,Backwoods Company,The Wild Feathers,2013,Oct 6 2015,Southern Rock,M,English,DLC4,♥♥♥♥♥   2,♥♥♥♥♥   3,♥♥♥♥♥   3,X,X,♥♥♥♥♥   4,3,X,X,No,No,Yes,,,
4091,FALSE,Don't Wanna Fight,Alabama Shakes,2015,Oct 13 2015,Southern Rock,F,English,DLC4,♥♥♥♥♥   2,♥♥♥♥♥   1,♥♥♥♥♥   1,X,X,♥♥♥♥♥   6,X,X,X,No,No,Yes,,This song was available earlier to users that preordered the game via Amazon,
4092,FALSE,Failure,Breaking Benjamin,2015,Oct 13 2015,Rock,M,English,DLC4,♥♥♥♥♥   3,♥♥♥♥♥   3,♥♥♥♥♥   3,X,X,♥♥♥♥♥   2,3,X,X,No,No,Yes,,This song was available earlier to users that preordered the game via Amazon,
4093,FALSE,Trainwreck 1979,Death from Above 1979,2014,Oct 13 2015,Rock,M,English,DLC4,♥♥♥♥♥   3,♥♥♥♥♥   2,♥♥♥♥♥   3,X,X,♥♥♥♥♥   2,3,X,X,No,No,Yes,,This song was available earlier to users that preordered the game via Amazon,
4094,FALSE,Follow Me Down,The Pretty Reckless,2014,Oct 13 2015,Rock,F,English,DLC4,♥♥♥♥♥   2,♥♥♥♥♥   2,♥♥♥♥♥   4,X,X,♥♥♥♥♥   3,2,X,X,No,No,Yes,,This song was available earlier to users that preordered the game via Amazon,
4095,FALSE,Cryin',Aerosmith,1993,Oct 19 2015,Rock,M,English,DLC4,♥♥♥♥♥   3,♥♥♥♥♥   1,♥♥♥♥♥   3,X,X,♥♥♥♥♥   4,3,X,X,No,No,Yes,,,
4096,FALSE,Dude (Looks Like a Lady),Aerosmith,1987,Oct 19 2015,Rock,M,English,DLC4,♥♥♥♥♥   3,♥♥♥♥♥   1,♥♥♥♥♥   2,X,X,♥♥♥♥♥   3,3,X,X,No,No,Yes,,,
4097,FALSE,Eat the Rich,Aerosmith,1993,Oct 19 2015,Rock,M,English,DLC4,♥♥♥♥♥   5,♥♥♥♥♥   4,♥♥♥♥♥   2,X,X,♥♥♥♥♥   4,3,X,X,No,No,Yes,,,
4098,FALSE,Love in an Elevator,Aerosmith,1989,Oct 19 2015,Rock,M,English,DLC4,♥♥♥♥♥   4,♥♥♥♥♥   3,♥♥♥♥♥   4,X,X,♥♥♥♥♥   4,3,X,X,No,No,Yes,,,
4099,FALSE,Rats in the Cellar,Aerosmith,1976,Oct 19 2015,Rock,M,English,DLC4,♥♥♥♥♥   5,♥♥♥♥♥   6,♥♥♥♥♥   5,X,X,♥♥♥♥♥   3,2,X,X,No,No,Yes,,,
4100,FALSE,Seasons of Wither,Aerosmith,1974,Oct 19 2015,Rock,M,English,DLC4,♥♥♥♥♥   1,♥♥♥♥♥   0,♥♥♥♥♥   0,X,X,♥♥♥♥♥   2,3,X,X,No,No,Yes,,,
4101,FALSE,Always Something There to Remind Me,Naked Eyes,1983,Oct 27 2015,New Wave,M,English,DLC4,♥♥♥♥♥   0,♥♥♥♥♥   1,♥♥♥♥♥   4,X,X,♥♥♥♥♥   3,3,X,X,No,No,Yes,,,
4102,FALSE,People Are People,Depeche Mode,1984,Oct 27 2015,Pop/Dance/Electronic,M,English,DLC4,♥♥♥♥♥   0,♥♥♥♥♥   1,♥♥♥♥♥   3,X,X,♥♥♥♥♥   3,3,X,X,No,No,Yes,,,
4103,FALSE,What You Need,INXS,1985,Oct 27 2015,Pop-Rock,M,English,DLC4,♥♥♥♥♥   1,♥♥♥♥♥   0,♥♥♥♥♥   2,X,X,♥♥♥♥♥   5,2,X,X,No,No,Yes,,,
4104,FALSE,"Bad Case of Loving You (Doctor, Doctor)",Robert Palmer,1979,Nov 4 2015,Pop-Rock,M,English,DLC4,♥♥♥♥♥   2,♥♥♥♥♥   3,♥♥♥♥♥   2,X,X,♥♥♥♥♥   3,2,X,X,No,No,Yes,,,
4105,FALSE,Long Cool Woman in a Black Dress,The Hollies,1971,Nov 4 2015,Classic Rock,M,English,DLC4,♥♥♥♥♥   2,♥♥♥♥♥   0,♥♥♥♥♥   0,X,X,♥♥♥♥♥   3,X,X,X,No,No,Yes,,,
4106,FALSE,Lust for Life,Iggy Pop,1977,Nov 4 2015,Rock,M,English,DLC4,♥♥♥♥♥   4,♥♥♥♥♥   4,♥♥♥♥♥   4,X,X,♥♥♥♥♥   2,3,X,X,No,No,Yes,,,
4107,FALSE,Like a Stone,Audioslave,2002,Nov 9 2015,Rock,M,English,DLC4,♥♥♥♥♥   1,♥♥♥♥♥   0,♥♥♥♥♥   1,X,X,♥♥♥♥♥   3,2,X,X,No,No,Yes,,,
4108,FALSE,Awake,Godsmack,2000,Nov 9 2015,Nu-Metal,M,English,DLC4,♥♥♥♥♥   3,♥♥♥♥♥   1,♥♥♥♥♥   4,X,X,♥♥♥♥♥   3,2,X,X,No,No,Yes,,,
4109,FALSE,Lying from You,Linkin Park,2003,Nov 9 2015,Nu-Metal,M,English,DLC4,♥♥♥♥♥   2,♥♥♥♥♥   1,♥♥♥♥♥   3,X,X,♥♥♥♥♥   1,3,X,X,No,No,Yes,,,
4110,FALSE,Bad Catholics ,The Barbazons,2015,Aug 9 2016,Indie Rock,M,English,DLC4,♥♥♥♥♥   3,♥♥♥♥♥   3,♥♥♥♥♥   0,X,X,♥♥♥♥♥   6,3,X,X,No,No,Yes,,Was first available via having an account with the Scuff dating app,
4111,FALSE,Sing,Ed Sheeran,2014,Nov 17 2015,Pop-Rock,M,English,DLC4,♥♥♥♥♥   3,♥♥♥♥♥   1,♥♥♥♥♥   0,X,X,♥♥♥♥♥   6,3,X,X,No,No,Yes,,,
4112,FALSE,Young Blood,Saint Raymond,2015,Nov 17 2015,Pop-Rock,M,English,DLC4,♥♥♥♥♥   2,♥♥♥♥♥   3,♥♥♥♥♥   4,X,X,♥♥♥♥♥   3,3,X,X,No,No,Yes,,Only Available Bunded With 'Sing - Ed Sheeran',
4113,FALSE,Riptide,Vance Joy,2013,Nov 17 2015,Indie Rock,M,English,DLC4,♥♥♥♥♥   3,♥♥♥♥♥   2,♥♥♥♥♥   0,X,X,♥♥♥♥♥   2,3,X,X,No,No,Yes,,,
4114,FALSE,Shut Up and Dance,Walk the Moon,2014,Nov 17 2015,Pop-Rock,M,English,DLC4,♥♥♥♥♥   4,♥♥♥♥♥   1,♥♥♥♥♥   4,X,X,♥♥♥♥♥   3,3,X,X,No,No,Yes,,,
4115,FALSE,And The Cradle Will Rock...,Van Halen,1980,Nov 24 2015,Rock,M,English,DLC4,♥♥♥♥♥   4,♥♥♥♥♥   3,♥♥♥♥♥   1,X,X,♥♥♥♥♥   5,2,X,X,No,No,Yes,,,
4116,FALSE,Ain't Talkin' 'bout Love,Van Halen,1978,Nov 24 2015,Rock,M,English,DLC4,♥♥♥♥♥   3,♥♥♥♥♥   1,♥♥♥♥♥   4,X,X,♥♥♥♥♥   2,2,X,X,No,No,Yes,,,
4117,FALSE,Dance the Night Away,Van Halen,1979,Nov 24 2015,Rock,M,English,DLC4,♥♥♥♥♥   2,♥♥♥♥♥   2,♥♥♥♥♥   3,X,X,♥♥♥♥♥   5,3,X,X,No,No,Yes,,,
4118,FALSE,Hot for Teacher,Van Halen,1984,Nov 24 2015,Rock,M,English,DLC4,♥♥♥♥♥   6,♥♥♥♥♥   5,♥♥♥♥♥   6,X,X,♥♥♥♥♥   4,2,X,X,No,No,Yes,VR-DLC,,
4119,FALSE,Runnin' with the Devil,Van Halen,1979,Nov 24 2015,Rock,M,English,DLC4,♥♥♥♥♥   3,♥♥♥♥♥   1,♥♥♥♥♥   2,X,X,♥♥♥♥♥   6,3,X,X,No,No,Yes,,,
4120,FALSE,Unchained,Van Halen,1981,Nov 24 2015,Rock,M,English,DLC4,♥♥♥♥♥   4,♥♥♥♥♥   1,♥♥♥♥♥   4,X,X,♥♥♥♥♥   5,2,X,X,No,No,Yes,,,
4121,FALSE,Dreams,Beck,2015,Dec 1 2015,Alternative,M,English,DLC4,♥♥♥♥♥   3,♥♥♥♥♥   4,♥♥♥♥♥   1,X,X,♥♥♥♥♥   4,3,X,X,No,No,Yes,,,
4122,FALSE,Electric Love,BØRNS,2015,Dec 1 2015,Pop/Dance/Electronic,M,English,DLC4,♥♥♥♥♥   5,♥♥♥♥♥   3,♥♥♥♥♥   4,X,X,♥♥♥♥♥   4,3,X,X,No,No,Yes,,,
4123,FALSE,Cocoon,Catfish and the Bottlemen,2015,Dec 1 2015,Indie Rock,M,English,DLC4,♥♥♥♥♥   2,♥♥♥♥♥   4,♥♥♥♥♥   4,X,X,♥♥♥♥♥   3,3,X,X,No,No,Yes,,,
4124,FALSE,First,Cold War Kids,2015,Dec 1 2015,Indie Rock,M,English,DLC4,♥♥♥♥♥   0,♥♥♥♥♥   0,♥♥♥♥♥   1,X,X,♥♥♥♥♥   2,3,X,X,No,No,Yes,,,
4125,FALSE,Renegades,X Ambassadors,2015,Dec 1 2015,Alternative,M,English,DLC4,♥♥♥♥♥   5,♥♥♥♥♥   0,♥♥♥♥♥   2,X,X,♥♥♥♥♥   2,3,X,X,No,No,Yes,,,
4126,FALSE,The Coma Machine,Between the Buried and Me,2015,Dec 8 2015,Prog,M,English,DLC4,♥♥♥♥♥   6,♥♥♥♥♥   5,♥♥♥♥♥   6,X,X,♥♥♥♥♥   4,3,X,X,No,No,Yes,,,
4127,FALSE,Heir Apparent,Opeth,2008,Dec 8 2015,Prog,M,English,DLC4,♥♥♥♥♥   6,♥♥♥♥♥   6,♥♥♥♥♥   6,X,X,♥♥♥♥♥   0,X,X,X,No,No,Yes,,,
4128,FALSE,Nevermore,Symphony X,2015,Dec 8 2015,Prog,M,English,DLC4,♥♥♥♥♥   6,♥♥♥♥♥   6,♥♥♥♥♥   6,X,X,♥♥♥♥♥   4,2,X,X,No,No,Yes,,,
4129,FALSE,Ex's and Oh's,Elle King,2015,Dec 15 2015,Alternative,F,English,DLC4,♥♥♥♥♥   2,♥♥♥♥♥   2,♥♥♥♥♥   3,X,X,♥♥♥♥♥   2,X,X,X,No,No,Yes,VR-DLC,,
4130,FALSE,Can't Feel My Face,The Weeknd,2015,Dec 15 2015,Pop/Dance/Electronic,M,English,DLC4,♥♥♥♥♥   0,♥♥♥♥♥   4,♥♥♥♥♥   0,X,X,♥♥♥♥♥   4,3,X,X,No,No,Yes,VR-DLC,,
4131,FALSE,Irresistible,Fall Out Boy,2015,Dec 15 2015,Pop-Rock,M,English,DLC4,♥♥♥♥♥   1,♥♥♥♥♥   0,♥♥♥♥♥   5,X,X,♥♥♥♥♥   4,2,X,X,No,No,Yes,,,
4132,FALSE,Different Colors,Walk the Moon,2015,Dec 15 2015,Pop-Rock,M,English,DLC4,♥♥♥♥♥   1,♥♥♥♥♥   4,♥♥♥♥♥   4,X,X,♥♥♥♥♥   2,3,X,X,No,No,Yes,,,
4133,FALSE,Stitches,Shawn Mendes,2015,Dec 15 2015,Pop-Rock,M,English,DLC4,♥♥♥♥♥   2,♥♥♥♥♥   1,♥♥♥♥♥   0,X,X,♥♥♥♥♥   5,3,X,X,No,No,Yes,,,
4134,FALSE,Sunday Bloody Sunday,U2,1983,Dec 22 2015,Rock,M,English,DLC4,♥♥♥♥♥   2,♥♥♥♥♥   3,♥♥♥♥♥   5,X,X,♥♥♥♥♥   3,3,X,X,No,No,Yes,,,
4135,FALSE,Pride (In the Name of Love),U2,1984,Dec 22 2015,Rock,M,English,DLC4,♥♥♥♥♥   3,♥♥♥♥♥   3,♥♥♥♥♥   5,X,X,♥♥♥♥♥   3,3,X,X,No,No,Yes,,,
4136,FALSE,Where the Streets Have No Name,U2,1987,Dec 22 2015,Rock,M,English,DLC4,♥♥♥♥♥   4,♥♥♥♥♥   3,♥♥♥♥♥   5,X,X,♥♥♥♥♥   2,X,X,X,No,No,Yes,,,
4137,FALSE,Desire,U2,1988,Dec 22 2015,Rock,M,English,DLC4,♥♥♥♥♥   3,♥♥♥♥♥   2,♥♥♥♥♥   3,X,X,♥♥♥♥♥   3,2,X,X,No,No,Yes,,,
4138,FALSE,One,U2,1991,Dec 22 2015,Rock,M,English,DLC4,♥♥♥♥♥   3,♥♥♥♥♥   1,♥♥♥♥♥   1,X,X,♥♥♥♥♥   3,X,X,X,No,No,Yes,,,
4139,FALSE,Vertigo,U2,2004,Dec 22 2015,Rock,M,English,DLC4,♥♥♥♥♥   2,♥♥♥♥♥   2,♥♥♥♥♥   2,X,X,♥♥♥♥♥   2,3,X,X,No,No,Yes,,,
4140,FALSE,California (There Is No End to Love),U2,2014,Dec 22 2015,Rock,M,English,DLC4,♥♥♥♥♥   3,♥♥♥♥♥   2,♥♥♥♥♥   3,X,X,♥♥♥♥♥   5,3,X,X,No,No,Yes,,,
4141,FALSE,The Miracle (Of Joey Ramone),U2,2014,Dec 22 2015,Rock,M,English,DLC4,♥♥♥♥♥   3,♥♥♥♥♥   3,♥♥♥♥♥   5,X,X,♥♥♥♥♥   4,3,X,X,No,No,Yes,,,
4142,FALSE,Adventure of a Lifetime,Coldplay,2015,Dec 29 2015,Alternative,M,English,DLC4,♥♥♥♥♥   4,♥♥♥♥♥   3,♥♥♥♥♥   5,X,X,♥♥♥♥♥   4,3,X,X,No,No,Yes,,,
4143,FALSE,Drag Me Down,One Direction,2015,Dec 29 2015,Pop/Dance/Electronic,M,English,DLC4,♥♥♥♥♥   1,♥♥♥♥♥   1,♥♥♥♥♥   2,X,X,♥♥♥♥♥   5,3,X,X,No,No,Yes,,,
4144,FALSE,Thank God for Girls,Weezer,2015,Dec 29 2015,Alternative,M,English,DLC4,♥♥♥♥♥   1,♥♥♥♥♥   3,♥♥♥♥♥   4,X,X,♥♥♥♥♥   3,3,X,X,No,No,Yes,,,
4145,FALSE,What Do You Mean?,Justin Bieber,2015,Dec 29 2015,Pop/Dance/Electronic,M,English,DLC4,♥♥♥♥♥   2,♥♥♥♥♥   1,♥♥♥♥♥   0,X,X,♥♥♥♥♥   5,3,X,X,No,No,Yes,,,
4146,FALSE,On My Mind,Ellie Goulding,2015,Dec 29 2015,Pop/Dance/Electronic,F,English,DLC4,♥♥♥♥♥   2,♥♥♥♥♥   2,♥♥♥♥♥   5,X,X,♥♥♥♥♥   2,3,X,X,No,No,Yes,,,
4147,FALSE,Leave the Night On,Sam Hunt,2014,Dec 29 2015,Country,M,English,DLC4,♥♥♥♥♥   3,♥♥♥♥♥   3,♥♥♥♥♥   3,X,X,♥♥♥♥♥   4,3,X,X,No,No,Yes,,,
4148,FALSE,Immortalized,Disturbed,2015,Jan 12 2016,Nu-Metal,M,English,DLC4,♥♥♥♥♥   4,♥♥♥♥♥   5,♥♥♥♥♥   6,X,X,♥♥♥♥♥   5,3,X,X,No,No,Yes,,,
4149,FALSE,The Vengeful One,Disturbed,2015,Jan 12 2016,Nu-Metal,M,English,DLC4,♥♥♥♥♥   4,♥♥♥♥♥   4,♥♥♥♥♥   5,X,X,♥♥♥♥♥   4,3,X,X,No,No,Yes,,,
4150,FALSE,Warrior,Disturbed,2010,Jan 12 2016,Nu-Metal,M,English,DLC4,♥♥♥♥♥   5,♥♥♥♥♥   5,♥♥♥♥♥   6,X,X,♥♥♥♥♥   3,3,X,X,No,No,Yes,,,
4151,FALSE,My Wave,Soundgarden,1994,Jan 19 2016,Grunge,M,English,DLC4,♥♥♥♥♥   1,♥♥♥♥♥   4,♥♥♥♥♥   4,X,X,♥♥♥♥♥   6,X,X,X,No,No,Yes,,,
4152,FALSE,Wicked Garden,Stone Temple Pilots,1992,Jan 19 2016,Alternative,M,English,DLC4,♥♥♥♥♥   2,♥♥♥♥♥   3,♥♥♥♥♥   2,X,X,♥♥♥♥♥   2,3,X,X,No,No,Yes,,,
4153,FALSE,Hunger Strike,Temple of the Dog,1991,Jan 19 2016,Grunge,M,English,DLC4,♥♥♥♥♥   3,♥♥♥♥♥   1,♥♥♥♥♥   2,X,X,♥♥♥♥♥   5,2,X,X,No,No,Yes,,,
4154,FALSE,Get Lucky,Daft Punk ft. Pharrell Williams,2013,Feb 2 2016,Pop/Dance/Electronic,M,English,DLC4,♥♥♥♥♥   4,♥♥♥♥♥   4,♥♥♥♥♥   5,X,X,♥♥♥♥♥   4,3,X,X,No,No,Yes,,,
4155,FALSE,Heartbeat Song,Kelly Clarkson,2015,Feb 2 2016,Pop/Dance/Electronic,F,English,DLC4,♥♥♥♥♥   1,♥♥♥♥♥   0,♥♥♥♥♥   2,X,X,♥♥♥♥♥   3,3,X,X,No,No,Yes,,,
4156,FALSE,Hey Ya!,Outkast,2003,Feb 2 2016,Hip-Hop/Rap,M,English,DLC4,♥♥♥♥♥   1,♥♥♥♥♥   2,♥♥♥♥♥   0,X,X,♥♥♥♥♥   5,3,X,X,No,No,Yes,,,
4157,FALSE,Locked Out of Heaven,Bruno Mars,2012,Feb 9 2016,Pop-Rock,M,English,DLC4,♥♥♥♥♥   2,♥♥♥♥♥   3,♥♥♥♥♥   3,X,X,♥♥♥♥♥   4,3,X,X,No,No,Yes,,,
4158,FALSE,Treasure,Bruno Mars,2012,Feb 9 2016,Pop-Rock,M,English,DLC4,♥♥♥♥♥   2,♥♥♥♥♥   2,♥♥♥♥♥   0,X,X,♥♥♥♥♥   4,3,X,X,No,No,Yes,,,
4159,FALSE,Dancing with Myself,Generation X,1981,Feb 9 2016,Punk,M,English,DLC4,♥♥♥♥♥   5,♥♥♥♥♥   3,♥♥♥♥♥   4,X,X,♥♥♥♥♥   2,3,X,X,No,No,Yes,,,
4160,FALSE,Love Stinks,The J. Geils Band,1980,Feb 9 2016,Rock,M,English,DLC4,♥♥♥♥♥   0,♥♥♥♥♥   0,♥♥♥♥♥   1,X,X,♥♥♥♥♥   3,3,X,X,No,No,Yes,,,
4161,FALSE,I Hate Myself for Loving You,Joan Jett & the Blackhearts,1988,Feb 9 2016,Punk,F,English,DLC4,♥♥♥♥♥   3,♥♥♥♥♥   2,♥♥♥♥♥   3,X,X,♥♥♥♥♥   1,2,X,X,No,No,Yes,,,
4162,FALSE,Speed Fighter,Masaya Matsuura,2014,Feb 9 2016,Pop/Dance/Electronic,X,X,DLC4,♥♥♥♥♥   5,♥♥♥♥♥   6,♥♥♥♥♥   5,X,X,X,X,X,X,No,No,Yes,,,
4163,FALSE,Still the One,Orleans,1976,Feb 9 2016,Rock,M,English,DLC4,♥♥♥♥♥   5,♥♥♥♥♥   3,♥♥♥♥♥   3,X,X,♥♥♥♥♥   6,3,X,X,No,No,Yes,,,
4164,FALSE,Got Your Six,Five Finger Death Punch,2015,Feb 16 2016,Metal,M,English,DLC4,♥♥♥♥♥   4,♥♥♥♥♥   4,♥♥♥♥♥   3,X,X,♥♥♥♥♥   0,2,X,X,No,No,Yes,,,
4165,FALSE,Thunder & Lightning,Motörhead,2015,Feb 16 2016,Metal,M,English,DLC4,♥♥♥♥♥   4,♥♥♥♥♥   3,♥♥♥♥♥   5,X,X,♥♥♥♥♥   1,3,X,X,No,No,Yes,,,
4166,FALSE,Figure It Out,Royal Blood,2014,Feb 16 2016,Rock,M,English,DLC4,♥♥♥♥♥   4,♥♥♥♥♥   5,♥♥♥♥♥   4,X,X,♥♥♥♥♥   4,X,X,X,No,No,Yes,,,
4167,FALSE,Chicken Fried,Zac Brown Band,2008,Feb 23 2016,Country,M,English,DLC4,♥♥♥♥♥   4,♥♥♥♥♥   2,♥♥♥♥♥   2,X,X,♥♥♥♥♥   4,3,X,X,No,No,Yes,,,
4168,FALSE,Homegrown,Zac Brown Band,2015,Feb 23 2016,Country,M,English,DLC4,♥♥♥♥♥   2,♥♥♥♥♥   2,♥♥♥♥♥   1,X,X,♥♥♥♥♥   3,3,X,X,No,No,Yes,,,
4169,FALSE,The Wind,Zac Brown Band,2012,Feb 23 2016,Country,M,English,DLC4,♥♥♥♥♥   6,♥♥♥♥♥   1,♥♥♥♥♥   4,X,X,♥♥♥♥♥   3,3,X,X,No,No,Yes,,,
4170,FALSE,Best Song Ever,One Direction,2013,Mar 8 2016,Pop/Dance/Electronic,M,English,DLC4,♥♥♥♥♥   5,♥♥♥♥♥   2,♥♥♥♥♥   4,X,X,♥♥♥♥♥   6,3,X,X,No,No,Yes,,,
4171,FALSE,Never Enough,One Direction,2015,Mar 8 2016,Pop/Dance/Electronic,M,English,DLC4,♥♥♥♥♥   3,♥♥♥♥♥   0,♥♥♥♥♥   3,X,X,♥♥♥♥♥   5,3,X,X,No,No,Yes,,,
4172,FALSE,Story of My Life,One Direction,2013,Mar 8 2016,Pop/Dance/Electronic,M,English,DLC4,♥♥♥♥♥   3,♥♥♥♥♥   1,♥♥♥♥♥   3,X,X,♥♥♥♥♥   3,3,X,X,No,No,Yes,,,
4173,FALSE,What Makes You Beautiful,One Direction,2011,Mar 8 2016,Pop/Dance/Electronic,M,English,DLC4,♥♥♥♥♥   1,♥♥♥♥♥   1,♥♥♥♥♥   3,X,X,♥♥♥♥♥   2,3,X,X,No,No,Yes,,,
4174,FALSE,Zombie,The Cranberries,1994,Mar 15 2016,Alternative,F,English,DLC4,♥♥♥♥♥   2,♥♥♥♥♥   1,♥♥♥♥♥   4,X,X,♥♥♥♥♥   3,2,X,X,No,No,Yes,,,
4175,FALSE,Ode to My Family,The Cranberries,1994,Mar 15 2016,Alternative,F,English,DLC4,♥♥♥♥♥   2,♥♥♥♥♥   2,♥♥♥♥♥   4,X,X,♥♥♥♥♥   3,3,X,X,No,No,Yes,,,
4176,FALSE,Dreams,The Cranberries,1993,Mar 15 2016,Alternative,F,English,DLC4,♥♥♥♥♥   2,♥♥♥♥♥   0,♥♥♥♥♥   3,X,X,♥♥♥♥♥   4,2,X,X,No,No,Yes,,,
4177,FALSE,She Looks So Perfect,5 Seconds of Summer,2014,Mar 22 2016,Pop-Rock,M,English,DLC4,♥♥♥♥♥   2,♥♥♥♥♥   2,♥♥♥♥♥   3,X,X,♥♥♥♥♥   3,3,X,X,No,No,Yes,,,
4178,FALSE,My Songs Know What You Did in the Dark (Light Em Up),Fall Out Boy,2013,Mar 22 2016,Pop-Rock,M,English,DLC4,♥♥♥♥♥   2,♥♥♥♥♥   0,♥♥♥♥♥   3,X,X,♥♥♥♥♥   4,3,X,X,No,No,Yes,VR-DLC,,
4179,FALSE,Everybody Talks,Neon Trees,2012,Mar 22 2016,Pop-Rock,M,English,DLC4,♥♥♥♥♥   3,♥♥♥♥♥   3,♥♥♥♥♥   3,X,X,♥♥♥♥♥   3,3,X,X,No,No,Yes,,,
4180,FALSE,That's My Kind of Night,Luke Bryan,2013,Mar 29 2016,Country,M,English,DLC4,♥♥♥♥♥   6,♥♥♥♥♥   3,♥♥♥♥♥   2,X,X,♥♥♥♥♥   2,3,X,X,No,No,Yes,,,
4181,FALSE,House Party,Sam Hunt,2014,Mar 29 2016,Country,M,English,DLC4,♥♥♥♥♥   3,♥♥♥♥♥   0,♥♥♥♥♥   5,X,X,♥♥♥♥♥   3,2,X,X,No,No,Yes,,,
4182,FALSE,Blown Away,Carrie Underwood,2012,Mar 29 2016,Country,F,English,DLC4,♥♥♥♥♥   2,♥♥♥♥♥   1,♥♥♥♥♥   2,X,X,♥♥♥♥♥   3,3,X,X,No,No,Yes,,,
4183,FALSE,Cake by the Ocean,DNCE,2015,Apr 11 2016,Pop-Rock,M,English,DLC4,♥♥♥♥♥   2,♥♥♥♥♥   2,♥♥♥♥♥   4,X,X,♥♥♥♥♥   3,3,X,X,No,No,Yes,,,
4184,FALSE,Stressed Out,Twenty One Pilots,2015,Apr 11 2016,Alternative,M,English,DLC4,♥♥♥♥♥   1,♥♥♥♥♥   1,♥♥♥♥♥   3,X,X,♥♥♥♥♥   2,3,X,X,No,No,Yes,VR-DLC,,
4185,FALSE,The Hills,The Weeknd,2015,Apr 11 2016,Pop/Dance/Electronic,M,English,DLC4,♥♥♥♥♥   0,♥♥♥♥♥   1,♥♥♥♥♥   4,X,X,♥♥♥♥♥   4,3,X,X,No,No,Yes,,,
4186,FALSE,Sorry,Justin Bieber,2015,Apr 19 2016,Pop/Dance/Electronic,M,English,DLC4,♥♥♥♥♥   0,♥♥♥♥♥   1,♥♥♥♥♥   4,X,X,♥♥♥♥♥   3,3,X,X,No,No,Yes,,,
4187,FALSE,Boyfriend,Justin Bieber,2012,Apr 19 2016,Pop/Dance/Electronic,M,English,DLC4,♥♥♥♥♥   0,♥♥♥♥♥   0,♥♥♥♥♥   2,X,X,♥♥♥♥♥   3,3,X,X,No,No,Yes,,,
4188,FALSE,Love Yourself,Justin Bieber,2015,Apr 19 2016,Pop/Dance/Electronic,M,English,DLC4,♥♥♥♥♥   1,X,X,X,X,♥♥♥♥♥   2,3,X,X,No,No,Yes,,,
4189,FALSE,Redneck,Lamb of God,2006,Apr 26 2016,Metal,M,English,DLC4,♥♥♥♥♥   6,♥♥♥♥♥   6,♥♥♥♥♥   6,X,X,♥♥♥♥♥   0,2,X,X,No,No,Yes,,,
4190,FALSE,What I Like About You,The Romantics,1980,Apr 26 2016,Pop-Rock,M,English,DLC4,♥♥♥♥♥   4,♥♥♥♥♥   3,♥♥♥♥♥   2,X,X,♥♥♥♥♥   1,3,X,X,No,No,Yes,,,
4191,FALSE,Dope Nose,Weezer,2002,Apr 26 2016,Alternative,M,English,DLC4,♥♥♥♥♥   4,♥♥♥♥♥   4,♥♥♥♥♥   4,X,X,♥♥♥♥♥   4,3,X,X,No,No,Yes,,,
4192,FALSE,Don't Do Me Like That,Tom Petty and the Heartbreakers,1979,May 10 2016,Rock,M,English,DLC4,♥♥♥♥♥   2,♥♥♥♥♥   1,♥♥♥♥♥   2,X,X,♥♥♥♥♥   3,2,X,X,No,No,Yes,,,
4193,FALSE,Learning to Fly,Tom Petty and the Heartbreakers,1991,May 10 2016,Rock,M,English,DLC4,♥♥♥♥♥   1,♥♥♥♥♥   0,♥♥♥♥♥   1,X,X,♥♥♥♥♥   2,3,X,X,No,No,Yes,,,
4194,FALSE,Breakfast at Tiffany's,Deep Blue Something,1995,May 17 2016,Alternative,M,English,DLC4,♥♥♥♥♥   3,♥♥♥♥♥   1,♥♥♥♥♥   5,X,X,♥♥♥♥♥   2,2,X,X,No,No,Yes,,,
4195,FALSE,Take Me to Church,Hozier,2014,May 17 2016,Indie Rock,M,English,DLC4,♥♥♥♥♥   0,♥♥♥♥♥   0,♥♥♥♥♥   0,X,X,♥♥♥♥♥   6,3,X,X,No,No,Yes,,,
4196,FALSE,Hey Jealousy,Gin Blossoms,1993,May 24 2016,Alternative,M,English,DLC4,♥♥♥♥♥   3,♥♥♥♥♥   2,♥♥♥♥♥   3,X,X,♥♥♥♥♥   3,X,X,X,No,No,Yes,,,
4197,FALSE,Found Out About You,Gin Blossoms,1993,May 24 2016,Alternative,M,English,DLC4,♥♥♥♥♥   3,♥♥♥♥♥   2,♥♥♥♥♥   3,X,X,♥♥♥♥♥   2,2,X,X,No,No,Yes,,,
4198,FALSE,We're Not Gonna Take It,Twisted Sister,1984,May 31 2016,Glam,M,English,DLC4,♥♥♥♥♥   2,♥♥♥♥♥   3,♥♥♥♥♥   4,X,X,♥♥♥♥♥   2,3,X,X,No,No,Yes,,,
4199,FALSE,Cherry Pie,Warrant,1990,May 31 2016,Glam,M,English,DLC4,♥♥♥♥♥   4,♥♥♥♥♥   3,♥♥♥♥♥   4,X,X,♥♥♥♥♥   4,3,X,X,No,No,Yes,,,
4200,FALSE,Hook,Blues Traveler,1994,Jun 7 2016,Rock,M,English,DLC4,♥♥♥♥♥   6,♥♥♥♥♥   5,♥♥♥♥♥   4,X,X,♥♥♥♥♥   6,3,X,X,No,No,Yes,,,
4201,FALSE,Famous Last Words,My Chemical Romance,2006,Jun 7 2016,Emo,M,English,DLC4,♥♥♥♥♥   4,♥♥♥♥♥   1,♥♥♥♥♥   3,X,X,♥♥♥♥♥   4,3,X,X,No,No,Yes,,,
4202,FALSE,Rude,Magic!,2014,Jun 14 2016,Pop-Rock,M,English,DLC4,♥♥♥♥♥   2,♥♥♥♥♥   3,♥♥♥♥♥   4,X,X,♥♥♥♥♥   4,3,X,X,No,No,Yes,,,
4203,FALSE,Iris,Goo Goo Dolls,1998,Jun 14 2016,Alternative,M,English,DLC4,♥♥♥♥♥   2,♥♥♥♥♥   2,♥♥♥♥♥   3,X,X,♥♥♥♥♥   2,2,X,X,No,No,Yes,,,
4204,FALSE,Radioactive,Imagine Dragons,2012,Jun 21 2016,Alternative,M,English,DLC4,♥♥♥♥♥   1,♥♥♥♥♥   4,♥♥♥♥♥   0,X,X,♥♥♥♥♥   1,3,X,X,No,No,Yes,,,
4205,FALSE,Never Too Late,Three Days Grace,2006,Jun 21 2016,Rock,M,English,DLC4,♥♥♥♥♥   2,♥♥♥♥♥   1,♥♥♥♥♥   1,X,X,♥♥♥♥♥   2,3,X,X,No,No,Yes,,,
4206,FALSE,Africa,Toto,1982,Jun 28 2016,Pop-Rock,M,English,DLC4,♥♥♥♥♥   3,♥♥♥♥♥   3,♥♥♥♥♥   4,X,X,♥♥♥♥♥   5,3,X,X,No,No,Yes,,,
4207,FALSE,All These Things That I've Done,The Killers,2004,Jun 28 2016,Alternative,M,English,DLC4,♥♥♥♥♥   0,♥♥♥♥♥   3,♥♥♥♥♥   4,X,X,♥♥♥♥♥   2,3,X,X,No,No,Yes,,,
4208,FALSE,Lips of an Angel,Hinder,2005,Jul 5 2016,Rock,M,English,DLC4,♥♥♥♥♥   2,♥♥♥♥♥   1,♥♥♥♥♥   0,X,X,♥♥♥♥♥   1,3,X,X,No,No,Yes,,,
4209,FALSE,Where Is My Mind?,Pixies,1988,Jul 5 2016,Alternative,M,English,DLC4,♥♥♥♥♥   2,♥♥♥♥♥   1,♥♥♥♥♥   0,X,X,♥♥♥♥♥   3,2,X,X,No,No,Yes,,,
4210,FALSE,Rock This Town,Brian Setzer,2007,Jul 12 2016,Rock,M,English,DLC4,♥♥♥♥♥   5,♥♥♥♥♥   5,♥♥♥♥♥   3,X,X,♥♥♥♥♥   5,2,X,X,No,No,Yes,,,
4211,FALSE,Jumper,Third Eye Blind,1997,Jul 12 2016,Alternative,M,English,DLC4,♥♥♥♥♥   2,♥♥♥♥♥   3,♥♥♥♥♥   3,X,X,♥♥♥♥♥   3,3,X,X,No,No,Yes,,,
4212,FALSE,Uptown Girl,Billy Joel,1983,Jul 19 2016,Classic Rock,M,English,DLC4,♥♥♥♥♥   1,♥♥♥♥♥   2,♥♥♥♥♥   1,X,X,♥♥♥♥♥   4,3,X,X,No,No,Yes,,,
4213,FALSE,Hemorrhage (In My Hands),Fuel,2000,Jul 19 2016,Rock,M,English,DLC4,♥♥♥♥♥   2,♥♥♥♥♥   2,♥♥♥♥♥   2,X,X,♥♥♥♥♥   2,2,X,X,No,No,Yes,,,
4214,FALSE,Pompeii,Bastille,2013,Jul 26 2016,Indie Rock,M,English,DLC4,♥♥♥♥♥   1,♥♥♥♥♥   2,♥♥♥♥♥   5,X,X,♥♥♥♥♥   3,3,X,X,No,No,Yes,,,
4215,FALSE,I Gotta Feeling,The Black Eyed Peas,2009,Jul 26 2016,Pop/Dance/Electronic,M,English,DLC4,♥♥♥♥♥   1,♥♥♥♥♥   0,♥♥♥♥♥   4,X,X,♥♥♥♥♥   3,3,X,X,No,No,Yes,,,
4216,FALSE,Blurred Lines,Robin Thicke ft. Pharrell,2013,Aug 2 2016,R&B/Soul/Funk,M,English,DLC4,♥♥♥♥♥   1,♥♥♥♥♥   1,♥♥♥♥♥   3,X,X,♥♥♥♥♥   5,3,X,X,No,No,Yes,,,
4217,FALSE,Mr. Jones,Counting Crows,1993,Aug 2 2016,Alternative,M,English,DLC4,♥♥♥♥♥   2,♥♥♥♥♥   3,♥♥♥♥♥   3,X,X,♥♥♥♥♥   5,3,X,X,No,No,Yes,,,
4218,FALSE,Heaven Is a Place on Earth,Belinda Carlisle,1987,Aug 9 2016,Pop-Rock,F,English,DLC4,♥♥♥♥♥   5,♥♥♥♥♥   3,♥♥♥♥♥   4,X,X,♥♥♥♥♥   3,3,X,X,No,No,Yes,,,
4219,FALSE,If You Could Only See,Tonic,1996,Aug 16 2016,Alternative,M,English,DLC4,♥♥♥♥♥   3,♥♥♥♥♥   4,♥♥♥♥♥   1,X,X,♥♥♥♥♥   3,3,X,X,No,No,Yes,,,
4220,FALSE,Everything You Want,Vertical Horizon,1999,Aug 16 2016,Alternative,M,English,DLC4,♥♥♥♥♥   3,♥♥♥♥♥   2,♥♥♥♥♥   2,X,X,♥♥♥♥♥   1,3,X,X,No,No,Yes,,,
4221,FALSE,I'm Yours,Jason Mraz,2008,Aug 23 2016,Pop-Rock,M,English,DLC4,♥♥♥♥♥   1,♥♥♥♥♥   1,♥♥♥♥♥   1,X,X,♥♥♥♥♥   5,3,X,X,No,No,Yes,,,
4222,FALSE,Starships,Nicki Minaj,2012,Aug 23 2016,Pop/Dance/Electronic,F,English,DLC4,♥♥♥♥♥   0,♥♥♥♥♥   1,♥♥♥♥♥   1,X,X,♥♥♥♥♥   3,3,X,X,No,No,Yes,,,
4223,FALSE,What About Love,Heart,1985,Aug 30 2016,Classic Rock,F,English,DLC4,♥♥♥♥♥   1,♥♥♥♥♥   0,♥♥♥♥♥   3,X,X,♥♥♥♥♥   3,2,X,X,No,No,Yes,,,
4224,FALSE,Seventeen,Winger,1988,Aug 30 2016,Glam,M,English,DLC4,♥♥♥♥♥   6,♥♥♥♥♥   3,♥♥♥♥♥   4,X,X,♥♥♥♥♥   2,3,X,X,No,No,Yes,,,
4225,FALSE,Wrong Side of Heaven,Five Finger Death Punch,2013,Sep 6 2016,Metal,M,English,DLC4,♥♥♥♥♥   4,♥♥♥♥♥   2,♥♥♥♥♥   3,X,X,♥♥♥♥♥   2,3,X,X,No,No,Yes,,,
4226,FALSE,Lifestyles of the Rich and Famous,Good Charlotte,2002,Sep 6 2016,Punk,M,English,DLC4,♥♥♥♥♥   1,♥♥♥♥♥   2,♥♥♥♥♥   2,X,X,♥♥♥♥♥   2,2,X,X,No,No,Yes,,,
4227,FALSE,Dirt Road Anthem,Jason Aldean,2010,Sep 13 2016,Country,M,English,DLC4,♥♥♥♥♥   2,♥♥♥♥♥   2,♥♥♥♥♥   2,X,X,♥♥♥♥♥   2,3,X,X,No,No,Yes,,,
4228,FALSE,All for You,Sister Hazel,1997,Sep 13 2016,Alternative,M,English,DLC4,♥♥♥♥♥   3,♥♥♥♥♥   3,♥♥♥♥♥   2,X,X,♥♥♥♥♥   2,3,X,X,No,No,Yes,,,
4229,FALSE,Dystopia,Megadeth,2016,Sep 20 2016,Metal,M,English,DLC4,♥♥♥♥♥   6,♥♥♥♥♥   4,♥♥♥♥♥   6,X,X,♥♥♥♥♥   1,2,X,X,No,No,Yes,,,
4230,FALSE,Road to Nowhere,Ozzy Osbourne,1991,Sep 20 2016,Metal,M,English,DLC4,♥♥♥♥♥   5,♥♥♥♥♥   3,♥♥♥♥♥   2,X,X,♥♥♥♥♥   3,3,X,X,No,No,Yes,,,
4231,FALSE,The Devil in I,Slipknot,2014,Sep 20 2016,Nu-Metal,M,English,DLC4,♥♥♥♥♥   4,♥♥♥♥♥   5,♥♥♥♥♥   6,X,X,♥♥♥♥♥   2,3,X,X,No,No,Yes,,,
4232,FALSE,HandClap,Fitz and the Tantrums,2016,Sep 27 2016,Pop-Rock,M,English,DLC4,♥♥♥♥♥   1,♥♥♥♥♥   2,♥♥♥♥♥   2,X,X,♥♥♥♥♥   1,3,X,X,No,No,Yes,,,
4233,FALSE,The Sound of Silence,Disturbed,2015,Sep 27 2016,Nu-Metal,M,English,DLC4,♥♥♥♥♥   1,♥♥♥♥♥   0,♥♥♥♥♥   0,X,X,♥♥♥♥♥   3,2,X,X,No,No,Yes,,,
4234,FALSE,Flagpole Sitta,Harvey Danger,1997,Oct 4 2016,Alternative,M,English,DLC4,♥♥♥♥♥   0,♥♥♥♥♥   1,♥♥♥♥♥   2,X,X,♥♥♥♥♥   2,3,X,X,No,No,Yes,,,
4235,FALSE,Stop,Jane's Addiction,1990,Oct 4 2016,Alternative,M,English,DLC4,♥♥♥♥♥   5,♥♥♥♥♥   4,♥♥♥♥♥   4,X,X,♥♥♥♥♥   4,3,X,X,No,No,Yes,,,
4236,FALSE,"Honey, I'm Good.",Andy Grammer,2014,Oct 11 2016,Pop-Rock,M,English,DLC4,♥♥♥♥♥   2,♥♥♥♥♥   1,♥♥♥♥♥   3,X,X,♥♥♥♥♥   4,3,X,X,No,No,Yes,,,
4237,FALSE,Treat You Better,Shawn Mendes,2016,Oct 11 2016,Pop-Rock,M,English,DLC4,♥♥♥♥♥   2,♥♥♥♥♥   0,♥♥♥♥♥   4,X,X,♥♥♥♥♥   2,3,X,X,No,No,Yes,,,
4238,FALSE,Happy Song,Bring Me the Horizon,2015,Oct 18 2016,Nu-Metal,M,English,DLC4,♥♥♥♥♥   2,♥♥♥♥♥   2,♥♥♥♥♥   3,X,X,♥♥♥♥♥   1,3,X,X,No,No,Yes,,,
4239,FALSE,Safe and Sound,Capital Cities,2013,Oct 18 2016,Pop/Dance/Electronic,M,English,DLC4,♥♥♥♥♥   3,♥♥♥♥♥   3,♥♥♥♥♥   4,X,X,♥♥♥♥♥   1,3,X,X,No,No,Yes,,,
4240,FALSE,Save Tonight,Eagle-Eye Cherry,1997,Oct 18 2016,Alternative,M,English,DLC4,♥♥♥♥♥   4,♥♥♥♥♥   2,♥♥♥♥♥   2,X,X,♥♥♥♥♥   1,3,X,X,No,No,Yes,,,
4241,FALSE,Happy,Pharrell Williams,2014,Oct 18 2016,Pop/Dance/Electronic,M,English,DLC4,♥♥♥♥♥   1,♥♥♥♥♥   2,♥♥♥♥♥   1,X,X,♥♥♥♥♥   3,3,X,X,No,No,Yes,,,
4242,FALSE,Sweater Weather,The Neighbourhood,2013,Oct 18 2016,Indie Rock,M,English,DLC4,♥♥♥♥♥   1,♥♥♥♥♥   0,♥♥♥♥♥   1,X,X,♥♥♥♥♥   4,3,X,X,No,No,Yes,,,
4243,FALSE,Little Talks,Of Monsters and Men,2011,Oct 18 2016,Indie Rock,F,English,DLC4,♥♥♥♥♥   1,♥♥♥♥♥   0,♥♥♥♥♥   1,X,X,♥♥♥♥♥   2,3,X,X,No,No,Yes,,,
4244,FALSE,Closing Time,Semisonic,1998,Oct 18 2016,Alternative,M,English,DLC4,♥♥♥♥♥   2,♥♥♥♥♥   1,♥♥♥♥♥   2,X,X,♥♥♥♥♥   2,2,X,X,No,No,Yes,,,
4245,FALSE,Chandelier,Sia,2014,Oct 18 2016,Pop/Dance/Electronic,F,English,DLC4,♥♥♥♥♥   0,♥♥♥♥♥   0,♥♥♥♥♥   3,X,X,♥♥♥♥♥   6,3,X,X,No,No,Yes,,,
4246,FALSE,Feel Invincible,Skillet,2016,Oct 18 2016,Rock,M,English,DLC4,♥♥♥♥♥   3,♥♥♥♥♥   0,♥♥♥♥♥   4,X,X,♥♥♥♥♥   4,3,X,X,No,No,Yes,,,
4247,FALSE,King of the World,Weezer,2016,Oct 18 2016,Alternative,M,English,DLC4,♥♥♥♥♥   1,♥♥♥♥♥   2,♥♥♥♥♥   2,X,X,♥♥♥♥♥   4,3,X,X,No,No,Yes,,,
4248,FALSE,One More Night,Maroon 5,2012,Oct 25 2016,Pop-Rock,M,English,DLC4,♥♥♥♥♥   1,♥♥♥♥♥   2,♥♥♥♥♥   4,X,X,♥♥♥♥♥   4,3,X,X,No,No,Yes,,,
4249,FALSE,3AM,Matchbox Twenty,1996,Oct 25 2016,Alternative,M,English,DLC4,♥♥♥♥♥   3,♥♥♥♥♥   3,♥♥♥♥♥   1,X,X,♥♥♥♥♥   4,3,X,X,No,No,Yes,,,
4250,FALSE,Closer,The Chainsmokers ft. Halsey,2016,Oct 27 2016,Pop/Dance/Electronic,F,English,DLC4,♥♥♥♥♥   1,♥♥♥♥♥   1,♥♥♥♥♥   1,X,X,♥♥♥♥♥   2,3,X,X,No,No,Yes,,,
4251,FALSE,Cheap Thrills,Sia ft. Sean Paul,2016,Oct 27 2016,Pop/Dance/Electronic,F,English,DLC4,♥♥♥♥♥   0,♥♥♥♥♥   1,♥♥♥♥♥   3,X,X,♥♥♥♥♥   4,3,X,X,No,No,Yes,,,
4252,FALSE,Hold My Hand,Hootie & the Blowfish,1994,Nov 1 2016,Alternative,M,English,DLC4,♥♥♥♥♥   2,♥♥♥♥♥   3,♥♥♥♥♥   1,X,X,♥♥♥♥♥   4,3,X,X,No,No,Yes,,,
4253,FALSE,Only Wanna Be with You,Hootie & the Blowfish,1994,Nov 1 2016,Alternative,M,English,DLC4,♥♥♥♥♥   3,♥♥♥♥♥   3,♥♥♥♥♥   4,X,X,♥♥♥♥♥   1,2,X,X,No,No,Yes,,,
4254,FALSE,Let Her Cry,Hootie & the Blowfish,1994,Nov 1 2016,Alternative,M,English,DLC4,♥♥♥♥♥   2,♥♥♥♥♥   2,♥♥♥♥♥   0,X,X,♥♥♥♥♥   2,2,X,X,No,No,Yes,,,
4255,FALSE,Born Again Tomorrow,Bon Jovi,2016,Nov 3 2016,Rock,M,English,DLC4,♥♥♥♥♥   3,♥♥♥♥♥   0,♥♥♥♥♥   1,X,X,♥♥♥♥♥   2,3,X,X,No,No,Yes,,,
4256,FALSE,Lovesong,The Cure,1989,Nov 10 2016,New Wave,M,English,DLC4,♥♥♥♥♥   2,♥♥♥♥♥   3,♥♥♥♥♥   2,X,X,♥♥♥♥♥   3,2,X,X,No,No,Yes,,,
4257,FALSE,Time After Time,Cyndi Lauper,1983,Nov 10 2016,Pop-Rock,F,English,DLC4,♥♥♥♥♥   2,♥♥♥♥♥   1,♥♥♥♥♥   0,X,X,♥♥♥♥♥   1,2,X,X,No,No,Yes,,,
4258,FALSE,She Drives Me Crazy,Fine Young Cannibals,1989,Nov 10 2016,New Wave,M,English,DLC4,♥♥♥♥♥   2,♥♥♥♥♥   0,♥♥♥♥♥   4,X,X,♥♥♥♥♥   1,3,X,X,No,No,Yes,,,
4259,FALSE,Complicated,Avril Lavigne,2002,Nov 17 2016,Pop-Rock,F,English,DLC4,♥♥♥♥♥   2,♥♥♥♥♥   2,♥♥♥♥♥   2,X,X,♥♥♥♥♥   3,3,X,X,No,No,Yes,,,
4260,FALSE,My Happy Ending,Avril Lavigne,2004,Nov 17 2016,Pop-Rock,F,English,DLC4,♥♥♥♥♥   3,♥♥♥♥♥   3,♥♥♥♥♥   3,X,X,♥♥♥♥♥   2,3,X,X,No,No,Yes,,,
4261,FALSE,What the Hell,Avril Lavigne,2011,Nov 17 2016,Pop-Rock,F,English,DLC4,♥♥♥♥♥   1,♥♥♥♥♥   2,♥♥♥♥♥   2,X,X,♥♥♥♥♥   4,3,X,X,No,No,Yes,,,
4262,FALSE,24K Magic,Bruno Mars,2016,Nov 22 2016,Pop-Rock,M,English,DLC4,♥♥♥♥♥   2,♥♥♥♥♥   3,♥♥♥♥♥   2,X,X,♥♥♥♥♥   4,3,X,X,No,No,Yes,,,
4263,FALSE,Hymn for the Weekend,Coldplay,2016,Nov 22 2016,Alternative,M,English,DLC4,♥♥♥♥♥   3,♥♥♥♥♥   1,♥♥♥♥♥   4,X,X,♥♥♥♥♥   3,3,X,X,No,No,Yes,,,
4264,FALSE,Still Breathing,Green Day,2016,Nov 22 2016,Rock,M,English,DLC4,♥♥♥♥♥   1,♥♥♥♥♥   2,♥♥♥♥♥   1,X,X,♥♥♥♥♥   2,3,X,X,No,No,Yes,,,
4265,FALSE,Starboy,The Weeknd ft. Daft Punk,2016,Dec 1 2016,Pop/Dance/Electronic,M,English,DLC4,♥♥♥♥♥   0,♥♥♥♥♥   1,♥♥♥♥♥   4,X,X,♥♥♥♥♥   2,3,X,X,No,No,Yes,,,
4266,FALSE,Waste a Moment,Kings of Leon,2016,Dec 1 2016,Rock,M,English,DLC4,♥♥♥♥♥   1,♥♥♥♥♥   1,♥♥♥♥♥   3,X,X,♥♥♥♥♥   2,3,X,X,No,No,Yes,,,
4267,FALSE,Heathens,Twenty One Pilots,2016,Dec 8 2016,Alternative,M,English,DLC4,♥♥♥♥♥   1,♥♥♥♥♥   0,♥♥♥♥♥   0,X,X,♥♥♥♥♥   3,3,X,X,No,No,Yes,,,
4268,FALSE,Ride,Twenty One Pilots,2015,Dec 8 2016,Alternative,M,English,DLC4,♥♥♥♥♥   0,♥♥♥♥♥   0,♥♥♥♥♥   1,X,X,♥♥♥♥♥   4,3,X,X,No,No,Yes,,,
4269,FALSE,Shadow,Bearstronaut,2016,Dec 14 2016,Pop-Rock,M,English,DLC4,♥♥♥♥♥   3,♥♥♥♥♥   3,♥♥♥♥♥   5,X,X,♥♥♥♥♥   4,3,X,X,No,No,Yes,,Only Available Through Rivals,
4270,FALSE,Bethany,Goddamn Draculas,2015,Dec 14 2016,Rock,M,English,DLC4,♥♥♥♥♥   3,♥♥♥♥♥   2,♥♥♥♥♥   3,X,X,♥♥♥♥♥   3,3,X,X,No,No,Yes,,Only Available Through Rivals,
4271,FALSE,Black Streak,Nemes,2014,Dec 14 2016,Indie Rock,M,English,DLC4,♥♥♥♥♥   4,♥♥♥♥♥   4,♥♥♥♥♥   2,X,X,♥♥♥♥♥   3,3,X,X,No,No,Yes,,Only Available Through Rivals,
4272,FALSE,I Recognize,Newfane,2016,Dec 14 2016,Alternative,M,English,DLC4,♥♥♥♥♥   5,♥♥♥♥♥   3,♥♥♥♥♥   2,X,X,♥♥♥♥♥   1,2,X,X,No,No,Yes,,Only Available Through Rivals,
4273,FALSE,Never Let 'Em Hold Ya Back!,Parlour Bells,2016,Dec 14 2016,Glam,M,English,DLC4,♥♥♥♥♥   3,♥♥♥♥♥   2,♥♥♥♥♥   4,X,X,♥♥♥♥♥   3,3,X,X,No,No,Yes,,Only Available Through Rivals,
4274,FALSE,True Confessional,Party Bois,2016,Dec 14 2016,Pop/Dance/Electronic,M,English,DLC4,♥♥♥♥♥   2,♥♥♥♥♥   3,♥♥♥♥♥   5,X,X,♥♥♥♥♥   2,3,X,X,No,No,Yes,,Only Available Through Rivals,
4275,FALSE,Mean Girls,Petty Morals,2016,Dec 14 2016,Pop-Rock,F,English,DLC4,♥♥♥♥♥   2,♥♥♥♥♥   3,♥♥♥♥♥   3,X,X,♥♥♥♥♥   2,2,X,X,No,No,Yes,,Only Available Through Rivals,
4276,FALSE,Hour of Rats,The Red Chord,2009,Dec 14 2016,Metal,M,English,DLC4,♥♥♥♥♥   6,♥♥♥♥♥   5,♥♥♥♥♥   6,X,X,♥♥♥♥♥   0,2,X,X,No,No,Yes,,Only Available Through Rivals,
4277,FALSE,Pain Killer,Ruby Rose Fox,2016,Dec 14 2016,Indie Rock,F,English,DLC4,♥♥♥♥♥   2,♥♥♥♥♥   1,♥♥♥♥♥   1,X,X,♥♥♥♥♥   5,3,X,X,No,No,Yes,,Only Available Through Rivals,
4278,FALSE,"Closer, Closer",The Warning Shots,2016,Dec 14 2016,Punk,M,English,DLC4,♥♥♥♥♥   5,♥♥♥♥♥   3,♥♥♥♥♥   3,X,X,♥♥♥♥♥   2,3,X,X,No,No,Yes,,Only Available Through Rivals,
4279,FALSE,Constant Disaster,When Particles Collide,2014,Dec 14 2016,Alternative,F,English,DLC4,♥♥♥♥♥   2,♥♥♥♥♥   2,♥♥♥♥♥   3,X,X,♥♥♥♥♥   4,2,X,X,No,No,Yes,,Only Available Through Rivals,
4280,FALSE,Black Corridor,Worshipper,2016,Dec 14 2016,Metal,M,English,DLC4,♥♥♥♥♥   5,♥♥♥♥♥   5,♥♥♥♥♥   4,X,X,♥♥♥♥♥   3,3,X,X,No,No,Yes,,Only Available Through Rivals,
4281,FALSE,Royals,Lorde,2013,Dec 15 2016,Pop/Dance/Electronic,F,English,DLC4,♥♥♥♥♥   0,♥♥♥♥♥   0,♥♥♥♥♥   2,X,X,♥♥♥♥♥   3,3,X,X,No,No,Yes,,,
4282,FALSE,All About That Bass,Meghan Trainor,2014,Dec 15 2016,Pop/Dance/Electronic,F,English,DLC4,♥♥♥♥♥   0,♥♥♥♥♥   2,♥♥♥♥♥   1,X,X,♥♥♥♥♥   5,3,X,X,No,No,Yes,,,
4283,FALSE,The Greatest,Sia ft. Kendrick Lamar,2016,Dec 15 2016,Pop/Dance/Electronic,F,English,DLC4,♥♥♥♥♥   2,♥♥♥♥♥   3,♥♥♥♥♥   4,X,X,♥♥♥♥♥   4,3,X,X,No,No,Yes,,,
4284,FALSE,Angel,Aerosmith,1987,Dec 22 2016,Rock,M,English,DLC4,♥♥♥♥♥   4,♥♥♥♥♥   0,♥♥♥♥♥   0,X,X,♥♥♥♥♥   4,3,X,X,No,No,Yes,VR-DLC,,
4285,FALSE,Crazy,Aerosmith,1993,Dec 22 2016,Rock,M,English,DLC4,♥♥♥♥♥   3,♥♥♥♥♥   1,♥♥♥♥♥   2,X,X,♥♥♥♥♥   5,3,X,X,No,No,Yes,VR-DLC,,
4286,FALSE,I Don't Want to Miss a Thing,Aerosmith,1998,Dec 22 2016,Rock,M,English,DLC4,♥♥♥♥♥   2,♥♥♥♥♥   1,♥♥♥♥♥   0,X,X,♥♥♥♥♥   3,3,X,X,No,No,Yes,VR-DLC,,
4287,FALSE,Janie's Got a Gun,Aerosmith,1989,Dec 22 2016,Rock,M,English,DLC4,♥♥♥♥♥   4,♥♥♥♥♥   2,♥♥♥♥♥   3,X,X,♥♥♥♥♥   4,3,X,X,No,No,Yes,VR-DLC,,
4288,FALSE,Livin' on the Edge,Aerosmith,1993,Dec 22 2016,Rock,M,English,DLC4,♥♥♥♥♥   4,♥♥♥♥♥   2,♥♥♥♥♥   1,X,X,♥♥♥♥♥   4,3,X,X,No,No,Yes,VR-DLC,,
4289,FALSE,Rag Doll,Aerosmith,1987,Dec 22 2016,Rock,M,English,DLC4,♥♥♥♥♥   3,♥♥♥♥♥   2,♥♥♥♥♥   4,X,X,♥♥♥♥♥   5,3,X,X,No,No,Yes,VR-DLC,,
4290,FALSE,Wake Me Up,Avicii,2013,Dec 29 2016,Pop/Dance/Electronic,M,English,DLC4,♥♥♥♥♥   2,♥♥♥♥♥   0,♥♥♥♥♥   1,X,X,♥♥♥♥♥   4,X,X,X,No,No,Yes,,,
4291,FALSE,Celebration,Kool & the Gang,1980,Dec 29 2016,R&B/Soul/Funk,M,English,DLC4,♥♥♥♥♥   3,♥♥♥♥♥   1,♥♥♥♥♥   0,X,X,♥♥♥♥♥   3,3,X,X,No,No,Yes,,,
4292,FALSE,Party Rock Anthem,LMFAO ft. Lauren Bennett & GoonRock,2011,Dec 29 2016,Pop/Dance/Electronic,M,English,DLC4,♥♥♥♥♥   1,♥♥♥♥♥   1,♥♥♥♥♥   3,X,X,♥♥♥♥♥   1,3,X,X,No,No,Yes,,,
4293,FALSE,The Stage,Avenged Sevenfold,2016,Jan 5 2017,Metal,M,English,DLC4,♥♥♥♥♥   6,♥♥♥♥♥   4,♥♥♥♥♥   6,X,X,♥♥♥♥♥   3,3,X,X,No,No,Yes,,,
4294,FALSE,Trust,Megadeth,1997,Jan 5 2017,Metal,M,English,DLC4,♥♥♥♥♥   4,♥♥♥♥♥   2,♥♥♥♥♥   2,X,X,♥♥♥♥♥   2,3,X,X,No,No,Yes,,,
4295,FALSE,Dead Memories,Slipknot,2008,Jan 5 2017,Nu-Metal,M,English,DLC4,♥♥♥♥♥   4,♥♥♥♥♥   3,♥♥♥♥♥   5,X,X,♥♥♥♥♥   2,3,X,X,No,No,Yes,,,
4296,FALSE,Some Nights,fun.,2012,Jan 12 2017,Pop-Rock,M,English,DLC4,♥♥♥♥♥   4,♥♥♥♥♥   1,♥♥♥♥♥   3,X,X,♥♥♥♥♥   5,3,X,X,No,No,Yes,,,
4297,FALSE,Cheerleader (Felix Jaehn Remix),OMI,2015,Jan 12 2017,Pop/Dance/Electronic,M,English,DLC4,♥♥♥♥♥   2,♥♥♥♥♥   0,♥♥♥♥♥   1,X,X,♥♥♥♥♥   2,2,X,X,No,No,Yes,,,
4298,FALSE,Hold the Line,Toto,1978,Jan 19 2017,Pop-Rock,M,English,DLC4,♥♥♥♥♥   4,♥♥♥♥♥   1,♥♥♥♥♥   3,X,X,♥♥♥♥♥   3,3,X,X,No,No,Yes,,,
4299,FALSE,S.O.M.P.,Skratch'N Snyf,1990,Jan 25 2017,Glam,M,English,DLC4,♥♥♥♥♥   6,♥♥♥♥♥   3,♥♥♥♥♥   4,X,X,♥♥♥♥♥   3,3,X,X,No,No,Yes,,"Only Available Through Rivals, The Year is false (the song is from 2016)",
4300,FALSE,Applause,Lady Gaga,2013,Jan 26 2017,Pop/Dance/Electronic,F,English,DLC4,♥♥♥♥♥   1,♥♥♥♥♥   0,♥♥♥♥♥   1,X,X,♥♥♥♥♥   4,3,X,X,No,No,Yes,,,
4301,FALSE,A-YO,Lady Gaga,2016,Jan 26 2017,Pop/Dance/Electronic,F,English,DLC4,♥♥♥♥♥   2,♥♥♥♥♥   1,♥♥♥♥♥   1,X,X,♥♥♥♥♥   3,3,X,X,No,No,Yes,,,
4302,FALSE,The Edge of Glory,Lady Gaga,2011,Jan 26 2017,Pop/Dance/Electronic,F,English,DLC4,♥♥♥♥♥   5,♥♥♥♥♥   4,♥♥♥♥♥   3,X,X,♥♥♥♥♥   3,3,X,X,No,No,Yes,,,
4303,FALSE,I Wanna Rock,Twisted Sister,1984,Feb 2 2017,Glam,M,English,DLC4,♥♥♥♥♥   4,♥♥♥♥♥   2,♥♥♥♥♥   3,X,X,♥♥♥♥♥   1,3,X,X,No,No,Yes,,,
4304,FALSE,I Will Survive,Cake,1996,Feb 9 2017,Alternative,M,English,DLC4,♥♥♥♥♥   3,♥♥♥♥♥   4,♥♥♥♥♥   3,X,X,♥♥♥♥♥   2,X,X,X,No,No,Yes,,,
4305,FALSE,Want to Want Me,Jason Derulo,2015,Feb 9 2017,Pop/Dance/Electronic,M,English,DLC4,♥♥♥♥♥   2,♥♥♥♥♥   4,♥♥♥♥♥   4,X,X,♥♥♥♥♥   4,3,X,X,No,No,Yes,,,
4306,FALSE,Don't You (Forget About Me),Simple Minds,1985,Feb 9 2017,New Wave,M,English,DLC4,♥♥♥♥♥   4,♥♥♥♥♥   3,♥♥♥♥♥   5,X,X,♥♥♥♥♥   4,X,X,X,No,No,Yes,,,
4307,FALSE,Black Betty,Ram Jam,1977,Feb 23 2017,Classic Rock,M,English,DLC4,♥♥♥♥♥   5,♥♥♥♥♥   6,♥♥♥♥♥   5,X,X,♥♥♥♥♥   2,2,X,X,No,No,Yes,,,
4308,FALSE,Outside,Staind,2001,Mar 2 2017,Nu-Metal,M,English,DLC4,♥♥♥♥♥   1,♥♥♥♥♥   1,♥♥♥♥♥   1,X,X,♥♥♥♥♥   2,2,X,X,No,No,Yes,,,
4309,FALSE,Can't Hold Us,Macklemore & Ryan Lewis ft. Ray Dalton,2012,Mar 9 2017,Hip-Hop/Rap,M,English,DLC4,♥♥♥♥♥   1,♥♥♥♥♥   0,♥♥♥♥♥   5,X,X,♥♥♥♥♥   3,3,X,X,No,No,Yes,,,
4310,FALSE,Danger Zone,Kenny Loggins,1986,Mar 16 2017,Pop-Rock,M,English,DLC4,♥♥♥♥♥   4,♥♥♥♥♥   4,♥♥♥♥♥   3,X,X,♥♥♥♥♥   4,3,X,X,No,No,Yes,,,
4311,FALSE,Sink,Animal Flag,2016,Mar 16 2017,Indie Rock,M,English,DLC4,♥♥♥♥♥   3,♥♥♥♥♥   3,♥♥♥♥♥   4,X,X,♥♥♥♥♥   1,X,X,X,No,No,Yes,,Only Available Through Rivals,
4312,FALSE,These Hands,Bent Knee,2016,Mar 16 2017,Indie Rock,F,English,DLC4,♥♥♥♥♥   2,♥♥♥♥♥   2,♥♥♥♥♥   3,X,X,♥♥♥♥♥   4,3,X,X,No,No,Yes,,Only Available Through Rivals,
4313,FALSE,No Place for Me,Black Beach,2016,Mar 16 2017,Rock,M,English,DLC4,♥♥♥♥♥   2,♥♥♥♥♥   3,♥♥♥♥♥   3,X,X,♥♥♥♥♥   1,X,X,X,No,No,Yes,,Only Available Through Rivals,
4314,FALSE,History Repeats,Creaturos,2016,Mar 16 2017,Rock,M,English,DLC4,♥♥♥♥♥   1,♥♥♥♥♥   1,♥♥♥♥♥   2,X,X,♥♥♥♥♥   0,2,X,X,No,No,Yes,,Only Available Through Rivals,
4315,FALSE,RudeBoys,Dutch ReBelle,2016,Mar 16 2017,Hip-Hop/Rap,F,English,DLC4,♥♥♥♥♥   1,♥♥♥♥♥   0,♥♥♥♥♥   2,X,X,♥♥♥♥♥   2,3,X,X,No,No,Yes,,Only Available Through Rivals,
4316,FALSE,Hurry Up (& Wait for You),Julie Rhodes,2016,Mar 16 2017,Indie Rock,F,English,DLC4,♥♥♥♥♥   2,♥♥♥♥♥   1,♥♥♥♥♥   2,X,X,♥♥♥♥♥   3,3,X,X,No,No,Yes,,Only Available Through Rivals,
4317,FALSE,Casablanca,Littlefoot,2016,Mar 16 2017,Pop-Rock,F,English,DLC4,♥♥♥♥♥   1,♥♥♥♥♥   1,♥♥♥♥♥   1,X,X,♥♥♥♥♥   2,3,X,X,No,No,Yes,,Only Available Through Rivals,
4318,FALSE,Cross That Line,Michael Christmas,2016,Mar 16 2017,Hip-Hop/Rap,M,English,DLC4,♥♥♥♥♥   0,♥♥♥♥♥   1,♥♥♥♥♥   0,X,X,♥♥♥♥♥   1,3,X,X,No,No,Yes,,Only Available Through Rivals,
4319,FALSE,Skydiver,Ruby Rose Fox,2016,Mar 16 2017,Indie Rock,F,English,DLC4,♥♥♥♥♥   4,♥♥♥♥♥   3,♥♥♥♥♥   4,X,X,♥♥♥♥♥   4,3,X,X,No,No,Yes,,Only Available Through Rivals,
4320,FALSE,Good,STL GLD,2016,Mar 16 2017,Hip-Hop/Rap,M,English,DLC4,♥♥♥♥♥   0,♥♥♥♥♥   1,♥♥♥♥♥   2,X,X,♥♥♥♥♥   1,3,X,X,No,No,Yes,,Only Available Through Rivals,
4321,FALSE,Alone Time,Tigerman WOAH,2016,Mar 16 2017,Rock,M,English,DLC4,♥♥♥♥♥   3,♥♥♥♥♥   3,♥♥♥♥♥   3,X,X,♥♥♥♥♥   5,3,X,X,No,No,Yes,,Only Available Through Rivals,
4322,FALSE,Use Somebody,Kings of Leon,2008,Mar 23 2017,Rock,M,English,DLC4,♥♥♥♥♥   1,♥♥♥♥♥   1,♥♥♥♥♥   3,X,X,♥♥♥♥♥   1,3,X,X,No,No,Yes,VR,,
4323,FALSE,I Will Wait,Mumford & Sons,2012,Mar 23 2017,Rock,M,English,DLC4,♥♥♥♥♥   6,♥♥♥♥♥   0,♥♥♥♥♥   1,X,X,♥♥♥♥♥   4,3,X,X,No,No,Yes,VR,,
4324,FALSE,Counting Stars,OneRepublic,2013,Mar 23 2017,Pop-Rock,M,English,DLC4,♥♥♥♥♥   3,♥♥♥♥♥   1,♥♥♥♥♥   5,X,X,♥♥♥♥♥   4,3,X,X,No,No,Yes,VR,,
4325,FALSE,Promise Everything,Basement,2016,Mar 30 2017,Alternative,M,English,DLC4,♥♥♥♥♥   1,♥♥♥♥♥   2,♥♥♥♥♥   3,X,X,♥♥♥♥♥   1,X,X,X,No,No,Yes,VR,,
4326,FALSE,Shape of You,Ed Sheeran,2017,Mar 30 2017,Pop-Rock,M,English,DLC4,♥♥♥♥♥   2,♥♥♥♥♥   0,♥♥♥♥♥   3,X,X,♥♥♥♥♥   4,3,X,X,No,No,Yes,,,
4327,FALSE,You Make My Dreams,Hall & Oates,1980,Apr 6 2017,Pop-Rock,M,English,DLC4,♥♥♥♥♥   1,♥♥♥♥♥   2,♥♥♥♥♥   0,X,X,♥♥♥♥♥   4,3,X,X,No,No,Yes,,,
4328,FALSE,Glass House,Kaleo,2013,Apr 13 2017,Rock,M,English,DLC4,♥♥♥♥♥   5,♥♥♥♥♥   3,♥♥♥♥♥   4,X,X,♥♥♥♥♥   5,3,X,X,No,No,Yes,VR,,
4329,FALSE,Bizarre Love Triangle,New Order,1986,Apr 13 2017,New Wave,M,English,DLC4,♥♥♥♥♥   4,♥♥♥♥♥   5,♥♥♥♥♥   5,X,X,♥♥♥♥♥   3,3,X,X,No,No,Yes,,,
4330,FALSE,Champagne Supernova,Oasis,1995,Apr 20 2017,Rock,M,English,DLC4,♥♥♥♥♥   3,♥♥♥♥♥   1,♥♥♥♥♥   2,X,X,♥♥♥♥♥   2,3,X,X,No,No,Yes,VR,,
4331,FALSE,Heaven Knows,The Pretty Reckless,2014,Apr 27 2017,Rock,F,English,DLC4,♥♥♥♥♥   2,♥♥♥♥♥   3,♥♥♥♥♥   2,X,X,♥♥♥♥♥   3,3,X,X,No,No,Yes,VR,,
4332,FALSE,This Is How We Do It,Montell Jordan,1995,May 4 2017,Hip-Hop/Rap,M,English,DLC4,♥♥♥♥♥   1,♥♥♥♥♥   0,♥♥♥♥♥   1,X,X,♥♥♥♥♥   4,3,X,X,No,No,Yes,,,
4333,FALSE,Kids,MGMT,2007,May 11 2017,Pop/Dance/Electronic,M,English,DLC4,♥♥♥♥♥   4,♥♥♥♥♥   2,♥♥♥♥♥   3,X,X,♥♥♥♥♥   2,3,X,X,No,No,Yes,,,
4334,FALSE,Mother Mother,Tracy Bonham,1996,May 11 2017,Alternative,F,English,DLC4,♥♥♥♥♥   2,♥♥♥♥♥   3,♥♥♥♥♥   3,X,X,♥♥♥♥♥   3,X,X,X,No,No,Yes,VR,,
4335,FALSE,Shout,The Isley Brothers,1959,May 18 2017,R&B/Soul/Funk,M,English,DLC4,♥♥♥♥♥   2,♥♥♥♥♥   2,♥♥♥♥♥   3,X,X,♥♥♥♥♥   6,3,X,X,No,No,Yes,,,
4336,FALSE,Bored to Death,Blink-182,2016,May 25 2017,Punk,M,English,DLC4,♥♥♥♥♥   1,♥♥♥♥♥   3,♥♥♥♥♥   6,X,X,♥♥♥♥♥   2,3,X,X,No,No,Yes,VR,,
4337,FALSE,You & Me,The Hunna,2016,May 25 2017,Indie Rock,M,English,DLC4,♥♥♥♥♥   2,♥♥♥♥♥   1,♥♥♥♥♥   2,X,X,♥♥♥♥♥   1,X,X,X,No,No,Yes,VR,,
4338,FALSE,Pull Me Under,Dream Theater,1992,Jun 8 2017,Prog,M,English,DLC4,♥♥♥♥♥   6,♥♥♥♥♥   5,♥♥♥♥♥   6,X,X,♥♥♥♥♥   2,3,X,X,No,No,Yes,VR,,
4339,FALSE,Circles,Pierce the Veil,2016,Jun 8 2017,Emo,M,English,DLC4,♥♥♥♥♥   3,♥♥♥♥♥   3,♥♥♥♥♥   4,X,X,♥♥♥♥♥   4,3,X,X,No,No,Yes,VR,,
4340,FALSE,Killing Is Just a Means ,Permaband,2014,Jun 15 2017,Rock,M,English,DLC4,♥♥♥♥♥   5,♥♥♥♥♥   1,♥♥♥♥♥   1,X,X,♥♥♥♥♥   3,3,X,X,No,No,Yes,,,
4341,FALSE,Wrecking Machine ,Permaband,2016,Jun 15 2017,Rock,M,English,DLC4,♥♥♥♥♥   5,♥♥♥♥♥   3,♥♥♥♥♥   2,X,X,♥♥♥♥♥   2,3,X,X,No,No,Yes,,,
4342,FALSE,Girls Just Want to Have Fun,Cyndi Lauper,1983,Jun 22 2017,Pop-Rock,F,English,DLC4,♥♥♥♥♥   3,♥♥♥♥♥   2,♥♥♥♥♥   0,X,X,♥♥♥♥♥   4,3,X,X,No,No,Yes,,,
4343,FALSE,Ain't It Fun,Paramore,2013,Jun 22 2017,Pop-Rock,F,English,DLC4,♥♥♥♥♥   3,♥♥♥♥♥   4,♥♥♥♥♥   3,X,X,♥♥♥♥♥   5,3,X,X,No,No,Yes,VR,,
4344,FALSE,Freewill (Vault Edition),Rush,1980,Jun 29 2017,Prog,M,English,DLC4,♥♥♥♥♥   6,♥♥♥♥♥   5,♥♥♥♥♥   6,X,X,♥♥♥♥♥   5,X,X,X,No,No,Yes,VR,,
4345,FALSE,Cirice,Ghost,2015,Jul 6 2017,Metal,M,English,DLC4,♥♥♥♥♥   3,♥♥♥♥♥   2,♥♥♥♥♥   1,X,X,♥♥♥♥♥   2,3,X,X,No,No,Yes,VR,,
4346,FALSE,In-A-Gadda-Da-Vida,Iron Butterfly,1968,Jul 13 2017,Classic Rock,M,English,DLC4,♥♥♥♥♥   5,♥♥♥♥♥   5,♥♥♥♥♥   6,X,X,♥♥♥♥♥   3,X,X,X,No,No,Yes,,,
4347,FALSE,She,Legitimate Front,2012,Jul 18 2017,R&B/Soul/Funk,M,English,DLC4,♥♥♥♥♥   4,♥♥♥♥♥   5,♥♥♥♥♥   3,X,X,♥♥♥♥♥   2,3,X,X,No,No,Yes,,,
4348,FALSE,Gold on the Ceiling,The Black Keys,2011,Jul 20 2017,Rock,M,English,DLC4,♥♥♥♥♥   3,♥♥♥♥♥   0,♥♥♥♥♥   3,X,X,♥♥♥♥♥   1,3,X,X,No,No,Yes,VR,,
4349,FALSE,Hold On,Wilson Phillips,1990,Jul 20 2017,Pop-Rock,F,English,DLC4,♥♥♥♥♥   2,♥♥♥♥♥   3,♥♥♥♥♥   4,X,X,♥♥♥♥♥   4,3,X,X,No,No,Yes,,,
4350,FALSE,Alive,The Temper Trap,2016,Jul 27 2017,Indie Rock,M,English,DLC4,♥♥♥♥♥   2,♥♥♥♥♥   2,♥♥♥♥♥   5,X,X,♥♥♥♥♥   3,3,X,X,No,No,Yes,VR,,
4351,FALSE,True Confessions,Blondfire,2016,Aug 3 2017,Indie Rock,F,English,DLC4,♥♥♥♥♥   1,♥♥♥♥♥   3,♥♥♥♥♥   5,X,X,♥♥♥♥♥   2,3,X,X,No,No,Yes,VR,,
4352,FALSE,Rebel Heart,The Shelters,2016,Aug 3 2017,Rock,M,English,DLC4,♥♥♥♥♥   3,♥♥♥♥♥   2,♥♥♥♥♥   3,X,X,♥♥♥♥♥   1,2,X,X,No,No,Yes,VR,,
4353,FALSE,Sweater Weather,Parks,2012,Aug 10 2017,Pop-Rock,M,English,DLC4,♥♥♥♥♥   3,♥♥♥♥♥   4,♥♥♥♥♥   2,X,X,♥♥♥♥♥   4,3,X,X,No,No,Yes,VR,Only Available Through Rivals,
4354,FALSE,To My Romeo,Spirit Kid,2016,Aug 10 2017,Pop-Rock,M,English,DLC4,♥♥♥♥♥   3,♥♥♥♥♥   4,♥♥♥♥♥   1,X,X,♥♥♥♥♥   4,3,X,X,No,No,Yes,VR,Only Available Through Rivals,
4355,FALSE,Black Seas,Arctic Horror,2016,Aug 17 2017,Metal,M,English,DLC4,♥♥♥♥♥   4,♥♥♥♥♥   3,♥♥♥♥♥   5,X,X,♥♥♥♥♥   0,X,X,X,No,No,Yes,VR,Only Available Through Rivals,
4356,FALSE,(You're) Breakin' Up,The Black Cheers,2015,Aug 17 2017,Punk,M,English,DLC4,♥♥♥♥♥   4,♥♥♥♥♥   3,♥♥♥♥♥   4,X,X,♥♥♥♥♥   1,2,X,X,No,No,Yes,VR,Only Available Through Rivals,
4357,FALSE,Stupid Girl,Garbage,1995,Aug 24 2017,Alternative,F,English,DLC4,♥♥♥♥♥   1,♥♥♥♥♥   2,♥♥♥♥♥   2,X,X,♥♥♥♥♥   2,3,X,X,No,No,Yes,,,
4358,FALSE,Every Morning,Sugar Ray,1999,Aug 24 2017,Alternative,M,English,DLC4,♥♥♥♥♥   1,♥♥♥♥♥   1,♥♥♥♥♥   1,X,X,♥♥♥♥♥   3,3,X,X,No,No,Yes,,,
4359,FALSE,Postpone,Catfish and the Bottlemen,2016,Aug 31 2017,Indie Rock,M,English,DLC4,♥♥♥♥♥   3,♥♥♥♥♥   3,♥♥♥♥♥   3,X,X,♥♥♥♥♥   4,3,X,X,No,No,Yes,VR,,
4360,FALSE,Stranglehold,Ted Nugent,1975,Aug 31 2017,Classic Rock,M,English,DLC4,♥♥♥♥♥   5,♥♥♥♥♥   4,♥♥♥♥♥   3,X,X,♥♥♥♥♥   3,3,X,X,No,No,Yes,,,
4361,FALSE,Ice Ice Baby,Vanilla Ice,1990,Sep 7 2017,Hip-Hop/Rap,M,English,DLC4,♥♥♥♥♥   0,♥♥♥♥♥   0,♥♥♥♥♥   0,X,X,♥♥♥♥♥   0,3,X,X,No,No,Yes,,,
4362,FALSE,I Wanna Dance with Somebody (Who Loves Me),Whitney Houston,1987,Sep 7 2017,Pop/Dance/Electronic,F,English,DLC4,♥♥♥♥♥   2,♥♥♥♥♥   3,♥♥♥♥♥   4,X,X,♥♥♥♥♥   5,3,X,X,No,No,Yes,,,
4363,FALSE,God Damn,Avenged Sevenfold,2016,Sep 14 2017,Metal,M,English,DLC4,♥♥♥♥♥   6,♥♥♥♥♥   6,♥♥♥♥♥   6,X,X,♥♥♥♥♥   4,3,X,X,No,No,Yes,,,
4364,FALSE,Super Freak,Rick James,1981,Sep 21 2017,R&B/Soul/Funk,M,English,DLC4,♥♥♥♥♥   1,♥♥♥♥♥   2,♥♥♥♥♥   1,X,X,♥♥♥♥♥   5,3,X,X,No,No,Yes,,,
4365,FALSE,Float,Switchfoot,2016,Sep 21 2017,Alternative,M,English,DLC4,♥♥♥♥♥   2,♥♥♥♥♥   4,♥♥♥♥♥   3,X,X,♥♥♥♥♥   2,3,X,X,No,No,Yes,VR,,
4366,FALSE,Burnin' for You,Blue Öyster Cult,1981,Sep 28 2017,Classic Rock,M,English,DLC4,♥♥♥♥♥   4,♥♥♥♥♥   3,♥♥♥♥♥   3,X,X,♥♥♥♥♥   2,3,X,X,No,No,Yes,,,
4367,FALSE,There's Nothing Holdin' Me Back,Shawn Mendes,2016,Sep 28 2017,Pop-Rock,M,English,DLC4,♥♥♥♥♥   2,♥♥♥♥♥   0,♥♥♥♥♥   4,X,X,♥♥♥♥♥   4,3,X,X,No,No,Yes,,,
4368,FALSE,Heat of the Moment,Asia,1982,Oct 5 2017,Classic Rock,M,English,DLC4,♥♥♥♥♥   3,♥♥♥♥♥   3,♥♥♥♥♥   3,X,X,♥♥♥♥♥   3,3,X,X,No,No,Yes,,,
4369,FALSE,Down in a Hole,Alice in Chains,1992,Oct 12 2017,Grunge,M,English,DLC4,♥♥♥♥♥   2,♥♥♥♥♥   2,♥♥♥♥♥   2,X,X,♥♥♥♥♥   4,3,X,X,No,No,Yes,,,
4370,FALSE,Them Bones,Alice in Chains,1992,Oct 12 2017,Grunge,M,English,DLC4,♥♥♥♥♥   4,♥♥♥♥♥   3,♥♥♥♥♥   3,X,X,♥♥♥♥♥   3,2,X,X,No,No,Yes,,,
4371,FALSE,Johnny B. Goode,Chuck Berry,1959,Oct 26 2017,Classic Rock,M,English,DLC4,♥♥♥♥♥   4,♥♥♥♥♥   3,♥♥♥♥♥   2,X,X,♥♥♥♥♥   4,X,X,X,No,No,Yes,,,
4372,FALSE,Slow Ride,Foghat,1975,Nov 2 2017,Classic Rock,M,English,DLC4,♥♥♥♥♥   2,♥♥♥♥♥   3,♥♥♥♥♥   2,X,X,♥♥♥♥♥   2,2,X,X,No,No,Yes,,,
4373,FALSE,Play That Funky Music,Wild Cherry,1976,Nov 2 2017,R&B/Soul/Funk,M,English,DLC4,♥♥♥♥♥   4,♥♥♥♥♥   3,♥♥♥♥♥   2,X,X,♥♥♥♥♥   6,3,X,X,No,No,Yes,,,
4374,FALSE,Super Beat Sports Big Baos Battle,Steve Pardo,2017,Nov 7 2017,Novelty,X,X,DLC4,♥♥♥♥♥   4,♥♥♥♥♥   5,♥♥♥♥♥   5,X,X,X,X,X,X,No,No,Yes,,,
4375,FALSE,Blister in the Sun,Violent Femmes,1983,Nov 9 2017,Punk,M,English,DLC4,♥♥♥♥♥   4,♥♥♥♥♥   4,♥♥♥♥♥   3,X,X,♥♥♥♥♥   3,2,X,X,No,No,Yes,,,
4376,FALSE,The Sign,Ace of Base,1993,Nov 16 2017,Pop/Dance/Electronic,F,English,DLC4,♥♥♥♥♥   2,♥♥♥♥♥   1,♥♥♥♥♥   3,X,X,♥♥♥♥♥   4,3,X,X,No,No,Yes,,,
4377,FALSE,Karma Police,Radiohead,1997,Nov 16 2017,Alternative,M,English,DLC4,♥♥♥♥♥   1,♥♥♥♥♥   2,♥♥♥♥♥   0,X,X,♥♥♥♥♥   4,3,X,X,No,No,Yes,,,
4378,FALSE,Save a Horse (Ride a Cowboy),Big & Rich,2004,Nov 21 2017,Country,M,English,DLC4,♥♥♥♥♥   4,♥♥♥♥♥   1,♥♥♥♥♥   3,X,X,♥♥♥♥♥   3,3,X,X,No,No,Yes,,,
4379,FALSE,Twilight of the Thunder God,Amon Amarth,2008,Nov 30 2017,Metal,M,English,DLC4,♥♥♥♥♥   6,♥♥♥♥♥   6,♥♥♥♥♥   6,X,X,♥♥♥♥♥   0,2,X,X,No,No,Yes,,,
4380,FALSE,Run,Foo Fighters,2017,Dec 7 2017,Alternative,M,English,DLC4,♥♥♥♥♥   3,♥♥♥♥♥   4,♥♥♥♥♥   4,X,X,♥♥♥♥♥   3,3,X,X,No,No,Yes,,,
4381,FALSE,Song #3,Stone Sour,2017,Dec 7 2017,Metal,M,English,DLC4,♥♥♥♥♥   4,♥♥♥♥♥   3,♥♥♥♥♥   4,X,X,♥♥♥♥♥   2,2,X,X,No,No,Yes,,,
4382,FALSE,The Way You Used to Do,Queens of the Stone Age,2017,Dec 7 2017,Alternative,M,English,DLC4,♥♥♥♥♥   4,♥♥♥♥♥   5,♥♥♥♥♥   4,X,X,♥♥♥♥♥   5,3,X,X,No,No,Yes,,,
4383,FALSE,Attention,Charlie Puth,2018,Dec 14 2017,Pop-Rock,M,English,DLC4,♥♥♥♥♥   3,♥♥♥♥♥   3,♥♥♥♥♥   1,X,X,♥♥♥♥♥   5,3,X,X,No,No,Yes,,,
4384,FALSE,Sorry Not Sorry,Demi Lovato,2017,Dec 14 2017,Pop/Dance/Electronic,F,English,DLC4,♥♥♥♥♥   1,♥♥♥♥♥   1,♥♥♥♥♥   0,X,X,♥♥♥♥♥   6,3,X,X,No,No,Yes,,,
4385,FALSE,Thunder,Imagine Dragons,2017,Dec 14 2017,Alternative,M,English,DLC4,♥♥♥♥♥   1,♥♥♥♥♥   1,♥♥♥♥♥   1,X,X,♥♥♥♥♥   3,3,X,X,No,No,Yes,,,
4386,FALSE,Feel It Still,Portugal. The Man,2017,Dec 14 2017,Alternative,M,English,DLC4,♥♥♥♥♥   2,♥♥♥♥♥   1,♥♥♥♥♥   2,X,X,♥♥♥♥♥   3,3,X,X,No,No,Yes,,,
4387,FALSE,18 and Life,Skid Row,1989,Dec 21 2017,Glam,M,English,DLC4,♥♥♥♥♥   3,♥♥♥♥♥   3,♥♥♥♥♥   2,X,X,♥♥♥♥♥   4,2,X,X,No,No,Yes,,,
4388,FALSE,Come On Eileen,Dexys Midnight Runners,1982,Dec 28 2017,New Wave,M,English,DLC4,♥♥♥♥♥   3,♥♥♥♥♥   3,♥♥♥♥♥   2,X,X,♥♥♥♥♥   5,3,X,X,No,No,Yes,,,
4389,FALSE,Hooked on a Feeling,Blue Swede,1974,Dec 28 2017,Classic Rock,M,English,DLC4,♥♥♥♥♥   2,♥♥♥♥♥   1,♥♥♥♥♥   1,X,X,♥♥♥♥♥   2,3,X,X,No,No,Yes,,,
4390,FALSE,Enjoy the Silence,Depeche Mode,1990,Jan 4 2018,Pop/Dance/Electronic,M,English,DLC4,♥♥♥♥♥   1,♥♥♥♥♥   3,♥♥♥♥♥   2,X,X,♥♥♥♥♥   2,2,X,X,No,No,Yes,,,
4391,FALSE,Torn,Natalie Imbruglia,1997,Jan 4 2018,Pop-Rock,F,English,DLC4,♥♥♥♥♥   2,♥♥♥♥♥   3,♥♥♥♥♥   4,X,X,♥♥♥♥♥   4,3,X,X,No,No,Yes,,,
4392,FALSE,Open Water,Assuming We Survive,2016,Jan 9 2018,Rock,M,English,DLC4,♥♥♥♥♥   3,♥♥♥♥♥   4,♥♥♥♥♥   5,X,X,♥♥♥♥♥   2,3,X,X,No,No,Yes,,Only Available Through Rivals,
4393,FALSE,Shy,HUNNY,2017,Jan 9 2018,Indie Rock,M,English,DLC4,♥♥♥♥♥   3,♥♥♥♥♥   3,♥♥♥♥♥   5,X,X,♥♥♥♥♥   3,3,X,X,No,No,Yes,,Only Available Through Rivals,
4394,FALSE,Bloodhands (Oh My Fever),In the Valley Below,2017,Jan 9 2018,Indie Rock,M,English,DLC4,♥♥♥♥♥   4,♥♥♥♥♥   1,♥♥♥♥♥   3,X,X,♥♥♥♥♥   3,3,X,X,No,No,Yes,,Only Available Through Rivals,
4395,FALSE,Who's Your Lover,Nightmare Air,2017,Jan 9 2018,Indie Rock,F,English,DLC4,♥♥♥♥♥   2,♥♥♥♥♥   2,♥♥♥♥♥   3,X,X,♥♥♥♥♥   3,3,X,X,No,No,Yes,,Only Available Through Rivals,
4396,FALSE,Radio,No Small Children,2017,Jan 9 2018,Rock,F,English,DLC4,♥♥♥♥♥   2,♥♥♥♥♥   2,♥♥♥♥♥   5,X,X,♥♥♥♥♥   4,3,X,X,No,No,Yes,,Only Available Through Rivals,
4397,FALSE,I Remember You,Skid Row,1989,Jan 11 2018,Glam,M,English,DLC4,♥♥♥♥♥   4,♥♥♥♥♥   3,♥♥♥♥♥   3,X,X,♥♥♥♥♥   5,X,X,X,No,No,Yes,,,
4398,FALSE,Burnin' It Down,Jason Aldean,2014,Jan 18 2018,Country,M,English,DLC4,♥♥♥♥♥   1,♥♥♥♥♥   2,♥♥♥♥♥   2,X,X,♥♥♥♥♥   2,2,X,X,No,No,Yes,,,
4399,FALSE,Body Like a Back Road,Sam Hunt,2017,Jan 18 2018,Country,M,English,DLC4,♥♥♥♥♥   1,♥♥♥♥♥   0,♥♥♥♥♥   0,X,X,♥♥♥♥♥   2,3,X,X,No,No,Yes,,,
4400,FALSE,That Don't Impress Me Much,Shania Twain,1997,Jan 18 2018,Country,F,English,DLC4,♥♥♥♥♥   2,♥♥♥♥♥   1,♥♥♥♥♥   0,X,X,♥♥♥♥♥   3,3,X,X,No,No,Yes,,,
4401,FALSE,Lonely Is the Night,Billy Squier,1981,Jan 25 2018,Classic Rock,M,English,DLC4,♥♥♥♥♥   4,♥♥♥♥♥   4,♥♥♥♥♥   3,X,X,♥♥♥♥♥   4,3,X,X,No,No,Yes,,,
4402,FALSE,Takin' Care of Business,Bachman–Turner Overdrive,1974,Jan 25 2018,Classic Rock,M,English,DLC4,♥♥♥♥♥   4,♥♥♥♥♥   2,♥♥♥♥♥   2,X,X,♥♥♥♥♥   2,3,X,X,No,No,Yes,,,
4403,FALSE,A Sky Full of Stars,Coldplay,2014,Feb 1 2018,Alternative,M,English,DLC4,♥♥♥♥♥   2,♥♥♥♥♥   1,♥♥♥♥♥   3,X,X,♥♥♥♥♥   2,2,X,X,No,No,Yes,,,
4404,FALSE,Live in the Moment,Portugal. The Man,2017,Feb 1 2018,Alternative,M,English,DLC4,♥♥♥♥♥   2,♥♥♥♥♥   1,♥♥♥♥♥   4,X,X,♥♥♥♥♥   2,3,X,X,No,No,Yes,,,
4405,FALSE,Absolutely (Story of a Girl),Nine Days,2000,Feb 8 2018,Alternative,M,English,DLC4,♥♥♥♥♥   4,♥♥♥♥♥   4,♥♥♥♥♥   4,X,X,♥♥♥♥♥   3,2,X,X,No,No,Yes,,,
4406,FALSE,Brick House,Commodores,1977,Feb 8 2018,R&B/Soul/Funk,M,English,DLC4,♥♥♥♥♥   3,♥♥♥♥♥   3,♥♥♥♥♥   3,X,X,♥♥♥♥♥   5,2,X,X,No,No,Yes,,,
4407,FALSE,Slide,Goo Goo Dolls,1998,Feb 15 2018,Alternative,M,English,DLC4,♥♥♥♥♥   3,♥♥♥♥♥   3,♥♥♥♥♥   3,X,X,♥♥♥♥♥   3,3,X,X,No,No,Yes,,,
4408,FALSE,Unwell,Matchbox Twenty,2002,Feb 15 2018,Alternative,M,English,DLC4,♥♥♥♥♥   3,♥♥♥♥♥   0,♥♥♥♥♥   1,X,X,♥♥♥♥♥   4,3,X,X,No,No,Yes,,,
4409,FALSE,I Don't Want to Be,Gavin DeGraw,2003,Feb 22 2018,Pop-Rock,M,English,DLC4,♥♥♥♥♥   2,♥♥♥♥♥   3,♥♥♥♥♥   3,X,X,♥♥♥♥♥   5,2,X,X,No,No,Yes,,,
4410,FALSE,Broken,Seether ft. Amy Lee,2004,Feb 22 2018,Alternative,M,English,DLC4,♥♥♥♥♥   2,♥♥♥♥♥   1,♥♥♥♥♥   2,X,X,♥♥♥♥♥   4,2,X,X,No,No,Yes,,,
4411,FALSE,Believer,Imagine Dragons,2017,Mar 1 2018,Alternative,M,English,DLC4,♥♥♥♥♥   1,♥♥♥♥♥   0,♥♥♥♥♥   2,X,X,♥♥♥♥♥   4,3,X,X,No,No,Yes,,,
4412,FALSE,All You Wanted,Michelle Branch,2001,Mar 8 2018,Alternative,F,English,DLC4,♥♥♥♥♥   2,♥♥♥♥♥   2,♥♥♥♥♥   4,X,X,♥♥♥♥♥   4,3,X,X,No,No,Yes,,,
4413,FALSE,Unwritten,Natasha Bedingfield,2004,Mar 8 2018,Pop-Rock,F,English,DLC4,♥♥♥♥♥   3,♥♥♥♥♥   1,♥♥♥♥♥   3,X,X,♥♥♥♥♥   4,3,X,X,No,No,Yes,,,
4414,FALSE,Bad Company,Bad Company,1974,Mar 15 2018,Classic Rock,M,English,DLC4,♥♥♥♥♥   3,♥♥♥♥♥   2,♥♥♥♥♥   2,X,X,♥♥♥♥♥   3,X,X,X,No,No,Yes,,,
4415,FALSE,Roll to Me,Del Amitri,1995,Mar 15 2018,Alternative,M,English,DLC4,♥♥♥♥♥   3,♥♥♥♥♥   0,♥♥♥♥♥   3,X,X,♥♥♥♥♥   2,3,X,X,No,No,Yes,,,
4416,FALSE,Is She Really Going Out with Him?,Joe Jackson,1978,Mar 22 2018,Classic Rock,M,English,DLC4,♥♥♥♥♥   1,♥♥♥♥♥   1,♥♥♥♥♥   3,X,X,♥♥♥♥♥   2,3,X,X,No,No,Yes,,,
4417,FALSE,Cumbersome,Seven Mary Three,1995,Mar 22 2018,Alternative,M,English,DLC4,♥♥♥♥♥   1,♥♥♥♥♥   2,♥♥♥♥♥   2,X,X,♥♥♥♥♥   2,2,X,X,No,No,Yes,,,
4418,FALSE,Stolen Dance,Milky Chance,2013,Mar 29 2018,Alternative,M,English,DLC4,♥♥♥♥♥   3,♥♥♥♥♥   0,♥♥♥♥♥   0,X,X,♥♥♥♥♥   2,X,X,X,No,No,Yes,,,
4419,FALSE,I Want You,Savage Garden,1997,Mar 29 2018,Pop-Rock,M,English,DLC4,♥♥♥♥♥   3,♥♥♥♥♥   3,♥♥♥♥♥   3,X,X,♥♥♥♥♥   4,3,X,X,No,No,Yes,,,
4420,FALSE,Run-Around,Blues Traveler,1994,Apr 5 2018,Rock,M,English,DLC4,♥♥♥♥♥   5,♥♥♥♥♥   3,♥♥♥♥♥   3,X,X,♥♥♥♥♥   6,2,X,X,No,No,Yes,,,
4421,FALSE,Steal My Sunshine,Len,1999,Apr 5 2018,Alternative,M,English,DLC4,♥♥♥♥♥   1,♥♥♥♥♥   0,♥♥♥♥♥   1,X,X,♥♥♥♥♥   1,3,X,X,No,No,Yes,,,
4422,FALSE,Torn in Two,Breaking Benjamin,2018,Apr 12 2018,Rock,M,English,DLC4,♥♥♥♥♥   4,♥♥♥♥♥   3,♥♥♥♥♥   4,X,X,♥♥♥♥♥   2,3,X,X,No,No,Yes,,,
4423,FALSE,The Heart from Your Hate,Trivium,2017,Apr 12 2018,Metal,M,English,DLC4,♥♥♥♥♥   6,♥♥♥♥♥   3,♥♥♥♥♥   5,X,X,♥♥♥♥♥   1,3,X,X,No,No,Yes,,,
4424,FALSE,Karma Chameleon,Culture Club,1983,Apr 19 2018,New Wave,M,English,DLC4,♥♥♥♥♥   1,♥♥♥♥♥   1,♥♥♥♥♥   4,X,X,♥♥♥♥♥   3,3,X,X,No,No,Yes,,,
4425,FALSE,Pictures of Matchstick Men,Status Quo,1968,Apr 19 2018,Classic Rock,M,English,DLC4,♥♥♥♥♥   1,♥♥♥♥♥   2,♥♥♥♥♥   3,X,X,♥♥♥♥♥   1,2,X,X,No,No,Yes,,,
4426,FALSE,We Are Family,Sister Sledge,1979,Apr 26 2018,R&B/Soul/Funk,F,English,DLC4,♥♥♥♥♥   3,♥♥♥♥♥   4,♥♥♥♥♥   1,X,X,♥♥♥♥♥   6,3,X,X,No,No,Yes,,,
4427,FALSE,"Right Here, Right Now",Jesus Jones,1991,Apr 26 2018,Alternative,M,English,DLC4,♥♥♥♥♥   3,♥♥♥♥♥   2,♥♥♥♥♥   5,X,X,♥♥♥♥♥   2,3,X,X,No,No,Yes,,,
4428,FALSE,Forget About Tomorrow,The Bergamot,2016,May 3 2018,Alternative,M,English,DLC4,♥♥♥♥♥   3,♥♥♥♥♥   4,♥♥♥♥♥   2,X,X,♥♥♥♥♥   2,3,X,X,No,No,Yes,,Only Available Through Rivals,
4429,FALSE,I Hear the Dead,Dolly Spartans,2017,May 3 2018,Alternative,M,English,DLC4,♥♥♥♥♥   4,♥♥♥♥♥   3,♥♥♥♥♥   4,X,X,♥♥♥♥♥   1,2,X,X,No,No,Yes,,Only Available Through Rivals,
4430,FALSE,Body Like That,The Eiffels,2018,May 3 2018,Alternative,M,English,DLC4,♥♥♥♥♥   2,♥♥♥♥♥   2,♥♥♥♥♥   2,X,X,♥♥♥♥♥   1,3,X,X,No,No,Yes,,Only Available Through Rivals,
4431,FALSE,Vinyl,Fly by Midnight,2018,May 3 2018,Pop/Dance/Electronic,M,English,DLC4,♥♥♥♥♥   4,♥♥♥♥♥   4,♥♥♥♥♥   1,X,X,♥♥♥♥♥   3,3,X,X,No,No,Yes,,Only Available Through Rivals,
4432,FALSE,Shame,Jocelyn & Chris Arndt,2016,May 3 2018,Rock,F,English,DLC4,♥♥♥♥♥   2,♥♥♥♥♥   2,♥♥♥♥♥   0,X,X,♥♥♥♥♥   3,3,X,X,No,No,Yes,,Only Available Through Rivals,
4433,FALSE,Survive,The Warning,2017,May 17 2018,Rock,F,English,DLC4,♥♥♥♥♥   4,♥♥♥♥♥   2,♥♥♥♥♥   5,X,X,♥♥♥♥♥   2,3,X,X,No,No,Yes,,Only Available Through Rivals,
4434,FALSE,Reminiscing,Little River Band,1978,Jul 3 2018,Classic Rock,M,English,DLC4,♥♥♥♥♥   3,♥♥♥♥♥   2,♥♥♥♥♥   4,X,X,♥♥♥♥♥   6,3,X,X,No,No,Yes,,,
4435,FALSE,Brandy (You're a Fine Girl),Looking Glass,1972,Jul 3 2018,Classic Rock,M,English,DLC4,♥♥♥♥♥   3,♥♥♥♥♥   3,♥♥♥♥♥   2,X,X,♥♥♥♥♥   4,3,X,X,No,No,Yes,,,
4436,FALSE,Baby Come Back,Player,1977,Jul 3 2018,Classic Rock,M,English,DLC4,♥♥♥♥♥   3,♥♥♥♥♥   2,♥♥♥♥♥   2,X,X,♥♥♥♥♥   5,3,X,X,No,No,Yes,,,
4437,FALSE,Rescue Me,30 Seconds to Mars,2018,Jul 26 2018,Rock,M,English,DLC4,♥♥♥♥♥   1,♥♥♥♥♥   0,♥♥♥♥♥   3,X,X,♥♥♥♥♥   2,3,X,X,No,No,Yes,,,
4438,FALSE,Kamikaze,Walk the Moon,2017,Jul 26 2018,Pop-Rock,M,English,DLC4,♥♥♥♥♥   2,♥♥♥♥♥   2,♥♥♥♥♥   2,X,X,♥♥♥♥♥   2,3,X,X,No,No,Yes,,,
4439,FALSE,Give Yourself a Try,The 1975,2018,Aug 2 2018,Alternative,M,English,DLC4,♥♥♥♥♥   1,♥♥♥♥♥   0,♥♥♥♥♥   4,X,X,♥♥♥♥♥   2,X,X,X,No,No,Yes,,,
4440,FALSE,Youngblood,5 Seconds of Summer,2018,Aug 2 2018,Pop-Rock,M,English,DLC4,♥♥♥♥♥   3,♥♥♥♥♥   2,♥♥♥♥♥   3,X,X,♥♥♥♥♥   3,3,X,X,No,No,Yes,,,
4441,FALSE,This Will Be the Day,Jeff Williams ft. Casey Lee Williams,2013,Aug 9 2018,Rock,F,English,DLC4,♥♥♥♥♥   6,♥♥♥♥♥   3,♥♥♥♥♥   5,X,X,♥♥♥♥♥   4,3,X,X,No,No,Yes,,Only Available Through Rivals,
4442,FALSE,broken,lovelytheband,2017,Aug 23 2018,Alternative,M,English,DLC4,♥♥♥♥♥   2,♥♥♥♥♥   0,♥♥♥♥♥   3,X,X,♥♥♥♥♥   1,3,X,X,No,No,Yes,,,
4443,FALSE,Sober Up,AJR ft. Rivers Cuomo,2017,Aug 23 2018,Pop-Rock,M,English,DLC4,♥♥♥♥♥   2,♥♥♥♥♥   3,♥♥♥♥♥   1,X,X,♥♥♥♥♥   2,3,X,X,No,No,Yes,,,
4444,FALSE,Escape (The Piña Colada Song),Rupert Holmes,1979,Sep 6 2018,Pop-Rock,M,English,DLC4,♥♥♥♥♥   2,♥♥♥♥♥   0,♥♥♥♥♥   2,X,X,♥♥♥♥♥   2,2,X,X,No,No,Yes,,,
4445,FALSE,Red Red Wine,UB40,1983,Sep 6 2018,Reggae/Ska,M,English,DLC4,♥♥♥♥♥   0,♥♥♥♥♥   2,♥♥♥♥♥   1,X,X,♥♥♥♥♥   3,3,X,X,No,No,Yes,,,
4446,FALSE,Pictures of Girls,Wallows,2018,Sep 13 2018,Alternative,M,English,DLC4,♥♥♥♥♥   3,♥♥♥♥♥   1,♥♥♥♥♥   1,X,X,♥♥♥♥♥   1,3,X,X,No,No,Yes,,,
4447,FALSE,Simplify,Young the Giant,2018,Sep 13 2018,Alternative,M,English,DLC4,♥♥♥♥♥   3,♥♥♥♥♥   1,♥♥♥♥♥   3,X,X,♥♥♥♥♥   2,3,X,X,No,No,Yes,,,
4448,FALSE,Unheavenly Creatures,Coheed and Cambria,2018,Sep 27 2018,Prog,M,English,DLC4,♥♥♥♥♥   4,♥♥♥♥♥   3,♥♥♥♥♥   4,X,X,♥♥♥♥♥   4,3,X,X,No,No,Yes,,,
4449,FALSE,When the Curtain Falls,Greta Van Fleet,2018,Sep 27 2018,Rock,M,English,DLC4,♥♥♥♥♥   5,♥♥♥♥♥   5,♥♥♥♥♥   4,X,X,♥♥♥♥♥   3,X,X,X,No,No,Yes,,,
4450,FALSE,Graffiti,Chvrches,2018,Oct 11 2018,Alternative,F,English,DLC4,♥♥♥♥♥   3,♥♥♥♥♥   2,♥♥♥♥♥   2,X,X,♥♥♥♥♥   1,3,X,X,No,No,Yes,,,
4451,FALSE,Uncomfortable,Halestorm,2018,Oct 11 2018,Rock,F,English,DLC4,♥♥♥♥♥   5,♥♥♥♥♥   5,♥♥♥♥♥   5,X,X,♥♥♥♥♥   6,3,X,X,No,No,Yes,,,
4452,FALSE,Back to Me,Of Mice & Men,2018,Oct 18 2018,Metal,M,English,DLC4,♥♥♥♥♥   3,♥♥♥♥♥   3,♥♥♥♥♥   4,X,X,♥♥♥♥♥   2,3,X,X,No,No,Yes,,,
4453,FALSE,Three Lives,Octavision,2016,Oct 25 2018,Prog,X,X,DLC4,♥♥♥♥♥   6,♥♥♥♥♥   6,♥♥♥♥♥   6,X,X,X,X,X,X,No,No,Yes,,,
4454,FALSE,My Demons,Starset,2014,Oct 25 2018,Rock,M,English,DLC4,♥♥♥♥♥   2,♥♥♥♥♥   1,♥♥♥♥♥   4,X,X,♥♥♥♥♥   2,3,X,X,No,No,Yes,,,
4455,FALSE,Time to Say Goodbye,Jeff Williams ft. Casey Lee Williams,2014,Nov 1 2018,Rock,F,English,DLC4,♥♥♥♥♥   5,♥♥♥♥♥   5,♥♥♥♥♥   5,X,X,♥♥♥♥♥   4,3,X,X,No,No,Yes,,,
4456,FALSE,Thinking Emoji,Barely March,2018,Nov 8 2018,Punk,M,English,DLC4,♥♥♥♥♥   4,♥♥♥♥♥   4,♥♥♥♥♥   5,X,X,♥♥♥♥♥   2,3,X,X,No,No,Yes,,Only Available Through Rivals,
4457,FALSE,Love That Hurts,PREACHERVAN,2018,Nov 8 2018,Alternative,M,English,DLC4,♥♥♥♥♥   2,♥♥♥♥♥   1,♥♥♥♥♥   3,X,X,♥♥♥♥♥   2,2,X,X,No,No,Yes,,Only Available Through Rivals,
4458,FALSE,Let's Just Dance,Ships Have Sailed,2018,Nov 8 2018,Alternative,M,English,DLC4,♥♥♥♥♥   3,♥♥♥♥♥   1,♥♥♥♥♥   3,X,X,♥♥♥♥♥   2,3,X,X,No,No,Yes,,Only Available Through Rivals,
4459,FALSE,Save Yourself,tiLLie,2017,Nov 8 2018,Alternative,F,English,DLC4,♥♥♥♥♥   1,♥♥♥♥♥   1,♥♥♥♥♥   3,X,X,♥♥♥♥♥   2,3,X,X,No,No,Yes,,Only Available Through Rivals,
4460,FALSE,Natural,Imagine Dragons,2018,Nov 29 2018,Alternative,M,English,DLC4,♥♥♥♥♥   1,♥♥♥♥♥   0,♥♥♥♥♥   3,X,X,♥♥♥♥♥   4,3,X,X,No,No,Yes,,,
4461,FALSE,Girls Like You,Maroon 5,2017,Nov 29 2018,Pop-Rock,M,English,DLC4,♥♥♥♥♥   3,♥♥♥♥♥   0,♥♥♥♥♥   2,X,X,♥♥♥♥♥   3,3,X,X,No,No,Yes,,,
4462,FALSE,Crazy on You,Heart,1976,Dec 6 2018,Classic Rock,F,English,DLC4,♥♥♥♥♥   5,♥♥♥♥♥   2,♥♥♥♥♥   5,X,X,♥♥♥♥♥   6,3,X,X,No,No,Yes,,,
4463,FALSE,Magic Man,Heart,1976,Dec 6 2018,Classic Rock,F,English,DLC4,♥♥♥♥♥   4,♥♥♥♥♥   3,♥♥♥♥♥   4,X,X,♥♥♥♥♥   5,2,X,X,No,No,Yes,,,
4464,FALSE,Lose It,Kane Brown,2018,Dec 13 2018,Country,M,English,DLC4,♥♥♥♥♥   4,♥♥♥♥♥   1,♥♥♥♥♥   3,X,X,♥♥♥♥♥   5,3,X,X,No,No,Yes,,,
4465,FALSE,Hotel Key,Old Dominion,2017,Dec 13 2018,Country,M,English,DLC4,♥♥♥♥♥   3,♥♥♥♥♥   1,♥♥♥♥♥   1,X,X,♥♥♥♥♥   4,2,X,X,No,No,Yes,,,
4466,FALSE,99,Barns Courtney,2018,Dec 20 2018,Alternative,M,English,DLC4,♥♥♥♥♥   3,♥♥♥♥♥   2,♥♥♥♥♥   2,X,X,♥♥♥♥♥   4,3,X,X,No,No,Yes,,,
4467,FALSE,Music Is Worth Living For,Andrew W.K.,2018,Dec 20 2018,Rock,M,English,DLC4,♥♥♥♥♥   1,♥♥♥♥♥   2,♥♥♥♥♥   4,X,X,♥♥♥♥♥   3,3,X,X,No,No,Yes,,,
4468,FALSE,Angel of Death,Slayer,1986,Jan 3 2019,Metal,M,English,DLC4,♥♥♥♥♥   6,♥♥♥♥♥   6,♥♥♥♥♥   6,X,X,♥♥♥♥♥   0,X,X,X,No,No,Yes,,,
4469,FALSE,Starlight,BABYMETAL,2018,Jan 10 2019,Metal,F,Japanese,DLC4,♥♥♥♥♥   5,♥♥♥♥♥   6,♥♥♥♥♥   6,X,X,♥♥♥♥♥   4,3,X,X,No,No,Yes,,,
4470,FALSE,When Legends Rise,Godsmack,2018,Jan 10 2019,Nu-Metal,M,English,DLC4,♥♥♥♥♥   4,♥♥♥♥♥   2,♥♥♥♥♥   3,X,X,♥♥♥♥♥   2,2,X,X,No,No,Yes,,,
4471,FALSE,Shame,Elle King,2018,Jan 31 2019,Alternative,F,English,DLC4,♥♥♥♥♥   1,♥♥♥♥♥   1,♥♥♥♥♥   1,X,X,♥♥♥♥♥   4,3,X,X,No,No,Yes,,,
4472,FALSE,Body Talks,The Struts,2018,Jan 31 2019,Rock,M,English,DLC4,♥♥♥♥♥   3,♥♥♥♥♥   2,♥♥♥♥♥   3,X,X,♥♥♥♥♥   6,3,X,X,No,No,Yes,,,
4473,FALSE,The Triumph,Jeff Williams ft. Casey Lee Williams,2018,Feb 7 2019,Rock,F,English,DLC4,♥♥♥♥♥   6,♥♥♥♥♥   4,♥♥♥♥♥   5,X,X,♥♥♥♥♥   5,3,X,X,No,No,Yes,,,
4474,FALSE,Push,Matchbox Twenty,1996,Feb 14 2019,Alternative,M,English,DLC4,♥♥♥♥♥   2,♥♥♥♥♥   1,♥♥♥♥♥   1,X,X,♥♥♥♥♥   4,3,X,X,No,No,Yes,,,
4475,FALSE,The Reason,Hoobastank,2004,Feb 14 2019,Alternative,M,English,DLC4,♥♥♥♥♥   4,♥♥♥♥♥   0,♥♥♥♥♥   0,X,X,♥♥♥♥♥   2,3,X,X,No,No,Yes,,,
4476,FALSE,Wagon Wheel,Darius Rucker,2013,Feb 21 2019,Country,M,English,DLC4,♥♥♥♥♥   4,♥♥♥♥♥   1,♥♥♥♥♥   1,X,X,♥♥♥♥♥   2,3,X,X,No,No,Yes,,,
4477,FALSE,Bitch,Meredith Brooks,1997,Feb 21 2019,Alternative,F,English,DLC4,♥♥♥♥♥   3,♥♥♥♥♥   4,♥♥♥♥♥   3,X,X,♥♥♥♥♥   3,X,X,X,No,No,Yes,,,
4478,FALSE,Drown,Bring Me the Horizon,2015,Mar 7 2019,Nu-Metal,M,English,DLC4,♥♥♥♥♥   2,♥♥♥♥♥   1,♥♥♥♥♥   4,X,X,♥♥♥♥♥   4,3,X,X,No,No,Yes,,,
4479,FALSE,MANTRA,Bring Me the Horizon,2019,Mar 7 2019,Nu-Metal,M,English,DLC4,♥♥♥♥♥   3,♥♥♥♥♥   3,♥♥♥♥♥   4,X,X,♥♥♥♥♥   2,3,X,X,No,No,Yes,,,
4480,FALSE,Paradise,Coldplay,2011,Mar 14 2019,Alternative,M,English,DLC4,♥♥♥♥♥   4,♥♥♥♥♥   0,♥♥♥♥♥   0,X,X,♥♥♥♥♥   2,2,X,X,No,No,Yes,,,
4481,FALSE,Uma Thurman,Fall Out Boy,2014,Mar 14 2019,Pop-Rock,M,English,DLC4,♥♥♥♥♥   3,♥♥♥♥♥   1,♥♥♥♥♥   2,X,X,♥♥♥♥♥   4,3,X,X,No,No,Yes,,,
4482,FALSE,Superposition,Young the Giant,2018,Mar 21 2019,Alternative,M,English,DLC4,♥♥♥♥♥   1,♥♥♥♥♥   0,♥♥♥♥♥   3,X,X,♥♥♥♥♥   2,2,X,X,No,No,Yes,,,
4483,FALSE,When the Seasons Change,Five Finger Death Punch,2018,Mar 21 2019,Metal,M,English,DLC4,♥♥♥♥♥   4,♥♥♥♥♥   1,♥♥♥♥♥   1,X,X,♥♥♥♥♥   3,3,X,X,No,No,Yes,,,
4484,FALSE,S.O.S.,The Glorious Sons,2017,Apr 4 2019,Rock,M,English,DLC4,♥♥♥♥♥   3,♥♥♥♥♥   3,♥♥♥♥♥   1,X,X,♥♥♥♥♥   2,3,X,X,No,No,Yes,,,
4485,FALSE,Do Your Worst,Rival Sons,2019,Apr 4 2019,Rock,M,English,DLC4,♥♥♥♥♥   4,♥♥♥♥♥   2,♥♥♥♥♥   3,X,X,♥♥♥♥♥   4,2,X,X,No,No,Yes,,,
4486,FALSE,I'm Gonna Be (500 Miles),The Proclaimers,1988,Apr 18 2019,Rock,M,English,DLC4,♥♥♥♥♥   2,♥♥♥♥♥   1,♥♥♥♥♥   0,X,X,♥♥♥♥♥   5,3,X,X,No,No,Yes,,,
4487,FALSE,La Bamba,Los Lobos,1987,Apr 18 2019,Pop-Rock,M,Spanish,DLC4,♥♥♥♥♥   5,♥♥♥♥♥   3,♥♥♥♥♥   3,X,X,♥♥♥♥♥   3,2,X,X,No,No,Yes,,,
4488,FALSE,Do Not Disturb,Halestorm,2018,Apr 25 2019,Rock,F,English,DLC4,♥♥♥♥♥   4,♥♥♥♥♥   2,♥♥♥♥♥   4,X,X,♥♥♥♥♥   3,3,X,X,No,No,Yes,,,
4489,FALSE,Harmony Hall,Vampire Weekend,2019,May 2 2019,Indie Rock,M,English,DLC4,♥♥♥♥♥   4,♥♥♥♥♥   2,♥♥♥♥♥   4,X,X,♥♥♥♥♥   4,3,X,X,No,No,Yes,,,
4490,FALSE,Longshot,Catfish and the Bottlemen,2019,May 9 2019,Indie Rock,M,English,DLC4,♥♥♥♥♥   3,♥♥♥♥♥   2,♥♥♥♥♥   3,X,X,♥♥♥♥♥   5,2,X,X,No,No,Yes,,,
4491,FALSE,Over My Head,Judah & the Lion,2019,May 16 2019,Alternative,M,English,DLC4,♥♥♥♥♥   3,♥♥♥♥♥   0,♥♥♥♥♥   3,X,X,♥♥♥♥♥   2,3,X,X,No,No,Yes,,,
4492,FALSE,Salvation,The Strumbellas,2019,May 23 2019,Alternative,M,English,DLC4,♥♥♥♥♥   2,♥♥♥♥♥   2,♥♥♥♥♥   1,X,X,♥♥♥♥♥   4,3,X,X,No,No,Yes,,,
4493,FALSE,Tourniquet,Breaking Benjamin,2018,May 30 2019,Alternative,M,English,DLC4,♥♥♥♥♥   4,♥♥♥♥♥   3,♥♥♥♥♥   3,X,X,♥♥♥♥♥   3,3,X,X,No,No,Yes,,,
4494,FALSE,When Am I Gonna Lose You,Local Natives,2019,Jun 6 2019,Alternative,M,English,DLC4,♥♥♥♥♥   1,♥♥♥♥♥   2,♥♥♥♥♥   2,X,X,♥♥♥♥♥   5,3,X,X,No,No,Yes,,,
4495,FALSE,Sucker,Jonas Brothers,2019,Jul 2 2019,Pop-Rock,M,English,DLC4,♥♥♥♥♥   1,♥♥♥♥♥   1,♥♥♥♥♥   3,X,X,♥♥♥♥♥   4,3,X,X,No,No,Yes,,,
4496,FALSE,High Hopes,Panic! at the Disco,2018,Jul 2 2019,Emo,M,English,DLC4,♥♥♥♥♥   2,♥♥♥♥♥   2,♥♥♥♥♥   3,X,X,♥♥♥♥♥   5,3,X,X,No,No,Yes,,,
4497,FALSE,Change,The Revivalists,2018,Jul 11 2019,Alternative,M,English,DLC4,♥♥♥♥♥   3,♥♥♥♥♥   1,♥♥♥♥♥   2,X,X,♥♥♥♥♥   4,3,X,X,No,No,Yes,,,
4498,FALSE,100 Bad Days,AJR,2019,Jul 18 2019,Pop-Rock,M,English,DLC4,♥♥♥♥♥   2,♥♥♥♥♥   0,♥♥♥♥♥   3,X,X,♥♥♥♥♥   4,3,X,X,No,No,Yes,,,
4499,FALSE,Alligator,Of Monsters and Men,2019,Jul 25 2019,Indie Rock,F,English,DLC4,♥♥♥♥♥   3,♥♥♥♥♥   1,♥♥♥♥♥   2,X,X,♥♥♥♥♥   2,X,X,X,No,No,Yes,,,
4500,FALSE,Blame It on My Youth,Blink-182,2019,Aug 1 2019,Punk,M,English,DLC4,♥♥♥♥♥   2,♥♥♥♥♥   2,♥♥♥♥♥   5,X,X,♥♥♥♥♥   3,3,X,X,No,No,Yes,,,
4501,FALSE,Gloria,The Lumineers,2019,Aug 8 2019,Indie Rock,M,English,DLC4,♥♥♥♥♥   4,♥♥♥♥♥   2,♥♥♥♥♥   1,X,X,♥♥♥♥♥   2,2,X,X,No,No,Yes,,,
4502,FALSE,Hurt,Oliver Tree,2019,Aug 15 2019,Alternative,M,English,DLC4,♥♥♥♥♥   0,♥♥♥♥♥   0,♥♥♥♥♥   0,X,X,♥♥♥♥♥   2,2,X,X,No,No,Yes,,,
4503,FALSE,Missed Connection,The Head and the Heart,2019,Aug 22 2019,Alternative,M,English,DLC4,♥♥♥♥♥   1,♥♥♥♥♥   2,♥♥♥♥♥   2,X,X,♥♥♥♥♥   4,3,X,X,No,No,Yes,,,
4504,FALSE,Old Town Road (Remix),Lil Nas X ft. Billy Ray Cyrus,2019,Sep 5 2019,Country,M,English,DLC4,♥♥♥♥♥   1,♥♥♥♥♥   0,♥♥♥♥♥   3,X,X,♥♥♥♥♥   2,3,X,X,No,No,Yes,,,
4505,FALSE,21,H.E.R.,2019,Sep 12 2019,R&B/Soul/Funk,F,English,DLC4,♥♥♥♥♥   2,♥♥♥♥♥   1,♥♥♥♥♥   4,X,X,♥♥♥♥♥   3,3,X,X,No,No,Yes,,,
4506,FALSE,sugar honey ice & tea,Bring Me the Horizon,2019,Sep 19 2019,Nu-Metal,M,English,DLC4,♥♥♥♥♥   3,♥♥♥♥♥   2,♥♥♥♥♥   2,X,X,♥♥♥♥♥   4,3,X,X,No,No,Yes,,,
4507,FALSE,When I'm Gone,Dirty Honey,2019,Sep 19 2019,Rock,M,English,DLC4,♥♥♥♥♥   4,♥♥♥♥♥   3,♥♥♥♥♥   4,X,X,♥♥♥♥♥   5,X,X,X,No,No,Yes,,,
4508,FALSE,Highway to Oblivion,DragonForce,2019,Sep 26 2019,Metal,M,English,DLC4,♥♥♥♥♥   6,♥♥♥♥♥   4,♥♥♥♥♥   6,X,X,♥♥♥♥♥   5,3,X,X,No,No,Yes,,,
4509,FALSE,This City Made Us,The Protomen,2015,Oct 3 2019,Rock,M,English,DLC4,♥♥♥♥♥   4,♥♥♥♥♥   3,♥♥♥♥♥   5,X,X,♥♥♥♥♥   5,3,X,X,No,No,Yes,,,
4510,FALSE,Two Shots,Duck & Cover,2019,Oct 10 2019,Punk,M,English,DLC4,♥♥♥♥♥   3,♥♥♥♥♥   3,♥♥♥♥♥   3,X,X,♥♥♥♥♥   4,X,X,X,No,No,Yes,,,
4511,FALSE,Don't Let Her Go,Newfane,2019,Oct 10 2019,Alternative,M,English,DLC4,♥♥♥♥♥   4,♥♥♥♥♥   4,♥♥♥♥♥   4,X,X,♥♥♥♥♥   2,3,X,X,No,No,Yes,,,
4512,FALSE,Time for Crime,ORION,2019,Oct 10 2019,Pop/Dance/Electronic,F,English,DLC4,♥♥♥♥♥   0,♥♥♥♥♥   1,♥♥♥♥♥   0,X,X,♥♥♥♥♥   1,2,X,X,No,No,Yes,,,
4513,FALSE,Fall Apart,Shocked Laura,2019,Oct 10 2019,Pop/Dance/Electronic,M,English,DLC4,♥♥♥♥♥   2,♥♥♥♥♥   1,♥♥♥♥♥   4,X,X,♥♥♥♥♥   4,3,X,X,No,No,Yes,,,
4514,FALSE,Blue on Black,Five Finger Death Punch,2018,Oct 17 2019,Metal,M,English,DLC4,♥♥♥♥♥   4,♥♥♥♥♥   3,♥♥♥♥♥   3,X,X,♥♥♥♥♥   4,3,X,X,No,No,Yes,,,
4515,FALSE,Trouble,Five Finger Death Punch,2017,Oct 17 2019,Metal,M,English,DLC4,♥♥♥♥♥   5,♥♥♥♥♥   3,♥♥♥♥♥   2,X,X,♥♥♥♥♥   3,2,X,X,No,No,Yes,,,
4516,FALSE,Might Be Right,White Reaper,2019,Oct 24 2019,Alternative,M,English,DLC4,♥♥♥♥♥   3,♥♥♥♥♥   1,♥♥♥♥♥   2,X,X,♥♥♥♥♥   3,2,X,X,No,No,Yes,,,
4517,FALSE,Feed My Frankenstein,Alice Cooper,1991,Oct 31 2019,Rock,M,English,DLC4,♥♥♥♥♥   5,♥♥♥♥♥   2,♥♥♥♥♥   4,X,X,♥♥♥♥♥   2,3,X,X,No,No,Yes,,,
4518,FALSE,Unsainted,Slipknot,2019,Oct 31 2019,Nu-Metal,M,English,DLC4,♥♥♥♥♥   5,♥♥♥♥♥   5,♥♥♥♥♥   6,X,X,♥♥♥♥♥   4,3,X,X,No,No,Yes,,,
4519,FALSE,CHAMPION,Bishop Briggs,2019,Nov 7 2019,Alternative,F,English,DLC4,♥♥♥♥♥   0,♥♥♥♥♥   0,♥♥♥♥♥   0,X,X,♥♥♥♥♥   5,3,X,X,No,No,Yes,,,
4520,FALSE,Good Things Fall Apart,Illenium & Jon Bellion,2019,Nov 7 2019,Pop/Dance/Electronic,M,English,DLC4,♥♥♥♥♥   3,♥♥♥♥♥   0,♥♥♥♥♥   1,X,X,♥♥♥♥♥   4,3,X,X,No,No,Yes,,,
4521,FALSE,Back Foot,Dinosaur Pile-Up,2019,Nov 26 2019,Rock,M,English,DLC4,♥♥♥♥♥   3,♥♥♥♥♥   3,♥♥♥♥♥   3,X,X,♥♥♥♥♥   4,2,X,X,No,No,Yes,,,
4522,FALSE,Welcome Home,HELLYEAH,2019,Nov 26 2019,Rock,M,English,DLC4,♥♥♥♥♥   3,♥♥♥♥♥   3,♥♥♥♥♥   3,X,X,♥♥♥♥♥   2,3,X,X,No,No,Yes,,,
4523,FALSE,Taste of Regret,Of Mice & Men,2019,Nov 26 2019,Metal,M,English,DLC4,♥♥♥♥♥   5,♥♥♥♥♥   4,♥♥♥♥♥   5,X,X,♥♥♥♥♥   1,3,X,X,No,No,Yes,,,
4524,FALSE,Prom Queen,Beach Bunny,2018,Dec 5 2019,Alternative,F,English,DLC4,♥♥♥♥♥   1,♥♥♥♥♥   2,♥♥♥♥♥   2,X,X,♥♥♥♥♥   2,2,X,X,No,No,Yes,,,
4525,FALSE,Panic Attack,The Glorious Sons,2019,Dec 5 2019,Rock,M,English,DLC4,♥♥♥♥♥   1,♥♥♥♥♥   2,♥♥♥♥♥   3,X,X,♥♥♥♥♥   2,3,X,X,No,No,Yes,,,
4526,FALSE,16,Highly Suspect,2019,Dec 5 2019,Alternative,M,English,DLC4,♥♥♥♥♥   0,♥♥♥♥♥   0,♥♥♥♥♥   3,X,X,♥♥♥♥♥   3,3,X,X,No,No,Yes,,,
4527,FALSE,Crush,Dave Matthews Band,1998,Dec 12 2019,Rock,M,English,DLC4,♥♥♥♥♥   3,♥♥♥♥♥   4,♥♥♥♥♥   4,X,X,♥♥♥♥♥   4,2,X,X,No,No,Yes,,,
4528,FALSE,Blind Leading the Blind,Mumford & Sons,2019,Dec 12 2019,Rock,M,English,DLC4,♥♥♥♥♥   5,♥♥♥♥♥   3,♥♥♥♥♥   4,X,X,♥♥♥♥♥   4,3,X,X,No,No,Yes,,,
4529,FALSE,One Kind of Solomon,The New Pornographers,2019,Dec 12 2019,Alternative,M,English,DLC4,♥♥♥♥♥   1,♥♥♥♥♥   1,♥♥♥♥♥   4,X,X,♥♥♥♥♥   4,3,X,X,No,No,Yes,,,
4530,FALSE,bad guy,Billie Eilish,2019,Dec 19 2019,Pop/Dance/Electronic,F,English,DLC4,♥♥♥♥♥   0,♥♥♥♥♥   1,♥♥♥♥♥   1,X,X,♥♥♥♥♥   2,3,X,X,No,No,Yes,,,
4531,FALSE,Orphans,Coldplay,2019,Dec 19 2019,Alternative,M,English,DLC4,♥♥♥♥♥   3,♥♥♥♥♥   1,♥♥♥♥♥   1,X,X,♥♥♥♥♥   3,3,X,X,No,No,Yes,,,
4532,FALSE,Take What You Want,Post Malone ft. Ozzy Osbourne & Travis Scott,2019,Dec 19 2019,Pop-Rock,M,English,DLC4,♥♥♥♥♥   5,♥♥♥♥♥   1,♥♥♥♥♥   2,X,X,♥♥♥♥♥   4,3,X,X,No,No,Yes,,,
4533,FALSE,Father of All...,Green Day,2020,Jan 9 2020,Alternative,M,English,DLC4,♥♥♥♥♥   2,♥♥♥♥♥   3,♥♥♥♥♥   4,X,X,♥♥♥♥♥   2,3,X,X,No,No,Yes,,,
4534,FALSE,The End of the Game,Weezer,2020,Jan 9 2020,Alternative,M,English,DLC4,♥♥♥♥♥   5,♥♥♥♥♥   2,♥♥♥♥♥   2,X,X,♥♥♥♥♥   3,3,X,X,No,No,Yes,,,
4535,FALSE,I Just Wanna Shine,Fitz and the Tantrums,2019,Jan 16 2020,Pop-Rock,M,English,DLC4,♥♥♥♥♥   3,♥♥♥♥♥   3,♥♥♥♥♥   4,X,X,♥♥♥♥♥   3,3,X,X,No,No,Yes,,,
4536,FALSE,All the Way (Stay),Jimmy Eat World,2019,Jan 23 2020,Alternative,M,English,DLC4,♥♥♥♥♥   3,♥♥♥♥♥   2,♥♥♥♥♥   3,X,X,♥♥♥♥♥   3,3,X,X,No,No,Yes,,,
4537,FALSE,Circles,Post Malone,2019,Jan 30 2020,Pop-Rock,M,English,DLC4,♥♥♥♥♥   1,♥♥♥♥♥   0,♥♥♥♥♥   0,X,X,♥♥♥♥♥   1,3,X,X,No,No,Yes,,,
4538,FALSE,Addicted,Simple Plan,2002,Feb 6 2020,Alternative,M,English,DLC4,♥♥♥♥♥   2,♥♥♥♥♥   2,♥♥♥♥♥   3,X,X,♥♥♥♥♥   1,3,X,X,No,No,Yes,,,
4539,FALSE,Welcome to My Life,Simple Plan,2004,Feb 6 2020,Alternative,M,English,DLC4,♥♥♥♥♥   2,♥♥♥♥♥   2,♥♥♥♥♥   2,X,X,♥♥♥♥♥   2,3,X,X,No,No,Yes,,,
4540,FALSE,Where I Belong,Simple Plan & State Champs feat. We the Kings,2019,Feb 6 2020,Alternative,M,English,DLC4,♥♥♥♥♥   4,♥♥♥♥♥   2,♥♥♥♥♥   4,X,X,♥♥♥♥♥   2,3,X,X,No,No,Yes,,,
4541,FALSE,No More Mr. Nice Guy,Alice Cooper,1973,Feb 13 2020,Rock,M,English,DLC4,♥♥♥♥♥   4,♥♥♥♥♥   2,♥♥♥♥♥   4,X,X,♥♥♥♥♥   4,3,X,X,No,No,Yes,,,
4542,FALSE,Inside Out,Five Finger Death Punch,2020,Feb 27 2020,Metal,M,English,DLC4,♥♥♥♥♥   6,♥♥♥♥♥   3,♥♥♥♥♥   4,X,X,♥♥♥♥♥   3,3,X,X,No,No,Yes,,,
4543,FALSE,Novocaine,The Unlikely Candidates,2019,Feb 27 2020,Alternative,M,English,DLC4,♥♥♥♥♥   2,♥♥♥♥♥   1,♥♥♥♥♥   4,X,X,♥♥♥♥♥   4,3,X,X,No,No,Yes,,,
4544,FALSE,The Best,AWOLNATION,2019,Mar 19 2020,Alternative,M,English,DLC4,♥♥♥♥♥   3,♥♥♥♥♥   0,♥♥♥♥♥   3,X,X,♥♥♥♥♥   2,3,X,X,No,No,Yes,,,
4545,FALSE,Colors,Black Pumas,2019,Mar 19 2020,Alternative,M,English,DLC4,♥♥♥♥♥   5,♥♥♥♥♥   2,♥♥♥♥♥   2,X,X,♥♥♥♥♥   5,3,X,X,No,No,Yes,,,
4546,FALSE,Some Kind of Disaster,All Time Low,2020,Mar 26 2020,Emo,M,English,DLC4,♥♥♥♥♥   2,♥♥♥♥♥   2,♥♥♥♥♥   4,X,X,♥♥♥♥♥   4,3,X,X,No,No,Yes,,,
4547,FALSE,Don't Start Now,Dua Lipa,2019,Apr 9 2020,Pop/Dance/Electronic,F,English,DLC4,♥♥♥♥♥   3,♥♥♥♥♥   1,♥♥♥♥♥   1,X,X,♥♥♥♥♥   3,3,X,X,No,No,Yes,,,
4548,FALSE,Simmer,Hayley Williams,2020,Apr 9 2020,Alternative,F,English,DLC4,♥♥♥♥♥   2,♥♥♥♥♥   2,♥♥♥♥♥   5,X,X,♥♥♥♥♥   4,3,X,X,No,No,Yes,,,
4549,FALSE,One Man Band,Old Dominion,2019,Apr 16 2020,Country,M,English,DLC4,♥♥♥♥♥   3,♥♥♥♥♥   0,♥♥♥♥♥   0,X,X,♥♥♥♥♥   3,2,X,X,No,No,Yes,,,
4550,FALSE,Juice,Lizzo,2019,Apr 23 2020,Pop/Dance/Electronic,F,English,DLC4,♥♥♥♥♥   2,♥♥♥♥♥   2,♥♥♥♥♥   1,X,X,♥♥♥♥♥   4,3,X,X,No,No,Yes,,,
4551,FALSE,Bad Decisions,The Strokes,2020,Apr 23 2020,Rock,M,English,DLC4,♥♥♥♥♥   3,♥♥♥♥♥   1,♥♥♥♥♥   2,X,X,♥♥♥♥♥   4,X,X,X,No,No,Yes,,,
4552,FALSE,Born to Be Wild,Steppenwolf,1968,Apr 30 2020,Classic Rock,M,English,DLC4,♥♥♥♥♥   3,♥♥♥♥♥   3,♥♥♥♥♥   4,X,X,♥♥♥♥♥   4,X,X,X,No,No,Yes,,,
4553,FALSE,Rolling 7s,Dirty Honey,2019,May 7 2020,Rock,M,English,DLC4,♥♥♥♥♥   4,♥♥♥♥♥   3,♥♥♥♥♥   5,X,X,♥♥♥♥♥   5,3,X,X,No,No,Yes,,,
4554,FALSE,Glycerine,Bush,1994,May 21 2020,Grunge,M,English,DLC4,♥♥♥♥♥   1,♥♥♥♥♥   0,X,X,X,♥♥♥♥♥   3,2,X,X,No,No,Yes,,,
4555,FALSE,With Arms Wide Open,Creed,1999,May 21 2020,Rock,M,English,DLC4,♥♥♥♥♥   3,♥♥♥♥♥   2,♥♥♥♥♥   3,X,X,♥♥♥♥♥   2,2,X,X,No,No,Yes,,,
4556,FALSE,Far Away,Breaking Benjamin ft. Scooter Ward of COLD,2020,Jun 4 2020,Rock,M,English,DLC4,♥♥♥♥♥   1,♥♥♥♥♥   0,♥♥♥♥♥   3,X,X,♥♥♥♥♥   2,3,X,X,No,No,Yes,,,
4557,FALSE,Level of Concern,Twenty One Pilots,2020,Jun 4 2020,Alternative,M,English,DLC4,♥♥♥♥♥   2,♥♥♥♥♥   1,♥♥♥♥♥   2,X,X,♥♥♥♥♥   4,3,X,X,No,No,Yes,,,
4558,FALSE,Falling,Trevor Daniel,2020,Jul 11 2020,Pop/Dance/Electronic,M,English,DLC4,♥♥♥♥♥   2,♥♥♥♥♥   0,♥♥♥♥♥   1,X,X,♥♥♥♥♥   3,3,X,X,No,No,Yes,,,
4559,FALSE,I Think We're Alone Now,Billie Joe Armstrong,2020,Jun 18 2020,Alternative,M,English,DLC4,♥♥♥♥♥   1,♥♥♥♥♥   2,♥♥♥♥♥   1,X,X,♥♥♥♥♥   2,2,X,X,No,No,Yes,,,
4560,FALSE,Van Horn,Saint Motel,2019,Jun 18 2020,Indie Rock,M,English,DLC4,♥♥♥♥♥   2,♥♥♥♥♥   1,♥♥♥♥♥   4,X,X,♥♥♥♥♥   4,3,X,X,No,No,Yes,,,
4561,FALSE,Popular Monster,Falling In Reverse,2019,Jun 25 2020,Rock,M,English,DLC4,♥♥♥♥♥   3,♥♥♥♥♥   3,♥♥♥♥♥   4,X,X,♥♥♥♥♥   3,3,X,X,No,No,Yes,,,
4562,FALSE,"10,000 Hours",Dan + Shay & Justin Bieber,2019,Jul 2 2020,Country,M,English,DLC4,♥♥♥♥♥   1,♥♥♥♥♥   0,♥♥♥♥♥   2,X,X,♥♥♥♥♥   4,3,X,X,No,No,Yes,,,
4563,FALSE,Used To Like,Neon Trees,2019,Jul 2 2020,Alternative,M,English,DLC4,♥♥♥♥♥   1,♥♥♥♥♥   1,♥♥♥♥♥   1,X,X,♥♥♥♥♥   4,3,X,X,No,No,Yes,,,
4564,FALSE,Bang!,AJR,2020,Jul 9 2020,Pop-Rock,M,English,DLC4,♥♥♥♥♥   2,♥♥♥♥♥   1,♥♥♥♥♥   4,X,X,♥♥♥♥♥   4,3,X,X,No,No,Yes,,,
4565,FALSE,Adore You,Harry Styles,2019,Jul 16 2020,Pop/Dance/Electronic,M,English,DLC4,♥♥♥♥♥   3,♥♥♥♥♥   2,♥♥♥♥♥   2,X,X,♥♥♥♥♥   5,3,X,X,No,No,Yes,,,
4566,FALSE,Wars,Of Monsters and Men,2019,Jul 16 2020,Indie Rock,M,English,DLC4,♥♥♥♥♥   3,♥♥♥♥♥   1,♥♥♥♥♥   1,X,X,♥♥♥♥♥   2,3,X,X,No,No,Yes,,,
4567,FALSE,Killing Me Slowly,Bad Wolves,2019,Jul 23 2020,Rock,M,English,DLC4,♥♥♥♥♥   1,♥♥♥♥♥   1,♥♥♥♥♥   2,X,X,♥♥♥♥♥   3,3,X,X,No,No,Yes,,,
4568,FALSE,Shiver,Coldplay,2000,Aug 6 2020,Alternative,M,English,DLC4,♥♥♥♥♥   3,♥♥♥♥♥   1,♥♥♥♥♥   3,X,X,♥♥♥♥♥   6,2,X,X,No,No,Yes,,,
4569,FALSE,Speed of Sound,Coldplay,2005,Aug 6 2020,Alternative,M,English,DLC4,♥♥♥♥♥   2,♥♥♥♥♥   1,♥♥♥♥♥   2,X,X,♥♥♥♥♥   4,2,X,X,No,No,Yes,,,
4570,FALSE,Champion of the World,Coldplay,2019,Aug 13 2020,Alternative,M,English,DLC4,♥♥♥♥♥   1,♥♥♥♥♥   1,♥♥♥♥♥   1,X,X,♥♥♥♥♥   3,3,X,X,No,No,Yes,,,
4571,FALSE,Something Just Like This,The Chainsmokers & Coldplay,2017,Aug 13 2020,Pop/Dance/Electronic,M,English,DLC4,♥♥♥♥♥   2,♥♥♥♥♥   1,♥♥♥♥♥   1,X,X,♥♥♥♥♥   3,3,X,X,No,No,Yes,,,
4572,FALSE,Cradles,Sub Urban,2019,Aug 27 2020,Pop/Dance/Electronic,M,English,DLC4,♥♥♥♥♥   1,♥♥♥♥♥   0,♥♥♥♥♥   4,X,X,♥♥♥♥♥   4,3,X,X,No,No,Yes,,,
4573,FALSE,Blinding Lights,The Weeknd,2019,Aug 27 2020,Pop/Dance/Electronic,M,English,DLC4,♥♥♥♥♥   3,♥♥♥♥♥   0,♥♥♥♥♥   1,X,X,♥♥♥♥♥   4,3,X,X,No,No,Yes,,,
4574,FALSE,History of Violence,Theory of a Deadman,2019,Sep 3 2020,Rock,M,English,DLC4,♥♥♥♥♥   1,♥♥♥♥♥   0,♥♥♥♥♥   3,X,X,♥♥♥♥♥   2,3,X,X,No,No,Yes,,,
4575,FALSE,Antisocialist,Asking Alexandria,2020,Sep 10 2020,Metal,F,English,DLC4,♥♥♥♥♥   2,♥♥♥♥♥   1,♥♥♥♥♥   3,X,X,♥♥♥♥♥   5,3,X,X,No,No,Yes,,,
4576,FALSE,Monsters,All Time Low ft. Blackbear,2020,Sep 17 2020,Emo,M,English,DLC4,♥♥♥♥♥   2,♥♥♥♥♥   2,♥♥♥♥♥   3,X,X,♥♥♥♥♥   4,3,X,X,No,No,Yes,,,
4577,FALSE,I Hope,Gabby Barrett,2020,Sep 24 2020,Country,F,English,DLC4,♥♥♥♥♥   3,♥♥♥♥♥   1,♥♥♥♥♥   0,X,X,♥♥♥♥♥   3,3,X,X,No,No,Yes,,,
4578,FALSE,Angels & Demons,Jxdn,2020,Oct 1 2020,Alternative,M,English,DLC4,♥♥♥♥♥   1,♥♥♥♥♥   1,♥♥♥♥♥   3,X,X,♥♥♥♥♥   4,3,X,X,No,No,Yes,,,
4579,FALSE,Some1Else,Blame It On Whitman,2020,Oct 8 2020,Punk,M,English,DLC4,♥♥♥♥♥   4,♥♥♥♥♥   2,♥♥♥♥♥   4,X,X,♥♥♥♥♥   2,3,X,X,No,No,Yes,,,
4580,FALSE,Run With You,Radio Compass,2020,Oct 8 2020,Indie Rock,F,English,DLC4,♥♥♥♥♥   3,♥♥♥♥♥   3,♥♥♥♥♥   2,X,X,♥♥♥♥♥   3,3,X,X,No,No,Yes,,,
4581,FALSE,Masquerader,Ravi Shavi,2020,Oct 8 2020,Indie Rock,M,English,DLC4,♥♥♥♥♥   1,♥♥♥♥♥   2,♥♥♥♥♥   5,X,X,♥♥♥♥♥   3,3,X,X,No,No,Yes,,,
4582,FALSE,Stevie Sees,Toad and the Stooligans,2020,Oct 8 2020,Hip-Hop/Rap,M,English,DLC4,♥♥♥♥♥   3,♥♥♥♥♥   3,♥♥♥♥♥   3,X,X,♥♥♥♥♥   5,3,X,X,No,No,Yes,,,
4583,FALSE,Teenage Dirtbag (2020),Wheatus,2020,Oct 15 2020,Pop-Rock,M,English,DLC4,♥♥♥♥♥   2,♥♥♥♥♥   2,♥♥♥♥♥   3,X,X,♥♥♥♥♥   3,2,X,X,No,No,Yes,,,
4584,FALSE,A Little Bit Off,Five Finger Death Punch,2020,Oct 29 2020,Metal,M,English,DLC4,♥♥♥♥♥   1,♥♥♥♥♥   0,♥♥♥♥♥   3,X,X,♥♥♥♥♥   3,3,X,X,No,No,Yes,,,
4585,FALSE,The Devil Went Down to Georgia,Nickelback,2020,Oct 29 2020,Rock,M,English,DLC4,♥♥♥♥♥   6,♥♥♥♥♥   4,♥♥♥♥♥   5,X,X,♥♥♥♥♥   0,2,X,X,No,No,Yes,,,
4586,FALSE,CITY OF ANGELS,24kGoldn,2019,Nov 5 2020,Hip-Hop/Rap,M,English,DLC4,♥♥♥♥♥   0,♥♥♥♥♥   0,♥♥♥♥♥   1,X,X,♥♥♥♥♥   4,3,X,X,No,No,Yes,,,
4587,FALSE,Caution,The Killers,2020,Nov 12 2020,Alternative,M,English,DLC4,♥♥♥♥♥   3,♥♥♥♥♥   2,♥♥♥♥♥   5,X,X,♥♥♥♥♥   4,3,X,X,No,No,Yes,,,
4588,FALSE,Alive With The Glory Of Love,Say Anything,2004,Nov 19 2020,Emo,M,English,DLC4,♥♥♥♥♥   4,♥♥♥♥♥   3,♥♥♥♥♥   5,X,X,♥♥♥♥♥   4,3,X,X,No,No,Yes,,,
4589,FALSE,Cute Without The 'E' (Cut From the Team),Taking Back Sunday,2002,Nov 19 2020,Emo,M,English,DLC4,♥♥♥♥♥   4,♥♥♥♥♥   3,♥♥♥♥♥   4,X,X,♥♥♥♥♥   5,3,X,X,No,No,Yes,,,
4590,FALSE,Shot in the Dark,AC/DC,2020,Nov 24 2020,Rock,M,English,DLC4,♥♥♥♥♥   3,♥♥♥♥♥   1,♥♥♥♥♥   1,X,X,♥♥♥♥♥   3,3,X,X,No,No,Yes,,,
4591,FALSE,Death by Rock and Roll,The Pretty Reckless,2020,Nov 24 2020,Rock,F,English,DLC4,♥♥♥♥♥   5,♥♥♥♥♥   3,♥♥♥♥♥   5,X,X,♥♥♥♥♥   5,3,X,X,No,No,Yes,,,
4592,FALSE,Come & Go,Juice WRLD & Marshmello,2020,Dec 3 2020,Hip-Hop/Rap,M,English,DLC4,♥♥♥♥♥   1,♥♥♥♥♥   0,♥♥♥♥♥   2,X,X,♥♥♥♥♥   2,3,X,X,No,No,Yes,,,
4593,FALSE,Rollin' (Air Raid Vehicle),Limp Bizkit,2000,Dec 3 2020,Alternative,M,English,DLC4,♥♥♥♥♥   2,♥♥♥♥♥   2,♥♥♥♥♥   3,X,X,♥♥♥♥♥   1,2,X,X,No,No,Yes,,,
4594,FALSE,Rebel Rebel,David Bowie,1974,Dec 10 2020,Rock,M,English,DLC4,♥♥♥♥♥   1,♥♥♥♥♥   2,♥♥♥♥♥   0,X,X,♥♥♥♥♥   4,2,X,X,No,No,Yes,,,
4595,FALSE,"My Way, Soon",Greta Van Fleet,2020,Dec 10 2020,Rock,M,English,DLC4,♥♥♥♥♥   5,♥♥♥♥♥   3,♥♥♥♥♥   4,X,X,♥♥♥♥♥   5,X,X,X,No,No,Yes,,,
4596,FALSE,Stacy's Mom,Fountains of Wayne,2003,Dec 17 2020,Pop-Rock,M,English,DLC4,♥♥♥♥♥   1,♥♥♥♥♥   2,♥♥♥♥♥   2,X,X,♥♥♥♥♥   4,3,X,X,No,No,Yes,,,
4597,FALSE,Prisoner,Dance Gavin Dance,2020,Dec 17 2020,Indie Rock,M,English,DLC4,♥♥♥♥♥   5,♥♥♥♥♥   4,♥♥♥♥♥   5,X,X,♥♥♥♥♥   3,3,X,X,No,No,Yes,,,
4598,FALSE,Come and Get Your Love,Redbone,1974,Dec 22 2020,R&B/Soul/Funk,M,English,DLC4,♥♥♥♥♥   1,♥♥♥♥♥   3,♥♥♥♥♥   3,X,X,♥♥♥♥♥   2,3,X,X,No,No,Yes,,,
4599,FALSE,Golden,Harry Styles,2019,Dec 29 2020,Pop-Rock,M,English,DLC4,♥♥♥♥♥   1,♥♥♥♥♥   2,♥♥♥♥♥   1,X,X,♥♥♥♥♥   5,3,X,X,No,No,Yes,,,
4600,FALSE,Higher,Shawn Mendes,2020,Dec 29 2020,Pop/Dance/Electronic,M,English,DLC4,♥♥♥♥♥   1,♥♥♥♥♥   1,♥♥♥♥♥   1,X,X,♥♥♥♥♥   5,3,X,X,No,No,Yes,,,
4601,FALSE,Anthem Part Two,Blink-182,2001,Jan 7 2021,Punk,M,English,DLC4,♥♥♥♥♥   3,♥♥♥♥♥   2,♥♥♥♥♥   5,X,X,♥♥♥♥♥   2,2,X,X,No,No,Yes,,,
4602,FALSE,Hanging by a Moment,Lifehouse,2000,Jan 7 2021,Rock,M,English,DLC4,♥♥♥♥♥   2,♥♥♥♥♥   3,♥♥♥♥♥   2,X,X,♥♥♥♥♥   3,2,X,X,No,No,Yes,,,
4603,FALSE,bloody valentine,Machine Gun Kelly,2020,Jan 14 2021,Alternative,M,English,DLC4,♥♥♥♥♥   1,♥♥♥♥♥   1,♥♥♥♥♥   5,X,X,♥♥♥♥♥   2,3,X,X,No,No,Yes,,,
4604,FALSE,All Downhill from Here,New Found Glory,2004,Jan 21 2021,Punk,M,English,DLC4,♥♥♥♥♥   3,♥♥♥♥♥   2,♥♥♥♥♥   5,X,X,♥♥♥♥♥   2,3,X,X,No,No,Yes,,,
4605,FALSE,Greatest of All Time,New Found Glory,2020,Jan 21 2021,Punk,M,English,DLC4,♥♥♥♥♥   4,♥♥♥♥♥   4,♥♥♥♥♥   5,X,X,♥♥♥♥♥   2,3,X,X,No,No,Yes,,,
4606,FALSE,My Friends Over You,New Found Glory,2002,Jan 21 2021,Punk,M,English,DLC4,♥♥♥♥♥   3,♥♥♥♥♥   2,♥♥♥♥♥   4,X,X,♥♥♥♥♥   3,3,X,X,No,No,Yes,,,
4607,FALSE,Visitor,Of Monsters and Men,2020,Jan 28 2021,Alternative,F,English,DLC4,♥♥♥♥♥   3,♥♥♥♥♥   1,♥♥♥♥♥   2,X,X,♥♥♥♥♥   3,3,X,X,No,No,Yes,,,
4608,FALSE,ily (i love you baby),Surf Mesa ft. Emilee,2019,Feb 4 2021,Pop/Dance/Electronic,F,English,DLC4,♥♥♥♥♥   1,♥♥♥♥♥   0,♥♥♥♥♥   0,X,X,♥♥♥♥♥   1,X,X,X,No,No,Yes,,,
4609,FALSE,"Take Me Home, Country Roads",John Denver,1971,Feb 4 2021,Country,M,English,DLC4,♥♥♥♥♥   3,♥♥♥♥♥   1,♥♥♥♥♥   0,X,X,♥♥♥♥♥   2,3,X,X,No,No,Yes,,Other version WAS available (click note for details),
4610,FALSE,Let My Love Open the Door,Pete Townshend,1980,Feb 11 2021,New Wave,M,English,DLC4,♥♥♥♥♥   3,♥♥♥♥♥   0,♥♥♥♥♥   3,X,X,♥♥♥♥♥   4,3,X,X,No,No,Yes,,,
4611,FALSE,The Bad Touch,Bloodhound Gang,1999,Feb 11 2021,Pop/Dance/Electronic,M,English,DLC4,♥♥♥♥♥   4,♥♥♥♥♥   1,♥♥♥♥♥   1,X,X,♥♥♥♥♥   1,3,X,X,No,No,Yes,,,
4612,FALSE,Fatal Illusion,Megadeth,2016,Feb 18 2021,Metal,M,English,DLC4,♥♥♥♥♥   6,♥♥♥♥♥   0,♥♥♥♥♥   6,X,X,♥♥♥♥♥   4,2,X,X,No,No,Yes,,,
4613,FALSE,Help I'm Alive,Metric,2009,Feb 25 2021,Alternative,F,English,DLC4,♥♥♥♥♥   0,♥♥♥♥♥   1,♥♥♥♥♥   1,X,X,♥♥♥♥♥   3,3,X,X,No,No,Yes,,,
4614,FALSE,Superman,Goldfinger,1997,Mar 4 2021,Reggae/Ska,M,English,DLC4,♥♥♥♥♥   5,♥♥♥♥♥   4,♥♥♥♥♥   5,X,X,♥♥♥♥♥   4,3,X,X,No,No,Yes,,,
4615,FALSE,Way Less Sad,AJR,2021,Mar 25 2021,Pop-Rock,M,English,DLC4,♥♥♥♥♥   1,♥♥♥♥♥   1,♥♥♥♥♥   1,X,X,♥♥♥♥♥   4,3,X,X,No,No,Yes,,,
4616,FALSE,My Ex's Best Friend,Machine Gun Kelly & blackbear,2020,Apr 1 2021,Alternative,M,English,DLC4,♥♥♥♥♥   0,♥♥♥♥♥   0,♥♥♥♥♥   2,X,X,♥♥♥♥♥   4,3,X,X,No,No,Yes,,,
4617,FALSE,"Dear Maria, Count Me In",All Time Low,2007,Apr 8 2021,Emo,M,English,DLC4,♥♥♥♥♥   3,♥♥♥♥♥   3,♥♥♥♥♥   3,X,X,♥♥♥♥♥   4,3,X,X,No,No,Yes,,,
4618,FALSE,Mindreader,A Day to Remember,2021,Apr 15 2021,Punk,M,English,DLC4,♥♥♥♥♥   2,♥♥♥♥♥   2,♥♥♥♥♥   3,X,X,♥♥♥♥♥   3,3,X,X,No,No,Yes,,,
4619,FALSE,Paranoia,A Day to Remember,2016,Apr 15 2021,Punk,M,English,DLC4,♥♥♥♥♥   4,♥♥♥♥♥   3,♥♥♥♥♥   5,X,X,♥♥♥♥♥   3,3,X,X,No,No,Yes,,,
4620,FALSE,Resentment,A Day to Remember,2021,Apr 15 2021,Punk,M,English,DLC4,♥♥♥♥♥   3,♥♥♥♥♥   2,♥♥♥♥♥   4,X,X,♥♥♥♥♥   2,3,X,X,No,No,Yes,,,
4621,FALSE,Therefore I Am,Billie Eilish,2020,Apr 22 2021,Pop/Dance/Electronic,F,English,DLC4,♥♥♥♥♥   1,♥♥♥♥♥   1,♥♥♥♥♥   0,X,X,♥♥♥♥♥   3,3,X,X,No,No,Yes,,,
4622,FALSE,Running With The Wild Things,Against The Current,2016,Apr 29 2021,Pop-Rock,F,English,DLC4,♥♥♥♥♥   3,♥♥♥♥♥   2,♥♥♥♥♥   3,X,X,♥♥♥♥♥   3,3,X,X,No,No,Yes,VR,Chart differs from the one in RBVR,
4623,FALSE,Self Destructor,Chevelle,2021,May 6 2021,Rock,M,English,DLC4,♥♥♥♥♥   5,♥♥♥♥♥   4,♥♥♥♥♥   4,X,X,♥♥♥♥♥   5,2,X,X,No,No,Yes,,,
4624,FALSE,Someone to You,BANNERS,2019,May 13 2021,Alternative,M,English,DLC4,♥♥♥♥♥   1,♥♥♥♥♥   1,♥♥♥♥♥   3,X,X,♥♥♥♥♥   4,3,X,X,No,No,Yes,,,
4625,FALSE,Who Do You Love?,George Thorogood & the Destroyers,1978,May 27 2021,Classic Rock,M,English,DLC4,♥♥♥♥♥   3,♥♥♥♥♥   1,♥♥♥♥♥   3,X,X,♥♥♥♥♥   4,X,X,X,No,No,Yes,,,
4626,FALSE,Wild Thing,The Troggs,1966,May 27 2021,Rock,M,English,DLC4,♥♥♥♥♥   0,♥♥♥♥♥   0,♥♥♥♥♥   1,X,X,♥♥♥♥♥   2,2,X,X,No,No,Yes,,,
4627,FALSE,Heat Waves,Glass Animals,2020,Jun 3 2021,Alternative,M,English,DLC4,♥♥♥♥♥   4,♥♥♥♥♥   0,♥♥♥♥♥   2,X,X,♥♥♥♥♥   2,3,X,X,No,No,Yes,,,
4628,FALSE,And So It Went,The Pretty Reckless ft. Tom Morello,2021,Jun 10 2021,Rock,F,English,DLC4,♥♥♥♥♥   4,♥♥♥♥♥   4,♥♥♥♥♥   4,X,X,♥♥♥♥♥   4,3,X,X,No,No,Yes,,,
4629,FALSE,Follow You,Imagine Dragons,2021,Jun 17 2021,Alternative,M,English,DLC4,♥♥♥♥♥   1,♥♥♥♥♥   0,♥♥♥♥♥   2,X,X,♥♥♥♥♥   5,3,X,X,No,No,Yes,,,
4630,FALSE,Astronaut in the Ocean,Masked Wolf,2019,Jun 24 2021,Hip-Hop/Rap,M,English,DLC4,♥♥♥♥♥   0,♥♥♥♥♥   0,♥♥♥♥♥   2,X,X,♥♥♥♥♥   5,2,X,X,No,No,Yes,,,
4631,FALSE,Astronaut in the Ocean,Our Last Night,2021,Jun 24 2021,Metal,M,English,DLC4,♥♥♥♥♥   5,♥♥♥♥♥   2,♥♥♥♥♥   5,X,X,♥♥♥♥♥   4,3,X,X,No,No,Yes,,,
4632,FALSE,Rich Girl,Hall & Oates,1976,Jul 1 2021,Pop-Rock,M,English,DLC4,♥♥♥♥♥   3,♥♥♥♥♥   3,♥♥♥♥♥   1,X,X,♥♥♥♥♥   5,3,X,X,No,No,Yes,,,
4633,FALSE,All My Favorite Songs,Weezer,2021,Jul 1 2021,Alternative,M,English,DLC4,♥♥♥♥♥   2,♥♥♥♥♥   1,♥♥♥♥♥   2,X,X,♥♥♥♥♥   4,3,X,X,No,No,Yes,,,
4634,FALSE,Comfort Eagle,Cake,2001,Jul 8 2021,Alternative,M,English,DLC4,♥♥♥♥♥   1,♥♥♥♥♥   1,♥♥♥♥♥   2,X,X,♥♥♥♥♥   0,2,X,X,No,No,Yes,,,
4635,FALSE,Rats,Ghost,2018,Jul 15 2021,Metal,M,English,DLC4,♥♥♥♥♥   4,♥♥♥♥♥   3,♥♥♥♥♥   3,X,X,♥♥♥♥♥   2,3,X,X,No,No,Yes,,,
4636,FALSE,Sell Out,Reel Big Fish,1996,Jul 22 2021,Reggae/Ska,M,English,DLC4,♥♥♥♥♥   5,♥♥♥♥♥   4,♥♥♥♥♥   5,X,X,♥♥♥♥♥   4,2,X,X,No,No,Yes,,,
4637,FALSE,Far Too Near,AFI,2021,Aug 5 2021,Rock,M,English,DLC4,♥♥♥♥♥   3,♥♥♥♥♥   3,♥♥♥♥♥   4,X,X,♥♥♥♥♥   2,3,X,X,No,No,Yes,,,
4638,FALSE,Shake Me Up,HOUNDS,2017,Aug 5 2021,Rock,M,English,DLC4,♥♥♥♥♥   4,♥♥♥♥♥   2,♥♥♥♥♥   4,X,X,♥♥♥♥♥   5,3,X,X,No,No,Yes,,,
4639,FALSE,Devil On My Shoulder,Kelsy Karter,2020,Aug 5 2021,Rock,F,English,DLC4,♥♥♥♥♥   2,♥♥♥♥♥   2,♥♥♥♥♥   1,X,X,♥♥♥♥♥   3,3,X,X,No,No,Yes,,,
4640,FALSE,Kids Of Summer,Mayday Parade,2021,Aug 5 2021,Rock,M,English,DLC4,♥♥♥♥♥   2,♥♥♥♥♥   1,♥♥♥♥♥   3,X,X,♥♥♥♥♥   3,3,X,X,No,No,Yes,,,
4641,FALSE,Tailspin,Calling All Captains,2021,Aug 12 2021,Rock,M,English,DLC4,♥♥♥♥♥   4,♥♥♥♥♥   2,♥♥♥♥♥   5,X,X,♥♥♥♥♥   3,3,X,X,No,No,Yes,,,
4642,FALSE,The Bird and the Worm,The Used,2007,Aug 12 2021,Emo,M,English,DLC4,♥♥♥♥♥   4,♥♥♥♥♥   3,♥♥♥♥♥   3,X,X,♥♥♥♥♥   4,3,X,X,No,No,Yes,,,
4643,FALSE,take my breath away // noose,Capstan,2021,Aug 19 2021,Rock,M,English,DLC4,♥♥♥♥♥   4,♥♥♥♥♥   2,♥♥♥♥♥   4,X,X,♥♥♥♥♥   4,3,X,X,No,No,Yes,,,
4644,FALSE,We Are Between,Modest Mouse,2021,Aug 19 2021,Indie Rock,M,English,DLC4,♥♥♥♥♥   2,♥♥♥♥♥   1,♥♥♥♥♥   2,X,X,♥♥♥♥♥   2,3,X,X,No,No,Yes,,,
4645,FALSE,Let the Bad Times Roll,The Offspring,2021,Aug 26 2021,Punk,M,English,DLC4,♥♥♥♥♥   2,♥♥♥♥♥   2,♥♥♥♥♥   3,X,X,♥♥♥♥♥   3,3,X,X,No,No,Yes,,,
4646,FALSE,"You're Gonna Go Far, Kid",The Offspring,2008,Aug 26 2021,Punk,M,English,DLC4,♥♥♥♥♥   2,♥♥♥♥♥   3,♥♥♥♥♥   3,X,X,♥♥♥♥♥   2,3,X,X,No,No,Yes,,,
4647,FALSE,Hurricane,I Prevail,2019,Sep 2 2021,Metal,M,English,DLC4,♥♥♥♥♥   3,♥♥♥♥♥   2,♥♥♥♥♥   4,X,X,♥♥♥♥♥   4,3,X,X,No,No,Yes,,,
4648,FALSE,Nowhere Generation,Rise Against,2021,Sep 2 2021,Punk,M,English,DLC4,♥♥♥♥♥   3,♥♥♥♥♥   3,♥♥♥♥♥   4,X,X,♥♥♥♥♥   2,3,X,X,No,No,Yes,,,
4649,FALSE,Here's to the Night,Eve 6,2000,Sep 9 2021,Alternative,M,English,DLC4,♥♥♥♥♥   1,♥♥♥♥♥   1,♥♥♥♥♥   1,X,X,♥♥♥♥♥   1,3,X,X,No,No,Yes,,,
4650,FALSE,estella//,KennyHoopla ft. Travis Barker,2021,Sep 9 2021,Alternative,M,English,DLC4,♥♥♥♥♥   2,♥♥♥♥♥   2,♥♥♥♥♥   5,X,X,♥♥♥♥♥   4,3,X,X,No,No,Yes,,,
4651,FALSE,Drunk (And I Don't Wanna Go Home),Elle King & Miranda Lambert,2021,Sep 16 2021,Alternative,F,English,DLC4,♥♥♥♥♥   4,♥♥♥♥♥   1,♥♥♥♥♥   4,X,X,♥♥♥♥♥   5,3,X,X,No,No,Yes,,,
4652,FALSE,Native Tongue,My Kid Brother,2020,Sep 16 2021,Alternative,M,English,DLC4,♥♥♥♥♥   1,♥♥♥♥♥   2,♥♥♥♥♥   3,X,X,♥♥♥♥♥   4,2,X,X,No,No,Yes,,,
4653,FALSE,good 4 u,Olivia Rodrigo,2021,Sep 23 2021,Pop-Rock,F,English,DLC4,♥♥♥♥♥   2,♥♥♥♥♥   2,♥♥♥♥♥   2,X,X,♥♥♥♥♥   5,3,X,X,No,No,Yes,,,
4654,FALSE,Freaks,Surf Curse,2013,Sep 23 2021,Indie Rock,M,English,DLC4,♥♥♥♥♥   1,♥♥♥♥♥   2,♥♥♥♥♥   2,X,X,♥♥♥♥♥   0,X,X,X,No,No,Yes,,,
4655,FALSE,Animals,Architects,2021,Sep 30 2021,Metal,M,English,DLC4,♥♥♥♥♥   2,♥♥♥♥♥   2,♥♥♥♥♥   2,X,X,♥♥♥♥♥   2,3,X,X,No,No,Yes,,,
4656,FALSE,Heat Above,Greta Van Fleet,2021,Sep 30 2021,Rock,M,English,DLC4,♥♥♥♥♥   3,♥♥♥♥♥   3,♥♥♥♥♥   3,X,X,♥♥♥♥♥   6,X,X,X,No,No,Yes,,,
4657,FALSE,Girl Scout Cookies,Mom Jeans.,2016,Oct 6 2021,Emo,M,English,DLC4,♥♥♥♥♥   5,♥♥♥♥♥   3,♥♥♥♥♥   5,X,X,♥♥♥♥♥   2,2,X,X,No,No,Yes,,,
4658,FALSE,Like No Surprise,Oldsoul,2020,Oct 6 2021,Alternative,F,English,DLC4,♥♥♥♥♥   2,♥♥♥♥♥   2,♥♥♥♥♥   2,X,X,♥♥♥♥♥   4,X,X,X,No,No,Yes,,,
4659,FALSE,The Title Track,Origami Angel,2019,Oct 6 2021,Emo,M,English,DLC4,♥♥♥♥♥   5,♥♥♥♥♥   3,♥♥♥♥♥   5,X,X,♥♥♥♥♥   6,3,X,X,No,No,Yes,,,
4660,FALSE,Cosmic Thrill Seeking Forever,Prince Daddy & The Hyena,2019,Oct 6 2021,Alternative,M,English,DLC4,♥♥♥♥♥   4,♥♥♥♥♥   3,♥♥♥♥♥   3,X,X,♥♥♥♥♥   3,2,X,X,No,No,Yes,,,
4661,FALSE,I Wanna Dance with Somebody (Who Loves Me),Fall Out Boy,2018,Oct 14 2021,Pop-Rock,M,English,DLC4,♥♥♥♥♥   2,♥♥♥♥♥   1,♥♥♥♥♥   4,X,X,♥♥♥♥♥   5,3,X,X,No,No,Yes,,,
4662,FALSE,Blue Monday,Orgy,1998,Oct 14 2021,Nu-Metal,M,English,DLC4,♥♥♥♥♥   3,♥♥♥♥♥   2,♥♥♥♥♥   3,X,X,♥♥♥♥♥   1,3,X,X,No,No,Yes,,,
4663,FALSE,Africa,Weezer,2019,Oct 14 2021,Alternative,M,English,DLC4,♥♥♥♥♥   3,♥♥♥♥♥   2,♥♥♥♥♥   3,X,X,♥♥♥♥♥   5,3,X,X,No,No,Yes,,,
4664,FALSE,Time Warp,"Little Nell, Patricia Quinn & Richard O'Brien",1975,Oct 28 2021,Glam,M,English,DLC4,♥♥♥♥♥   3,♥♥♥♥♥   4,♥♥♥♥♥   3,X,X,♥♥♥♥♥   4,3,X,X,No,No,Yes,,,
4665,FALSE,Flavor of the Weak,American Hi-Fi,2001,Nov 4 2021,Punk,M,English,DLC4,♥♥♥♥♥   3,♥♥♥♥♥   3,♥♥♥♥♥   3,X,X,♥♥♥♥♥   2,2,X,X,No,No,Yes,,,
4666,FALSE,Euphoria,Angels & Airwaves,2021,Nov 4 2021,Alternative,M,English,DLC4,♥♥♥♥♥   3,♥♥♥♥♥   4,♥♥♥♥♥   4,X,X,♥♥♥♥♥   3,3,X,X,No,No,Yes,,,
4667,FALSE,MONTERO (Call Me by Your Name),Lil Nas X,2021,Nov 11 2021,Hip-Hop/Rap,M,English,DLC4,♥♥♥♥♥   1,♥♥♥♥♥   0,♥♥♥♥♥   2,X,X,♥♥♥♥♥   4,3,X,X,No,No,Yes,,,
4668,FALSE,A-O-K,Tai Verdes,2021,Nov 11 2021,Pop-Rock,M,English,DLC4,♥♥♥♥♥   3,♥♥♥♥♥   0,♥♥♥♥♥   1,X,X,♥♥♥♥♥   4,3,X,X,No,No,Yes,,,
4669,FALSE,Shimmer,Fuel,1998,Nov 18 2021,Rock,M,English,DLC4,♥♥♥♥♥   3,♥♥♥♥♥   2,♥♥♥♥♥   2,X,X,♥♥♥♥♥   3,X,X,X,No,No,Yes,,,
4670,FALSE,Pathkeeper,Interloper,2021,Nov 18 2021,Metal,M,English,DLC4,♥♥♥♥♥   6,♥♥♥♥♥   6,♥♥♥♥♥   6,X,X,♥♥♥♥♥   4,3,X,X,No,No,Yes,,,
4671,FALSE,Physical,Olivia Newton-John,1981,Nov 23 2021,Pop/Dance/Electronic,F,English,DLC4,♥♥♥♥♥   3,♥♥♥♥♥   2,♥♥♥♥♥   2,X,X,♥♥♥♥♥   4,3,X,X,No,No,Yes,,,
4672,FALSE,Paralyzed,Sueco,2021,Nov 23 2021,Hip-Hop/Rap,M,English,DLC4,♥♥♥♥♥   2,♥♥♥♥♥   2,♥♥♥♥♥   3,X,X,♥♥♥♥♥   3,3,X,X,No,No,Yes,,,
4673,FALSE,Peg,Steely Dan,1977,Dec 2 2021,Classic Rock,M,English,DLC4,♥♥♥♥♥   3,♥♥♥♥♥   5,♥♥♥♥♥   4,X,X,♥♥♥♥♥   4,3,X,X,No,No,Yes,,,
4674,FALSE,Grand Canyon,The Wind and The Wave,2016,Dec 2 2021,Indie Rock,F,English,DLC4,♥♥♥♥♥   1,♥♥♥♥♥   2,♥♥♥♥♥   3,X,X,♥♥♥♥♥   3,3,X,X,No,No,Yes,VR,Chart differs from the one in RBVR,
4675,FALSE,Chelsea Dagger,The Fratellis,2006,Dec 9 2021,Alternative,M,English,DLC4,♥♥♥♥♥   2,♥♥♥♥♥   3,♥♥♥♥♥   2,X,X,♥♥♥♥♥   4,2,X,X,No,No,Yes,,,
4676,FALSE,The Call,Ego Kill Talent,2021,Dec 9 2021,Rock,M,English,DLC4,♥♥♥♥♥   2,♥♥♥♥♥   3,♥♥♥♥♥   4,X,X,♥♥♥♥♥   2,3,X,X,No,No,Yes,,,
4677,FALSE,I Can't Drive 55,Sammy Hagar,1984,Dec 16 2021,Rock,M,English,DLC4,♥♥♥♥♥   3,♥♥♥♥♥   2,♥♥♥♥♥   5,X,X,♥♥♥♥♥   3,3,X,X,No,No,Yes,,,
4678,FALSE,Rock You Like a Hurricane,Scorpions,2011,Dec 16 2021,Metal,M,English,DLC4,♥♥♥♥♥   4,♥♥♥♥♥   1,♥♥♥♥♥   2,X,X,♥♥♥♥♥   2,3,X,X,No,No,Yes,,,
4679,FALSE,Hazy Shade of Winter,The Bangles,1987,Dec 23 2021,Rock,F,English,DLC4,♥♥♥♥♥   2,♥♥♥♥♥   2,♥♥♥♥♥   2,X,X,♥♥♥♥♥   4,3,X,X,No,No,Yes,,,
4680,FALSE,Missing Piece,Vance Joy,2021,Dec 23 2021,Indie Rock,M,English,DLC4,♥♥♥♥♥   3,♥♥♥♥♥   1,♥♥♥♥♥   2,X,X,♥♥♥♥♥   4,3,X,X,No,No,Yes,,,
4681,FALSE,Cold Heart (PNAU Remix),Elton John - Dua Lipa,2021,Dec 30 2021,Pop/Dance/Electronic,M,English,DLC4,♥♥♥♥♥   2,♥♥♥♥♥   2,♥♥♥♥♥   1,X,X,♥♥♥♥♥   4,2,X,X,No,No,Yes,,,
4682,FALSE,brutal,Olivia Rodrigo,2021,Dec 30 2021,Pop-Rock,F,English,DLC4,♥♥♥♥♥   2,♥♥♥♥♥   1,♥♥♥♥♥   2,X,X,♥♥♥♥♥   1,X,X,X,No,No,Yes,,,
4683,FALSE,Face Down,The Red Jumpsuit Apparatus,2006,Jan 6 2022,Emo,M,English,DLC4,♥♥♥♥♥   3,♥♥♥♥♥   3,♥♥♥♥♥   3,X,X,♥♥♥♥♥   5,3,X,X,No,No,Yes,,,
4684,FALSE,A Decade Under the Influence,Taking Back Sunday,2004,Jan 6 2022,Emo,M,English,DLC4,♥♥♥♥♥   2,♥♥♥♥♥   2,♥♥♥♥♥   4,X,X,♥♥♥♥♥   5,3,X,X,No,No,Yes,,,
4685,FALSE,¡Olé!,The Bouncing Souls,1999,Jan 13 2022,Punk,M,English,DLC4,♥♥♥♥♥   2,♥♥♥♥♥   1,♥♥♥♥♥   3,X,X,♥♥♥♥♥   2,2,X,X,No,No,Yes,,,
4686,FALSE,Let Me Fall Apart,Light the Torch,2021,Jan 13 2022,Metal,M,English,DLC4,♥♥♥♥♥   3,♥♥♥♥♥   2,♥♥♥♥♥   4,X,X,♥♥♥♥♥   3,3,X,X,No,No,Yes,,,
4687,FALSE,DiE4u,Bring Me the Horizon,2021,Jan 20 2022,Nu-Metal,M,English,DLC4,♥♥♥♥♥   3,♥♥♥♥♥   2,♥♥♥♥♥   3,X,X,♥♥♥♥♥   4,3,X,X,No,No,Yes,,,
4688,FALSE,Only Love Can Save Me Now,The Pretty Reckless ft. Matt Cameron & Kim Thayil,2021,Jan 20 2022,Rock,F,English,DLC4,♥♥♥♥♥   5,♥♥♥♥♥   4,♥♥♥♥♥   4,X,X,♥♥♥♥♥   3,3,X,X,No,No,Yes,,,
4689,FALSE,Sk8er Boi,Avril Lavigne,2002,Jan 27 2022,Pop-Rock,F,English,DLC4,♥♥♥♥♥   1,♥♥♥♥♥   2,♥♥♥♥♥   2,X,X,♥♥♥♥♥   3,3,X,X,No,No,Yes,,,
4690,FALSE,Memory,Sugarcult,2004,Jan 27 2022,Punk,M,English,DLC4,♥♥♥♥♥   2,♥♥♥♥♥   2,♥♥♥♥♥   2,X,X,♥♥♥♥♥   2,3,X,X,No,No,Yes,,,
4691,FALSE,Ain't No King,The Almost,2019,Feb 3 2022,Rock,M,English,DLC4,♥♥♥♥♥   2,♥♥♥♥♥   2,♥♥♥♥♥   2,X,X,♥♥♥♥♥   3,2,X,X,No,No,Yes,,,
4692,FALSE,Secret Garden,Spiritbox,2021,Feb 3 2022,Metal,F,English,DLC4,♥♥♥♥♥   5,♥♥♥♥♥   3,♥♥♥♥♥   5,X,X,♥♥♥♥♥   4,3,X,X,No,No,Yes,,,
4693,FALSE,Light My Love,Greta Van Fleet,2021,Feb 10 2022,Rock,M,English,DLC4,♥♥♥♥♥   3,♥♥♥♥♥   1,♥♥♥♥♥   1,X,X,♥♥♥♥♥   5,2,X,X,No,No,Yes,,,
4694,FALSE,Stay (I Missed You),Lisa Loeb,1994,Feb 10 2022,Pop-Rock,F,English,DLC4,♥♥♥♥♥   3,♥♥♥♥♥   2,♥♥♥♥♥   1,X,X,♥♥♥♥♥   4,3,X,X,No,No,Yes,,,
4695,FALSE,A Clockwork Expectation,Fractal Universe,2021,Feb 17 2022,Metal,M,English,DLC4,♥♥♥♥♥   5,♥♥♥♥♥   5,♥♥♥♥♥   6,X,X,♥♥♥♥♥   4,3,X,X,No,No,Yes,,,
4696,FALSE,Earth Is A Black Hole,Teenage Wrist,2021,Feb 17 2022,Alternative,M,English,DLC4,♥♥♥♥♥   3,♥♥♥♥♥   3,♥♥♥♥♥   5,X,X,♥♥♥♥♥   3,3,X,X,No,No,Yes,,,
4697,FALSE,Stellar,Incubus,1999,Feb 24 2022,Alternative,M,English,DLC4,♥♥♥♥♥   2,♥♥♥♥♥   1,♥♥♥♥♥   2,X,X,♥♥♥♥♥   4,3,X,X,No,No,Yes,,,
4698,FALSE,Show Me the Way (Live),Peter Frampton,1976,Feb 24 2022,Rock,M,English,DLC4,♥♥♥♥♥   2,♥♥♥♥♥   2,♥♥♥♥♥   3,X,X,♥♥♥♥♥   4,3,X,X,No,No,Yes,,,
4699,FALSE,Dreaming,Blondie,1979,Mar 3 2022,New Wave,F,English,DLC4,♥♥♥♥♥   3,♥♥♥♥♥   3,♥♥♥♥♥   4,X,X,♥♥♥♥♥   3,3,X,X,No,No,Yes,,,
4700,FALSE,abcdefu,GAYLE,2021,Mar 3 2022,Pop-Rock,F,English,DLC4,♥♥♥♥♥   1,♥♥♥♥♥   0,♥♥♥♥♥   1,X,X,♥♥♥♥♥   4,3,X,X,No,No,Yes,,,
4701,FALSE,Stay High,Brittany Howard,2019,Mar 10 2022,Rock,F,English,DLC4,♥♥♥♥♥   1,♥♥♥♥♥   0,♥♥♥♥♥   0,X,X,♥♥♥♥♥   6,3,X,X,No,No,Yes,,,
4702,FALSE,Take It Off,The Donnas,2002,Mar 10 2022,Rock,F,English,DLC4,♥♥♥♥♥   4,♥♥♥♥♥   2,♥♥♥♥♥   2,X,X,♥♥♥♥♥   2,3,X,X,No,No,Yes,,,
4703,FALSE,Respect,Aretha Franklin,1967,Mar 17 2022,R&B/Soul/Funk,F,English,DLC4,♥♥♥♥♥   2,♥♥♥♥♥   2,♥♥♥♥♥   2,X,X,♥♥♥♥♥   4,3,X,X,No,No,Yes,,,
4704,FALSE,Jolene,Dolly Parton,1974,Mar 17 2022,Country,F,English,DLC4,♥♥♥♥♥   5,♥♥♥♥♥   1,♥♥♥♥♥   2,X,X,♥♥♥♥♥   4,2,X,X,No,No,Yes,,,
4705,FALSE,Waking Up In Vegas,Katy Perry,2008,Mar 24 2022,Pop/Dance/Electronic,F,English,DLC4,♥♥♥♥♥   2,♥♥♥♥♥   2,♥♥♥♥♥   3,X,X,♥♥♥♥♥   4,3,X,X,No,No,Yes,,,
4706,FALSE,Man! I Feel Like a Woman!,Shania Twain,1997,Mar 24 2022,Country,F,English,DLC4,♥♥♥♥♥   3,♥♥♥♥♥   2,♥♥♥♥♥   3,X,X,♥♥♥♥♥   5,2,X,X,No,No,Yes,,,
4707,FALSE,Love It When You Hate Me,Avril Lavigne ft. Blackbear,2022,Mar 31 2022,Pop-Rock,F,English,DLC4,♥♥♥♥♥   2,♥♥♥♥♥   2,♥♥♥♥♥   3,X,X,♥♥♥♥♥   3,3,X,X,No,No,Yes,,,
4708,FALSE,Dead Inside,Nita Strauss ft. David Draiman of Disturbed,2021,Mar 31 2022,Metal,F,English,DLC4,♥♥♥♥♥   6,♥♥♥♥♥   3,♥♥♥♥♥   4,X,X,♥♥♥♥♥   3,3,X,X,No,No,Yes,,,
4709,FALSE,Chaise Longue,Wet Leg,2022,Apr 7 2022,Indie Rock,F,English,DLC4,♥♥♥♥♥   0,♥♥♥♥♥   2,♥♥♥♥♥   3,X,X,♥♥♥♥♥   0,3,X,X,No,No,Yes,,,
4710,FALSE,Devil's Radio,The Velveteers,2021,Apr 7 2022,Rock,F,English,DLC4,♥♥♥♥♥   3,♥♥♥♥♥   0,♥♥♥♥♥   3,X,X,♥♥♥♥♥   3,3,X,X,No,No,Yes,,,
4711,FALSE,Tonight,Magnolia Park ft. Lil Lotus,2021,Apr 14 2022,Punk,M,English,DLC4,♥♥♥♥♥   2,♥♥♥♥♥   2,♥♥♥♥♥   4,X,X,♥♥♥♥♥   2,3,X,X,No,No,Yes,,,
4712,FALSE,Matilda,PUP,2022,Apr 14 2022,Alternative,M,English,DLC4,♥♥♥♥♥   3,♥♥♥♥♥   3,♥♥♥♥♥   4,X,X,♥♥♥♥♥   4,2,X,X,No,No,Yes,,,
4713,FALSE,Gepetto,Belly,1993,Apr 21 2022,Alternative,F,English,DLC4,♥♥♥♥♥   2,♥♥♥♥♥   3,♥♥♥♥♥   3,X,X,♥♥♥♥♥   3,3,X,X,No,No,Yes,,,
4714,FALSE,Connection,Elastica,1995,Apr 21 2022,Alternative,F,English,DLC4,♥♥♥♥♥   1,♥♥♥♥♥   1,♥♥♥♥♥   1,X,X,♥♥♥♥♥   1,3,X,X,No,No,Yes,,,
4715,FALSE,Mouth Shut,Lit,2022,Apr 28 2022,Alternative,M,English,DLC4,♥♥♥♥♥   3,♥♥♥♥♥   2,♥♥♥♥♥   2,X,X,♥♥♥♥♥   3,3,X,X,No,No,Yes,,,
4716,FALSE,Bury Me (Tonight!),Save Face,2021,Apr 28 2022,Emo,M,English,DLC4,♥♥♥♥♥   3,♥♥♥♥♥   1,♥♥♥♥♥   3,X,X,♥♥♥♥♥   6,3,X,X,No,No,Yes,,,
4717,FALSE,Broken,Alfie Templeman,2022,May 5 2022,Pop/Dance/Electronic,M,English,DLC4,♥♥♥♥♥   3,♥♥♥♥♥   2,♥♥♥♥♥   2,X,X,♥♥♥♥♥   3,3,X,X,No,No,Yes,,,
4718,FALSE,It's Been a Little Heavy Lately,Joesef,2022,May 5 2022,Pop/Dance/Electronic,M,English,DLC4,♥♥♥♥♥   3,♥♥♥♥♥   1,♥♥♥♥♥   1,X,X,♥♥♥♥♥   4,3,X,X,No,No,Yes,,,
4719,FALSE,I Won't Give It Up,Beartooth,2021,May 12 2022,Punk,M,English,DLC4,♥♥♥♥♥   5,♥♥♥♥♥   4,♥♥♥♥♥   5,X,X,♥♥♥♥♥   3,3,X,X,No,No,Yes,,,
4720,FALSE,Pretty Mouth,girlfriends,2022,May 12 2022,Punk,M,English,DLC4,♥♥♥♥♥   2,♥♥♥♥♥   2,♥♥♥♥♥   4,X,X,♥♥♥♥♥   2,3,X,X,No,No,Yes,,,
4721,FALSE,Ready for Combat,Icon for Hire,2022,May 19 2022,Alternative,F,English,DLC4,♥♥♥♥♥   4,♥♥♥♥♥   3,♥♥♥♥♥   4,X,X,♥♥♥♥♥   2,3,X,X,No,No,Yes,,,
4722,FALSE,Down,St. Vincent,2021,May 19 2022,Indie Rock,F,English,DLC4,♥♥♥♥♥   3,♥♥♥♥♥   3,♥♥♥♥♥   3,X,X,♥♥♥♥♥   6,3,X,X,No,No,Yes,,,
4723,FALSE,Making a Fire,Foo Fighters,2021,May 26 2022,Alternative,M,English,DLC4,♥♥♥♥♥   3,♥♥♥♥♥   3,♥♥♥♥♥   3,X,X,♥♥♥♥♥   4,3,X,X,No,No,Yes,,,
4724,FALSE,You Should Be Dancing,Dee Gees,2021,May 26 2022,Alternative,M,English,DLC4,♥♥♥♥♥   4,♥♥♥♥♥   3,♥♥♥♥♥   4,X,X,♥♥♥♥♥   3,3,X,X,No,No,Yes,,,
4725,FALSE,Devils Haircut,Beck,1996,Jun 2 2022,Alternative,M,English,DLC4,♥♥♥♥♥   1,♥♥♥♥♥   0,♥♥♥♥♥   3,X,X,♥♥♥♥♥   2,2,X,X,No,No,Yes,,,
4726,FALSE,Saw Lightning,Beck,2019,Jun 2 2022,Alternative,M,English,DLC4,♥♥♥♥♥   3,♥♥♥♥♥   1,♥♥♥♥♥   1,X,X,♥♥♥♥♥   4,3,X,X,No,No,Yes,,,
4727,FALSE,Sexx Laws,Beck,1999,Jun 2 2022,Alternative,M,English,DLC4,♥♥♥♥♥   5,♥♥♥♥♥   5,♥♥♥♥♥   5,X,X,♥♥♥♥♥   5,3,X,X,No,No,Yes,,,
4728,FALSE,California Dreamin',Dirty Honey,2021,Jun 9 2022,Rock,M,English,DLC4,♥♥♥♥♥   5,♥♥♥♥♥   4,♥♥♥♥♥   3,X,X,♥♥♥♥♥   4,X,X,X,No,No,Yes,,,
4729,FALSE,Seether,Veruca Salt,1994,Jun 9 2022,Alternative,F,English,DLC4,♥♥♥♥♥   2,♥♥♥♥♥   3,♥♥♥♥♥   2,X,X,♥♥♥♥♥   3,3,X,X,No,No,Yes,,,
4730,FALSE,Cat's in the Cradle,Harry Chapin,1974,Jun 16 2022,Classic Rock,M,English,DLC4,♥♥♥♥♥   3,♥♥♥♥♥   2,♥♥♥♥♥   2,X,X,♥♥♥♥♥   3,3,X,X,No,No,Yes,,,
4731,FALSE,Distance,Mammoth WVH,2021,Jun 16 2022,Rock,M,English,DLC4,♥♥♥♥♥   4,♥♥♥♥♥   3,♥♥♥♥♥   3,X,X,♥♥♥♥♥   3,3,X,X,No,No,Yes,,,
4732,FALSE,The Liars Club,Coheed and Cambria,2022,Jun 23 2022,Prog,M,English,DLC4,♥♥♥♥♥   3,♥♥♥♥♥   3,♥♥♥♥♥   3,X,X,♥♥♥♥♥   4,3,X,X,No,No,Yes,,,
4733,FALSE,Fight for Your Right,Beastie Boys,1986,Jun 30 2022,Hip-Hop/Rap,M,English,DLC4,♥♥♥♥♥   2,♥♥♥♥♥   1,♥♥♥♥♥   1,X,X,♥♥♥♥♥   1,3,X,X,No,No,Yes,,,
4734,FALSE,Bring tha Noize,Public Enemy ft. Anthrax,1991,Jun 30 2022,Hip-Hop/Rap,M,English,DLC4,♥♥♥♥♥   3,♥♥♥♥♥   3,♥♥♥♥♥   5,X,X,♥♥♥♥♥   1,3,X,X,No,No,Yes,,,
4735,FALSE,I Think I'm OKAY,"Machine Gun Kelly, YUNGBLUD & Travis Barker",2019,Jul 7 2022,Alternative,M,English,DLC4,♥♥♥♥♥   2,♥♥♥♥♥   1,♥♥♥♥♥   2,X,X,♥♥♥♥♥   4,3,X,X,No,No,Yes,,,
4736,FALSE,The Funeral,YUNGBLUD,2022,Jul 7 2022,Alternative,M,English,DLC4,♥♥♥♥♥   1,♥♥♥♥♥   2,♥♥♥♥♥   4,X,X,♥♥♥♥♥   3,2,X,X,No,No,Yes,,,
4737,FALSE,I Really Like You,Carly Rae Jepsen,2015,Jul 14 2022,Pop/Dance/Electronic,F,English,DLC4,♥♥♥♥♥   2,♥♥♥♥♥   1,♥♥♥♥♥   4,X,X,♥♥♥♥♥   5,3,X,X,No,No,Yes,,,
4738,FALSE,she's all i wanna be,Tate McRae,2022,Jul 14 2022,Pop-Rock,F,English,DLC4,♥♥♥♥♥   2,♥♥♥♥♥   2,♥♥♥♥♥   3,X,X,♥♥♥♥♥   4,3,X,X,No,No,Yes,,,
4739,FALSE,Wild Child,The Black Keys,2022,Jul 21 2022,Rock,M,English,DLC4,♥♥♥♥♥   2,♥♥♥♥♥   1,♥♥♥♥♥   2,X,X,♥♥♥♥♥   3,3,X,X,No,No,Yes,,,
4740,FALSE,Black Summer,Red Hot Chili Peppers,2022,Jul 21 2022,Alternative,M,English,DLC4,♥♥♥♥♥   3,♥♥♥♥♥   3,♥♥♥♥♥   2,X,X,♥♥♥♥♥   3,3,X,X,No,No,Yes,,,
4741,FALSE,when we were young,Architects,2022,Jul 28 2022,Metal,M,English,DLC4,♥♥♥♥♥   4,♥♥♥♥♥   3,♥♥♥♥♥   4,X,X,♥♥♥♥♥   2,3,X,X,No,No,Yes,,,
4742,FALSE,Just Pretend,Bad Omens,2022,Jul 28 2022,Metal,M,English,DLC4,♥♥♥♥♥   1,♥♥♥♥♥   1,♥♥♥♥♥   3,X,X,♥♥♥♥♥   4,3,X,X,No,No,Yes,,,
4743,FALSE,Anything Was Better,The Interrupters,2022,Aug 4 2022,Punk,F,English,DLC4,♥♥♥♥♥   3,♥♥♥♥♥   3,♥♥♥♥♥   3,X,X,♥♥♥♥♥   3,3,X,X,No,No,Yes,,,
4744,FALSE,Let Go,Potty Mouth,2021,Aug 4 2022,Pop-Rock,F,English,DLC4,♥♥♥♥♥   1,♥♥♥♥♥   1,♥♥♥♥♥   2,X,X,♥♥♥♥♥   2,3,X,X,No,No,Yes,,,
4745,FALSE,Love Brand New,Bob Moses,2022,Aug 11 2022,Pop/Dance/Electronic,M,English,DLC4,♥♥♥♥♥   1,♥♥♥♥♥   2,♥♥♥♥♥   3,X,X,♥♥♥♥♥   2,3,X,X,No,No,Yes,,,
4746,FALSE,The Hills,The Faim,2022,Aug 11 2022,Indie Rock,M,English,DLC4,♥♥♥♥♥   3,♥♥♥♥♥   2,♥♥♥♥♥   2,X,X,♥♥♥♥♥   4,3,X,X,No,No,Yes,,,
4747,FALSE,I Like You,Bloods & Laura Jane Grace,2022,Aug 18 2022,Punk,F,English,DLC4,♥♥♥♥♥   1,♥♥♥♥♥   3,♥♥♥♥♥   2,X,X,♥♥♥♥♥   3,3,X,X,No,No,Yes,,,
4748,FALSE,Take Me Away,Fefe Dobson,2003,Aug 18 2022,Pop-Rock,F,English,DLC4,♥♥♥♥♥   3,♥♥♥♥♥   2,♥♥♥♥♥   2,X,X,♥♥♥♥♥   5,3,X,X,No,No,Yes,,,
4749,FALSE,City of the Dead,Hollywood Undead,2022,Aug 25 2022,Nu-Metal,M,English,DLC4,♥♥♥♥♥   2,♥♥♥♥♥   1,♥♥♥♥♥   4,X,X,♥♥♥♥♥   3,3,X,X,No,No,Yes,,,
4750,FALSE,The Foundations of Decay,My Chemical Romance,2022,Aug 25 2022,Emo,M,English,DLC4,♥♥♥♥♥   3,♥♥♥♥♥   2,♥♥♥♥♥   4,X,X,♥♥♥♥♥   5,2,X,X,No,No,Yes,,,
4751,FALSE,Knights of Cydonia,Muse,2006,Sep 1 2022,Alternative,M,English,DLC4,♥♥♥♥♥   6,♥♥♥♥♥   4,♥♥♥♥♥   5,X,X,♥♥♥♥♥   4,3,X,X,No,No,Yes,,,
4752,FALSE,Starlight,Muse,2006,Sep 1 2022,Alternative,M,English,DLC4,♥♥♥♥♥   3,♥♥♥♥♥   2,♥♥♥♥♥   1,X,X,♥♥♥♥♥   3,2,X,X,No,No,Yes,,,
4753,FALSE,Won't Stand Down,Muse,2022,Sep 1 2022,Alternative,M,English,DLC4,♥♥♥♥♥   3,♥♥♥♥♥   3,♥♥♥♥♥   4,X,X,♥♥♥♥♥   4,3,X,X,No,No,Yes,,,
4754,FALSE,The Mother We Share,CHVRCHES,2013,Sep 8 2022,Alternative,F,English,DLC4,♥♥♥♥♥   1,♥♥♥♥♥   1,♥♥♥♥♥   2,X,X,♥♥♥♥♥   3,2,X,X,No,No,Yes,,,
4755,FALSE,What You Know,Two Door Cinema Club,2010,Sep 8 2022,Indie Rock,M,English,DLC4,♥♥♥♥♥   2,♥♥♥♥♥   3,♥♥♥♥♥   2,X,X,♥♥♥♥♥   2,X,X,X,No,No,Yes,,,
4756,FALSE,Iris,New Found Glory,2007,Sep 15 2022,Punk,M,English,DLC4,♥♥♥♥♥   3,♥♥♥♥♥   2,♥♥♥♥♥   3,X,X,♥♥♥♥♥   2,3,X,X,No,No,Yes,,,
4757,FALSE,The Man Who Sold the World (Live),Nirvana,1994,Sep 15 2022,Grunge,M,English,DLC4,♥♥♥♥♥   2,♥♥♥♥♥   2,♥♥♥♥♥   2,X,X,♥♥♥♥♥   3,X,X,X,No,No,Yes,,,
4758,FALSE,Mercy Me,Alkaline Trio,2005,Sep 22 2022,Punk,M,English,DLC4,♥♥♥♥♥   3,♥♥♥♥♥   3,♥♥♥♥♥   3,X,X,♥♥♥♥♥   3,3,X,X,No,No,Yes,,,
4759,FALSE,Runaway,Starcrawler,2022,Sep 22 2022,Punk,F,English,DLC4,♥♥♥♥♥   4,♥♥♥♥♥   4,♥♥♥♥♥   4,X,X,♥♥♥♥♥   4,3,X,X,No,No,Yes,,,
4760,FALSE,Headsweat,The Foxies,2022,Sep 29 2022,Pop-Rock,F,English,DLC4,♥♥♥♥♥   1,♥♥♥♥♥   0,♥♥♥♥♥   2,X,X,♥♥♥♥♥   4,3,X,X,No,No,Yes,,,
4761,FALSE,Oldest Daughter,The Wonder Years,2022,Sep 29 2022,Punk,M,English,DLC4,♥♥♥♥♥   4,♥♥♥♥♥   3,♥♥♥♥♥   5,X,X,♥♥♥♥♥   3,3,X,X,No,No,Yes,,,
4762,FALSE,Blood for the Blood God,Ben Quad,2022,Oct 6 2022,Emo,M,English,DLC4,♥♥♥♥♥   6,♥♥♥♥♥   2,♥♥♥♥♥   5,X,X,♥♥♥♥♥   3,3,X,X,No,No,Yes,,,
4763,FALSE,End of the World,Gulfer,2021,Oct 6 2022,Emo,M,English,DLC4,♥♥♥♥♥   3,♥♥♥♥♥   2,♥♥♥♥♥   4,X,X,♥♥♥♥♥   4,3,X,X,No,No,Yes,,,
4764,FALSE,Where the Heart Is,Sweet Pill,2022,Oct 6 2022,Emo,F,English,DLC4,♥♥♥♥♥   5,♥♥♥♥♥   2,♥♥♥♥♥   5,X,X,♥♥♥♥♥   4,2,X,X,No,No,Yes,,,
4765,FALSE,Bombs Away,Blastergun,2022,Oct 13 2022,Rock,M,English,DLC4,♥♥♥♥♥   2,♥♥♥♥♥   3,♥♥♥♥♥   3,X,X,♥♥♥♥♥   3,3,X,X,No,No,Yes,,,
4766,FALSE,DIE OUT HERE,DE'WAYNE ft. POORSTACY,2022,Oct 13 2022,Alternative,M,English,DLC4,♥♥♥♥♥   1,♥♥♥♥♥   1,♥♥♥♥♥   3,X,X,♥♥♥♥♥   3,3,X,X,No,No,Yes,,,
4767,FALSE,Life Was Easier When I Only Cared About Me,Bad Suns,2022,Oct 20 2022,Indie Rock,M,English,DLC4,♥♥♥♥♥   3,♥♥♥♥♥   2,♥♥♥♥♥   2,X,X,♥♥♥♥♥   4,3,X,X,No,No,Yes,,,
4768,FALSE,F.C.P.R.E.M.I.X.,The Fall of Troy,2005,Oct 20 2022,Rock,M,English,DLC4,♥♥♥♥♥   6,♥♥♥♥♥   5,♥♥♥♥♥   5,X,X,♥♥♥♥♥   4,3,X,X,No,No,Yes,,,
4769,FALSE,Canned Heat,Jamiroquai,1999,Oct 27 2022,R&B/Soul/Funk,M,English,DLC4,♥♥♥♥♥   4,♥♥♥♥♥   5,♥♥♥♥♥   2,X,X,♥♥♥♥♥   6,3,X,X,No,No,Yes,,,
4770,FALSE,Hard Times,Paramore,2017,Oct 27 2022,Pop-Rock,F,English,DLC4,♥♥♥♥♥   3,♥♥♥♥♥   3,♥♥♥♥♥   4,X,X,♥♥♥♥♥   5,2,X,X,No,No,Yes,,,
4771,FALSE,Rollercoaster,Bleachers,2014,Oct 3 2022,Alternative,M,English,DLC4,♥♥♥♥♥   2,♥♥♥♥♥   2,♥♥♥♥♥   3,X,X,♥♥♥♥♥   3,3,X,X,No,No,Yes,,,
4772,FALSE,Soak Up the Sun,Sheryl Crow,2002,Oct 3 2022,Pop-Rock,F,English,DLC4,♥♥♥♥♥   1,♥♥♥♥♥   1,♥♥♥♥♥   2,X,X,♥♥♥♥♥   2,3,X,X,No,No,Yes,,,
4773,FALSE,The Pallbearer Walks Alone,The Dark Element,2019,Nov 10 2022,Metal,F,English,DLC4,♥♥♥♥♥   6,♥♥♥♥♥   4,♥♥♥♥♥   4,X,X,♥♥♥♥♥   4,3,X,X,No,No,Yes,,,
4774,FALSE,I Can't Wait,Ceramic Animal,2022,Nov 22 2022,Alternative,M,English,DLC4,♥♥♥♥♥   2,♥♥♥♥♥   2,♥♥♥♥♥   3,X,X,♥♥♥♥♥   2,2,X,X,No,No,Yes,,,
4775,FALSE,I Ain't Worried,OneRepublic,2022,Nov 22 2022,Pop-Rock,M,English,DLC4,♥♥♥♥♥   1,♥♥♥♥♥   1,♥♥♥♥♥   2,X,X,♥♥♥♥♥   4,3,X,X,No,No,Yes,,,
4776,FALSE,Don't Fence Me In,Amyl and the Sniffers,2021,Dec 1 2022,Punk,F,English,DLC4,♥♥♥♥♥   3,♥♥♥♥♥   3,♥♥♥♥♥   3,X,X,♥♥♥♥♥   0,X,X,X,No,No,Yes,,,
4777,FALSE,Kiss Me Deadly,Lita Ford,1988,Dec 1 2022,Glam,F,English,DLC4,♥♥♥♥♥   5,♥♥♥♥♥   2,♥♥♥♥♥   1,X,X,♥♥♥♥♥   3,2,X,X,No,No,Yes,,,
4778,FALSE,Bonnie,Cuffed Up,2021,Dec 8 2022,Indie Rock,M,English,DLC4,♥♥♥♥♥   2,♥♥♥♥♥   2,♥♥♥♥♥   2,X,X,♥♥♥♥♥   3,3,X,X,No,No,Yes,,,
4779,FALSE,Crash Into Me,Dave Matthews Band,1996,Dec 8 2022,Rock,M,English,DLC4,♥♥♥♥♥   3,♥♥♥♥♥   2,♥♥♥♥♥   5,X,X,♥♥♥♥♥   5,X,X,X,No,No,Yes,,,
4780,FALSE,Radio Reject,Magnolia Park,2022,Dec 15 2022,Punk,M,English,DLC4,♥♥♥♥♥   3,♥♥♥♥♥   2,♥♥♥♥♥   3,X,X,♥♥♥♥♥   3,3,X,X,No,No,Yes,,,
4781,FALSE,Pass the Nirvana,Pierce the Veil,2022,Dec 15 2022,Emo,M,English,DLC4,♥♥♥♥♥   3,♥♥♥♥♥   2,♥♥♥♥♥   2,X,X,♥♥♥♥♥   1,2,X,X,No,No,Yes,,,
4782,FALSE,Classless Act,Classless Act ft. Vince Neil of Mötley Crüe,2022,Dec 22 2022,Rock,M,English,DLC4,♥♥♥♥♥   6,♥♥♥♥♥   4,♥♥♥♥♥   3,X,X,♥♥♥♥♥   5,3,X,X,No,No,Yes,,,
4783,FALSE,Groove Is in the Heart,Deee-Lite,1990,Dec 29 2022,Pop/Dance/Electronic,F,English,DLC4,♥♥♥♥♥   1,♥♥♥♥♥   1,♥♥♥♥♥   4,X,X,♥♥♥♥♥   4,3,X,X,No,No,Yes,,,
4784,FALSE,Numb,Marshmello and Khalid,2022,Dec 29 2022,Pop/Dance/Electronic,M,English,DLC4,♥♥♥♥♥   0,♥♥♥♥♥   0,♥♥♥♥♥   1,X,X,♥♥♥♥♥   3,3,X,X,No,No,Yes,,,
4785,FALSE,Loved You a Little,"The Maine, Taking Back Sunday, and Charlotte Sands",2022,Jan 12 2023,Pop-Rock,M,English,DLC4,♥♥♥♥♥   3,♥♥♥♥♥   3,♥♥♥♥♥   4,X,X,♥♥♥♥♥   6,3,X,X,No,No,Yes,,,
4786,FALSE,No Apologies,Papa Roach,2022,Jan 12 2023,Nu-Metal,M,English,DLC4,♥♥♥♥♥   2,♥♥♥♥♥   2,♥♥♥♥♥   2,X,X,♥♥♥♥♥   2,3,X,X,No,No,Yes,,,
4787,FALSE,Going Home to a Party,JW Francis,2023,Jan 19 2023,Indie Rock,M,English,DLC4,♥♥♥♥♥   4,♥♥♥♥♥   1,♥♥♥♥♥   3,X,X,♥♥♥♥♥   4,2,X,X,No,No,Yes,,,
4788,FALSE,Reelin' In the Years,Steely Dan,1972,Jan 19 2023,Classic Rock,M,English,DLC4,♥♥♥♥♥   5,♥♥♥♥♥   4,♥♥♥♥♥   4,X,X,♥♥♥♥♥   3,3,X,X,No,No,Yes,,,
4789,FALSE,Given Up,Linkin Park,2007,Jan 26 2023,Nu-Metal,M,English,DLC4,♥♥♥♥♥   3,♥♥♥♥♥   2,♥♥♥♥♥   2,X,X,♥♥♥♥♥   3,2,X,X,No,No,Yes,,,
4790,FALSE,Circles,Varials,2022,Jan 26 2023,Metal,M,English,DLC4,♥♥♥♥♥   4,♥♥♥♥♥   4,♥♥♥♥♥   4,X,X,♥♥♥♥♥   3,3,X,X,No,No,Yes,,,
4791,FALSE,Dangerous,Set It Off,2022,Feb 2 2023,Pop-Rock,M,English,DLC4,♥♥♥♥♥   2,♥♥♥♥♥   2,♥♥♥♥♥   2,X,X,♥♥♥♥♥   3,3,X,X,No,No,Yes,,,
4792,FALSE,Smile,Wolf Alice,2021,Feb 2 2023,Indie Rock,F,English,DLC4,♥♥♥♥♥   3,♥♥♥♥♥   3,♥♥♥♥♥   3,X,X,♥♥♥♥♥   3,3,X,X,No,No,Yes,,,
4793,FALSE,Sacrifice,The Devil Wears Prada,2022,Feb 9 2023,Metal,M,English,DLC4,♥♥♥♥♥   3,♥♥♥♥♥   4,♥♥♥♥♥   4,X,X,♥♥♥♥♥   2,3,X,X,No,No,Yes,,,
4794,FALSE,Crosses,Sleeping With Sirens ft. Spencer Chamberlain of Underoath,2022,Feb 9 2023,Emo,M,English,DLC4,♥♥♥♥♥   3,♥♥♥♥♥   2,♥♥♥♥♥   3,X,X,♥♥♥♥♥   3,3,X,X,No,No,Yes,,,
4795,FALSE,Better Together,Jack Johnson,2005,Feb 16 2023,Rock,M,English,DLC4,♥♥♥♥♥   3,♥♥♥♥♥   0,♥♥♥♥♥   1,X,X,♥♥♥♥♥   4,X,X,X,No,No,Yes,,,
4796,FALSE,Super Freaky Girl,Nicki Minaj,2022,Feb 16 2023,Pop/Dance/Electronic,F,English,DLC4,♥♥♥♥♥   0,♥♥♥♥♥   0,♥♥♥♥♥   3,X,X,♥♥♥♥♥   1,3,X,X,No,No,Yes,,,
4797,FALSE,"Goodbye, Good Luck",BEGINNERS,2022,Feb 23 2023,Indie Rock,F,English,DLC4,♥♥♥♥♥   2,♥♥♥♥♥   2,♥♥♥♥♥   2,X,X,♥♥♥♥♥   2,3,X,X,No,No,Yes,,,
4798,FALSE,Worst Day,ILLENIUM & Max,2022,Feb 23 2023,Pop/Dance/Electronic,M,English,DLC4,♥♥♥♥♥   3,♥♥♥♥♥   0,♥♥♥♥♥   1,X,X,♥♥♥♥♥   5,3,X,X,No,No,Yes,,,
4799,FALSE,Bad Idea,GUNNAR,2023,Mar 2 2023,Rock,M,English,DLC4,♥♥♥♥♥   3,♥♥♥♥♥   1,♥♥♥♥♥   2,X,X,♥♥♥♥♥   4,3,X,X,No,No,Yes,,,
4800,FALSE,A Little Bit Better,Ni/Co,2023,Mar 2 2023,Pop-Rock,F,English,DLC4,♥♥♥♥♥   2,♥♥♥♥♥   3,♥♥♥♥♥   1,X,X,♥♥♥♥♥   1,3,X,X,No,No,Yes,,,
4801,FALSE,Here & Now,Letters to Cleo,1993,Mar 9 2023,Alternative,F,English,DLC4,♥♥♥♥♥   3,♥♥♥♥♥   3,♥♥♥♥♥   2,X,X,♥♥♥♥♥   5,3,X,X,No,No,Yes,,,
4802,FALSE,I'll Be There for You (Theme from Friends),The Rembrandts,1995,Mar 9 2023,Pop-Rock,M,English,DLC4,♥♥♥♥♥   3,♥♥♥♥♥   4,♥♥♥♥♥   3,X,X,♥♥♥♥♥   4,3,X,X,No,No,Yes,,,
4803,FALSE,High Society,My Kid Brother,2022,Mar 16 2023,Alternative,F,English,DLC4,♥♥♥♥♥   2,♥♥♥♥♥   3,♥♥♥♥♥   4,X,X,♥♥♥♥♥   3,3,X,X,No,No,Yes,,,
4804,FALSE,Take on Me,Reel Big Fish,1998,Mar 16 2023,Reggae/Ska,M,English,DLC4,♥♥♥♥♥   5,♥♥♥♥♥   5,♥♥♥♥♥   5,X,X,♥♥♥♥♥   5,2,X,X,No,No,Yes,,,
4805,FALSE,Let Me Out,The Blue Stones,2022,Mar 23 2023,Rock,M,English,DLC4,♥♥♥♥♥   2,♥♥♥♥♥   0,♥♥♥♥♥   2,X,X,♥♥♥♥♥   4,3,X,X,No,No,Yes,,,
4806,FALSE,Love From the Other Side,Fall Out Boy,2023,Mar 23 2023,Pop-Rock,M,English,DLC4,♥♥♥♥♥   3,♥♥♥♥♥   2,♥♥♥♥♥   3,X,X,♥♥♥♥♥   5,3,X,X,No,No,Yes,,,
4807,FALSE,This Is Why,Paramore,2023,Mar 30 2023,Pop-Rock,F,English,DLC4,♥♥♥♥♥   4,♥♥♥♥♥   4,♥♥♥♥♥   5,X,X,♥♥♥♥♥   4,3,X,X,No,No,Yes,,,
4808,FALSE,L.E.S.,The Revel,2023,Apr 6 2023,Indie Rock,M,English,DLC4,♥♥♥♥♥   3,♥♥♥♥♥   2,♥♥♥♥♥   5,X,X,♥♥♥♥♥   3,2,X,X,No,No,Yes,,,
4809,FALSE,The Gang's All Here,Skid Row,2022,Apr 6 2023,Glam,M,English,DLC4,♥♥♥♥♥   5,♥♥♥♥♥   5,♥♥♥♥♥   2,X,X,♥♥♥♥♥   5,3,X,X,No,No,Yes,,,
4810,FALSE,More the Victim,Linkin Park,2023,Apr 13 2023,Nu-Metal,M,English,DLC4,♥♥♥♥♥   2,♥♥♥♥♥   2,♥♥♥♥♥   2,X,X,♥♥♥♥♥   2,3,X,X,No,No,Yes,,,
4811,FALSE,Down to the Devil,Naked Gypsy Queens,2022,Apr 13 2023,Southern Rock,M,English,DLC4,♥♥♥♥♥   4,♥♥♥♥♥   4,♥♥♥♥♥   2,X,X,♥♥♥♥♥   3,X,X,X,No,No,Yes,,,
4812,FALSE,Until I Found You,Stephen Sanchez,2021,Apr 20 2023,Pop-Rock,M,English,DLC4,♥♥♥♥♥   2,♥♥♥♥♥   0,♥♥♥♥♥   0,X,X,♥♥♥♥♥   2,2,X,X,No,No,Yes,,,
4813,FALSE,Mountain Sound,Of Monsters and Men,2011,Apr 27 2023,Indie Rock,M,English,DLC4,♥♥♥♥♥   3,♥♥♥♥♥   1,♥♥♥♥♥   2,X,X,♥♥♥♥♥   4,3,X,X,No,No,Yes,,,
4814,FALSE,PANIC,YONAKA,2023,Apr 27 2023,Alternative,F,English,DLC4,♥♥♥♥♥   1,♥♥♥♥♥   1,♥♥♥♥♥   1,X,X,♥♥♥♥♥   2,3,X,X,No,No,Yes,,,
4815,FALSE,Dial Tone,Catch Your Breath,2022,May 4 2023,Metal,M,English,DLC4,♥♥♥♥♥   1,♥♥♥♥♥   2,♥♥♥♥♥   3,X,X,♥♥♥♥♥   4,3,X,X,No,No,Yes,,,
4816,FALSE,Peace That Starts the War,Wolves At The Gate,2022,May 4 2023,Metal,M,English,DLC4,♥♥♥♥♥   5,♥♥♥♥♥   4,♥♥♥♥♥   4,X,X,♥♥♥♥♥   2,3,X,X,No,No,Yes,,,
4817,FALSE,Mary on a Cross,Ghost,2019,May 11 2023,Metal,M,English,DLC4,♥♥♥♥♥   2,♥♥♥♥♥   2,♥♥♥♥♥   3,X,X,♥♥♥♥♥   4,3,X,X,No,No,Yes,,,
4818,FALSE,Ultraviolet,Spell,2022,May 11 2023,Metal,M,English,DLC4,♥♥♥♥♥   4,♥♥♥♥♥   2,♥♥♥♥♥   4,X,X,♥♥♥♥♥   2,2,X,X,No,No,Yes,,,
4819,FALSE,Back to Better,The Bouncing Souls,2023,May 18 2023,Punk,M,English,DLC4,♥♥♥♥♥   3,♥♥♥♥♥   4,♥♥♥♥♥   3,X,X,♥♥♥♥♥   2,3,X,X,No,No,Yes,,,
4820,FALSE,lovespell,covet,2023,May 25 2023,Prog,X,X,DLC4,♥♥♥♥♥   5,♥♥♥♥♥   3,♥♥♥♥♥   5,X,X,X,X,X,X,No,No,Yes,,,
4821,FALSE,Oh!,The Linda Lindas,2022,May 25 2023,Punk,F,English,DLC4,♥♥♥♥♥   2,♥♥♥♥♥   2,♥♥♥♥♥   1,X,X,♥♥♥♥♥   0,3,X,X,No,No,Yes,,,
4822,FALSE,Nobody,Avenged Sevenfold,2023,Jun 1 2023,Metal,M,English,DLC4,♥♥♥♥♥   6,♥♥♥♥♥   2,♥♥♥♥♥   5,X,X,♥♥♥♥♥   3,3,X,X,No,No,Yes,,,
4823,FALSE,Voices In My Head,Falling In Reverse,2022,Jun 1 2023,Rock,M,English,DLC4,♥♥♥♥♥   2,♥♥♥♥♥   1,♥♥♥♥♥   3,X,X,♥♥♥♥♥   4,3,X,X,No,No,Yes,,,
4824,FALSE,Goo Goo Muck,The Cramps,1981,Jun 8 2023,Rock,M,English,DLC4,♥♥♥♥♥   1,♥♥♥♥♥   1,♥♥♥♥♥   1,X,X,♥♥♥♥♥   1,2,X,X,No,No,Yes,,,
4825,FALSE,Rescued,Foo Fighters,2023,Jun 8 2023,Alternative,M,English,DLC4,♥♥♥♥♥   3,♥♥♥♥♥   3,♥♥♥♥♥   4,X,X,♥♥♥♥♥   2,3,X,X,No,No,Yes,,,
4826,FALSE,Cannonball,AWOLNATION,2018,Jun 15 2023,Alternative,M,English,DLC4,♥♥♥♥♥   5,♥♥♥♥♥   2,♥♥♥♥♥   2,X,X,♥♥♥♥♥   2,3,X,X,No,No,Yes,,,
4827,FALSE,Girls Make Me Wanna Die,The Aces,2023,Jun 22 2023,Pop-Rock,F,English,DLC4,♥♥♥♥♥   3,♥♥♥♥♥   3,♥♥♥♥♥   3,X,X,♥♥♥♥♥   3,2,X,X,No,No,Yes,,,
4828,FALSE,Settling,Ripe,2023,Jun 22 2023,Pop-Rock,M,English,DLC4,♥♥♥♥♥   3,♥♥♥♥♥   2,♥♥♥♥♥   3,X,X,♥♥♥♥♥   5,2,X,X,No,No,Yes,,,
4829,FALSE,Crossfire,Stevie Ray Vaughan and Double Trouble,1989,Jun 29 2023,Blues,M,English,DLC4,♥♥♥♥♥   5,♥♥♥♥♥   2,♥♥♥♥♥   2,X,X,♥♥♥♥♥   2,X,X,X,No,No,Yes,,,
4830,FALSE,All That She Wants,Ace of Base,1993,Jul 6 2023,Pop/Dance/Electronic,F,English,DLC4,♥♥♥♥♥   0,♥♥♥♥♥   1,♥♥♥♥♥   3,X,X,♥♥♥♥♥   3,2,X,X,No,No,Yes,,,
4831,FALSE,White Trash Millionaire,Mom Jeans.,2022,Jul 6 2023,Emo,M,English,DLC4,♥♥♥♥♥   2,♥♥♥♥♥   2,♥♥♥♥♥   4,X,X,♥♥♥♥♥   3,3,X,X,No,No,Yes,,,
4832,FALSE,Born in the Heat,CIVIC,2023,Jul 13 2023,Punk,M,English,DLC4,♥♥♥♥♥   3,♥♥♥♥♥   3,♥♥♥♥♥   5,X,X,♥♥♥♥♥   3,2,X,X,No,No,Yes,,,
4833,FALSE,Let Me Be Normal,Militarie Gun,2022,Jul 13 2023,Punk,M,English,DLC4,♥♥♥♥♥   3,♥♥♥♥♥   3,♥♥♥♥♥   2,X,X,♥♥♥♥♥   2,3,X,X,No,No,Yes,,,
4834,FALSE,Mind Rider,Hail the Sun,2023,Jul 20 2023,Prog,F,English,DLC4,♥♥♥♥♥   5,♥♥♥♥♥   3,♥♥♥♥♥   5,X,X,♥♥♥♥♥   4,3,X,X,No,No,Yes,,,
4835,FALSE,Through the Noise,Nita Strauss ft. Lzzy Hale,2023,Jul 20 2023,Metal,F,English,DLC4,♥♥♥♥♥   5,♥♥♥♥♥   3,♥♥♥♥♥   4,X,X,♥♥♥♥♥   5,3,X,X,No,No,Yes,,,
4836,FALSE,Big Rig,Pigs Pigs Pigs Pigs Pigs Pigs Pigs,2023,Jul 27 2023,Metal,M,English,DLC4,♥♥♥♥♥   4,♥♥♥♥♥   4,♥♥♥♥♥   4,X,X,♥♥♥♥♥   0,X,X,X,No,No,Yes,,,
4837,FALSE,Heartbreaker 2.0,Dirty Honey,2023,Aug 3 2023,Rock,M,English,DLC4,♥♥♥♥♥   3,♥♥♥♥♥   3,♥♥♥♥♥   3,X,X,♥♥♥♥♥   5,3,X,X,No,No,Yes,,,
4838,FALSE,Bad Things,I Prevail,2022,Aug 3 2023,Metal,M,English,DLC4,♥♥♥♥♥   3,♥♥♥♥♥   2,♥♥♥♥♥   2,X,X,♥♥♥♥♥   4,3,X,X,No,No,Yes,,,
4839,FALSE,Homesick,HUNNY,2022,Aug 10 2023,Indie Rock,M,English,DLC4,♥♥♥♥♥   1,♥♥♥♥♥   2,♥♥♥♥♥   3,X,X,♥♥♥♥♥   2,3,X,X,No,No,Yes,,,
4840,FALSE,Locked & Loaded,The Brevet,2018,Aug 10 2023,Rock,M,English,DLC4,♥♥♥♥♥   2,♥♥♥♥♥   1,♥♥♥♥♥   1,X,X,♥♥♥♥♥   5,2,X,X,No,No,Yes,,,
4841,FALSE,Believe,The Bravery,2007,Aug 17 2023,Alternative,M,English,DLC4,♥♥♥♥♥   3,♥♥♥♥♥   4,♥♥♥♥♥   3,X,X,♥♥♥♥♥   4,3,X,X,No,No,Yes,,,
4842,FALSE,Delete Myself,Fake Names,2023,Aug 17 2023,Punk,M,English,DLC4,♥♥♥♥♥   2,♥♥♥♥♥   2,♥♥♥♥♥   2,X,X,♥♥♥♥♥   3,3,X,X,No,No,Yes,,,
4843,FALSE,Makeshift Vehicles,Body Thief,2022,Aug 24 2023,Indie Rock,M,English,DLC4,♥♥♥♥♥   5,♥♥♥♥♥   2,♥♥♥♥♥   4,X,X,♥♥♥♥♥   3,3,X,X,No,No,Yes,,,
4844,FALSE,Medicine,Tiny Moving Parts,2019,Aug 24 2023,Emo,M,English,DLC4,♥♥♥♥♥   4,♥♥♥♥♥   2,♥♥♥♥♥   3,X,X,♥♥♥♥♥   3,3,X,X,No,No,Yes,,,
4845,FALSE,Rain Down,Solence,2023,Aug 31 2023,Metal,M,English,DLC4,♥♥♥♥♥   4,♥♥♥♥♥   3,♥♥♥♥♥   3,X,X,♥♥♥♥♥   4,3,X,X,No,No,Yes,,,
4846,FALSE,Burn,Alexis Munroe,2023,Aug 31 2023,Rock,F,English,DLC4,♥♥♥♥♥   4,♥♥♥♥♥   2,♥♥♥♥♥   3,X,X,♥♥♥♥♥   4,3,X,X,No,No,Yes,,,
4847,FALSE,Heartbreak Of The Century,Neck Deep,2023,Sep 7 2023,Punk,M,English,DLC4,♥♥♥♥♥   4,♥♥♥♥♥   4,♥♥♥♥♥   5,X,X,♥♥♥♥♥   3,3,X,X,No,No,Yes,,,
4848,FALSE,The Fall,flipturn,2022,Sep 7 2023,Indie Rock,M,English,DLC4,♥♥♥♥♥   4,♥♥♥♥♥   1,♥♥♥♥♥   5,X,X,♥♥♥♥♥   4,2,X,X,No,No,Yes,,,
4849,FALSE,IDWBS,Friday Pilots Club,2022,Sep 21 2023,Rock,M,English,DLC4,♥♥♥♥♥   3,♥♥♥♥♥   3,♥♥♥♥♥   4,X,X,♥♥♥♥♥   5,3,X,X,No,No,Yes,,,
4850,FALSE,The Summoning,Sleep Token,2023,Sep 21 2023,Prog,M,English,DLC4,♥♥♥♥♥   3,♥♥♥♥♥   3,♥♥♥♥♥   4,X,X,♥♥♥♥♥   4,3,X,X,No,No,Yes,,,
4851,FALSE,Masters Of Morbidity,200 Stab Wounds,2022,Sep 28 2023,Metal,M,English,DLC4,♥♥♥♥♥   5,♥♥♥♥♥   5,♥♥♥♥♥   6,X,X,♥♥♥♥♥   0,X,X,X,No,No,Yes,,,
4852,FALSE,You're The Best,"Joe ""Bean"" Esposito",1984,Oct 5 2023,Pop-Rock,M,English,DLC4,♥♥♥♥♥   3,♥♥♥♥♥   2,♥♥♥♥♥   2,X,X,♥♥♥♥♥   5,3,X,X,No,No,Yes,,,
4853,FALSE,Love U Madly,Violet Saturn,2023,Oct 5 2023,Pop-Rock,F,English,DLC4,♥♥♥♥♥   1,♥♥♥♥♥   1,♥♥♥♥♥   2,X,X,♥♥♥♥♥   3,3,X,X,No,No,Yes,,,
4854,FALSE,Pack of Smokes,Blame It On Whitman,2023,Oct 6 2023,Punk,M,English,DLC4,♥♥♥♥♥   4,♥♥♥♥♥   3,♥♥♥♥♥   4,X,X,♥♥♥♥♥   1,3,X,X,No,No,Yes,,,
4855,FALSE,"Black Earth, WI",Ratboys,2023,Oct 6 2023,Indie Rock,F,English,DLC4,♥♥♥♥♥   3,♥♥♥♥♥   2,♥♥♥♥♥   3,X,X,♥♥♥♥♥   3,3,X,X,No,No,Yes,,,
4856,FALSE,She's Got Sorcery,I Fight Dragons,2021,Oct 6 2023,Rock,M,English,DLC4,♥♥♥♥♥   4,♥♥♥♥♥   3,♥♥♥♥♥   3,X,X,♥♥♥♥♥   3,3,X,X,No,No,Yes,,,
4857,FALSE,Call Me Crazy,ARXX ft. Pillow Queens,2023,Oct 12 2023,Indie Rock,F,English,DLC4,♥♥♥♥♥   2,♥♥♥♥♥   1,♥♥♥♥♥   1,X,X,♥♥♥♥♥   3,3,X,X,No,No,Yes,,,
4858,FALSE,Season 5 (Break My Fall),TOWNS,2022,Oct 12 2023,Pop-Rock,M,English,DLC4,♥♥♥♥♥   3,♥♥♥♥♥   2,♥♥♥♥♥   2,X,X,♥♥♥♥♥   3,,X,X,No,No,Yes,,,
4859,FALSE,Love Is Not A Weapon,Welshly Arms,2023,Oct 19 2023,Indie Rock,M,English,DLC4,♥♥♥♥♥   1,♥♥♥♥♥   2,♥♥♥♥♥   3,X,X,♥♥♥♥♥   3,3,X,X,No,No,Yes,,,
4860,FALSE,A Little Wild,Anna Graceman & Ryan Corn,2023,Oct 19 2023,Indie Rock,F,English,DLC4,♥♥♥♥♥   1,♥♥♥♥♥   2,♥♥♥♥♥   2,X,X,♥♥♥♥♥   4,3,X,X,No,No,Yes,,,
4861,FALSE,All I Really Wanna Do,Devon Gilfillian,2023,Oct 26 2023,R&B/Soul/Funk,M,English,DLC4,♥♥♥♥♥   1,♥♥♥♥♥   2,♥♥♥♥♥   3,X,X,♥♥♥♥♥   5,3,X,X,No,No,Yes,,,
4862,FALSE,Miles And Miles,The Heavy Heavy,2020,Oct 26 2023,Indie Rock,M,English,DLC4,♥♥♥♥♥   3,♥♥♥♥♥   2,♥♥♥♥♥   2,X,X,♥♥♥♥♥   2,3,X,X,No,No,Yes,,,
4863,FALSE,Welcome Home,Heaven's Basement,2013,Nov 2 2023,Rock,M,English,DLC4,♥♥♥♥♥   4,♥♥♥♥♥   4,♥♥♥♥♥   4,X,X,♥♥♥♥♥   3,2,X,X,No,No,Yes,,,
4864,FALSE,Sickness,Grey Daze,2020,Nov 2 2023,Rock,M,English,DLC4,♥♥♥♥♥   1,♥♥♥♥♥   2,♥♥♥♥♥   2,X,X,♥♥♥♥♥   2,X,X,X,No,No,Yes,,,
4865,FALSE,Addison Rae,Magnolia Park,2022,Nov 9 2023,Punk,M,English,DLC4,♥♥♥♥♥   2,♥♥♥♥♥   1,♥♥♥♥♥   2,X,X,♥♥♥♥♥   2,3,X,X,No,No,Yes,,,
4866,FALSE,Six Feet Under,Charlotte Sands,2023,Nov 16 2023,Pop-Rock,F,English,DLC4,♥♥♥♥♥   3,♥♥♥♥♥   2,♥♥♥♥♥   3,X,X,♥♥♥♥♥   5,3,X,X,No,No,Yes,,,
4867,FALSE,Riptide,Beartooth,2022,Nov 16 2023,Punk,M,English,DLC4,♥♥♥♥♥   2,♥♥♥♥♥   3,♥♥♥♥♥   3,X,X,♥♥♥♥♥   3,3,X,X,No,No,Yes,,,
4868,FALSE,Brassic,Grade 2,2023,Nov 23 2023,Punk,M,English,DLC4,♥♥♥♥♥   3,♥♥♥♥♥   3,♥♥♥♥♥   2,X,X,♥♥♥♥♥   2,3,X,X,No,No,Yes,,,
4869,FALSE,It's Alright,Cecilia Castleman,2022,Nov 30 2023,Pop-Rock,F,English,DLC4,♥♥♥♥♥   3,♥♥♥♥♥   1,♥♥♥♥♥   1,X,X,♥♥♥♥♥   3,3,X,X,No,No,Yes,,,
4870,FALSE,Bath Country,Wednesday,2023,Nov 30 2023,Indie Rock,F,English,DLC4,♥♥♥♥♥   1,♥♥♥♥♥   1,♥♥♥♥♥   1,X,X,♥♥♥♥♥   4,2,X,X,No,No,Yes,,,
4871,FALSE,Sometimes,Dreamgirl,2023,Dec 7 2023,Pop-Rock,F,English,DLC4,♥♥♥♥♥   1,♥♥♥♥♥   1,♥♥♥♥♥   1,X,X,♥♥♥♥♥   2,X,X,X,No,No,Yes,,,
4872,FALSE,Future Blind,The Lighthouse and the Whaler,2018,Dec 7 2023,Indie Rock,M,English,DLC4,♥♥♥♥♥   1,♥♥♥♥♥   1,♥♥♥♥♥   1,X,X,♥♥♥♥♥   3,,X,X,No,No,Yes,,,
4873,FALSE,Poison Pill,Silverstein,2022,Dec 14 2023,Emo,M,English,DLC4,♥♥♥♥♥   3,♥♥♥♥♥   3,♥♥♥♥♥   3,X,X,♥♥♥♥♥   3,3,X,X,No,No,Yes,,,
4874,FALSE,Shapeshifter,The Bervet,2020,Dec 21 2023,Rock,M,English,DLC4,♥♥♥♥♥   2,♥♥♥♥♥   2,♥♥♥♥♥   2,X,X,♥♥♥♥♥   4,3,X,X,No,No,Yes,,,
4875,FALSE,Baker Street,Gerry Rafferty,1978,Dec 21 2023,Classic Rock,M,English,DLC4,♥♥♥♥♥   3,♥♥♥♥♥   3,♥♥♥♥♥   1,X,X,♥♥♥♥♥   2,X,X,X,No,No,Yes,,,
4876,FALSE,Our Love Will Still Be There,The Troggs,1966,Jan 18 2024,Classic Rock,M,English,DLC4,♥♥♥♥♥   2,♥♥♥♥♥   2,♥♥♥♥♥   0,X,X,♥♥♥♥♥   2,X,X,X,No,No,Yes,,,
4877,FALSE,Goodbye Yellow Brick Road,Elton John,1973,Jan 18 2024,Classic Rock,M,English,DLC4,♥♥♥♥♥   3,♥♥♥♥♥   2,♥♥♥♥♥   1,X,X,♥♥♥♥♥   5,3,X,X,No,No,Yes,,,
4878,FALSE,Send Me On My Way,Rusted Root,1994,Jan 25 2024,Rock,M,English,DLC4,♥♥♥♥♥   5,♥♥♥♥♥   4,♥♥♥♥♥   5,X,X,♥♥♥♥♥   6,3,X,X,No,No,Yes,,,
4879,FALSE,Wherever You Will Go,The Calling,2001,Jan 25 2024,Alternative,M,English,DLC4,♥♥♥♥♥   3,♥♥♥♥♥   1,♥♥♥♥♥   2,X,X,♥♥♥♥♥   2,2,X,X,No,No,Yes,,,
4880,FALSE,Thank You,Dido,1999,Jan 25 2024,Alternative,F,English,DLC4,♥♥♥♥♥   2,♥♥♥♥♥   0,♥♥♥♥♥   1,X,X,♥♥♥♥♥   3,3,X,X,No,No,Yes,,,
4881,FALSE,A Hard Day's Night,The Beatles,1964,Sep 9 2009,N/A,M,English,TBRB,♥♥♥♥♥   5,♥♥♥♥♥   1,♥♥♥♥♥   0,X,X,♥♥♥♥♥   1,2,X,X,No,No,No,TBRB,,
4882,FALSE,And Your Bird Can Sing,The Beatles,1966,Sep 9 2009,N/A,M,English,TBRB,♥♥♥♥♥   2,♥♥♥♥♥   2,♥♥♥♥♥   1,X,X,♥♥♥♥♥   3,3,X,X,No,No,No,TBRB,,
4883,FALSE,Back in the U.S.S.R.,The Beatles,1968,Sep 9 2009,N/A,M,English,TBRB,♥♥♥♥♥   5,♥♥♥♥♥   6,♥♥♥♥♥   6,X,X,♥♥♥♥♥   6,3,X,X,No,No,No,TBRB,,
4884,FALSE,Birthday,The Beatles,1968,Sep 9 2009,N/A,M,English,TBRB,♥♥♥♥♥   6,♥♥♥♥♥   5,♥♥♥♥♥   6,X,X,♥♥♥♥♥   5,3,X,X,No,No,No,TBRB,,
4885,FALSE,Boys,The Beatles,1963,Sep 9 2009,N/A,M,English,TBRB,♥♥♥♥♥   3,♥♥♥♥♥   5,♥♥♥♥♥   5,X,X,♥♥♥♥♥   5,3,X,X,No,No,No,TBRB,,
4886,FALSE,Can't Buy Me Love,The Beatles,1964,Sep 9 2009,N/A,M,English,TBRB,♥♥♥♥♥   4,♥♥♥♥♥   6,♥♥♥♥♥   5,X,X,♥♥♥♥♥   0,X,X,X,No,No,No,TBRB,,
4887,FALSE,Come Together,The Beatles,1969,Sep 9 2009,N/A,M,English,TBRB,♥♥♥♥♥   0,♥♥♥♥♥   3,♥♥♥♥♥   4,X,X,♥♥♥♥♥   2,2,X,X,No,No,No,TBRB,,
4888,FALSE,Day Tripper,The Beatles,1965,Sep 9 2009,N/A,M,English,TBRB,♥♥♥♥♥   3,♥♥♥♥♥   6,♥♥♥♥♥   2,X,X,♥♥♥♥♥   6,3,X,X,No,No,No,TBRB,,
4889,FALSE,Dear Prudence,The Beatles,1968,Sep 9 2009,N/A,M,English,TBRB,♥♥♥♥♥   6,♥♥♥♥♥   2,♥♥♥♥♥   4,X,X,♥♥♥♥♥   1,3,X,X,No,No,No,TBRB,,
4890,FALSE,Dig a Pony,The Beatles,1970,Sep 9 2009,N/A,M,English,TBRB,♥♥♥♥♥   5,♥♥♥♥♥   5,♥♥♥♥♥   1,X,X,♥♥♥♥♥   5,2,X,X,No,No,No,TBRB,,
4891,FALSE,Do You Want to Know a Secret,The Beatles,1963,Sep 9 2009,N/A,M,English,TBRB,♥♥♥♥♥   1,♥♥♥♥♥   3,♥♥♥♥♥   1,X,X,♥♥♥♥♥   0,3,X,X,No,No,No,TBRB,,
4892,FALSE,Don't Let Me Down,The Beatles,1969,Sep 9 2009,N/A,M,English,TBRB,♥♥♥♥♥   3,♥♥♥♥♥   4,♥♥♥♥♥   3,X,X,♥♥♥♥♥   4,3,X,X,No,No,No,TBRB,,
4893,FALSE,Drive My Car,The Beatles,1965,Sep 9 2009,N/A,M,English,TBRB,♥♥♥♥♥   2,♥♥♥♥♥   4,♥♥♥♥♥   1,X,X,♥♥♥♥♥   5,3,X,X,No,No,No,TBRB,,
4894,FALSE,Eight Days a Week,The Beatles,1964,Sep 9 2009,N/A,M,English,TBRB,♥♥♥♥♥   1,♥♥♥♥♥   0,♥♥♥♥♥   2,X,X,♥♥♥♥♥   2,2,X,X,No,No,No,TBRB,,
4895,FALSE,Get Back,The Beatles,1970,Sep 9 2009,N/A,M,English,TBRB,♥♥♥♥♥   6,♥♥♥♥♥   3,♥♥♥♥♥   6,X,X,♥♥♥♥♥   3,2,X,X,No,No,No,TBRB,,
4896,FALSE,Getting Better,The Beatles,1967,Sep 9 2009,N/A,M,English,TBRB,♥♥♥♥♥   0,♥♥♥♥♥   0,♥♥♥♥♥   0,X,X,♥♥♥♥♥   6,3,X,X,No,No,No,TBRB,,
4897,FALSE,Good Morning Good Morning,The Beatles,1967,Sep 9 2009,N/A,M,English,TBRB,♥♥♥♥♥   3,♥♥♥♥♥   3,♥♥♥♥♥   6,X,X,♥♥♥♥♥   5,3,X,X,No,No,No,TBRB,,
4898,FALSE,"Hello, Goodbye",The Beatles,1967,Sep 9 2009,N/A,M,English,TBRB,♥♥♥♥♥   0,♥♥♥♥♥   3,♥♥♥♥♥   1,X,X,♥♥♥♥♥   4,3,X,X,No,No,No,TBRB,,
4899,FALSE,Helter Skelter,The Beatles,1968,Sep 9 2009,N/A,M,English,TBRB,♥♥♥♥♥   4,♥♥♥♥♥   6,♥♥♥♥♥   5,X,X,♥♥♥♥♥   6,3,X,X,No,No,No,TBRB,,
4900,FALSE,Here Comes the Sun,The Beatles,1969,Sep 9 2009,N/A,M,English,TBRB,♥♥♥♥♥   5,♥♥♥♥♥   2,♥♥♥♥♥   2,X,X,♥♥♥♥♥   4,3,X,X,No,No,No,TBRB,,
4901,FALSE,Hey Bulldog,The Beatles,1969,Sep 9 2009,N/A,M,English,TBRB,♥♥♥♥♥   3,♥♥♥♥♥   5,♥♥♥♥♥   4,X,X,♥♥♥♥♥   3,2,X,X,No,No,No,TBRB,,
4902,FALSE,I Am the Walrus,The Beatles,1967,Sep 9 2009,N/A,M,English,TBRB,♥♥♥♥♥   1,♥♥♥♥♥   4,♥♥♥♥♥   3,X,X,♥♥♥♥♥   3,2,X,X,No,No,No,TBRB,,
4903,FALSE,I Feel Fine,The Beatles,1964,Sep 9 2009,N/A,M,English,TBRB,♥♥♥♥♥   5,♥♥♥♥♥   0,♥♥♥♥♥   6,X,X,♥♥♥♥♥   2,3,X,X,No,No,No,TBRB,,
4904,FALSE,I Me Mine,The Beatles,1970,Sep 9 2009,N/A,M,English,TBRB,♥♥♥♥♥   6,♥♥♥♥♥   3,♥♥♥♥♥   5,X,X,♥♥♥♥♥   1,2,X,X,No,No,No,TBRB,,
4905,FALSE,I Saw Her Standing There,The Beatles,1963,Sep 9 2009,N/A,M,English,TBRB,♥♥♥♥♥   4,♥♥♥♥♥   6,♥♥♥♥♥   4,X,X,♥♥♥♥♥   4,2,X,X,No,No,No,TBRB,,
4906,FALSE,I Wanna Be Your Man,The Beatles,1963,Sep 9 2009,N/A,M,English,TBRB,♥♥♥♥♥   5,♥♥♥♥♥   0,♥♥♥♥♥   6,X,X,♥♥♥♥♥   5,3,X,X,No,No,No,TBRB,,
4907,FALSE,I Want to Hold Your Hand,The Beatles,1963,Sep 9 2009,N/A,M,English,TBRB,♥♥♥♥♥   2,♥♥♥♥♥   1,♥♥♥♥♥   2,X,X,♥♥♥♥♥   0,2,X,X,No,No,No,TBRB,,
4908,FALSE,I Want You (She's So Heavy),The Beatles,1969,Sep 9 2009,N/A,M,English,TBRB,♥♥♥♥♥   4,♥♥♥♥♥   5,♥♥♥♥♥   5,X,X,♥♥♥♥♥   6,3,X,X,No,No,No,TBRB,,
4909,FALSE,If I Needed Someone,The Beatles,1965,Sep 9 2009,N/A,M,English,TBRB,♥♥♥♥♥   1,♥♥♥♥♥   1,♥♥♥♥♥   2,X,X,♥♥♥♥♥   0,3,X,X,No,No,No,TBRB,,
4910,FALSE,I'm Looking Through You,The Beatles,1965,Sep 9 2009,N/A,M,English,TBRB,♥♥♥♥♥   4,♥♥♥♥♥   2,♥♥♥♥♥   2,X,X,♥♥♥♥♥   4,2,X,X,No,No,No,TBRB,,
4911,FALSE,I've Got a Feeling,The Beatles,1970,Sep 9 2009,N/A,M,English,TBRB,♥♥♥♥♥   4,♥♥♥♥♥   5,♥♥♥♥♥   0,X,X,♥♥♥♥♥   6,2,X,X,No,No,No,TBRB,,
4912,FALSE,Lucy in the Sky with Diamonds,The Beatles,1967,Sep 9 2009,N/A,M,English,TBRB,♥♥♥♥♥   0,♥♥♥♥♥   0,♥♥♥♥♥   0,X,X,♥♥♥♥♥   2,3,X,X,No,No,No,TBRB,,
4913,FALSE,Octopus's Garden,The Beatles,1969,Sep 9 2009,N/A,M,English,TBRB,♥♥♥♥♥   6,♥♥♥♥♥   1,♥♥♥♥♥   4,X,X,♥♥♥♥♥   2,3,X,X,No,No,No,TBRB,,
4914,FALSE,Paperback Writer,The Beatles,1966,Sep 9 2009,N/A,M,English,TBRB,♥♥♥♥♥   2,♥♥♥♥♥   4,♥♥♥♥♥   3,X,X,♥♥♥♥♥   6,3,X,X,No,No,No,TBRB,,
4915,FALSE,Revolution,The Beatles,1968,Sep 9 2009,N/A,M,English,TBRB,♥♥♥♥♥   6,♥♥♥♥♥   4,♥♥♥♥♥   5,X,X,♥♥♥♥♥   5,X,X,X,No,No,No,TBRB,,
4916,FALSE,Sgt. Pepper's Lonely Hearts Club Band / With a Little Help from My Friends,The Beatles,1967,Sep 9 2009,N/A,M,English,TBRB,♥♥♥♥♥   3,♥♥♥♥♥   2,♥♥♥♥♥   3,X,X,♥♥♥♥♥   4,3,X,X,No,No,No,TBRB,,
4917,FALSE,Something,The Beatles,1969,Sep 9 2009,N/A,M,English,TBRB,♥♥♥♥♥   1,♥♥♥♥♥   4,♥♥♥♥♥   3,X,X,♥♥♥♥♥   0,2,X,X,No,No,No,TBRB,,
4918,FALSE,Taxman,The Beatles,1966,Sep 9 2009,N/A,M,English,TBRB,♥♥♥♥♥   4,♥♥♥♥♥   6,♥♥♥♥♥   5,X,X,♥♥♥♥♥   3,3,X,X,No,No,No,TBRB,,
4919,FALSE,The End,The Beatles,1969,Sep 9 2009,N/A,M,English,TBRB,♥♥♥♥♥   6,♥♥♥♥♥   1,♥♥♥♥♥   6,X,X,♥♥♥♥♥   3,3,X,X,No,No,No,TBRB,,
4920,FALSE,Ticket to Ride,The Beatles,1965,Sep 9 2009,N/A,M,English,TBRB,♥♥♥♥♥   2,♥♥♥♥♥   0,♥♥♥♥♥   1,X,X,♥♥♥♥♥   1,2,X,X,No,No,No,TBRB,,
4921,FALSE,Twist and Shout,The Beatles,1963,Sep 9 2009,N/A,M,English,TBRB,♥♥♥♥♥   1,♥♥♥♥♥   5,♥♥♥♥♥   3,X,X,♥♥♥♥♥   1,3,X,X,No,No,No,TBRB,,
4922,FALSE,While My Guitar Gently Weeps,The Beatles,1968,Sep 9 2009,N/A,M,English,TBRB,♥♥♥♥♥   2,♥♥♥♥♥   2,♥♥♥♥♥   0,X,X,♥♥♥♥♥   2,3,X,X,No,No,No,TBRB,,
4923,FALSE,Within You Without You / Tomorrow Never Knows,The Beatles,2006,Sep 9 2009,N/A,M,English,TBRB,♥♥♥♥♥   0,♥♥♥♥♥   6,♥♥♥♥♥   4,X,X,♥♥♥♥♥   1,X,X,X,No,No,No,TBRB,,
4924,FALSE,Yellow Submarine,The Beatles,1966,Sep 9 2009,N/A,M,English,TBRB,♥♥♥♥♥   0,♥♥♥♥♥   1,♥♥♥♥♥   0,X,X,♥♥♥♥♥   0,3,X,X,No,No,No,TBRB,,
4925,FALSE,All You Need Is Love,The Beatles,1967,Sep 9 2009,N/A,M,English,TBRB DLC,♥♥♥♥♥   6,♥♥♥♥♥   1,♥♥♥♥♥   1,X,X,♥♥♥♥♥   2,3,X,X,No,No,No,TBRB DLC,,
4926,FALSE,Maxwell's Silver Hammer,The Beatles,1969,Oct 20 2009,N/A,M,English,TBRB DLC,♥♥♥♥♥   1,♥♥♥♥♥   1,♥♥♥♥♥   1,X,X,♥♥♥♥♥   2,3,X,X,No,No,No,TBRB DLC,,
4927,FALSE,Oh! Darling,The Beatles,1969,Oct 20 2009,N/A,M,English,TBRB DLC,♥♥♥♥♥   0,♥♥♥♥♥   1,♥♥♥♥♥   5,X,X,♥♥♥♥♥   6,3,X,X,No,No,No,TBRB DLC,,
4928,FALSE,Because,The Beatles,1969,Oct 20 2009,N/A,M,English,TBRB DLC,♥♥♥♥♥   0,♥♥♥♥♥   0,X,X,X,♥♥♥♥♥   5,3,X,X,No,No,No,TBRB DLC,,
4929,FALSE,You Never Give Me Your Money,The Beatles,1969,Oct 20 2009,N/A,M,English,TBRB DLC,♥♥♥♥♥   3,♥♥♥♥♥   1,♥♥♥♥♥   2,X,X,♥♥♥♥♥   5,3,X,X,No,No,No,TBRB DLC,,
4930,FALSE,Sun King / Mean Mr. Mustard,The Beatles,1969,Oct 20 2009,N/A,M,English,TBRB DLC,♥♥♥♥♥   1,♥♥♥♥♥   1,♥♥♥♥♥   1,X,X,♥♥♥♥♥   5,3,X,X,No,No,No,TBRB DLC,,
4931,FALSE,Polythene Pam / She Came in Through the Bathroom Window,The Beatles,1969,Oct 20 2009,N/A,M,English,TBRB DLC,♥♥♥♥♥   3,♥♥♥♥♥   1,♥♥♥♥♥   5,X,X,♥♥♥♥♥   5,3,X,X,No,No,No,TBRB DLC,,
4932,FALSE,Golden Slumbers / Carry That Weight / The End,The Beatles,1969,Oct 20 2009,N/A,M,English,TBRB DLC,♥♥♥♥♥   6,♥♥♥♥♥   1,♥♥♥♥♥   6,X,X,♥♥♥♥♥   4,3,X,X,No,No,No,TBRB DLC,,
4933,FALSE,Her Majesty,The Beatles,1969,Oct 20 2009,N/A,M,English,TBRB DLC,♥♥♥♥♥   4,♥♥♥♥♥   0,♥♥♥♥♥   0,X,X,♥♥♥♥♥   5,X,X,X,No,No,No,TBRB DLC,,
4934,FALSE,Abbey Road Medley,The Beatles,1969,Oct 20 2009,N/A,M,English,TBRB DLC,♥♥♥♥♥   6,♥♥♥♥♥   3,♥♥♥♥♥   6,X,X,♥♥♥♥♥   6,3,X,X,No,No,No,TBRB DLC,,
4935,FALSE,Fixing a Hole,The Beatles,1967,Nov 17 2009,N/A,M,English,TBRB DLC,♥♥♥♥♥   1,♥♥♥♥♥   0,♥♥♥♥♥   5,X,X,♥♥♥♥♥   4,3,X,X,No,No,No,TBRB DLC,,
4936,FALSE,She's Leaving Home,The Beatles,1967,Nov 17 2009,N/A,M,English,TBRB DLC,♥♥♥♥♥   4,♥♥♥♥♥   1,X,X,X,♥♥♥♥♥   2,2,X,X,No,No,No,TBRB DLC,,
4937,FALSE,Being for the Benefit of Mr. Kite!,The Beatles,1967,Nov 17 2009,N/A,M,English,TBRB DLC,♥♥♥♥♥   5,♥♥♥♥♥   3,♥♥♥♥♥   4,X,X,♥♥♥♥♥   5,3,X,X,No,No,No,TBRB DLC,,
4938,FALSE,Within You Without You,The Beatles,1967,Nov 17 2009,N/A,M,English,TBRB DLC,♥♥♥♥♥   5,♥♥♥♥♥   5,♥♥♥♥♥   5,X,X,♥♥♥♥♥   1,X,X,X,No,No,No,TBRB DLC,,
4939,FALSE,When I'm Sixty-Four,The Beatles,1967,Nov 17 2009,N/A,M,English,TBRB DLC,♥♥♥♥♥   3,♥♥♥♥♥   0,♥♥♥♥♥   5,X,X,♥♥♥♥♥   2,3,X,X,No,No,No,TBRB DLC,,
4940,FALSE,Lovely Rita,The Beatles,1967,Nov 17 2009,N/A,M,English,TBRB DLC,♥♥♥♥♥   5,♥♥♥♥♥   4,♥♥♥♥♥   1,X,X,♥♥♥♥♥   6,3,X,X,No,No,No,TBRB DLC,,
4941,FALSE,Sgt. Pepper's Lonely Hearts Club Band (Reprise),The Beatles,1967,Nov 17 2009,N/A,M,English,TBRB DLC,♥♥♥♥♥   2,♥♥♥♥♥   5,♥♥♥♥♥   3,X,X,♥♥♥♥♥   0,3,X,X,No,No,No,TBRB DLC,,
4942,FALSE,A Day in the Life,The Beatles,1967,Nov 17 2009,N/A,M,English,TBRB DLC,♥♥♥♥♥   2,♥♥♥♥♥   2,♥♥♥♥♥   5,X,X,♥♥♥♥♥   3,X,X,X,No,No,No,TBRB DLC,,
4943,FALSE,Norwegian Wood (This Bird Has Flown),The Beatles,1965,Dec 15 2009,N/A,M,English,TBRB DLC,♥♥♥♥♥   4,♥♥♥♥♥   0,♥♥♥♥♥   1,X,X,♥♥♥♥♥   1,2,X,X,No,No,No,TBRB DLC,,
4944,FALSE,You Won't See Me,The Beatles,1965,Dec 15 2009,N/A,M,English,TBRB DLC,♥♥♥♥♥   0,♥♥♥♥♥   4,♥♥♥♥♥   5,X,X,♥♥♥♥♥   5,3,X,X,No,No,No,TBRB DLC,,
4945,FALSE,Nowhere Man,The Beatles,1965,Dec 15 2009,N/A,M,English,TBRB DLC,♥♥♥♥♥   1,♥♥♥♥♥   4,♥♥♥♥♥   5,X,X,♥♥♥♥♥   5,3,X,X,No,No,No,TBRB DLC,,
4946,FALSE,Think for Yourself,The Beatles,1965,Dec 15 2009,N/A,M,English,TBRB DLC,♥♥♥♥♥   2,♥♥♥♥♥   1,♥♥♥♥♥   5,X,X,♥♥♥♥♥   5,3,X,X,No,No,No,TBRB DLC,,
4947,FALSE,The Word,The Beatles,1965,Dec 15 2009,N/A,M,English,TBRB DLC,♥♥♥♥♥   1,♥♥♥♥♥   5,♥♥♥♥♥   5,X,X,♥♥♥♥♥   5,3,X,X,No,No,No,TBRB DLC,,
4948,FALSE,Michelle,The Beatles,1965,Dec 15 2009,N/A,M,English,TBRB DLC,♥♥♥♥♥   3,♥♥♥♥♥   0,♥♥♥♥♥   0,X,X,♥♥♥♥♥   4,3,X,X,No,No,No,TBRB DLC,,
4949,FALSE,What Goes On,The Beatles,1965,Dec 15 2009,N/A,M,English,TBRB DLC,♥♥♥♥♥   4,♥♥♥♥♥   2,♥♥♥♥♥   6,X,X,♥♥♥♥♥   2,3,X,X,No,No,No,TBRB DLC,,
4950,FALSE,Girl,The Beatles,1965,Dec 15 2009,N/A,M,English,TBRB DLC,♥♥♥♥♥   1,♥♥♥♥♥   0,♥♥♥♥♥   1,X,X,♥♥♥♥♥   4,3,X,X,No,No,No,TBRB DLC,,
4951,FALSE,In My Life,The Beatles,1965,Dec 15 2009,N/A,M,English,TBRB DLC,♥♥♥♥♥   4,♥♥♥♥♥   0,♥♥♥♥♥   1,X,X,♥♥♥♥♥   2,3,X,X,No,No,No,TBRB DLC,,
4952,FALSE,Wait,The Beatles,1965,Dec 15 2009,N/A,M,English,TBRB DLC,♥♥♥♥♥   2,♥♥♥♥♥   0,♥♥♥♥♥   5,X,X,♥♥♥♥♥   5,3,X,X,No,No,No,TBRB DLC,,
4953,FALSE,Run for Your Life,The Beatles,1965,Dec 15 2009,N/A,M,English,TBRB DLC,♥♥♥♥♥   3,♥♥♥♥♥   3,♥♥♥♥♥   5,X,X,♥♥♥♥♥   5,3,X,X,No,No,No,TBRB DLC,,
4954,FALSE,Lights Out,AudioDamn!,2016,Oct 6 2016,N/A,M,English,RBVR,N/A,X,X,X,X,X,X,X,X,No,No,No,VR,,
4955,FALSE,Casual Party,Band Of Horses,2016,Oct 6 2016,N/A,M,English,RBVR,N/A,X,X,X,X,X,X,X,X,No,No,No,VR,,
4956,FALSE,Church Bells,Carrie Underwood,2016,Oct 6 2016,N/A,F,English,RBVR,N/A,X,X,X,X,X,X,X,X,No,No,No,VR,,
4957,FALSE,Birds,Coldplay,2015,Oct 6 2016,N/A,M,English,RBVR,N/A,X,X,X,X,X,X,X,X,No,No,No,VR,,
4958,FALSE,Maps,Maroon 5,2014,Oct 6 2016,N/A,M,English,RBVR,N/A,X,X,X,X,X,X,X,X,No,No,No,VR,,
4959,FALSE,Quitter,The Starting Line,2016,Oct 6 2016,N/A,M,English,RBVR,N/A,X,X,X,X,X,X,X,X,No,No,No,VR,,
4960,FALSE,I Am Alive,Twin Atlantic,2016,Oct 6 2016,N/A,M,English,RBVR,N/A,X,X,X,X,X,X,X,X,No,No,No,VR,,
Total Checked,,,,,,,,,,,,,,,,,,,,,,,,